#include <libgs.h>

#include <dw/kar.h>
#include <dw/types.h>

// clang-format off
KarStoneRowRaw KAR_D_8005B5A0[3] = {
	{
		{
			0x00, 0x00, 0x00, 0x00, 0x00, 0x00, 0x00, 0x00,
			0x00, 0x00, 0x00, 0x00, 0x00, 0x00, 0x00, 0x00,
			0x00, 0x00, 0x00, 0x00, 0x00, 0x00, 0x00, 0x00,
			0x00, 0x00, 0x00, 0x00, 0x00, 0x00, 0x00, 0x00,
			0x00, 0x00, 0x00, 0x00, 0x00, 0x00, 0x00, 0x00,
			0x00, 0x00, 0x00, 0x00, 0x00, 0x00, 0x00, 0x00,
			0x00, 0x00, 0x00, 0x00, 0x00, 0x00, 0x00, 0x00,
			0x00, 0x00, 0x00, 0x00, 0x00, 0x00, 0x00, 0x00,
			0x00, 0x00, 0x00, 0x00, 0x00, 0x00, 0x00, 0x00,
			0x00, 0x00, 0x00, 0x00, 0x00, 0x00, 0x00, 0x00,
			0x00, 0x00, 0x00, 0x00, 0x00, 0x00, 0x00, 0x00,
			0x00, 0x00, 0x00, 0x00, 0x00, 0x00, 0x00, 0x00,
			0x00, 0x00, 0x00, 0x00, 0x00, 0x00, 0x00, 0x00,
			0x00, 0x00, 0x00, 0x00, 0x00, 0x00, 0x00, 0x00,
			0x00, 0x00, 0x00, 0x00, 0x00, 0x00, 0x00, 0x00,
			0x00, 0x00, 0x00, 0x00, 0x00, 0x00, 0x00, 0x00,
			0x00, 0x00, 0x00, 0x00, 0x00, 0x00, 0x00, 0x00,
			0x00, 0x00, 0x00, 0x00, 0x00, 0x00, 0x00, 0x00,
			0x00, 0x00, 0x00, 0x00, 0x00, 0x00, 0x00, 0x00,
			0x00, 0x00, 0x00, 0x00, 0x00, 0x00, 0x00, 0x00,
			0x44, 0x00, 0x4f, 0x00, 0x43, 0x00, 0x5c, 0x00,
			0x4a, 0x00, 0x50, 0x00, 0x5c, 0x00, 0x57, 0x00,
			0x4f, 0x00, 0x52, 0x00, 0x44, 0x00, 0x5c, 0x00,
			0x4f, 0x00, 0x56, 0x00, 0x45, 0x00, 0x52, 0x00,
			0x56, 0x00, 0x49, 0x00, 0x45, 0x00, 0x57, 0x00,
			0x5c, 0x00, 0x41, 0x00, 0x42, 0x00, 0x53, 0x00,
			0x54, 0x00, 0x2e, 0x00, 0x44, 0x00, 0x4f, 0x00,
			0x43, 0x00, 0x00, 0x00, 0x58, 0x00, 0x02, 0x00,
			0x00, 0x00, 0x08, 0x00, 0x00, 0x00, 0x00, 0x00,
			0x00, 0x00, 0x3b, 0x40, 0x18, 0x00, 0x00, 0x00,
			0x42, 0x00, 0x50, 0x00, 0x53, 0x00, 0x58, 0x00,
			0x5c, 0x00, 0x44, 0x00, 0x4f, 0x00, 0x43, 0x00,
			0x5c, 0x00, 0x4a, 0x00, 0x50, 0x00, 0x5c, 0x00,
			0x57, 0x00, 0x4f, 0x00, 0x52, 0x00, 0x44, 0x00,
			0x5c, 0x00, 0x4f, 0x00, 0x56, 0x00, 0x45, 0x00,
			0x52, 0x00, 0x56, 0x00, 0x49, 0x00, 0x45, 0x00,
			0x57, 0x00, 0x5c, 0x00, 0x53, 0x00, 0x54, 0x00,
			0x52, 0x00, 0x2e, 0x00, 0x44, 0x00, 0x4f, 0x00,
			0x43, 0x00, 0x00, 0x00, 0x56, 0x00, 0x02, 0x00,
			0x00, 0x00, 0x08, 0x00, 0x00, 0x00, 0x00, 0x00,
			0x00, 0x00, 0x3d, 0x40, 0x18, 0x00, 0x00, 0x00,
			0x40, 0x00, 0x50, 0x00, 0x53, 0x00, 0x58, 0x00,
			0x5c, 0x00, 0x44, 0x00, 0x4f, 0x00, 0x43, 0x00,
			0x5c, 0x00, 0x4a, 0x00, 0x50, 0x00, 0x5c, 0x00,
			0x57, 0x00, 0x4f, 0x00, 0x52, 0x00, 0x44, 0x00,
			0x5c, 0x00, 0x50, 0x00, 0x53, 0x00, 0x59, 0x00,
			0x51, 0x00, 0x5c, 0x00, 0x32, 0x00, 0x5f, 0x00,
			0x31, 0x00, 0x41, 0x00, 0x53, 0x00, 0x4d, 0x00,
			0x2e, 0x00, 0x44, 0x00, 0x4f, 0x00, 0x43, 0x00,
			0x00, 0x00, 0x58, 0x00, 0x02, 0x00, 0x00, 0x00,
			0x08, 0x00, 0x00, 0x00, 0x00, 0x00, 0x00, 0x00,
			0x3d, 0x40, 0x0f, 0x00, 0x00, 0x00, 0x42, 0x00,
			0x50, 0x00, 0x53, 0x00, 0x58, 0x00, 0x5c, 0x00,
			0x44, 0x00, 0x4f, 0x00, 0x43, 0x00, 0x5c, 0x00,
			0x4a, 0x00, 0x50, 0x00, 0x5c, 0x00, 0x57, 0x00,
			0x4f, 0x00, 0x52, 0x00, 0x44, 0x00, 0x5c, 0x00,
			0x4f, 0x00, 0x56, 0x00, 0x45, 0x00, 0x52, 0x00,
			0x56, 0x00, 0x49, 0x00, 0x45, 0x00, 0x57, 0x00,
			0x5c, 0x00, 0x41, 0x00, 0x50, 0x00, 0x49, 0x00,
			0x2e, 0x00, 0x44, 0x00, 0x4f, 0x00, 0x43, 0x00,
			0x00, 0x00, 0x5c, 0x00, 0x02, 0x00, 0x00, 0x00,
			0x08, 0x00, 0x00, 0x00, 0x00, 0x00, 0x00, 0x00,
			0x3d, 0x40, 0x0f, 0x00, 0x00, 0x00, 0x46, 0x00,
			0x50, 0x00, 0x53, 0x00, 0x58, 0x00, 0x5c, 0x00,
			0x44, 0x00, 0x4f, 0x00, 0x43, 0x00, 0x5c, 0x00,
			0x4a, 0x00, 0x50, 0x00, 0x5c, 0x00, 0x57, 0x00,
			0x4f, 0x00, 0x52, 0x00, 0x44, 0x00, 0x5c, 0x00,
			0x4f, 0x00, 0x56, 0x00, 0x45, 0x00, 0x52, 0x00,
			0x56, 0x00, 0x49, 0x00, 0x45, 0x00, 0x57, 0x00,
			0x5c, 0x00, 0x44, 0x00, 0x4d, 0x00, 0x50, 0x00,
			0x53, 0x00, 0x58, 0x00, 0x2e, 0x00, 0x44, 0x00,
			0x4f, 0x00, 0x43, 0x00, 0x00, 0x00, 0x58, 0x00,
			0x02, 0x00, 0x00, 0x00, 0x08, 0x00, 0x00, 0x00,
			0x00, 0x00, 0x00, 0x00, 0x3e, 0x40, 0x19, 0x00,
			0x00, 0x00, 0x42, 0x00, 0x50, 0x00, 0x53, 0x00,
			0x58, 0x00, 0x5c, 0x00, 0x44, 0x00, 0x4f, 0x00,
			0x43, 0x00, 0x5c, 0x00, 0x4a, 0x00, 0x50, 0x00,
			0x5c, 0x00, 0x57, 0x00, 0x4f, 0x00, 0x52, 0x00,
			0x44, 0x00, 0x5c, 0x00, 0x4f, 0x00, 0x56, 0x00,
			0x45, 0x00, 0x52, 0x00, 0x56, 0x00, 0x49, 0x00,
			0x45, 0x00, 0x57, 0x00, 0x5c, 0x00, 0x47, 0x00,
			0x54, 0x00, 0x45, 0x00, 0x2e, 0x00, 0x44, 0x00,
			0x4f, 0x00, 0x43, 0x00, 0x00, 0x00, 0x58, 0x00,
			0x02, 0x00, 0x00, 0x00, 0x08, 0x00, 0x00, 0x00,
			0x00, 0x00, 0x00, 0x80, 0x40, 0x40, 0x0f, 0x00,
			0x00, 0x00, 0x42, 0x00, 0x50, 0x00, 0x53, 0x00,
			0x58, 0x00, 0x5c, 0x00, 0x44, 0x00, 0x4f, 0x00,
			0x43, 0x00, 0x5c, 0x00, 0x4a, 0x00, 0x50, 0x00,
			0x5c, 0x00, 0x57, 0x00, 0x4f, 0x00, 0x52, 0x00,
			0x44, 0x00, 0x5c, 0x00, 0x4f, 0x00, 0x56, 0x00,
			0x45, 0x00, 0x52, 0x00, 0x56, 0x00, 0x49, 0x00,
			0x45, 0x00, 0x57, 0x00, 0x5c, 0x00, 0x53, 0x00,
			0x50, 0x00, 0x55, 0x00, 0x2e, 0x00, 0x44, 0x00,
			0x4f, 0x00, 0x43, 0x00, 0x00, 0x00, 0x58, 0x00,
			0x02, 0x00, 0x00, 0x00, 0x08, 0x00, 0x00, 0x00,
			0x00, 0x00, 0x00, 0x00, 0x41, 0x40, 0x18, 0x00,
			0x00, 0x00, 0x42, 0x00, 0x50, 0x00, 0x53, 0x00,
			0x58, 0x00, 0x5c, 0x00, 0x44, 0x00, 0x4f, 0x00,
			0x43, 0x00, 0x5c, 0x00, 0x4a, 0x00, 0x50, 0x00,
			0x5c, 0x00, 0x57, 0x00, 0x4f, 0x00, 0x52, 0x00,
			0x44, 0x00, 0x5c, 0x00, 0x50, 0x00, 0x53, 0x00,
			0x59, 0x00, 0x51, 0x00, 0x5c, 0x00, 0x31, 0x00,
			0x5f, 0x00, 0x32, 0x00, 0x4c, 0x00, 0x49, 0x00,
			0x4e, 0x00, 0x4b, 0x00, 0x2e, 0x00, 0x44, 0x00,
			0x4f, 0x00, 0x43, 0x00, 0x00, 0x00, 0x58, 0x00,
			0x02, 0x00, 0x00, 0x00, 0x08, 0x00, 0x00, 0x00,
			0x00, 0x00, 0x00, 0x00, 0x41, 0x40, 0x0f, 0x00,
			0x00, 0x00, 0x42, 0x00, 0x50, 0x00, 0x53, 0x00,
			0x58, 0x00, 0x5c, 0x00,
		},
	},
	{
		{
			0x44, 0x00, 0x4f, 0x00, 0x43, 0x00, 0x5c, 0x00,
			0x4a, 0x00, 0x50, 0x00, 0x5c, 0x00, 0x57, 0x00,
			0x4f, 0x00, 0x52, 0x00, 0x44, 0x00, 0x5c, 0x00,
			0x4f, 0x00, 0x56, 0x00, 0x45, 0x00, 0x52, 0x00,
			0x56, 0x00, 0x49, 0x00, 0x45, 0x00, 0x57, 0x00,
			0x5c, 0x00, 0x47, 0x00, 0x54, 0x00, 0x45, 0x00,
			0x2e, 0x00, 0x44, 0x00, 0x4f, 0x00, 0x43, 0x00,
			0x00, 0x00, 0x5a, 0x00, 0x02, 0x00, 0x00, 0x00,
			0x08, 0x00, 0x00, 0x00, 0x00, 0x00, 0x00, 0x80,
			0x41, 0x40, 0x18, 0x00, 0x00, 0x00, 0x44, 0x00,
			0x50, 0x00, 0x53, 0x00, 0x58, 0x00, 0x5c, 0x00,
			0x44, 0x00, 0x4f, 0x00, 0x43, 0x00, 0x5c, 0x00,
			0x4a, 0x00, 0x50, 0x00, 0x5c, 0x00, 0x57, 0x00,
			0x4f, 0x00, 0x52, 0x00, 0x44, 0x00, 0x5c, 0x00,
			0x50, 0x00, 0x53, 0x00, 0x59, 0x00, 0x51, 0x00,
			0x5c, 0x00, 0x32, 0x00, 0x5f, 0x00, 0x32, 0x00,
			0x53, 0x00, 0x54, 0x00, 0x41, 0x00, 0x54, 0x00,
			0x45, 0x00, 0x2e, 0x00, 0x44, 0x00, 0x4f, 0x00,
			0x43, 0x00, 0x00, 0x00, 0x58, 0x00, 0x02, 0x00,
			0x00, 0x00, 0x08, 0x00, 0x00, 0x00, 0x00, 0x00,
			0x00, 0x00, 0x42, 0x40, 0x18, 0x00, 0x00, 0x00,
			0x42, 0x00, 0x50, 0x00, 0x53, 0x00, 0x58, 0x00,
			0x5c, 0x00, 0x44, 0x00, 0x4f, 0x00, 0x43, 0x00,
			0x5c, 0x00, 0x4a, 0x00, 0x50, 0x00, 0x5c, 0x00,
			0x57, 0x00, 0x4f, 0x00, 0x52, 0x00, 0x44, 0x00,
			0x5c, 0x00, 0x50, 0x00, 0x53, 0x00, 0x59, 0x00,
			0x51, 0x00, 0x5c, 0x00, 0x31, 0x00, 0x5f, 0x00,
			0x33, 0x00, 0x4d, 0x00, 0x41, 0x00, 0x4b, 0x00,
			0x45, 0x00, 0x2e, 0x00, 0x44, 0x00, 0x4f, 0x00,
			0x43, 0x00, 0x00, 0x00, 0x58, 0x00, 0x02, 0x00,
			0x00, 0x00, 0x08, 0x00, 0x00, 0x00, 0x00, 0x00,
			0x00, 0x80, 0x42, 0x40, 0x19, 0x00, 0x00, 0x00,
			0x42, 0x00, 0x50, 0x00, 0x53, 0x00, 0x58, 0x00,
			0x5c, 0x00, 0x44, 0x00, 0x4f, 0x00, 0x43, 0x00,
			0x5c, 0x00, 0x4a, 0x00, 0x50, 0x00, 0x5c, 0x00,
			0x57, 0x00, 0x4f, 0x00, 0x52, 0x00, 0x44, 0x00,
			0x5c, 0x00, 0x4f, 0x00, 0x56, 0x00, 0x45, 0x00,
			0x52, 0x00, 0x56, 0x00, 0x49, 0x00, 0x45, 0x00,
			0x57, 0x00, 0x5c, 0x00, 0x41, 0x00, 0x50, 0x00,
			0x49, 0x00, 0x2e, 0x00, 0x44, 0x00, 0x4f, 0x00,
			0x43, 0x00, 0x00, 0x00, 0x56, 0x00, 0x02, 0x00,
			0x00, 0x00, 0x08, 0x00, 0x00, 0x00, 0x00, 0x00,
			0x00, 0x80, 0x42, 0x40, 0x0f, 0x00, 0x00, 0x00,
			0x40, 0x00, 0x50, 0x00, 0x53, 0x00, 0x58, 0x00,
			0x5c, 0x00, 0x44, 0x00, 0x4f, 0x00, 0x43, 0x00,
			0x5c, 0x00, 0x4a, 0x00, 0x50, 0x00, 0x5c, 0x00,
			0x57, 0x00, 0x4f, 0x00, 0x52, 0x00, 0x44, 0x00,
			0x5c, 0x00, 0x4f, 0x00, 0x56, 0x00, 0x45, 0x00,
			0x52, 0x00, 0x56, 0x00, 0x49, 0x00, 0x45, 0x00,
			0x57, 0x00, 0x5c, 0x00, 0x47, 0x00, 0x53, 0x00,
			0x2e, 0x00, 0x44, 0x00, 0x4f, 0x00, 0x43, 0x00,
			0x00, 0x00, 0x5c, 0x00, 0x02, 0x00, 0x00, 0x00,
			0x08, 0x00, 0x00, 0x00, 0x00, 0x00, 0x00, 0x80,
			0x43, 0x40, 0x19, 0x00, 0x00, 0x00, 0x46, 0x00,
			0x50, 0x00, 0x53, 0x00, 0x58, 0x00, 0x5c, 0x00,
			0x44, 0x00, 0x4f, 0x00, 0x43, 0x00, 0x5c, 0x00,
			0x4a, 0x00, 0x50, 0x00, 0x5c, 0x00, 0x57, 0x00,
			0x4f, 0x00, 0x52, 0x00, 0x44, 0x00, 0x5c, 0x00,
			0x4f, 0x00, 0x56, 0x00, 0x45, 0x00, 0x52, 0x00,
			0x56, 0x00, 0x49, 0x00, 0x45, 0x00, 0x57, 0x00,
			0x5c, 0x00, 0x44, 0x00, 0x4d, 0x00, 0x50, 0x00,
			0x53, 0x00, 0x58, 0x00, 0x2e, 0x00, 0x44, 0x00,
			0x4f, 0x00, 0x43, 0x00, 0x00, 0x00, 0x58, 0x00,
			0x02, 0x00, 0x00, 0x00, 0x08, 0x00, 0x00, 0x00,
			0x00, 0x00, 0x00, 0x00, 0x45, 0x40, 0x19, 0x00,
			0x00, 0x00, 0x42, 0x00, 0x50, 0x00, 0x53, 0x00,
			0x58, 0x00, 0x5c, 0x00, 0x44, 0x00, 0x4f, 0x00,
			0x43, 0x00, 0x5c, 0x00, 0x4a, 0x00, 0x50, 0x00,
			0x5c, 0x00, 0x57, 0x00, 0x4f, 0x00, 0x52, 0x00,
			0x44, 0x00, 0x5c, 0x00, 0x4f, 0x00, 0x56, 0x00,
			0x45, 0x00, 0x52, 0x00, 0x56, 0x00, 0x49, 0x00,
			0x45, 0x00, 0x57, 0x00, 0x5c, 0x00, 0x53, 0x00,
			0x50, 0x00, 0x55, 0x00, 0x2e, 0x00, 0x44, 0x00,
			0x4f, 0x00, 0x43, 0x00, 0x00, 0x00, 0x56, 0x00,
			0x02, 0x00, 0x00, 0x00, 0x08, 0x00, 0x00, 0x00,
			0x00, 0x00, 0x00, 0x00, 0x45, 0x40, 0x0f, 0x00,
			0x00, 0x00, 0x40, 0x00, 0x50, 0x00, 0x53, 0x00,
			0x58, 0x00, 0x5c, 0x00, 0x44, 0x00, 0x4f, 0x00,
			0x43, 0x00, 0x5c, 0x00, 0x4a, 0x00, 0x50, 0x00,
			0x5c, 0x00, 0x57, 0x00, 0x4f, 0x00, 0x52, 0x00,
			0x44, 0x00, 0x5c, 0x00, 0x4f, 0x00, 0x56, 0x00,
			0x45, 0x00, 0x52, 0x00, 0x56, 0x00, 0x49, 0x00,
			0x45, 0x00, 0x57, 0x00, 0x5c, 0x00, 0x43, 0x00,
			0x44, 0x00, 0x2e, 0x00, 0x44, 0x00, 0x4f, 0x00,
			0x43, 0x00, 0x00, 0x00, 0x5a, 0x00, 0x02, 0x00,
			0x00, 0x00, 0x08, 0x00, 0x00, 0x00, 0x00, 0x00,
			0x00, 0x80, 0x45, 0x40, 0x18, 0x00, 0x00, 0x00,
			0x44, 0x00, 0x50, 0x00, 0x53, 0x00, 0x58, 0x00,
			0x5c, 0x00, 0x44, 0x00, 0x4f, 0x00, 0x43, 0x00,
			0x5c, 0x00, 0x4a, 0x00, 0x50, 0x00, 0x5c, 0x00,
			0x57, 0x00, 0x4f, 0x00, 0x52, 0x00, 0x44, 0x00,
			0x5c, 0x00, 0x50, 0x00, 0x53, 0x00, 0x59, 0x00,
			0x51, 0x00, 0x5c, 0x00, 0x31, 0x00, 0x5f, 0x00,
			0x31, 0x00, 0x43, 0x00, 0x43, 0x00, 0x50, 0x00,
			0x53, 0x00, 0x58, 0x00, 0x2e, 0x00, 0x44, 0x00,
			0x4f, 0x00, 0x43, 0x00, 0x00, 0x00, 0x54, 0x00,
			0x02, 0x00, 0x00, 0x00, 0x08, 0x00, 0x00, 0x00,
			0x00, 0x00, 0x00, 0x80, 0x47, 0x40, 0x19, 0x00,
			0x00, 0x00, 0x3e, 0x00, 0x50, 0x00, 0x53, 0x00,
			0x58, 0x00, 0x5c, 0x00, 0x44, 0x00, 0x4f, 0x00,
			0x43, 0x00, 0x5c, 0x00, 0x4a, 0x00, 0x50, 0x00,
			0x5c, 0x00, 0x57, 0x00, 0x4f, 0x00, 0x52, 0x00,
			0x44, 0x00, 0x5c, 0x00, 0x4f, 0x00, 0x56, 0x00,
			0x45, 0x00, 0x52, 0x00, 0x56, 0x00, 0x49, 0x00,
			0x45, 0x00, 0x57, 0x00, 0x5c, 0x00, 0x43, 0x00,
			0x2e, 0x00, 0x44, 0x00, 0x4f, 0x00, 0x43, 0x00,
			0x00, 0x00, 0x54, 0x00, 0x02, 0x00, 0x00, 0x00,
			0x08, 0x00, 0x00, 0x00, 0x00, 0x00, 0x00, 0x80,
			0x4a, 0x40, 0x10, 0x00,
		},
	},
	{
		{
			0x00, 0x00, 0x3e, 0x00, 0x50, 0x00, 0x53, 0x00,
			0x58, 0x00, 0x5c, 0x00, 0x44, 0x00, 0x4f, 0x00,
			0x43, 0x00, 0x5c, 0x00, 0x4a, 0x00, 0x50, 0x00,
			0x5c, 0x00, 0x57, 0x00, 0x4f, 0x00, 0x52, 0x00,
			0x44, 0x00, 0x5c, 0x00, 0x4f, 0x00, 0x56, 0x00,
			0x45, 0x00, 0x52, 0x00, 0x56, 0x00, 0x49, 0x00,
			0x45, 0x00, 0x57, 0x00, 0x5c, 0x00, 0x43, 0x00,
			0x2e, 0x00, 0x44, 0x00, 0x4f, 0x00, 0x43, 0x00,
			0x00, 0x00, 0x54, 0x00, 0x02, 0x00, 0x00, 0x00,
			0x08, 0x00, 0x00, 0x00, 0x00, 0x00, 0x00, 0x80,
			0x4c, 0x40, 0x18, 0x00, 0x00, 0x00, 0x3e, 0x00,
			0x50, 0x00, 0x53, 0x00, 0x58, 0x00, 0x5c, 0x00,
			0x44, 0x00, 0x4f, 0x00, 0x43, 0x00, 0x5c, 0x00,
			0x4a, 0x00, 0x50, 0x00, 0x5c, 0x00, 0x57, 0x00,
			0x4f, 0x00, 0x52, 0x00, 0x44, 0x00, 0x5c, 0x00,
			0x4f, 0x00, 0x56, 0x00, 0x45, 0x00, 0x52, 0x00,
			0x56, 0x00, 0x49, 0x00, 0x45, 0x00, 0x57, 0x00,
			0x5c, 0x00, 0x43, 0x00, 0x2e, 0x00, 0x44, 0x00,
			0x4f, 0x00, 0x43, 0x00, 0x00, 0x00, 0x58, 0x00,
			0x02, 0x00, 0x00, 0x00, 0x08, 0x00, 0x00, 0x00,
			0x00, 0x00, 0x00, 0x80, 0x4d, 0x40, 0x0f, 0x00,
			0x00, 0x00, 0x42, 0x00, 0x50, 0x00, 0x53, 0x00,
			0x58, 0x00, 0x5c, 0x00, 0x44, 0x00, 0x4f, 0x00,
			0x43, 0x00, 0x5c, 0x00, 0x4a, 0x00, 0x50, 0x00,
			0x5c, 0x00, 0x57, 0x00, 0x4f, 0x00, 0x52, 0x00,
			0x44, 0x00, 0x5c, 0x00, 0x4f, 0x00, 0x56, 0x00,
			0x45, 0x00, 0x52, 0x00, 0x56, 0x00, 0x49, 0x00,
			0x45, 0x00, 0x57, 0x00, 0x5c, 0x00, 0x47, 0x00,
			0x50, 0x00, 0x55, 0x00, 0x2e, 0x00, 0x44, 0x00,
			0x4f, 0x00, 0x43, 0x00, 0x00, 0x00, 0x56, 0x00,
			0x02, 0x00, 0x00, 0x00, 0x08, 0x00, 0x00, 0x00,
			0x00, 0x00, 0x00, 0x00, 0x4f, 0x40, 0x19, 0x00,
			0x00, 0x00, 0x40, 0x00, 0x50, 0x00, 0x53, 0x00,
			0x58, 0x00, 0x5c, 0x00, 0x44, 0x00, 0x4f, 0x00,
			0x43, 0x00, 0x5c, 0x00, 0x4a, 0x00, 0x50, 0x00,
			0x5c, 0x00, 0x57, 0x00, 0x4f, 0x00, 0x52, 0x00,
			0x44, 0x00, 0x5c, 0x00, 0x4f, 0x00, 0x56, 0x00,
			0x45, 0x00, 0x52, 0x00, 0x56, 0x00, 0x49, 0x00,
			0x45, 0x00, 0x57, 0x00, 0x5c, 0x00, 0x43, 0x00,
			0x44, 0x00, 0x2e, 0x00, 0x44, 0x00, 0x4f, 0x00,
			0x43, 0x00, 0x00, 0x00, 0x56, 0x00, 0x02, 0x00,
			0x00, 0x00, 0x08, 0x00, 0x00, 0x00, 0x00, 0x00,
			0x00, 0x40, 0x51, 0x40, 0x18, 0x00, 0x00, 0x00,
			0x40, 0x00, 0x50, 0x00, 0x53, 0x00, 0x58, 0x00,
			0x5c, 0x00, 0x44, 0x00, 0x4f, 0x00, 0x43, 0x00,
			0x5c, 0x00, 0x4a, 0x00, 0x50, 0x00, 0x5c, 0x00,
			0x57, 0x00, 0x4f, 0x00, 0x52, 0x00, 0x44, 0x00,
			0x5c, 0x00, 0x50, 0x00, 0x53, 0x00, 0x59, 0x00,
			0x51, 0x00, 0x5c, 0x00, 0x30, 0x00, 0x49, 0x00,
			0x4e, 0x00, 0x54, 0x00, 0x52, 0x00, 0x4f, 0x00,
			0x2e, 0x00, 0x44, 0x00, 0x4f, 0x00, 0x43, 0x00,
			0x00, 0x00, 0x58, 0x00, 0x02, 0x00, 0x00, 0x00,
			0x08, 0x00, 0x00, 0x00, 0x00, 0x00, 0x00, 0x40,
			0x52, 0x40, 0x18, 0x00, 0x00, 0x00, 0x42, 0x00,
			0x50, 0x00, 0x53, 0x00, 0x58, 0x00, 0x5c, 0x00,
			0x44, 0x00, 0x4f, 0x00, 0x43, 0x00, 0x5c, 0x00,
			0x4a, 0x00, 0x50, 0x00, 0x5c, 0x00, 0x57, 0x00,
			0x4f, 0x00, 0x52, 0x00, 0x44, 0x00, 0x5c, 0x00,
			0x4f, 0x00, 0x56, 0x00, 0x45, 0x00, 0x52, 0x00,
			0x56, 0x00, 0x49, 0x00, 0x45, 0x00, 0x57, 0x00,
			0x5c, 0x00, 0x53, 0x00, 0x4e, 0x00, 0x44, 0x00,
			0x2e, 0x00, 0x44, 0x00, 0x4f, 0x00, 0x43, 0x00,
			0x00, 0x00, 0x5a, 0x00, 0x02, 0x00, 0x00, 0x00,
			0x08, 0x00, 0x00, 0x00, 0x00, 0x00, 0x00, 0x00,
			0x53, 0x40, 0x18, 0x00, 0x00, 0x00, 0x44, 0x00,
			0x50, 0x00, 0x53, 0x00, 0x58, 0x00, 0x5c, 0x00,
			0x44, 0x00, 0x4f, 0x00, 0x43, 0x00, 0x5c, 0x00,
			0x4a, 0x00, 0x50, 0x00, 0x5c, 0x00, 0x57, 0x00,
			0x4f, 0x00, 0x52, 0x00, 0x44, 0x00, 0x5c, 0x00,
			0x4f, 0x00, 0x56, 0x00, 0x45, 0x00, 0x52, 0x00,
			0x56, 0x00, 0x49, 0x00, 0x45, 0x00, 0x57, 0x00,
			0x5c, 0x00, 0x43, 0x00, 0x41, 0x00, 0x52, 0x00,
			0x44, 0x00, 0x2e, 0x00, 0x44, 0x00, 0x4f, 0x00,
			0x43, 0x00, 0x00, 0x00, 0x5c, 0x00, 0x02, 0x00,
			0x00, 0x00, 0x08, 0x00, 0x00, 0x00, 0x00, 0x00,
			0x00, 0x40, 0x53, 0x40, 0x18, 0x00, 0x00, 0x00,
			0x46, 0x00, 0x50, 0x00, 0x53, 0x00, 0x58, 0x00,
			0x5c, 0x00, 0x44, 0x00, 0x4f, 0x00, 0x43, 0x00,
			0x5c, 0x00, 0x4a, 0x00, 0x50, 0x00, 0x5c, 0x00,
			0x57, 0x00, 0x4f, 0x00, 0x52, 0x00, 0x44, 0x00,
			0x5c, 0x00, 0x4f, 0x00, 0x56, 0x00, 0x45, 0x00,
			0x52, 0x00, 0x56, 0x00, 0x49, 0x00, 0x45, 0x00,
			0x57, 0x00, 0x5c, 0x00, 0x50, 0x00, 0x52, 0x00,
			0x45, 0x00, 0x53, 0x00, 0x53, 0x00, 0x2e, 0x00,
			0x44, 0x00, 0x4f, 0x00, 0x43, 0x00, 0x00, 0x00,
			0x58, 0x00, 0x02, 0x00, 0x00, 0x00, 0x08, 0x00,
			0x00, 0x00, 0x00, 0x00, 0x00, 0x00, 0x54, 0x40,
			0x18, 0x00, 0x00, 0x00, 0x42, 0x00, 0x50, 0x00,
			0x53, 0x00, 0x58, 0x00, 0x5c, 0x00, 0x44, 0x00,
			0x4f, 0x00, 0x43, 0x00, 0x5c, 0x00, 0x4a, 0x00,
			0x50, 0x00, 0x5c, 0x00, 0x57, 0x00, 0x4f, 0x00,
			0x52, 0x00, 0x44, 0x00, 0x5c, 0x00, 0x4f, 0x00,
			0x56, 0x00, 0x45, 0x00, 0x52, 0x00, 0x56, 0x00,
			0x49, 0x00, 0x45, 0x00, 0x57, 0x00, 0x5c, 0x00,
			0x45, 0x00, 0x54, 0x00, 0x43, 0x00, 0x2e, 0x00,
			0x44, 0x00, 0x4f, 0x00, 0x43, 0x00, 0x00, 0x00,
			0x58, 0x00, 0x02, 0x00, 0x00, 0x00, 0x08, 0x00,
			0x00, 0x00, 0x00, 0x00, 0x00, 0x00, 0x55, 0x40,
			0x19, 0x00, 0x00, 0x00, 0x42, 0x00, 0x50, 0x00,
			0x53, 0x00, 0x58, 0x00, 0x5c, 0x00, 0x44, 0x00,
			0x4f, 0x00, 0x43, 0x00, 0x5c, 0x00, 0x4a, 0x00,
			0x50, 0x00, 0x5c, 0x00, 0x57, 0x00, 0x4f, 0x00,
			0x52, 0x00, 0x44, 0x00, 0x5c, 0x00, 0x4f, 0x00,
			0x56, 0x00, 0x45, 0x00, 0x52, 0x00, 0x56, 0x00,
			0x49, 0x00, 0x45, 0x00, 0x57, 0x00, 0x5c, 0x00,
			0x47, 0x00, 0x50, 0x00, 0x55, 0x00, 0x2e, 0x00,
			0x44, 0x00, 0x4f, 0x00, 0x43, 0x00, 0x00, 0x00,
			0x58, 0x00, 0x02, 0x00, 0x00, 0x00, 0x08, 0x00,
			0x00, 0x00, 0x00, 0x00,
		},
	},
};

u_long KAR_D_8005BFCC[7680] = {
	0x40584000, 0x00000018, 0x00500042, 0x00580053,
	0x0044005c, 0x0043004f, 0x004a005c, 0x005c0050,
	0x004f0057, 0x00440052, 0x0050005c, 0x00590053,
	0x005c0051, 0x005f0031, 0x00440035, 0x00550042,
	0x002e0047, 0x004f0044, 0x00000043, 0x00020058,
	0x00080000, 0x00000000, 0x40600000, 0x00000018,
	0x00500042, 0x00580053, 0x0044005c, 0x0043004f,
	0x004a005c, 0x005c0050, 0x004f0057, 0x00440052,
	0x004f005c, 0x00450056, 0x00560052, 0x00450049,
	0x005c0057, 0x00540047, 0x002e0045, 0x004f0044,
	0x00000043, 0x00020058, 0x00080000, 0x00000000,
	0x4063a000, 0x00000018, 0x00500042, 0x00580053,
	0x0044005c, 0x0043004f, 0x004a005c, 0x005c0050,
	0x004f0057, 0x00440052, 0x004f005c, 0x00450056,
	0x00560052, 0x00450049, 0x005c0057, 0x00500041,
	0x002e0049, 0x004f0044, 0x00000043, 0x0002005c,
	0x00080000, 0x00000000, 0x40644000, 0x00000018,
	0x00500046, 0x00580053, 0x0044005c, 0x0043004f,
	0x004a005c, 0x005c0050, 0x004f0057, 0x00440052,
	0x004f005c, 0x00450056, 0x00560052, 0x00450049,
	0x005c0057, 0x004d0044, 0x00530050, 0x002e0058,
	0x004f0044, 0x00000043, 0x0002005a, 0x00080000,
	0x00000000, 0x40650000, 0x00000010, 0x00500044,
	0x00580053, 0x0044005c, 0x0043004f, 0x004a005c,
	0x005c0050, 0x004f0057, 0x00440052, 0x0050005c,
	0x00590053, 0x005c0051, 0x005f0031, 0x00500036,
	0x004c0059, 0x00420049, 0x0044002e, 0x0043004f,
	0x00580000, 0x00000002, 0x00000008, 0x00000000,
	0x00184066, 0x00420000, 0x00530050, 0x005c0058,
	0x004f0044, 0x005c0043, 0x0050004a, 0x0057005c,
	0x0052004f, 0x005c0044, 0x0056004f, 0x00520045,
	0x00490056, 0x00570045, 0x0053005c, 0x00550050,
	0x0044002e, 0x0043004f, 0x00580000, 0x00000002,
	0x00000008, 0xc0000000, 0x0010406c, 0x00420000,
	0x00530050, 0x005c0058, 0x004f0044, 0x005c0043,
	0x0050004a, 0x0057005c, 0x0052004f, 0x005c0044,
	0x0056004f, 0x00520045, 0x00490056, 0x00570045,
	0x0054005c, 0x00500041, 0x0044002e, 0x0043004f,
	0x005a0000, 0x00000002, 0x00000008, 0x00000000,
	0x0019406e, 0x00440000, 0x00530050, 0x005c0058,
	0x004f0044, 0x005c0043, 0x0050004a, 0x0057005c,
	0x0052004f, 0x005c0044, 0x0049004c, 0x00520042,
	0x00460045, 0x004c005c, 0x00420049, 0x00410054,
	0x002e0050, 0x004f0044, 0x00000043, 0x0002005a,
	0x00080000, 0x00000000, 0x406e4000, 0x00000019,
	0x00500044, 0x00580053, 0x0044005c, 0x0043004f,
	0x004a005c, 0x005c0050, 0x004f0057, 0x00440052,
	0x004f005c, 0x00450056, 0x00560052, 0x00450049,
	0x005c0057, 0x0043004d, 0x00440052, 0x0044002e,
	0x0043004f, 0x00560000, 0x00000002, 0x00000008,
	0x30000000, 0x00104070, 0x00400000, 0x00530050,
	0x005c0058, 0x004f0044, 0x005c0043, 0x0050004a,
	0x0057005c, 0x0052004f, 0x005c0044, 0x00530050,
	0x00510059, 0x0031005c, 0x0034005f, 0x00550052,
	0x002e004e, 0x004f0044, 0x00000043, 0x00020056,
	0x00080000, 0x00000000, 0x40703000, 0x00000018,
	0x00500040, 0x00580053, 0x0044005c, 0x0043004f,
	0x004a005c, 0x005c0050, 0x004f0057, 0x00440052,
	0x004f005c, 0x00450056, 0x00560052, 0x00450049,
	0x005c0057, 0x00440043, 0x0044002e, 0x0043004f,
	0x005a0000, 0x00000002, 0x00000008, 0x20000000,
	0x00104071, 0x00440000, 0x00530050, 0x005c0058,
	0x004f0044, 0x005c0043, 0x0050004a, 0x0057005c,
	0x0052004f, 0x005c0044, 0x0056004f, 0x00520045,
	0x00490056, 0x00570045, 0x004d005c, 0x00520043,
	0x002e0044, 0x004f0044, 0x00000043, 0x0002005a,
	0x00080000, 0x00000000, 0x40726000, 0x00000018,
	0x00500044, 0x00580053, 0x0044005c, 0x0043004f,
	0x004a005c, 0x005c0050, 0x004f0057, 0x00440052,
	0x004f005c, 0x00450056, 0x00560052, 0x00450049,
	0x005c0057, 0x0043004d, 0x00440052, 0x0044002e,
	0x0043004f, 0x005a0000, 0x00000002, 0x00000008,
	0x90000000, 0x00184073, 0x00440000, 0x00530050,
	0x005c0058, 0x004f0044, 0x005c0043, 0x0050004a,
	0x0057005c, 0x0052004f, 0x005c0044, 0x0049004c,
	0x00520042, 0x00460045, 0x004c005c, 0x00420049,
	0x00410054, 0x002e0050, 0x004f0044, 0x00000043,
	0x00020058, 0x00080000, 0x00000000, 0x4074a000,
	0x00000010, 0x00500042, 0x00580053, 0x0044005c,
	0x0043004f, 0x004a005c, 0x005c0050, 0x004f0057,
	0x00440052, 0x004f005c, 0x00450056, 0x00560052,
	0x00450049, 0x005c0057, 0x00550047, 0x002e004e,
	0x004f0044, 0x00000043, 0x0002005a, 0x00080000,
	0x00000000, 0x40750000, 0x00000010, 0x00500044,
	0x00580053, 0x0044005c, 0x0043004f, 0x004a005c,
	0x005c0050, 0x004f0057, 0x00440052, 0x004c005c,
	0x00420049, 0x00450052, 0x005c0046, 0x0049004c,
	0x00540042, 0x00500041, 0x0044002e, 0x0043004f,
	0x00580000, 0x00000002, 0x00000008, 0xf0000000,
	0x00184075, 0x00420000, 0x00530050, 0x005c0058,
	0x004f0044, 0x005c0043, 0x0050004a, 0x0057005c,
	0x0052004f, 0x005c0044, 0x0056004f, 0x00520045,
	0x00490056, 0x00570045, 0x0047005c, 0x00550050,
	0x0044002e, 0x0043004f, 0x005a0000, 0x00000002,
	0x00000008, 0x50000000, 0x00104078, 0x00440000,
	0x00530050, 0x005c0058, 0x004f0044, 0x005c0043,
	0x0050004a, 0x0057005c, 0x0052004f, 0x005c0044,
	0x0056004f, 0x00520045, 0x00490056, 0x00570045,
	0x004d005c, 0x00540041, 0x002e0048, 0x004f0044,
	0x00000043, 0x0002005a, 0x00080000, 0x00000000,
	0x407d5000, 0x00000019, 0x00500044, 0x00580053,
	0x0044005c, 0x0043004f, 0x004a005c, 0x005c0050,
	0x004f0057, 0x00440052, 0x004f005c, 0x00450056,
	0x00560052, 0x00450049, 0x005c0057, 0x004f0043,
	0x0042004d, 0x0044002e, 0x0043004f, 0x00580000,
	0x00000002, 0x00000008, 0xa0000000, 0x0010407d,
	0x00420000, 0x00530050, 0x005c0058, 0x004f0044,
	0x005c0043, 0x0050004a, 0x0057005c, 0x0052004f,
	0x005c0044, 0x0056004f, 0x00520045, 0x00490056,
	0x00570045, 0x0053005c, 0x004f0049, 0x0044002e,
	0x0043004f, 0x00560000, 0x00000002, 0x00000008,
	0x38000000, 0x00194080, 0x00400000, 0x00530050,
	0x005c0058, 0x004f0044, 0x005c0043, 0x0050004a,
	0x0057005c, 0x0052004f, 0x005c0044, 0x0056004f,
	0x00520045, 0x00490056, 0x00570045, 0x0044005c,
	0x002e0053, 0x004f0044, 0x00000043, 0x0002005a,
	0x00080000, 0x00000000, 0x40819800, 0x00000018,
	0x00500044, 0x00580053, 0x0044005c, 0x0043004f,
	0x004a005c, 0x005c0050, 0x004f0057, 0x00440052,
	0x004f005c, 0x00450056, 0x00560052, 0x00450049,
	0x005c0057, 0x004f0043, 0x0042004d, 0x0044002e,
	0x0043004f, 0x00580000, 0x00000002, 0x00000008,
	0xb8000000, 0x00104081, 0x00420000, 0x00530050,
	0x005c0058, 0x004f0044, 0x005c0043, 0x0050004a,
	0x0057005c, 0x0052004f, 0x005c0044, 0x0056004f,
	0x00520045, 0x00490056, 0x00570045, 0x004c005c,
	0x00420049, 0x0044002e, 0x0043004f, 0x00580000,
	0x00000002, 0x00000008, 0xf0000000, 0x00104081,
	0x00420000, 0x00530050, 0x005c0058, 0x004f0044,
	0x005c0043, 0x0050004a, 0x0057005c, 0x0052004f,
	0x005c0044, 0x0056004f, 0x00520045, 0x00490056,
	0x00570045, 0x0053005c, 0x00520054, 0x0044002e,
	0x0043004f, 0x005a0000, 0x00000002, 0x00000008,
	0x10000000, 0x00104082, 0x00440000, 0x00530050,
	0x005c0058, 0x004f0044, 0x005c0043, 0x0050004a,
	0x0057005c, 0x0052004f, 0x005c0044, 0x0056004f,
	0x00520045, 0x00490056, 0x00570045, 0x0041005c,
	0x00530042, 0x002e0054, 0x004f0044, 0x00000043,
	0x0002005a, 0x00080000, 0x00000000, 0x4082e000,
	0x00000010, 0x00500044, 0x00580053, 0x0044005c,
	0x0043004f, 0x004a005c, 0x005c0050, 0x004f0057,
	0x00440052, 0x004f005c, 0x00450056, 0x00560052,
	0x00450049, 0x005c0057, 0x004f0043, 0x0042004d,
	0x0044002e, 0x0043004f, 0x00560000, 0x00000002,
	0x00000008, 0x38000000, 0x00104083, 0x00400000,
	0x00530050, 0x005c0058, 0x004f0044, 0x005c0043,
	0x0050004a, 0x0057005c, 0x0052004f, 0x005c0044,
	0x00530050, 0x00510059, 0x0032005c, 0x0031005f,
	0x00530041, 0x002e004d, 0x004f0044, 0x00000043,
	0x00020058, 0x00080000, 0x00000000, 0x4086c000,
	0x00000010, 0x00500042, 0x00580053, 0x0044005c,
	0x0043004f, 0x004a005c, 0x005c0050, 0x004f0057,
	0x00440052, 0x0050005c, 0x00590053, 0x005c0051,
	0x005f0031, 0x004c0032, 0x004e0049, 0x002e004b,
	0x004f0044, 0x00000043, 0x0002005a, 0x00080000,
	0x00000000, 0x40876800, 0x00000010, 0x00500044,
	0x00580053, 0x0044005c, 0x0043004f, 0x004a005c,
	0x005c0050, 0x004f0057, 0x00440052, 0x0050005c,
	0x00590053, 0x005c0051, 0x005f0032, 0x00530032,
	0x00410054, 0x00450054, 0x0044002e, 0x0043004f,
	0x00580000, 0x00000002, 0x00000008, 0x40000000,
	0x00104088, 0x00420000, 0x00530050, 0x005c0058,
	0x004f0044, 0x005c0043, 0x0050004a, 0x0057005c,
	0x0052004f, 0x005c0044, 0x00530050, 0x00510059,
	0x0031005c, 0x0033005f, 0x0041004d, 0x0045004b,
	0x0044002e, 0x0043004f, 0x00560000, 0x00000002,
	0x00000008, 0xa8000000, 0x00184088, 0x00400000,
	0x00530050, 0x005c0058, 0x004f0044, 0x005c0043,
	0x0050004a, 0x0057005c, 0x0052004f, 0x005c0044,
	0x0056004f, 0x00520045, 0x00490056, 0x00570045,
	0x0044005c, 0x002e0053, 0x004f0044, 0x00000043,
	0x00020056, 0x00080000, 0x00000000, 0x40892000,
	0x00000019, 0x00500040, 0x00580053, 0x0044005c,
	0x0043004f, 0x004a005c, 0x005c0050, 0x004f0057,
	0x00440052, 0x004f005c, 0x00450056, 0x00560052,
	0x00450049, 0x005c0057, 0x00530047, 0x0044002e,
	0x0043004f, 0x00540000, 0x00000002, 0x00000008,
	0x28000000, 0x00114089, 0x003e0000, 0x00530050,
	0x005c0058, 0x004f0044, 0x005c0043, 0x0050004a,
	0x0057005c, 0x0052004f, 0x005c0044, 0x0056004f,
	0x00520045, 0x00490056, 0x00570045, 0x0043005c,
	0x0044002e, 0x0043004f, 0x00560000, 0x00000002,
	0x00000008, 0xe0000000, 0x0010408a, 0x00400000,
	0x00530050, 0x005c0058, 0x004f0044, 0x005c0043,
	0x0050004a, 0x0057005c, 0x0052004f, 0x005c0044,
	0x0056004f, 0x00520045, 0x00490056, 0x00570045,
	0x0044005c, 0x002e0053, 0x004f0044, 0x00000043,
	0x0002005a, 0x00080000, 0x00000000, 0x408cc800,
	0x00000010, 0x00500044, 0x00580053, 0x0044005c,
	0x0043004f, 0x004a005c, 0x005c0050, 0x004f0057,
	0x00440052, 0x0050005c, 0x00590053, 0x005c0051,
	0x005f0031, 0x00430031, 0x00500043, 0x00580053,
	0x0044002e, 0x0043004f, 0x005a0000, 0x00000002,
	0x00000008, 0x10000000, 0x0011408e, 0x00440000,
	0x00530050, 0x005c0058, 0x004f0044, 0x005c0043,
	0x0050004a, 0x0057005c, 0x0052004f, 0x005c0044,
	0x00530050, 0x00510059, 0x0031005c, 0x0036005f,
	0x00590050, 0x0049004c, 0x002e0042, 0x004f0044,
	0x00000043, 0x00020056, 0x00080000, 0x00000000,
	0x40926400, 0x00000010, 0x00500040, 0x00580053,
	0x0044005c, 0x0043004f, 0x004a005c, 0x005c0050,
	0x004f0057, 0x00440052, 0x004f005c, 0x00450056,
	0x00560052, 0x00450049, 0x005c0057, 0x00530047,
	0x0044002e, 0x0043004f, 0x00560000, 0x00000002,
	0x00000008, 0xd8000000, 0x00184092, 0x00400000,
	0x00530050, 0x005c0058, 0x004f0044, 0x005c0043,
	0x0050004a, 0x0057005c, 0x0052004f, 0x005c0044,
	0x0056004f, 0x00520045, 0x00490056, 0x00570045,
	0x0047005c, 0x002e0053, 0x004f0044, 0x00000043,
	0x00020058, 0x00080000, 0x00000000, 0x40948000,
	0x00000011, 0x00500042, 0x00580053, 0x0044005c,
	0x0043004f, 0x004a005c, 0x005c0050, 0x004f0057,
	0x00440052, 0x004f005c, 0x00450056, 0x00560052,
	0x00450049, 0x005c0057, 0x00410054, 0x002e0050,
	0x004f0044, 0x00000043, 0x00020056, 0x00080000,
	0x00000000, 0x4096e800, 0x00000010, 0x00500040,
	0x00580053, 0x0044005c, 0x0043004f, 0x004a005c,
	0x005c0050, 0x004f0057, 0x00440052, 0x0050005c,
	0x00590053, 0x005c0051, 0x00490030, 0x0054004e,
	0x004f0052, 0x0044002e, 0x0043004f, 0x00560000,
	0x00000002, 0x00000008, 0x24000000, 0x00114097,
	0x00400000, 0x00530050, 0x005c0058, 0x004f0044,
	0x005c0043, 0x0050004a, 0x0057005c, 0x0052004f,
	0x005c0044, 0x00530050, 0x00510059, 0x0031005c,
	0x0034005f, 0x00550052, 0x002e004e, 0x004f0044,
	0x00000043, 0x00020058, 0x00080000, 0x00000000,
	0x40983400, 0x00000010, 0x00500042, 0x00580053,
	0x0044005c, 0x0043004f, 0x004a005c, 0x005c0050,
	0x004f0057, 0x00440052, 0x004f005c, 0x00450056,
	0x00560052, 0x00450049, 0x005c0057, 0x004e0053,
	0x002e0044, 0x004f0044, 0x00000043, 0x0002005a,
	0x00080000, 0x00000000, 0x40993800, 0x00000010,
	0x00500044, 0x00580053, 0x0044005c, 0x0043004f,
	0x004a005c, 0x005c0050, 0x004f0057, 0x00440052,
	0x004f005c, 0x00450056, 0x00560052, 0x00450049,
	0x005c0057, 0x00410043, 0x00440052, 0x0044002e,
	0x0043004f, 0x005c0000, 0x00000002, 0x00000008,
	0x6c000000, 0x00104099, 0x00460000, 0x00530050,
	0x005c0058, 0x004f0044, 0x005c0043, 0x0050004a,
	0x0057005c, 0x0052004f, 0x005c0044, 0x0056004f,
	0x00520045, 0x00490056, 0x00570045, 0x0050005c,
	0x00450052, 0x00530053, 0x0044002e, 0x0043004f,
	0x00580000, 0x00000002, 0x00000008, 0x50000000,
	0x0010409a, 0x00420000, 0x00530050, 0x005c0058,
	0x004f0044, 0x005c0043, 0x0050004a, 0x0057005c,
	0x0052004f, 0x005c0044, 0x0056004f, 0x00520045,
	0x00490056, 0x00570045, 0x0045005c, 0x00430054,
	0x0044002e, 0x0043004f, 0x00580000, 0x00000002,
	0x00000008, 0x78000000, 0x0011409d, 0x00420000,
	0x00530050, 0x005c0058, 0x004f0044, 0x005c0043,
	0x0050004a, 0x0057005c, 0x0052004f, 0x005c0044,
	0x0056004f, 0x00520045, 0x00490056, 0x00570045,
	0x0047005c, 0x004e0055, 0x0044002e, 0x0043004f,
	0x00580000, 0x00000002, 0x00000008, 0xf8000000,
	0x0010409f, 0x00420000, 0x00530050, 0x005c0058,
	0x004f0044, 0x005c0043, 0x0050004a, 0x0057005c,
	0x0052004f, 0x005c0044, 0x00530050, 0x00510059,
	0x0031005c, 0x0035005f, 0x00420044, 0x00470055,
	0x0044002e, 0x0043004f, 0x005a0000, 0x00000002,
	0x00000008, 0x58000000, 0x001140a1, 0x00440000,
	0x00530050, 0x005c0058, 0x004f0044, 0x005c0043,
	0x0050004a, 0x0057005c, 0x0052004f, 0x005c0044,
	0x0056004f, 0x00520045, 0x00490056, 0x00570045,
	0x004d005c, 0x00540041, 0x002e0048, 0x004f0044,
	0x00000043, 0x00020058, 0x00080000, 0x00000000,
	0x40a52000, 0x00000011, 0x00500042, 0x00580053,
	0x0044005c, 0x0043004f, 0x004a005c, 0x005c0050,
	0x004f0057, 0x00440052, 0x004f005c, 0x00450056,
	0x00560052, 0x00450049, 0x005c0057, 0x00490053,
	0x002e004f, 0x004f0044, 0x00000043, 0x00020058,
	0x00080000, 0x00000000, 0x40a53200, 0x00000010,
	0x00500042, 0x00580053, 0x0044005c, 0x0043004f,
	0x004a005c, 0x005c0050, 0x004f0057, 0x00440052,
	0x004f005c, 0x00450056, 0x00560052, 0x00450049,
	0x005c0057, 0x00540047, 0x002e0045, 0x004f0044,
	0x00000043, 0x0002005a, 0x00080000, 0x00000000,
	0x40a87400, 0x00000011, 0x00500044, 0x00580053,
	0x0044005c, 0x0043004f, 0x004a005c, 0x005c0050,
	0x004f0057, 0x00440052, 0x004c005c, 0x00420049,
	0x00450052, 0x005c0046, 0x0049004c, 0x00540042,
	0x00500041, 0x0044002e, 0x0043004f, 0x00580000,
	0x00000002, 0x00000008, 0x46000000, 0x001140a9,
	0x00420000, 0x00530050, 0x005c0058, 0x004f0044,
	0x005c0043, 0x0050004a, 0x0057005c, 0x0052004f,
	0x005c0044, 0x0056004f, 0x00520045, 0x00490056,
	0x00570045, 0x004c005c, 0x00420049, 0x0044002e,
	0x0043004f, 0x00580000, 0x00000002, 0x00000008,
	0x98000000, 0x001140a9, 0x00420000, 0x00530050,
	0x005c0058, 0x004f0044, 0x005c0043, 0x0050004a,
	0x0057005c, 0x0052004f, 0x005c0044, 0x0056004f,
	0x00520045, 0x00490056, 0x00570045, 0x0053005c,
	0x00520054, 0x0044002e, 0x0043004f, 0x005a0000,
	0x00000002, 0x00000008, 0xc2000000, 0x001140a9,
	0x00440000, 0x00530050, 0x005c0058, 0x004f0044,
	0x005c0043, 0x0050004a, 0x0057005c, 0x0052004f,
	0x005c0044, 0x0056004f, 0x00520045, 0x00490056,
	0x00570045, 0x0041005c, 0x00530042, 0x002e0054,
	0x004f0044, 0x00000043, 0x00020058, 0x00080000,
	0x00000000, 0x40a9ec00, 0x00000010, 0x00500042,
	0x00580053, 0x0044005c, 0x0043004f, 0x004a005c,
	0x005c0050, 0x004f0057, 0x00440052, 0x004f005c,
	0x00450056, 0x00560052, 0x00450049, 0x005c0057,
	0x00500041, 0x002e0049, 0x004f0044, 0x00000043,
	0x0002005c, 0x00080000, 0x00000000, 0x40aac800,
	0x00000010, 0x00500046, 0x00580053, 0x0044005c,
	0x0043004f, 0x004a005c, 0x005c0050, 0x004f0057,
	0x00440052, 0x004f005c, 0x00450056, 0x00560052,
	0x00450049, 0x005c0057, 0x004d0044, 0x00530050,
	0x002e0058, 0x004f0044, 0x00000043, 0x00020056,
	0x00080000, 0x00000000, 0x40ab6400, 0x00000011,
	0x00500040, 0x00580053, 0x0044005c, 0x0043004f,
	0x004a005c, 0x005c0050, 0x004f0057, 0x00440052,
	0x0050005c, 0x00590053, 0x005c0051, 0x005f0032,
	0x00410031, 0x004d0053, 0x0044002e, 0x0043004f,
	0x00580000, 0x00000002, 0x00000008, 0x0e000000,
	0x001040ad, 0x00420000, 0x00530050, 0x005c0058,
	0x004f0044, 0x005c0043, 0x0050004a, 0x0057005c,
	0x0052004f, 0x005c0044, 0x0056004f, 0x00520045,
	0x00490056, 0x00570045, 0x0053005c, 0x00550050,
	0x0044002e, 0x0043004f, 0x005a0000, 0x00000002,
	0x00000008, 0x1b000000, 0x001140b0, 0x00440000,
	0x00530050, 0x005c0058, 0x004f0044, 0x005c0043,
	0x0050004a, 0x0057005c, 0x0052004f, 0x005c0044,
	0x0056004f, 0x00520045, 0x00490056, 0x00570045,
	0x004d005c, 0x00520043, 0x002e0044, 0x004f0044,
	0x00000043, 0x00020058, 0x00080000, 0x00000000,
	0x40b03b00, 0x00000011, 0x00500042, 0x00580053,
	0x0044005c, 0x0043004f, 0x004a005c, 0x005c0050,
	0x004f0057, 0x00440052, 0x0050005c, 0x00590053,
	0x005c0051, 0x005f0031, 0x004c0032, 0x004e0049,
	0x002e004b, 0x004f0044, 0x00000043, 0x0002005a,
	0x00080000, 0x00000000, 0x40b0ae00, 0x00000011,
	0x00500044, 0x00580053, 0x0044005c, 0x0043004f,
	0x004a005c, 0x005c0050, 0x004f0057, 0x00440052,
	0x0050005c, 0x00590053, 0x005c0051, 0x005f0032,
	0x00530032, 0x00410054, 0x00450054, 0x0044002e,
	0x0043004f, 0x00580000, 0x00000002, 0x00000008,
	0x4b000000, 0x001140b1, 0x00420000, 0x00530050,
	0x005c0058, 0x004f0044, 0x005c0043, 0x0050004a,
	0x0057005c, 0x0052004f, 0x005c0044, 0x00530050,
	0x00510059, 0x0031005c, 0x0033005f, 0x0041004d,
	0x0045004b, 0x0044002e, 0x0043004f, 0x005a0000,
	0x00000002, 0x00000008, 0x86000000, 0x001140b4,
	0x00440000, 0x00530050, 0x005c0058, 0x004f0044,
	0x005c0043, 0x0050004a, 0x0057005c, 0x0052004f,
	0x005c0044, 0x00530050, 0x00510059, 0x0031005c,
	0x0031005f, 0x00430043, 0x00530050, 0x002e0058,
	0x004f0044, 0x00000043, 0x00020056, 0x00080000,
	0x00000000, 0x40b55d00, 0x00000010, 0x00500040,
	0x00580053, 0x0044005c, 0x0043004f, 0x004a005c,
	0x005c0050, 0x004f0057, 0x00440052, 0x004f005c,
	0x00450056, 0x00560052, 0x00450049, 0x005c0057,
	0x00440043, 0x0044002e, 0x0043004f, 0x00580000,
	0x00000002, 0x00000008, 0xea000000, 0x001040bc,
	0x00420000, 0x00530050, 0x005c0058, 0x004f0044,
	0x005c0043, 0x0050004a, 0x0057005c, 0x0052004f,
	0x005c0044, 0x0056004f, 0x00520045, 0x00490056,
	0x00570045, 0x0047005c, 0x00550050, 0x0044002e,
	0x0043004f, 0x00560000, 0x00000002, 0x00000008,
	0x54000000, 0x001140c0, 0x00400000, 0x00530050,
	0x005c0058, 0x004f0044, 0x005c0043, 0x0050004a,
	0x0057005c, 0x0052004f, 0x005c0044, 0x00530050,
	0x00510059, 0x0030005c, 0x004e0049, 0x00520054,
	0x002e004f, 0x004f0044, 0x00000043, 0x0002005a,
	0x00080000, 0x00000000, 0x40c08480, 0x00000011,
	0x00500044, 0x00580053, 0x0044005c, 0x0043004f,
	0x004a005c, 0x005c0050, 0x004f0057, 0x00440052,
	0x004f005c, 0x00450056, 0x00560052, 0x00450049,
	0x005c0057, 0x004f0043, 0x0042004d, 0x0044002e,
	0x0043004f, 0x00580000, 0x00000002, 0x00000008,
	0x3f000000, 0x001140c1, 0x00420000, 0x00530050,
	0x005c0058, 0x004f0044, 0x005c0043, 0x0050004a,
	0x0057005c, 0x0052004f, 0x005c0044, 0x0056004f,
	0x00520045, 0x00490056, 0x00570045, 0x0053005c,
	0x0044004e, 0x0044002e, 0x0043004f, 0x005a0000,
	0x00000002, 0x00000008, 0xf9000000, 0x001140c1,
	0x00440000, 0x00530050, 0x005c0058, 0x004f0044,
	0x005c0043, 0x0050004a, 0x0057005c, 0x0052004f,
	0x005c0044, 0x0056004f, 0x00520045, 0x00490056,
	0x00570045, 0x0043005c, 0x00520041, 0x002e0044,
	0x004f0044, 0x00000043, 0x0002005c, 0x00080000,
	0x00000000, 0x40c21f00, 0x00000011, 0x00500046,
	0x00580053, 0x0044005c, 0x0043004f, 0x004a005c,
	0x005c0050, 0x004f0057, 0x00440052, 0x004f005c,
	0x00450056, 0x00560052, 0x00450049, 0x005c0057,
	0x00520050, 0x00530045, 0x002e0053, 0x004f0044,
	0x00000043, 0x00020058, 0x00080000, 0x00000000,
	0x40c2c180, 0x00000011, 0x00500042, 0x00580053,
	0x0044005c, 0x0043004f, 0x004a005c, 0x005c0050,
	0x004f0057, 0x00440052, 0x004f005c, 0x00450056,
	0x00560052, 0x00450049, 0x005c0057, 0x00540045,
	0x002e0043, 0x004f0044, 0x00000043, 0x00020058,
	0x00080000, 0x00000000, 0x40c6c780, 0x00000011,
	0x00500042, 0x00580053, 0x0044005c, 0x0043004f,
	0x004a005c, 0x005c0050, 0x004f0057, 0x00440052,
	0x0050005c, 0x00590053, 0x005c0051, 0x005f0031,
	0x00440035, 0x00550042, 0x002e0047, 0x004f0044,
	0x00000043, 0x00020058, 0x00080000, 0x00000000,
	0x40ce3600, 0x00000011, 0x00500042, 0x00580053,
	0x0044005c, 0x0043004f, 0x004a005c, 0x005c0050,
	0x004f0057, 0x00440052, 0x004f005c, 0x00450056,
	0x00560052, 0x00450049, 0x005c0057, 0x00540047,
	0x002e0045, 0x004f0044, 0x00000043, 0x00020056,
	0x00080000, 0x00000000, 0x40d1bd80, 0x00000011,
	0x00500040, 0x00580053, 0x0044005c, 0x0043004f,
	0x004a005c, 0x005c0050, 0x004f0057, 0x00440052,
	0x004f005c, 0x00450056, 0x00560052, 0x00450049,
	0x005c0057, 0x00530044, 0x0044002e, 0x0043004f,
	0x00540000, 0x00000002, 0x00000008, 0x00000000,
	0x000240d2, 0x003e0000, 0x00530050, 0x005c0058,
	0x004f0044, 0x005c0043, 0x0050004a, 0x0057005c,
	0x0052004f, 0x005c0044, 0x0056004f, 0x00520045,
	0x00490056, 0x00570045, 0x0043005c, 0x0044002e,
	0x0043004f, 0x005a0000, 0x00000002, 0x00000008,
	0x00000000, 0x000240d2, 0x00440000, 0x00530050,
	0x005c0058, 0x004f0044, 0x005c0043, 0x0050004a,
	0x0057005c, 0x0052004f, 0x005c0044, 0x00530050,
	0x00510059, 0x0031005c, 0x0036005f, 0x00590050,
	0x0049004c, 0x002e0042, 0x004f0044, 0x00000043,
	0x00020058, 0x00080000, 0x00000000, 0x40d27940,
	0x00000011, 0x00500042, 0x00580053, 0x0044005c,
	0x0043004f, 0x004a005c, 0x005c0050, 0x004f0057,
	0x00440052, 0x004f005c, 0x00450056, 0x00560052,
	0x00450049, 0x005c0057, 0x00500041, 0x002e0049,
	0x004f0044, 0x00000043, 0x00020056, 0x00080000,
	0x00000000, 0x40d30000, 0x00000002, 0x00500040,
	0x00580053, 0x0044005c, 0x0043004f, 0x004a005c,
	0x005c0050, 0x004f0057, 0x00440052, 0x0050005c,
	0x00590053, 0x005c0051, 0x005f0031, 0x00520034,
	0x004e0055, 0x0044002e, 0x0043004f, 0x005c0000,
	0x00000002, 0x00000008, 0x15000000, 0x001140d3,
	0x00460000, 0x00530050, 0x005c0058, 0x004f0044,
	0x005c0043, 0x0050004a, 0x0057005c, 0x0052004f,
	0x005c0044, 0x0056004f, 0x00520045, 0x00490056,
	0x00570045, 0x0044005c, 0x0050004d, 0x00580053,
	0x0044002e, 0x0043004f, 0x00580000, 0x00000002,
	0x00000008, 0xb3c00000, 0x001140d4, 0x00420000,
	0x00530050, 0x005c0058, 0x004f0044, 0x005c0043,
	0x0050004a, 0x0057005c, 0x0052004f, 0x005c0044,
	0x0056004f, 0x00520045, 0x00490056, 0x00570045,
	0x0053005c, 0x00550050, 0x0044002e, 0x0043004f,
	0x00580000, 0x00000002, 0x00000008, 0x80000000,
	0x000240d5, 0x00420000, 0x00530050, 0x005c0058,
	0x004f0044, 0x005c0043, 0x0050004a, 0x0057005c,
	0x0052004f, 0x005c0044, 0x0056004f, 0x00520045,
	0x00490056, 0x00570045, 0x0054005c, 0x00500041,
	0x0044002e, 0x0043004f, 0x005a0000, 0x00000002,
	0x00000008, 0x80000000, 0x000240d8, 0x00440000,
	0x00530050, 0x005c0058, 0x004f0044, 0x005c0043,
	0x0050004a, 0x0057005c, 0x0052004f, 0x005c0044,
	0x0056004f, 0x00520045, 0x00490056, 0x00570045,
	0x004d005c, 0x00540041, 0x002e0048, 0x004f0044,
	0x00000043, 0x00020056, 0x00080000, 0x00000000,
	0x40d88000, 0x00000002, 0x00500040, 0x00580053,
	0x0044005c, 0x0043004f, 0x004a005c, 0x005c0050,
	0x004f0057, 0x00440052, 0x0050005c, 0x00590053,
	0x005c0051, 0x005f0032, 0x00410031, 0x004d0053,
	0x0044002e, 0x0043004f, 0x00580000, 0x00000002,
	0x00000008, 0x80000000, 0x000240d8, 0x00420000,
	0x00530050, 0x005c0058, 0x004f0044, 0x005c0043,
	0x0050004a, 0x0057005c, 0x0052004f, 0x005c0044,
	0x0056004f, 0x00520045, 0x00490056, 0x00570045,
	0x0047005c, 0x004e0055, 0x0044002e, 0x0043004f,
	0x00580000, 0x00000002, 0x00000008, 0x80000000,
	0x000240db, 0x00420000, 0x00530050, 0x005c0058,
	0x004f0044, 0x005c0043, 0x0050004a, 0x0057005c,
	0x0052004f, 0x005c0044, 0x00530050, 0x00510059,
	0x0031005c, 0x0032005f, 0x0049004c, 0x004b004e,
	0x0044002e, 0x0043004f, 0x00560000, 0x00000002,
	0x00000008, 0x46c00000, 0x001140dc, 0x00400000,
	0x00530050, 0x005c0058, 0x004f0044, 0x005c0043,
	0x0050004a, 0x0057005c, 0x0052004f, 0x005c0044,
	0x0056004f, 0x00520045, 0x00490056, 0x00570045,
	0x0047005c, 0x002e0053, 0x004f0044, 0x00000043,
	0x00020058, 0x00080000, 0x00000000, 0x40dc8000,
	0x00000002, 0x00500042, 0x00580053, 0x0044005c,
	0x0043004f, 0x004a005c, 0x005c0050, 0x004f0057,
	0x00440052, 0x0050005c, 0x00590053, 0x005c0051,
	0x005f0031, 0x004d0033, 0x004b0041, 0x002e0045,
	0x004f0044, 0x00000043, 0x00020058, 0x00080000,
	0x00000000, 0x40dd8000, 0x00000002, 0x00500042,
	0x00580053, 0x0044005c, 0x0043004f, 0x004a005c,
	0x005c0050, 0x004f0057, 0x00440052, 0x004f005c,
	0x00450056, 0x00560052, 0x00450049, 0x005c0057,
	0x00490053, 0x002e004f, 0x004f0044, 0x00000043,
	0x00020056, 0x00080000, 0x00000000, 0x40de7200,
	0x00000011, 0x00500040, 0x00580053, 0x0044005c,
	0x0043004f, 0x004a005c, 0x005c0050, 0x004f0057,
	0x00440052, 0x004f005c, 0x00450056, 0x00560052,
	0x00450049, 0x005c0057, 0x00440043, 0x0044002e,
	0x0043004f, 0x005a0000, 0x00000002, 0x00000008,
	0x00000000, 0x000240e0, 0x00440000, 0x00530050,
	0x005c0058, 0x004f0044, 0x005c0043, 0x0050004a,
	0x0057005c, 0x0052004f, 0x005c0044, 0x0056004f,
	0x00520045, 0x00490056, 0x00570045, 0x004d005c,
	0x00520043, 0x002e0044, 0x004f0044, 0x00000043,
	0x0002005a, 0x00080000, 0x00000000, 0x40e00000,
	0x00000002, 0x00500044, 0x00580053, 0x0044005c,
	0x0043004f, 0x004a005c, 0x005c0050, 0x004f0057,
	0x00440052, 0x0050005c, 0x00590053, 0x005c0051,
	0x005f0031, 0x00430031, 0x00500043, 0x00580053,
	0x0044002e, 0x0043004f, 0x005a0000, 0x00000002,
	0x00000008, 0x40000000, 0x000240e0, 0x00440000,
	0x00530050, 0x005c0058, 0x004f0044, 0x005c0043,
	0x0050004a, 0x0057005c, 0x0052004f, 0x005c0044,
	0x00530050, 0x00510059, 0x0032005c, 0x0032005f,
	0x00540053, 0x00540041, 0x002e0045, 0x004f0044,
	0x00000043, 0x00020058, 0x00080000, 0x00000000,
	0x40e44000, 0x00000002, 0x00500042, 0x00580053,
	0x0044005c, 0x0043004f, 0x004a005c, 0x005c0050,
	0x004f0057, 0x00440052, 0x004f005c, 0x00450056,
	0x00560052, 0x00450049, 0x005c0057, 0x00540053,
	0x002e0052, 0x004f0044, 0x00000043, 0x00020058,
	0x00080000, 0x00000000, 0x40e49aa0, 0x00000011,
	0x00500042, 0x00580053, 0x0044005c, 0x0043004f,
	0x004a005c, 0x005c0050, 0x004f0057, 0x00440052,
	0x004f005c, 0x00450056, 0x00560052, 0x00450049,
	0x005c0057, 0x00500047, 0x002e0055, 0x004f0044,
	0x00000043, 0x00020056, 0x00080000, 0x00000000,
	0x40e58000, 0x00000002, 0x00500040, 0x00580053,
	0x0044005c, 0x0043004f, 0x004a005c, 0x005c0050,
	0x004f0057, 0x00440052, 0x0050005c, 0x00590053,
	0x005c0051, 0x00490030, 0x0054004e, 0x004f0052,
	0x0044002e, 0x0043004f, 0x00580000, 0x00000002,
	0x00000008, 0x80000000, 0x000240e5, 0x00420000,
	0x00530050, 0x005c0058, 0x004f0044, 0x005c0043,
	0x0050004a, 0x0057005c, 0x0052004f, 0x005c0044,
	0x0056004f, 0x00520045, 0x00490056, 0x00570045,
	0x004c005c, 0x00420049, 0x0044002e, 0x0043004f,
	0x005a0000, 0x00000002, 0x00000008, 0xc0000000,
	0x000240e7, 0x00440000, 0x00530050, 0x005c0058,
	0x004f0044, 0x005c0043, 0x0050004a, 0x0057005c,
	0x0052004f, 0x005c0044, 0x0056004f, 0x00520045,
	0x00490056, 0x00570045, 0x0043005c, 0x004d004f,
	0x002e0042, 0x004f0044, 0x00000043, 0x0002005a,
	0x00080000, 0x00000000, 0x40ea4000, 0x00000002,
	0x00500044, 0x00580053, 0x0044005c, 0x0043004f,
	0x004a005c, 0x005c0050, 0x004f0057, 0x00440052,
	0x004f005c, 0x00450056, 0x00560052, 0x00450049,
	0x005c0057, 0x00410043, 0x00440052, 0x0044002e,
	0x0043004f, 0x00580000, 0x00000002, 0x00000008,
	0x00000000, 0x000240eb, 0x00420000, 0x00530050,
	0x005c0058, 0x004f0044, 0x005c0043, 0x0050004a,
	0x0057005c, 0x0052004f, 0x005c0044, 0x00530050,
	0x00510059, 0x0031005c, 0x0035005f, 0x00420044,
	0x00470055, 0x0044002e, 0x0043004f, 0x005a0000,
	0x00000002, 0x00000008, 0xc0000000, 0x000240eb,
	0x00440000, 0x00530050, 0x005c0058, 0x004f0044,
	0x005c0043, 0x0050004a, 0x0057005c, 0x0052004f,
	0x005c0044, 0x00530050, 0x00510059, 0x0032005c,
	0x0033005f, 0x00490044, 0x00450052, 0x002e0043,
	0x004f0044, 0x00000043, 0x00020056, 0x00080000,
	0x00000000, 0x40f4e000, 0x00000002, 0x00500040,
	0x00580053, 0x0044005c, 0x0043004f, 0x004a005c,
	0x005c0050, 0x004f0057, 0x00440052, 0x004f005c,
	0x00450056, 0x00560052, 0x00450049, 0x005c0057,
	0x00530044, 0x0044002e, 0x0043004f, 0x00580000,
	0x00000002, 0x00000008, 0x40000000, 0x000240f6,
	0x00420000, 0x00530050, 0x005c0058, 0x004f0044,
	0x005c0043, 0x0050004a, 0x0057005c, 0x0052004f,
	0x005c0044, 0x0056004f, 0x00520045, 0x00490056,
	0x00570045, 0x0053005c, 0x0044004e, 0x0044002e,
	0x0043004f, 0x005a0000, 0x00000002, 0x00000008,
	0x60000000, 0x000240f6, 0x00440000, 0x00530050,
	0x005c0058, 0x004f0044, 0x005c0043, 0x0050004a,
	0x0057005c, 0x0052004f, 0x005c0044, 0x0056004f,
	0x00520045, 0x00490056, 0x00570045, 0x0041005c,
	0x00530042, 0x002e0054, 0x004f0044, 0x00000043,
	0x0002005c, 0x00080000, 0x00000000, 0x40f90000,
	0x00000002, 0x00500046, 0x00580053, 0x0044005c,
	0x0043004f, 0x004a005c, 0x005c0050, 0x004f0057,
	0x00440052, 0x004f005c, 0x00450056, 0x00560052,
	0x00450049, 0x005c0057, 0x004d0044, 0x00530050,
	0x002e0058, 0x004f0044, 0x00000043, 0x00020058,
	0x00080000, 0x00000000, 0x40fb0000, 0x00000002,
	0x00500042, 0x00580053, 0x0044005c, 0x0043004f,
	0x004a005c, 0x005c0050, 0x004f0057, 0x00440052,
	0x004f005c, 0x00450056, 0x00560052, 0x00450049,
	0x005c0057, 0x00540045, 0x002e0043, 0x004f0044,
	0x00000043, 0x00020058, 0x00080000, 0x00000000,
	0x40fb6000, 0x00000002, 0x00500042, 0x00580053,
	0x0044005c, 0x0043004f, 0x004a005c, 0x005c0050,
	0x004f0057, 0x00440052, 0x004f005c, 0x00450056,
	0x00560052, 0x00450049, 0x005c0057, 0x00500041,
	0x002e0049, 0x004f0044, 0x00000043, 0x00020058,
	0x00080000, 0x00000000, 0x40ff2000, 0x00000002,
	0x00500042, 0x00580053, 0x0044005c, 0x0043004f,
	0x004a005c, 0x005c0050, 0x004f0057, 0x00440052,
	0x004f005c, 0x00450056, 0x00560052, 0x00450049,
	0x005c0057, 0x00500053, 0x002e0055, 0x004f0044,
	0x00000043, 0x0002005c, 0x00080000, 0x00000000,
	0x41001000, 0x00000002, 0x00500046, 0x00580053,
	0x0044005c, 0x0043004f, 0x004a005c, 0x005c0050,
	0x004f0057, 0x00440052, 0x004f005c, 0x00450056,
	0x00560052, 0x00450049, 0x005c0057, 0x00520050,
	0x00530045, 0x002e0053, 0x004f0044, 0x00000043,
	0x00020056, 0x00080000, 0x00000000, 0x41026000,
	0x00000002, 0x00500040, 0x00580053, 0x0044005c,
	0x0043004f, 0x004a005c, 0x005c0050, 0x004f0057,
	0x00440052, 0x004f005c, 0x00450056, 0x00560052,
	0x00450049, 0x005c0057, 0x00440043, 0x0044002e,
	0x0043004f, 0x00580000, 0x00000002, 0x00000008,
	0x20000000, 0x0002410f, 0x00420000, 0x00530050,
	0x005c0058, 0x004f0044, 0x005c0043, 0x0050004a,
	0x0057005c, 0x0052004f, 0x005c0044, 0x0056004f,
	0x00520045, 0x00490056, 0x00570045, 0x0047005c,
	0x00450054, 0x0044002e, 0x0043004f, 0x00560000,
	0x00000002, 0x00000008, 0x70000000, 0x00024113,
	0x00400000, 0x00530050, 0x005c0058, 0x004f0044,
	0x005c0043, 0x0050004a, 0x0057005c, 0x0052004f,
	0x005c0044, 0x0056004f, 0x00520045, 0x00490056,
	0x00570045, 0x0047005c, 0x002e0053, 0x004f0044,
	0x00000043, 0x00020058, 0x00080000, 0x00000000,
	0x411e9800, 0x00000002, 0x00500042, 0x00580053,
	0x0044005c, 0x0043004f, 0x004a005c, 0x005c0050,
	0x004f0057, 0x00440052, 0x004f005c, 0x00450056,
	0x00560052, 0x00450049, 0x005c0057, 0x00500047,
	0x002e0055, 0x004f0044, 0x00000043, 0x00040058,
	0x00080000, 0x00000000, 0x00000000, 0x0000000d,
	0x00500042, 0x00580053, 0x0044005c, 0x0043004f,
	0x004a005c, 0x005c0050, 0x004f0057, 0x00440052,
	0x004f005c, 0x00450056, 0x00560052, 0x00450049,
	0x005c0057, 0x00540047, 0x002e0045, 0x004f0044,
	0x00000043, 0x00040056, 0x00080000, 0x00000000,
	0x00000000, 0x0000000d, 0x00500040, 0x00580053,
	0x0044005c, 0x0043004f, 0x004a005c, 0x005c0050,
	0x004f0057, 0x00440052, 0x0050005c, 0x00590053,
	0x005c0051, 0x005f0031, 0x00520034, 0x004e0055,
	0x0044002e, 0x0043004f, 0x005a0000, 0x00000004,
	0x00000008, 0x00000000, 0x000d0000, 0x00440000,
	0x00530050, 0x005c0058, 0x004f0044, 0x005c0043,
	0x0050004a, 0x0057005c, 0x0052004f, 0x005c0044,
	0x00530050, 0x00510059, 0x0032005c, 0x0032005f,
	0x00540053, 0x00540041, 0x002e0045, 0x004f0044,
	0x00000043, 0x0004005a, 0x00080000, 0x00000000,
	0x00000000, 0x0000000d, 0x00500044, 0x00580053,
	0x0044005c, 0x0043004f, 0x004a005c, 0x005c0050,
	0x004f0057, 0x00440052, 0x0050005c, 0x00590053,
	0x005c0051, 0x005f0031, 0x00500036, 0x004c0059,
	0x00420049, 0x0044002e, 0x0043004f, 0x00580000,
	0x00000004, 0x00000008, 0x00000000, 0x000d0000,
	0x00420000, 0x00530050, 0x005c0058, 0x004f0044,
	0x005c0043, 0x0050004a, 0x0057005c, 0x0052004f,
	0x005c0044, 0x00530050, 0x00510059, 0x0031005c,
	0x0032005f, 0x0049004c, 0x004b004e, 0x0044002e,
	0x0043004f, 0x00580000, 0x00000004, 0x00000008,
	0x00000000, 0x000d0000, 0x00420000, 0x00530050,
	0x005c0058, 0x004f0044, 0x005c0043, 0x0050004a,
	0x0057005c, 0x0052004f, 0x005c0044, 0x00530050,
	0x00510059, 0x0031005c, 0x0035005f, 0x00420044,
	0x00470055, 0x0044002e, 0x0043004f, 0x005a0000,
	0x00000004, 0x00000008, 0x00000000, 0x000d0000,
	0x00440000, 0x00530050, 0x005c0058, 0x004f0044,
	0x005c0043, 0x0050004a, 0x0057005c, 0x0052004f,
	0x005c0044, 0x0056004f, 0x00520045, 0x00490056,
	0x00570045, 0x004d005c, 0x00540041, 0x002e0048,
	0x004f0044, 0x00000043, 0x00040054, 0x00080000,
	0x00000000, 0x00000000, 0x0000000d, 0x0050003e,
	0x00580053, 0x0044005c, 0x0043004f, 0x004a005c,
	0x005c0050, 0x004f0057, 0x00440052, 0x004f005c,
	0x00450056, 0x00560052, 0x00450049, 0x005c0057,
	0x002e0043, 0x004f0044, 0x00000043, 0x0004005a,
	0x00080000, 0x00000000, 0x00000000, 0x0000000d,
	0x00500044, 0x00580053, 0x0044005c, 0x0043004f,
	0x004a005c, 0x005c0050, 0x004f0057, 0x00440052,
	0x0050005c, 0x00590053, 0x005c0051, 0x005f0031,
	0x00430031, 0x00500043, 0x00580053, 0x0044002e,
	0x0043004f, 0x00560000, 0x00000004, 0x00000008,
	0x00000000, 0x000d0000, 0x00400000, 0x00530050,
	0x005c0058, 0x004f0044, 0x005c0043, 0x0050004a,
	0x0057005c, 0x0052004f, 0x005c0044, 0x00530050,
	0x00510059, 0x0032005c, 0x0031005f, 0x00530041,
	0x002e004d, 0x004f0044, 0x00000043, 0x00040058,
	0x00080000, 0x00000000, 0x00000000, 0x0000000d,
	0x00500042, 0x00580053, 0x0044005c, 0x0043004f,
	0x004a005c, 0x005c0050, 0x004f0057, 0x00440052,
	0x0050005c, 0x00590053, 0x005c0051, 0x005f0031,
	0x004d0033, 0x004b0041, 0x002e0045, 0x004f0044,
	0x00000043, 0x00040058, 0x00080000, 0x00000000,
	0x00000000, 0x0000000d, 0x00500042, 0x00580053,
	0x0044005c, 0x0043004f, 0x004a005c, 0x005c0050,
	0x004f0057, 0x00440052, 0x004f005c, 0x00450056,
	0x00560052, 0x00450049, 0x005c0057, 0x00500041,
	0x002e0049, 0x004f0044, 0x00000043, 0x0004005a,
	0x00080000, 0xd693a400, 0x00000000, 0x0000000c,
	0x00500044, 0x00580053, 0x0044005c, 0x0043004f,
	0x004a005c, 0x005c0050, 0x004f0057, 0x00440052,
	0x0050005c, 0x00590053, 0x005c0051, 0x005f0031,
	0x00430031, 0x00500043, 0x00580053, 0x0044002e,
	0x0043004f, 0x00580000, 0x00000004, 0xc0000008,
	0x00047868, 0x000c0000, 0x00420000, 0x00530050,
	0x005c0058, 0x004f0044, 0x005c0043, 0x0050004a,
	0x0057005c, 0x0052004f, 0x005c0044, 0x0056004f,
	0x00520045, 0x00490056, 0x00570045, 0x0047005c,
	0x004e0055, 0x0044002e, 0x0043004f, 0x00560000,
	0x00000004, 0xb0000008, 0x000a0eeb, 0x000c0000,
	0x00400000, 0x00530050, 0x005c0058, 0x004f0044,
	0x005c0043, 0x0050004a, 0x0057005c, 0x0052004f,
	0x005c0044, 0x00530050, 0x00510059, 0x0032005c,
	0x0031005f, 0x00530041, 0x002e004d, 0x004f0044,
	0x00000043, 0x0004005a, 0x00080000, 0x09429a00,
	0x0000000b, 0x0000000c, 0x00500044, 0x00580053,
	0x0044005c, 0x0043004f, 0x004a005c, 0x005c0050,
	0x004f0057, 0x00440052, 0x004f005c, 0x00450056,
	0x00560052, 0x00450049, 0x005c0057, 0x0043004d,
	0x00440052, 0x0044002e, 0x0043004f, 0x005a0000,
	0x00000004, 0x84000008, 0x000c0399, 0x000c0000,
	0x00440000, 0x00530050, 0x005c0058, 0x004f0044,
	0x005c0043, 0x0050004a, 0x0057005c, 0x0052004f,
	0x005c0044, 0x0056004f, 0x00520045, 0x00490056,
	0x00570045, 0x004d005c, 0x00540041, 0x002e0048,
	0x004f0044, 0x00000043, 0x00040054, 0x00080000,
	0xf29e4200, 0x0000000e, 0x0000000c, 0x0050003e,
	0x00580053, 0x0044005c, 0x0043004f, 0x004a005c,
	0x005c0050, 0x004f0057, 0x00440052, 0x004f005c,
	0x00450056, 0x00560052, 0x00450049, 0x005c0057,
	0x002e0043, 0x004f0044, 0x00000043, 0x00040058,
	0x00080000, 0x347bb800, 0x00000010, 0x0000000c,
	0x00500042, 0x00580053, 0x0044005c, 0x0043004f,
	0x004a005c, 0x005c0050, 0x004f0057, 0x00440052,
	0x004f005c, 0x00450056, 0x00560052, 0x00450049,
	0x005c0057, 0x004e0053, 0x002e0044, 0x004f0044,
	0x00000043, 0x0004005a, 0x00080000, 0x9fc58a00,
	0x00000010, 0x0000000c, 0x00500044, 0x00580053,
	0x0044005c, 0x0043004f, 0x004a005c, 0x005c0050,
	0x004f0057, 0x00440052, 0x004f005c, 0x00450056,
	0x00560052, 0x00450049, 0x005c0057, 0x00420041,
	0x00540053, 0x0044002e, 0x0043004f, 0x00580000,
	0x00000004, 0x3c000008, 0x001c3815, 0x000c0000,
	0x00420000, 0x00530050, 0x005c0058, 0x004f0044,
	0x005c0043, 0x0050004a, 0x0057005c, 0x0052004f,
	0x005c0044, 0x00530050, 0x00510059, 0x0031005c,
	0x0033005f, 0x0041004d, 0x0045004b, 0x0044002e,
	0x0043004f, 0x005a0000, 0x00000004, 0x26000008,
	0x001d326c, 0x000c0000, 0x00440000, 0x00530050,
	0x005c0058, 0x004f0044, 0x005c0043, 0x0050004a,
	0x0057005c, 0x0052004f, 0x005c0044, 0x00530050,
	0x00510059, 0x0031005c, 0x0036005f, 0x00590050,
	0x0049004c, 0x002e0042, 0x004f0044, 0x00000043,
	0x00040058, 0x00080000, 0x79f2b200, 0x0000001d,
	0x0000000c, 0x00500042, 0x00580053, 0x0044005c,
	0x0043004f, 0x004a005c, 0x005c0050, 0x004f0057,
	0x00440052, 0x004f005c, 0x00450056, 0x00560052,
	0x00450049, 0x005c0057, 0x00490053, 0x002e004f,
	0x004f0044, 0x00000043, 0x00040058, 0x00080000,
	0xfdad9e00, 0x0000001f, 0x0000000c, 0x00500042,
	0x00580053, 0x0044005c, 0x0043004f, 0x004a005c,
	0x005c0050, 0x004f0057, 0x00440052, 0x0050005c,
	0x00590053, 0x005c0051, 0x005f0031, 0x004c0032,
	0x004e0049, 0x002e004b, 0x004f0044, 0x00000043,
	0x0004005a, 0x00080000, 0xa52bd000, 0x00000022,
	0x0000000c, 0x00500044, 0x00580053, 0x0044005c,
	0x0043004f, 0x004a005c, 0x005c0050, 0x004f0057,
	0x00440052, 0x004c005c, 0x00420049, 0x00450052,
	0x005c0046, 0x0049004c, 0x00540042, 0x00500041,
	0x0044002e, 0x0043004f, 0x005a0000, 0x00000004,
	0xa8000008, 0x0027aca1, 0x000c0000, 0x00440000,
	0x00530050, 0x005c0058, 0x004f0044, 0x005c0043,
	0x0050004a, 0x0057005c, 0x0052004f, 0x005c0044,
	0x0056004f, 0x00520045, 0x00490056, 0x00570045,
	0x0043005c, 0x004d004f, 0x002e0042, 0x004f0044,
	0x00000043, 0x00040058, 0x00080000, 0x723a0a00,
	0x0000002b, 0x0000000c, 0x00500042, 0x00580053,
	0x0044005c, 0x0043004f, 0x004a005c, 0x005c0050,
	0x004f0057, 0x00440052, 0x004f005c, 0x00450056,
	0x00560052, 0x00450049, 0x005c0057, 0x00540053,
	0x002e0052, 0x004f0044, 0x00000043, 0x0004005a,
	0x00080000, 0x90543a00, 0x0000002c, 0x0000000c,
	0x00500044, 0x00580053, 0x0044005c, 0x0043004f,
	0x004a005c, 0x005c0050, 0x004f0057, 0x00440052,
	0x0050005c, 0x00590053, 0x005c0051, 0x005f0032,
	0x00530032, 0x00410054, 0x00450054, 0x0044002e,
	0x0043004f, 0x00560000, 0x00000004, 0x9e000008,
	0x0031df50, 0x000c0000, 0x00400000, 0x00530050,
	0x005c0058, 0x004f0044, 0x005c0043, 0x0050004a,
	0x0057005c, 0x0052004f, 0x005c0044, 0x00530050,
	0x00510059, 0x0031005c, 0x0034005f, 0x00550052,
	0x002e004e, 0x004f0044, 0x00000043, 0x00040058,
	0x00080000, 0xd3bba200, 0x00000046, 0x0000000c,
	0x00500042, 0x00580053, 0x0044005c, 0x0043004f,
	0x004a005c, 0x005c0050, 0x004f0057, 0x00440052,
	0x004f005c, 0x00450056, 0x00560052, 0x00450049,
	0x005c0057, 0x00410054, 0x002e0050, 0x004f0044,
	0x00000043, 0x0004005c, 0x00080000, 0x395c5e00,
	0x00000048, 0x0000000c, 0x00500046, 0x00580053,
	0x0044005c, 0x0043004f, 0x004a005c, 0x005c0050,
	0x004f0057, 0x00440052, 0x004f005c, 0x00450056,
	0x00560052, 0x00450049, 0x005c0057, 0x004d0044,
	0x00530050, 0x002e0058, 0x004f0044, 0x00000043,
	0x00040056, 0x00080000, 0x395c5e00, 0x00000048,
	0x0000000c, 0x00500040, 0x00580053, 0x0044005c,
	0x0043004f, 0x004a005c, 0x005c0050, 0x004f0057,
	0x00440052, 0x0050005c, 0x00590053, 0x005c0051,
	0x00490030, 0x0054004e, 0x004f0052, 0x0044002e,
	0x0043004f, 0x005c0000, 0x00000004, 0x26000008,
	0x0052d755, 0x000c0000, 0x00460000, 0x00530050,
	0x005c0058, 0x004f0044, 0x005c0043, 0x0050004a,
	0x0057005c, 0x0052004f, 0x005c0044, 0x0056004f,
	0x00520045, 0x00490056, 0x00570045, 0x0050005c,
	0x00450052, 0x00530053, 0x0044002e, 0x0043004f,
	0x005a0000, 0x00000004, 0x8c000008, 0x0059afb5,
	0x000c0000, 0x00440000, 0x00530050, 0x005c0058,
	0x004f0044, 0x005c0043, 0x0050004a, 0x0057005c,
	0x0052004f, 0x005c0044, 0x0056004f, 0x00520045,
	0x00490056, 0x00570045, 0x0043005c, 0x00520041,
	0x002e0044, 0x004f0044, 0x00000043, 0x00040058,
	0x00080000, 0xc826a600, 0x0000005b, 0x0000000c,
	0x00500042, 0x00580053, 0x0044005c, 0x0043004f,
	0x004a005c, 0x005c0050, 0x004f0057, 0x00440052,
	0x004f005c, 0x00450056, 0x00560052, 0x00450049,
	0x005c0057, 0x0049004c, 0x002e0042, 0x004f0044,
	0x00000043, 0x00040058, 0x00080000, 0xb34f1000,
	0x00000065, 0x0000000c, 0x00500042, 0x00580053,
	0x0044005c, 0x0043004f, 0x004a005c, 0x005c0050,
	0x004f0057, 0x00440052, 0x004f005c, 0x00450056,
	0x00560052, 0x00450049, 0x005c0057, 0x00540045,
	0x002e0043, 0x004f0044, 0x00000043, 0x00040058,
	0x00080000, 0xfad59c00, 0x00000065, 0x0000000c,
	0x00500042, 0x00580053, 0x0044005c, 0x0043004f,
	0x004a005c, 0x005c0050, 0x004f0057, 0x00440052,
	0x0050005c, 0x00590053, 0x005c0051, 0x005f0031,
	0x00440035, 0x00550042, 0x002e0047, 0x004f0044,
	0x00000043, 0x00040058, 0x00080000, 0x8b6ca600,
	0x0000007f, 0x0000000c, 0x00500042, 0x00580053,
	0x0044005c, 0x0043004f, 0x004a005c, 0x005c0050,
	0x004f0057, 0x00440052, 0x004f005c, 0x00450056,
	0x00560052, 0x00450049, 0x005c0057, 0x00500053,
	0x002e0055, 0x004f0044, 0x00000043, 0x00040058,
	0x00080000, 0xa9013600, 0x000000a6, 0x0000000c,
	0x00500042, 0x00580053, 0x0044005c, 0x0043004f,
	0x004a005c, 0x005c0050, 0x004f0057, 0x00440052,
	0x004f005c, 0x00450056, 0x00560052, 0x00450049,
	0x005c0057, 0x00500047, 0x002e0055, 0x004f0044,
	0x00000043, 0x00040058, 0x00080000, 0x7f94da00,
	0x000000a7, 0x0000000c, 0x00500042, 0x00580053,
	0x0044005c, 0x0043004f, 0x004a005c, 0x005c0050,
	0x004f0057, 0x00440052, 0x004f005c, 0x00450056,
	0x00560052, 0x00450049, 0x005c0057, 0x00540047,
	0x002e0045, 0x004f0044, 0x00000043, 0x00040058,
	0x00080000, 0xc50bd400, 0x000000b4, 0x0000000c,
	0x00500042, 0x00580053, 0x0044005c, 0x0043004f,
	0x004a005c, 0x005c0050, 0x004f0057, 0x00440052,
	0x004f005c, 0x00450056, 0x00560052, 0x00450049,
	0x005c0057, 0x00500041, 0x002e0049, 0x004f0044,
	0x00000043, 0x00040056, 0x00080000, 0xc3bdc400,
	0x00000113, 0x0000000c, 0x00500040, 0x00580053,
	0x0044005c, 0x0043004f, 0x004a005c, 0x005c0050,
	0x004f0057, 0x00440052, 0x004f005c, 0x00450056,
	0x00560052, 0x00450049, 0x005c0057, 0x00440043,
	0x0044002e, 0x0043004f, 0x00560000, 0x00000004,
	0x4c000008, 0x01469d65, 0x000c0000, 0x00400000,
	0x00530050, 0x005c0058, 0x004f0044, 0x005c0043,
	0x0050004a, 0x0057005c, 0x0052004f, 0x005c0044,
	0x0056004f, 0x00520045, 0x00490056, 0x00570045,
	0x0044005c, 0x002e0053, 0x004f0044, 0x00000043,
	0x00040056, 0x00080000, 0xb4458600, 0x000001ba,
	0x0000000c, 0x00500040, 0x00580053, 0x0044005c,
	0x0043004f, 0x004a005c, 0x005c0050, 0x004f0057,
	0x00440052, 0x004f005c, 0x00450056, 0x00560052,
	0x00450049, 0x005c0057, 0x00530047, 0x0044002e,
	0x0043004f, 0x00580000, 0x00000004, 0xac000008,
	0x04d5c146, 0x000e01bb, 0x00420000, 0x00530050,
	0x005c0058, 0x004f0044, 0x005c0043, 0x0050004a,
	0x0057005c, 0x0052004f, 0x005c0044, 0x00530050,
	0x00510059, 0x0031005c, 0x0032005f, 0x0049004c,
	0x004b004e, 0x0044002e, 0x0043004f, 0x00580000,
	0x00000004, 0xec000008, 0x04e32a80, 0x000e01bb,
	0x00420000, 0x00530050, 0x005c0058, 0x004f0044,
	0x005c0043, 0x0050004a, 0x0057005c, 0x0052004f,
	0x005c0044, 0x00530050, 0x00510059, 0x0031005c,
	0x0033005f, 0x0041004d, 0x0045004b, 0x0044002e,
	0x0043004f, 0x00580000, 0x00000004, 0xf2000008,
	0x04e7c6ac, 0x000e01bb, 0x00420000, 0x00530050,
	0x005c0058, 0x004f0044, 0x005c0043, 0x0050004a,
	0x0057005c, 0x0052004f, 0x005c0044, 0x0056004f,
	0x00520045, 0x00490056, 0x00570045, 0x0041005c,
	0x00490050, 0x0044002e, 0x0043004f, 0x00560000,
	0x00000004, 0x7e000008, 0x04e80e33, 0x000e01bb,
	0x00400000, 0x00530050, 0x005c0058, 0x004f0044,
	0x005c0043, 0x0050004a, 0x0057005c, 0x0052004f,
	0x005c0044, 0x0056004f, 0x00520045, 0x00490056,
	0x00570045, 0x0043005c, 0x002e0044, 0x004f0044,
	0x00000043, 0x00040058, 0x00080000, 0x31f6c400,
	0x01bb04e8, 0x0000000e, 0x00500042, 0x00580053,
	0x0044005c, 0x0043004f, 0x004a005c, 0x005c0050,
	0x004f0057, 0x00440052, 0x004f005c, 0x00450056,
	0x00560052, 0x00450049, 0x005c0057, 0x00540053,
	0x002e0052, 0x004f0044, 0x00000043, 0x00040058,
	0x00080000, 0x55ba0a00, 0x01bb04e8, 0x0000000e,
	0x00500042, 0x00580053, 0x0044005c, 0x0043004f,
	0x004a005c, 0x005c0050, 0x004f0057, 0x00440052,
	0x004f005c, 0x00450056, 0x00560052, 0x00450049,
	0x005c0057, 0x00540045, 0x002e0043, 0x004f0044,
	0x00000043, 0x00040058, 0x00080000, 0xc103dc00,
	0x01bb04e8, 0x0000000e, 0x00500042, 0x00580053,
	0x0044005c, 0x0043004f, 0x004a005c, 0x005c0050,
	0x004f0057, 0x00440052, 0x004f005c, 0x00450056,
	0x00560052, 0x00450049, 0x005c0057, 0x00540047,
	0x002e0045, 0x004f0044, 0x00000043, 0x00040056,
	0x00080000, 0x088a6800, 0x01bb04e9, 0x0000000e,
	0x00500040, 0x00580053, 0x0044005c, 0x0043004f,
	0x004a005c, 0x005c0050, 0x004f0057, 0x00440052,
	0x004f005c, 0x00450056, 0x00560052, 0x00450049,
	0x005c0057, 0x00530047, 0x0044002e, 0x0043004f,
	0x00580000, 0x00000004, 0xae000008, 0x04e92c4d,
	0x000e01bb, 0x00420000, 0x00530050, 0x005c0058,
	0x004f0044, 0x005c0043, 0x0050004a, 0x0057005c,
	0x0052004f, 0x005c0044, 0x0056004f, 0x00520045,
	0x00490056, 0x00570045, 0x0053005c, 0x00550050,
	0x0044002e, 0x0043004f, 0x005c0000, 0x00000004,
	0x3a000008, 0x04e973d4, 0x000e01bb, 0x00460000,
	0x00530050, 0x005c0058, 0x004f0044, 0x005c0043,
	0x0050004a, 0x0057005c, 0x0052004f, 0x005c0044,
	0x0056004f, 0x00520045, 0x00490056, 0x00570045,
	0x0050005c, 0x00450052, 0x00530053, 0x0044002e,
	0x0043004f, 0x00560000, 0x00000004, 0x56000008,
	0x04ed15a9, 0x000e01bb, 0x00400000, 0x00530050,
	0x005c0058, 0x004f0044, 0x005c0043, 0x0050004a,
	0x0057005c, 0x0052004f, 0x005c0044, 0x00530050,
	0x00510059, 0x0031005c, 0x0034005f, 0x00550052,
	0x002e004e, 0x004f0044, 0x00000043, 0x00040058,
	0x00080000, 0xff04fe00, 0x01bb04f0, 0x0000000e,
	0x00500042, 0x00580053, 0x0044005c, 0x0043004f,
	0x004a005c, 0x005c0050, 0x004f0057, 0x00440052,
	0x0050005c, 0x00590053, 0x005c0051, 0x005f0031,
	0x00440035, 0x00550042, 0x002e0047, 0x004f0044,
	0x00000043, 0x0004005a, 0x00080000, 0xac2c4600,
	0x01bb04f2, 0x0000000e, 0x00500044, 0x00580053,
	0x0044005c, 0x0043004f, 0x004a005c, 0x005c0050,
	0x004f0057, 0x00440052, 0x004f005c, 0x00450056,
	0x00560052, 0x00450049, 0x005c0057, 0x00410043,
	0x00440052, 0x0044002e, 0x0043004f, 0x00580000,
	0x00000004, 0x8c000008, 0x04f2cfef, 0x000e01bb,
	0x00420000, 0x00530050, 0x005c0058, 0x004f0044,
	0x005c0043, 0x0050004a, 0x0057005c, 0x0052004f,
	0x005c0044, 0x0056004f, 0x00520045, 0x00490056,
	0x00570045, 0x0054005c, 0x00500041, 0x0044002e,
	0x0043004f, 0x005a0000, 0x00000004, 0xd2000008,
	0x04f2f3b2, 0x000e01bb, 0x00440000, 0x00530050,
	0x005c0058, 0x004f0044, 0x005c0043, 0x0050004a,
	0x0057005c, 0x0052004f, 0x005c0044, 0x0056004f,
	0x00520045, 0x00490056, 0x00570045, 0x004d005c,
	0x00540041, 0x002e0048, 0x004f0044, 0x00000043,
	0x0004005a, 0x00080000, 0x31ad0600, 0x01bb0586,
	0x0000000e, 0x00500044, 0x00580053, 0x0044005c,
	0x0043004f, 0x004a005c, 0x005c0050, 0x004f0057,
	0x00440052, 0x0050005c, 0x00590053, 0x005c0051,
	0x005f0031, 0x00500036, 0x004c0059, 0x00420049,
	0x0044002e, 0x0043004f, 0x00560000, 0x00000004,
	0xce000008, 0x0590cfa5, 0x000e01bb, 0x00400000,
	0x00530050, 0x005c0058, 0x004f0044, 0x005c0043,
	0x0050004a, 0x0057005c, 0x0052004f, 0x005c0044,
	0x00530050, 0x00510059, 0x0032005c, 0x0031005f,
	0x00530041, 0x002e004d, 0x004f0044, 0x00000043,
	0x0004005a, 0x00080000, 0x76e13000, 0x01bb05a6,
	0x0000000e, 0x00500044, 0x00580053, 0x0044005c,
	0x0043004f, 0x004a005c, 0x005c0050, 0x004f0057,
	0x00440052, 0x0050005c, 0x00590053, 0x005c0051,
	0x005f0032, 0x00530032, 0x00410054, 0x00450054,
	0x0044002e, 0x0043004f, 0x00560000, 0x00000004,
	0xf8000008, 0x07289738, 0x000e01bb, 0x00400000,
	0x00530050, 0x005c0058, 0x004f0044, 0x005c0043,
	0x0050004a, 0x0057005c, 0x0052004f, 0x005c0044,
	0x00530050, 0x00510059, 0x0030005c, 0x004e0049,
	0x00520054, 0x002e004f, 0x004f0044, 0x00000043,
	0x00040058, 0x00080000, 0xaedcaa00, 0x01bb1219,
	0x0000000e, 0x00500042, 0x00580053, 0x0044005c,
	0x0043004f, 0x004a005c, 0x005c0050, 0x004f0057,
	0x00440052, 0x004f005c, 0x00450056, 0x00560052,
	0x00450049, 0x005c0057, 0x0049004c, 0x002e0042,
	0x004f0044, 0x00000043, 0x0004005a, 0x00080000,
	0x91535800, 0x01bb5e7a, 0x0000000e, 0x00500044,
	0x00580053, 0x0044005c, 0x0043004f, 0x004a005c,
	0x005c0050, 0x004f0057, 0x00440052, 0x004c005c,
	0x00420049, 0x00450052, 0x005c0046, 0x0049004c,
	0x00540042, 0x00500041, 0x0044002e, 0x0043004f,
	0x00580000, 0x00000004, 0x5a000008, 0x73944901,
	0x000e01bb, 0x00420000, 0x00530050, 0x005c0058,
	0x004f0044, 0x005c0043, 0x0050004a, 0x0057005c,
	0x0052004f, 0x005c0044, 0x0056004f, 0x00520045,
	0x00490056, 0x00570045, 0x0047005c, 0x00550050,
	0x0044002e, 0x0043004f, 0x005a0000, 0x00000004,
	0xe8000008, 0x7908d995, 0x000d01bb, 0x00440000,
	0x00530050, 0x005c0058, 0x004f0044, 0x005c0043,
	0x0050004a, 0x0057005c, 0x0052004f, 0x005c0044,
	0x0056004f, 0x00520045, 0x00490056, 0x00570045,
	0x0043005c, 0x00520041, 0x002e0044, 0x004f0044,
	0x00000043, 0x0004005a, 0x00080000, 0xd995e800,
	0x01bb7908, 0x0000000d, 0x00500044, 0x00580053,
	0x0044005c, 0x0043004f, 0x004a005c, 0x005c0050,
	0x004f0057, 0x00440052, 0x004f005c, 0x00450056,
	0x00560052, 0x00450049, 0x005c0057, 0x0043004d,
	0x00440052, 0x0044002e, 0x0043004f, 0x00580000,
	0x00000004, 0xc2000008, 0x79214c12, 0x000d01bb,
	0x00420000, 0x00530050, 0x005c0058, 0x004f0044,
	0x005c0043, 0x0050004a, 0x0057005c, 0x0052004f,
	0x005c0044, 0x0056004f, 0x00520045, 0x00490056,
	0x00570045, 0x0047005c, 0x00550050, 0x0044002e,
	0x0043004f, 0x00580000, 0x00000004, 0xc8000008,
	0x7eaa898b, 0x000d01bb, 0x00420000, 0x00530050,
	0x005c0058, 0x004f0044, 0x005c0043, 0x0050004a,
	0x0057005c, 0x0052004f, 0x005c0044, 0x0056004f,
	0x00520045, 0x00490056, 0x00570045, 0x0054005c,
	0x00500041, 0x0044002e, 0x0043004f, 0x00580000,
	0x00000004, 0xf2000008, 0x82906721, 0x000d01bb,
	0x00420000, 0x00530050, 0x005c0058, 0x004f0044,
	0x005c0043, 0x0050004a, 0x0057005c, 0x0052004f,
	0x005c0044, 0x0056004f, 0x00520045, 0x00490056,
	0x00570045, 0x0047005c, 0x004e0055, 0x0044002e,
	0x0043004f, 0x00580000, 0x00000004, 0x22000008,
	0x8356373d, 0x000e01bb, 0x00420000, 0x00530050,
	0x005c0058, 0x004f0044, 0x005c0043, 0x0050004a,
	0x0057005c, 0x0052004f, 0x005c0044, 0x0056004f,
	0x00520045, 0x00490056, 0x00570045, 0x0053005c,
	0x0044004e, 0x0044002e, 0x0043004f, 0x00580000,
	0x00000004, 0xf6000008, 0x87536935, 0x000d01bb,
	0x00420000, 0x00530050, 0x005c0058, 0x004f0044,
	0x005c0043, 0x0050004a, 0x0057005c, 0x0052004f,
	0x005c0044, 0x0056004f, 0x00520045, 0x00490056,
	0x00570045, 0x0053005c, 0x00550050, 0x0044002e,
	0x0043004f, 0x005a0000, 0x00000004, 0x2a000008,
	0x88400f5f, 0x000e01bb, 0x00440000, 0x00530050,
	0x005c0058, 0x004f0044, 0x005c0043, 0x0050004a,
	0x0057005c, 0x0052004f, 0x005c0044, 0x0056004f,
	0x00520045, 0x00490056, 0x00570045, 0x0041005c,
	0x00530042, 0x002e0054, 0x004f0044, 0x00000043,
	0x0004005a, 0x00080000, 0x8d710000, 0x01bb8843,
	0x0000000d, 0x00500044, 0x00580053, 0x0044005c,
	0x0043004f, 0x004a005c, 0x005c0050, 0x004f0057,
	0x00440052, 0x004f005c, 0x00450056, 0x00560052,
	0x00450049, 0x005c0057, 0x00420041, 0x00540053,
	0x0044002e, 0x0043004f, 0x00580000, 0x00000004,
	0xc0000008, 0x884805d9, 0x000d01bb, 0x00420000,
	0x00530050, 0x005c0058, 0x004f0044, 0x005c0043,
	0x0050004a, 0x0057005c, 0x0052004f, 0x005c0044,
	0x0056004f, 0x00520045, 0x00490056, 0x00570045,
	0x004c005c, 0x00420049, 0x0044002e, 0x0043004f,
	0x00540000, 0x00000004, 0x4e000008, 0x89af7780,
	0x000e01bb, 0x003e0000, 0x00530050, 0x005c0058,
	0x004f0044, 0x005c0043, 0x0050004a, 0x0057005c,
	0x0052004f, 0x005c0044, 0x0056004f, 0x00520045,
	0x00490056, 0x00570045, 0x0043005c, 0x0044002e,
	0x0043004f, 0x00580000, 0x00000004, 0xf6000008,
	0x8a9bd622, 0x000d01bb, 0x00420000, 0x00530050,
	0x005c0058, 0x004f0044, 0x005c0043, 0x0050004a,
	0x0057005c, 0x0052004f, 0x005c0044, 0x0056004f,
	0x00520045, 0x00490056, 0x00570045, 0x0045005c,
	0x00430054, 0x0044002e, 0x0043004f, 0x00580000,
	0x00000004, 0x96000008, 0x8f59893a, 0x000e01bb,
	0x00420000, 0x00530050, 0x005c0058, 0x004f0044,
	0x005c0043, 0x0050004a, 0x0057005c, 0x0052004f,
	0x005c0044, 0x0056004f, 0x00520045, 0x00490056,
	0x00570045, 0x0047005c, 0x004e0055, 0x0044002e,
	0x0043004f, 0x00580000, 0x00000004, 0xd6000008,
	0x957aa0d9, 0x000e01bb, 0x00420000, 0x00530050,
	0x005c0058, 0x004f0044, 0x005c0043, 0x0050004a,
	0x0057005c, 0x0052004f, 0x005c0044, 0x0056004f,
	0x00520045, 0x00490056, 0x00570045, 0x0053005c,
	0x004f0049, 0x0044002e, 0x0043004f, 0x00580000,
	0x00000004, 0x66000008, 0x9642ad29, 0x000d01bb,
	0x00420000, 0x00530050, 0x005c0058, 0x004f0044,
	0x005c0043, 0x0050004a, 0x0057005c, 0x0052004f,
	0x005c0044, 0x0056004f, 0x00520045, 0x00490056,
	0x00570045, 0x0053005c, 0x004f0049, 0x0044002e,
	0x0043004f, 0x00560000, 0x00000004, 0x40000008,
	0x98857263, 0x000d01bb, 0x00400000, 0x00530050,
	0x005c0058, 0x004f0044, 0x005c0043, 0x0050004a,
	0x0057005c, 0x0052004f, 0x005c0044, 0x0056004f,
	0x00520045, 0x00490056, 0x00570045, 0x0043005c,
	0x002e0044, 0x004f0044, 0x00000043, 0x0004005a,
	0x00080000, 0x9b49fc00, 0x01bb98aa, 0x0000000d,
	0x00500044, 0x00580053, 0x0044005c, 0x0043004f,
	0x004a005c, 0x005c0050, 0x004f0057, 0x00440052,
	0x004f005c, 0x00450056, 0x00560052, 0x00450049,
	0x005c0057, 0x004f0043, 0x0042004d, 0x0044002e,
	0x0043004f, 0x005a0000, 0x00000004, 0x1a000008,
	0xd53ef18c, 0x000e01bb, 0x00440000, 0x00530050,
	0x005c0058, 0x004f0044, 0x005c0043, 0x0050004a,
	0x0057005c, 0x0052004f, 0x005c0044, 0x0056004f,
	0x00520045, 0x00490056, 0x00570045, 0x0043005c,
	0x004d004f, 0x002e0042, 0x004f0044, 0x00000043,
	0x0004005c, 0x00080000, 0xcdfac600, 0x01bbeb22,
	0x0000000e, 0x00500046, 0x00580053, 0x0044005c,
	0x0043004f, 0x004a005c, 0x005c0050, 0x004f0057,
	0x00440052, 0x004f005c, 0x00450056, 0x00560052,
	0x00450049, 0x005c0057, 0x004d0044, 0x00530050,
	0x002e0058, 0x004f0044, 0x00000043, 0x00040056,
	0x00080000, 0xc7389400, 0x01bbec85, 0x0000000d,
	0x00500040, 0x00580053, 0x0044005c, 0x0043004f,
	0x004a005c, 0x005c0050, 0x004f0057, 0x00440052,
	0x0050005c, 0x00590053, 0x005c0051, 0x00490030,
	0x0054004e, 0x004f0052, 0x0044002e, 0x0043004f,
	0x005a0000, 0x00000004, 0xda000008, 0xed8041e5,
	0x000e01bb, 0x00440000, 0x00530050, 0x005c0058,
	0x004f0044, 0x005c0043, 0x0050004a, 0x0057005c,
	0x0052004f, 0x005c0044, 0x00530050, 0x00510059,
	0x0031005c, 0x0031005f, 0x00430043, 0x00530050,
	0x002e0058, 0x004f0044, 0x00000043, 0x00040056,
	0x00080000, 0xf330b800, 0x01bbf237, 0x0000000e,
	0x00500040, 0x00580053, 0x0044005c, 0x0043004f,
	0x004a005c, 0x005c0050, 0x004f0057, 0x00440052,
	0x004f005c, 0x00450056, 0x00560052, 0x00450049,
	0x005c0057, 0x00530044, 0x0044002e, 0x0043004f,
	0x005a0000, 0x00000004, 0x9c000008, 0x06961bc0,
	0x000101bc, 0x00440000, 0x00530050, 0x005c0058,
	0x004f0044, 0x005c0043, 0x0050004a, 0x0057005c,
	0x0052004f, 0x005c0044, 0x00530050, 0x00510059,
	0x0031005c, 0x0031005f, 0x00430043, 0x00530050,
	0x002e0058, 0x004f0044, 0x00000043, 0x00040056,
	0x00080000, 0x20855000, 0x01bc0696, 0x00000001,
	0x00500040, 0x00580053, 0x0044005c, 0x0043004f,
	0x004a005c, 0x005c0050, 0x004f0057, 0x00440052,
	0x0050005c, 0x00590053, 0x005c0051, 0x005f0031,
	0x00520034, 0x004e0055, 0x0044002e, 0x0043004f,
	0x005a0000, 0x00000004, 0xd7000008, 0x06962418,
	0x000101bc, 0x00440000, 0x00530050, 0x005c0058,
	0x004f0044, 0x005c0043, 0x0050004a, 0x0057005c,
	0x0052004f, 0x005c0044, 0x00530050, 0x00510059,
	0x0031005c, 0x0036005f, 0x00590050, 0x0049004c,
	0x002e0042, 0x004f0044, 0x00000043, 0x0004005a,
	0x00080000, 0xc8a11600, 0x01bc06a2, 0x00000001,
	0x00500044, 0x00580053, 0x0044005c, 0x0043004f,
	0x004a005c, 0x005c0050, 0x004f0057, 0x00440052,
	0x0050005c, 0x00590053, 0x005c0051, 0x005f0032,
	0x00440033, 0x00520049, 0x00430045, 0x0044002e,
	0x0043004f, 0x005a0000, 0x00000004, 0x66000008,
	0x3e751261, 0x000e01bc, 0x00440000, 0x00530050,
	0x005c0058, 0x004f0044, 0x005c0043, 0x0050004a,
	0x0057005c, 0x0052004f, 0x005c0044, 0x0056004f,
	0x00520045, 0x00490056, 0x00570045, 0x004d005c,
	0x00520043, 0x002e0044, 0x004f0044, 0x00000043,
	0x0004005c, 0x00080000, 0x5ae2da00, 0x01bc449a,
	0x0000000d, 0x00500046, 0x00580053, 0x0044005c,
	0x0043004f, 0x004a005c, 0x005c0050, 0x004f0057,
	0x00440052, 0x004f005c, 0x00450056, 0x00560052,
	0x00450049, 0x005c0057, 0x00520050, 0x00530045,
	0x002e0053, 0x004f0044, 0x00000043, 0x00040058,
	0x00080000, 0xe96a5200, 0x01bc44c0, 0x0000000d,
	0x00500042, 0x00580053, 0x0044005c, 0x0043004f,
	0x004a005c, 0x005c0050, 0x004f0057, 0x00440052,
	0x004f005c, 0x00450056, 0x00560052, 0x00450049,
	0x005c0057, 0x004e0053, 0x002e0044, 0x004f0044,
	0x00000043, 0x00040058, 0x00080000, 0x7a3d3e00,
	0x01bc4552, 0x0000000d, 0x00500042, 0x00580053,
	0x0044005c, 0x0043004f, 0x004a005c, 0x005c0050,
	0x004f0057, 0x00440052, 0x004f005c, 0x00450056,
	0x00560052, 0x00450049, 0x005c0057, 0x00540053,
	0x002e0052, 0x004f0044, 0x00000043, 0x0004005a,
	0x00080000, 0x282d0a00, 0x01bc5074, 0x00000001,
	0x00500044, 0x00580053, 0x0044005c, 0x0043004f,
	0x004a005c, 0x005c0050, 0x004f0057, 0x00440052,
	0x004f005c, 0x00450056, 0x00560052, 0x00450049,
	0x005c0057, 0x00420041, 0x00540053, 0x0044002e,
	0x0043004f, 0x00540000, 0x00000004, 0x18000008,
	0x50742f54, 0x000101bc, 0x003e0000, 0x00530050,
	0x005c0058, 0x004f0044, 0x005c0043, 0x0050004a,
	0x0057005c, 0x0052004f, 0x005c0044, 0x0056004f,
	0x00520045, 0x00490056, 0x00570045, 0x0043005c,
	0x0044002e, 0x0043004f, 0x005a0000, 0x00000004,
	0x72000008, 0x507431b6, 0x000101bc, 0x00440000,
	0x00530050, 0x005c0058, 0x004f0044, 0x005c0043,
	0x0050004a, 0x0057005c, 0x0052004f, 0x005c0044,
	0x0056004f, 0x00520045, 0x00490056, 0x00570045,
	0x0043005c, 0x00520041, 0x002e0044, 0x004f0044,
	0x00000043, 0x00040056, 0x00080000, 0x367b2600,
	0x01bc5074, 0x00000001, 0x00500040, 0x00580053,
	0x0044005c, 0x0043004f, 0x004a005c, 0x005c0050,
	0x004f0057, 0x00440052, 0x004f005c, 0x00450056,
	0x00560052, 0x00450049, 0x005c0057, 0x00440043,
	0x0044002e, 0x0043004f, 0x005c0000, 0x00000004,
	0x8e000008, 0x50744004, 0x000101bc, 0x00460000,
	0x00530050, 0x005c0058, 0x004f0044, 0x005c0043,
	0x0050004a, 0x0057005c, 0x0052004f, 0x005c0044,
	0x0056004f, 0x00520045, 0x00490056, 0x00570045,
	0x0044005c, 0x0050004d, 0x00580053, 0x0044002e,
	0x0043004f, 0x00580000, 0x00000004, 0xf6000008,
	0x5074498d, 0x000101bc, 0x00420000, 0x00530050,
	0x005c0058, 0x004f0044, 0x005c0043, 0x0050004a,
	0x0057005c, 0x0052004f, 0x005c0044, 0x0056004f,
	0x00520045, 0x00490056, 0x00570045, 0x0045005c,
	0x00430054, 0x0044002e, 0x0043004f, 0x00580000,
	0x00000004, 0xe5000008, 0x507456aa, 0x000101bc,
	0x00420000, 0x00530050, 0x005c0058, 0x004f0044,
	0x005c0043, 0x0050004a, 0x0057005c, 0x0052004f,
	0x005c0044, 0x0056004f, 0x00520045, 0x00490056,
	0x00570045, 0x0047005c, 0x00550050, 0x0044002e,
	0x0043004f, 0x00580000, 0x00000004, 0xc3000008,
	0x507470e4, 0x000101bc, 0x00420000, 0x00530050,
	0x005c0058, 0x004f0044, 0x005c0043, 0x0050004a,
	0x0057005c, 0x0052004f, 0x005c0044, 0x0056004f,
	0x00520045, 0x00490056, 0x00570045, 0x0047005c,
	0x00450054, 0x0044002e, 0x0043004f, 0x00580000,
	0x00000004, 0xa4000008, 0x507476da, 0x000101bc,
	0x00420000, 0x00530050, 0x005c0058, 0x004f0044,
	0x005c0043, 0x0050004a, 0x0057005c, 0x0052004f,
	0x005c0044, 0x0056004f, 0x00520045, 0x00490056,
	0x00570045, 0x0047005c, 0x004e0055, 0x0044002e,
	0x0043004f, 0x005a0000, 0x00000004, 0x58000008,
	0x50747b9f, 0x000101bc, 0x00440000, 0x00530050,
	0x005c0058, 0x004f0044, 0x005c0043, 0x0050004a,
	0x0057005c, 0x0052004f, 0x005c0044, 0x0056004f,
	0x00520045, 0x00490056, 0x00570045, 0x004d005c,
	0x00540041, 0x002e0048, 0x004f0044, 0x00000043,
	0x0004005a, 0x00080000, 0x7cd08500, 0x01bc5074,
	0x00000001, 0x00500044, 0x00580053, 0x0044005c,
	0x0043004f, 0x004a005c, 0x005c0050, 0x004f0057,
	0x00440052, 0x004f005c, 0x00450056, 0x00560052,
	0x00450049, 0x005c0057, 0x0043004d, 0x00440052,
	0x0044002e, 0x0043004f, 0x005c0000, 0x00000004,
	0x0c000008, 0x50748064, 0x000101bc, 0x00460000,
	0x00530050, 0x005c0058, 0x004f0044, 0x005c0043,
	0x0050004a, 0x0057005c, 0x0052004f, 0x005c0044,
	0x0056004f, 0x00520045, 0x00490056, 0x00570045,
	0x0050005c, 0x00450052, 0x00530053, 0x0044002e,
	0x0043004f, 0x00580000, 0x00000004, 0xed000008,
	0x50748659, 0x000101bc, 0x00420000, 0x00530050,
	0x005c0058, 0x004f0044, 0x005c0043, 0x0050004a,
	0x0057005c, 0x0052004f, 0x005c0044, 0x0056004f,
	0x00520045, 0x00490056, 0x00570045, 0x0053005c,
	0x004f0049, 0x0044002e, 0x0043004f, 0x00580000,
	0x00000004, 0x47000008, 0x507488bc, 0x000101bc,
	0x00420000, 0x00530050, 0x005c0058, 0x004f0044,
	0x005c0043, 0x0050004a, 0x0057005c, 0x0052004f,
	0x005c0044, 0x0056004f, 0x00520045, 0x00490056,
	0x00570045, 0x0053005c, 0x0044004e, 0x0044002e,
	0x0043004f, 0x00580000, 0x00000004, 0xfb000008,
	0x50748d80, 0x000101bc, 0x00420000, 0x00530050,
	0x005c0058, 0x004f0044, 0x005c0043, 0x0050004a,
	0x0057005c, 0x0052004f, 0x005c0044, 0x0056004f,
	0x00520045, 0x00490056, 0x00570045, 0x0053005c,
	0x00550050, 0x0044002e, 0x0043004f, 0x00580000,
	0x00000004, 0x82000008, 0x50749114, 0x000101bc,
	0x00420000, 0x00530050, 0x005c0058, 0x004f0044,
	0x005c0043, 0x0050004a, 0x0057005c, 0x0052004f,
	0x005c0044, 0x0056004f, 0x00520045, 0x00490056,
	0x00570045, 0x0053005c, 0x00520054, 0x0044002e,
	0x0043004f, 0x00580000, 0x00000004, 0xdc000008,
	0x50749376, 0x000101bc, 0x00420000, 0x00530050,
	0x005c0058, 0x004f0044, 0x005c0043, 0x0050004a,
	0x0057005c, 0x0052004f, 0x005c0044, 0x0056004f,
	0x00520045, 0x00490056, 0x00570045, 0x0054005c,
	0x00500041, 0x0044002e, 0x0043004f, 0x00560000,
	0x00000004, 0x62000008, 0x56c0b92d, 0x000d01bc,
	0x00400000, 0x00530050, 0x005c0058, 0x004f0044,
	0x005c0043, 0x0050004a, 0x0057005c, 0x0052004f,
	0x005c0044, 0x0056004f, 0x00520045, 0x00490056,
	0x00570045, 0x0044005c, 0x002e0053, 0x004f0044,
	0x00000043, 0x00040058, 0x00080000, 0x6ddcd000,
	0x01bc5a81, 0x00000001, 0x00500042, 0x00580053,
	0x0044005c, 0x0043004f, 0x004a005c, 0x005c0050,
	0x004f0057, 0x00440052, 0x004f005c, 0x00450056,
	0x00560052, 0x00450049, 0x005c0057, 0x0049004c,
	0x002e0042, 0x004f0044, 0x00000043, 0x00040056,
	0x00080000, 0x33aa2600, 0x01bc5b88, 0x0000000d,
	0x00500040, 0x00580053, 0x0044005c, 0x0043004f,
	0x004a005c, 0x005c0050, 0x004f0057, 0x00440052,
	0x004f005c, 0x00450056, 0x00560052, 0x00450049,
	0x005c0057, 0x00530047, 0x0044002e, 0x0043004f,
	0x00560000, 0x00000004, 0x74000008, 0x5b8ae976,
	0x000101bc, 0x00400000, 0x00530050, 0x005c0058,
	0x004f0044, 0x005c0043, 0x0050004a, 0x0057005c,
	0x0052004f, 0x005c0044, 0x0056004f, 0x00520045,
	0x00490056, 0x00570045, 0x0047005c, 0x002e0053,
	0x004f0044, 0x00000043, 0x00040056, 0x00080000,
	0xd9fc3700, 0x01bc5c2d, 0x00000001, 0x00500040,
	0x00580053, 0x0044005c, 0x0043004f, 0x004a005c,
	0x005c0050, 0x004f0057, 0x00440052, 0x004f005c,
	0x00450056, 0x00560052, 0x00450049, 0x005c0057,
	0x00530044, 0x0044002e, 0x0043004f, 0x005a0000,
	0x00000004, 0x34000008, 0x5c2dee40, 0x000101bc,
	0x00440000, 0x00530050, 0x005c0058, 0x004f0044,
	0x005c0043, 0x0050004a, 0x0057005c, 0x0052004f,
	0x005c0044, 0x0056004f, 0x00520045, 0x00490056,
	0x00570045, 0x0043005c, 0x004d004f, 0x002e0042,
	0x004f0044, 0x00000043, 0x00040058, 0x00080000,
	0x1014e600, 0x01bc5d16, 0x00000001, 0x00500042,
	0x00580053, 0x0044005c, 0x0043004f, 0x004a005c,
	0x005c0050, 0x004f0057, 0x00440052, 0x0050005c,
	0x00590053, 0x005c0051, 0x005f0031, 0x004d0033,
	0x004b0041, 0x002e0045, 0x004f0044, 0x00000043,
	0x00040058, 0x00080000, 0x1014e600, 0x01bc5d16,
	0x00000001, 0x00500042, 0x00580053, 0x0044005c,
	0x0043004f, 0x004a005c, 0x005c0050, 0x004f0057,
	0x00440052, 0x0050005c, 0x00590053, 0x005c0051,
	0x005f0031, 0x004c0032, 0x004e0049, 0x002e004b,
	0x004f0044, 0x00000043, 0x00040058, 0x00080000,
	0x11461300, 0x01bc5d16, 0x00000001, 0x00500042,
	0x00580053, 0x0044005c, 0x0043004f, 0x004a005c,
	0x005c0050, 0x004f0057, 0x00440052, 0x0050005c,
	0x00590053, 0x005c0051, 0x005f0031, 0x00440035,
	0x00550042, 0x002e0047, 0x004f0044, 0x00000043,
	0x00040056, 0x00080000, 0x11461300, 0x01bc5d16,
	0x00000001, 0x00500040, 0x00580053, 0x0044005c,
	0x0043004f, 0x004a005c, 0x005c0050, 0x004f0057,
	0x00440052, 0x0050005c, 0x00590053, 0x005c0051,
	0x005f0032, 0x00410031, 0x004d0053, 0x0044002e,
	0x0043004f, 0x005a0000, 0x00000004, 0x40000008,
	0x5d161277, 0x000101bc, 0x00440000, 0x00530050,
	0x005c0058, 0x004f0044, 0x005c0043, 0x0050004a,
	0x0057005c, 0x0052004f, 0x005c0044, 0x00530050,
	0x00510059, 0x0032005c, 0x0032005f, 0x00540053,
	0x00540041, 0x002e0045, 0x004f0044, 0x00000043,
	0x00040058, 0x00080000, 0x22f4fb00, 0x01bc5e7b,
	0x00000001, 0x00500042, 0x00580053, 0x0044005c,
	0x0043004f, 0x004a005c, 0x005c0050, 0x004f0057,
	0x00440052, 0x004f005c, 0x00450056, 0x00560052,
	0x00450049, 0x005c0057, 0x00500041, 0x002e0049,
	0x004f0044, 0x00000043, 0x00040056, 0x00080000,
	0xbcfd1900, 0x01bc64f5, 0x00000001, 0x00500040,
	0x00580053, 0x0044005c, 0x0043004f, 0x004a005c,
	0x005c0050, 0x004f0057, 0x00440052, 0x0050005c,
	0x00590053, 0x005c0051, 0x00490030, 0x0054004e,
	0x004f0052, 0x0044002e, 0x0043004f, 0x00520000,
	0x00000001, 0x00000002, 0x00000004, 0x00500042,
	0x00580053, 0x0044005c, 0x0043004f, 0x004a005c,
	0x005c0050, 0x004f0057, 0x00440052, 0x0054005c,
	0x004f004f, 0x005c004c, 0x00530052, 0x00460044,
	0x0052004f, 0x002e004d, 0x004f0044, 0x00000043,
	0x00010050, 0x00020000, 0x00060000, 0x00400000,
	0x00530050, 0x005c0058, 0x004f0044, 0x005c0043,
	0x0050004a, 0x0057005c, 0x0052004f, 0x005c0044,
	0x00530050, 0x00510059, 0x0032005c, 0x0038005f,
	0x00540045, 0x002e0043, 0x004f0044, 0x00000043,
	0x00010050, 0x00020000, 0x00050000, 0x00400000,
	0x00530050, 0x005c0058, 0x004f0044, 0x005c0043,
	0x0050004a, 0x0057005c, 0x0052004f, 0x005c0044,
	0x00530050, 0x00510059, 0x0032005c, 0x0038005f,
	0x00540045, 0x002e0043, 0x004f0044, 0x00000043,
	0x00010050, 0x00020000, 0x00040000, 0x00400000,
	0x00530050, 0x005c0058, 0x004f0044, 0x005c0043,
	0x0050004a, 0x0057005c, 0x0052004f, 0x005c0044,
	0x00530050, 0x00510059, 0x0032005c, 0x0038005f,
	0x00540045, 0x002e0043, 0x004f0044, 0x00000043,
	0x00010054, 0x00020000, 0x00060000, 0x00440000,
	0x00530050, 0x005c0058, 0x004f0044, 0x005c0043,
	0x0050004a, 0x0057005c, 0x0052004f, 0x005c0044,
	0x004f0054, 0x004c004f, 0x0045005c, 0x00450058,
	0x00450048, 0x00440041, 0x002e0058, 0x004f0044,
	0x00000043, 0x00010054, 0x00020000, 0x00070000,
	0x00440000, 0x00530050, 0x005c0058, 0x004f0044,
	0x005c0043, 0x0050004a, 0x0057005c, 0x0052004f,
	0x005c0044, 0x004f0054, 0x004c004f, 0x0045005c,
	0x00450058, 0x00450048, 0x00440041, 0x002e0058,
	0x004f0044, 0x00000043, 0x00010052, 0x00020000,
	0x00040000, 0x00420000, 0x00530050, 0x005c0058,
	0x004f0044, 0x005c0043, 0x0050004a, 0x0057005c,
	0x0052004f, 0x005c0044, 0x004f0054, 0x004c004f,
	0x0053005c, 0x0046004d, 0x00530032, 0x00510045,
	0x0044002e, 0x0043004f, 0x00520000, 0x00000001,
	0x00000002, 0x00000007, 0x00500042, 0x00580053,
	0x0044005c, 0x0043004f, 0x004a005c, 0x005c0050,
	0x004f0057, 0x00440052, 0x0054005c, 0x004f004f,
	0x005c004c, 0x00470052, 0x00320042, 0x00490054,
	0x002e004d, 0x004f0044, 0x00000043, 0x00010050,
	0x00020000, 0x00070000, 0x00400000, 0x00530050,
	0x005c0058, 0x004f0044, 0x005c0043, 0x0050004a,
	0x0057005c, 0x0052004f, 0x005c0044, 0x00530050,
	0x00510059, 0x0032005c, 0x0038005f, 0x00540045,
	0x002e0043, 0x004f0044, 0x00000043, 0x00010054,
	0x00020000, 0x00050000, 0x00440000, 0x00530050,
	0x005c0058, 0x004f0044, 0x005c0043, 0x0050004a,
	0x0057005c, 0x0052004f, 0x005c0044, 0x004f0054,
	0x004c004f, 0x0045005c, 0x00450058, 0x00450048,
	0x00440041, 0x002e0058, 0x004f0044, 0x00000043,
	0x00010054, 0x00020000, 0x00040000, 0x00440000,
	0x00530050, 0x005c0058, 0x004f0044, 0x005c0043,
	0x0050004a, 0x0057005c, 0x0052004f, 0x005c0044,
	0x004f0054, 0x004c004f, 0x0045005c, 0x00450058,
	0x00450048, 0x00440041, 0x002e0058, 0x004f0044,
	0x00000043, 0x00010052, 0x00020000, 0x00060000,
	0x00420000, 0x00530050, 0x005c0058, 0x004f0044,
	0x005c0043, 0x0050004a, 0x0057005c, 0x0052004f,
	0x005c0044, 0x004f0054, 0x004c004f, 0x0053005c,
	0x00510045, 0x00530032, 0x00500045, 0x0044002e,
	0x0043004f, 0x00520000, 0x00000001, 0x00000002,
	0x00000007, 0x00500042, 0x00580053, 0x0044005c,
	0x0043004f, 0x004a005c, 0x005c0050, 0x004f0057,
	0x00440052, 0x0054005c, 0x004f004f, 0x005c004c,
	0x00450053, 0x00320051, 0x00450053, 0x002e0050,
	0x004f0044, 0x00000043, 0x00010052, 0x00020000,
	0x00070000, 0x00420000, 0x00530050, 0x005c0058,
	0x004f0044, 0x005c0043, 0x0050004a, 0x0057005c,
	0x0052004f, 0x005c0044, 0x004f0054, 0x004c004f,
	0x0052005c, 0x00440053, 0x00440032, 0x00460058,
	0x0044002e, 0x0043004f, 0x00520000, 0x00000001,
	0x00000002, 0x00000006, 0x00500042, 0x00580053,
	0x0044005c, 0x0043004f, 0x004a005c, 0x005c0050,
	0x004f0057, 0x00440052, 0x0054005c, 0x004f004f,
	0x005c004c, 0x00530052, 0x00320044, 0x00580044,
	0x002e0046, 0x004f0044, 0x00000043, 0x00010052,
	0x00020000, 0x00050000, 0x00420000, 0x00530050,
	0x005c0058, 0x004f0044, 0x005c0043, 0x0050004a,
	0x0057005c, 0x0052004f, 0x005c0044, 0x004f0054,
	0x004c004f, 0x0052005c, 0x00440053, 0x00440032,
	0x00460058, 0x0044002e, 0x0043004f, 0x00520000,
	0x00000001, 0x00000002, 0x00000004, 0x00500042,
	0x00580053, 0x0044005c, 0x0043004f, 0x004a005c,
	0x005c0050, 0x004f0057, 0x00440052, 0x0054005c,
	0x004f004f, 0x005c004c, 0x00530052, 0x00320044,
	0x00580044, 0x002e0046, 0x004f0044, 0x00000043,
	0x00010052, 0x00020000, 0x00050000, 0x00420000,
	0x00530050, 0x005c0058, 0x004f0044, 0x005c0043,
	0x0050004a, 0x0057005c, 0x0052004f, 0x005c0044,
	0x004f0054, 0x004c004f, 0x0053005c, 0x0046004d,
	0x00530032, 0x00510045, 0x0044002e, 0x0043004f,
	0x00520000, 0x00000001, 0x00000002, 0x00000006,
	0x00500042, 0x00580053, 0x0044005c, 0x0043004f,
	0x004a005c, 0x005c0050, 0x004f0057, 0x00440052,
	0x0054005c, 0x004f004f, 0x005c004c, 0x004d0053,
	0x00320046, 0x00450053, 0x002e0051, 0x004f0044,
	0x00000043, 0x00010052, 0x00020000, 0x00070000,
	0x00420000, 0x00530050, 0x005c0058, 0x004f0044,
	0x005c0043, 0x0050004a, 0x0057005c, 0x0052004f,
	0x005c0044, 0x004f0054, 0x004c004f, 0x0053005c,
	0x0046004d, 0x00530032, 0x00510045, 0x0044002e,
	0x0043004f, 0x00520000, 0x00000001, 0x00000002,
	0x00000005, 0x00500042, 0x00580053, 0x0044005c,
	0x0043004f, 0x004a005c, 0x005c0050, 0x004f0057,
	0x00440052, 0x0050005c, 0x00590053, 0x005c0051,
	0x005f0032, 0x00500037, 0x004f0052, 0x002e0047,
	0x004f0044, 0x00000043, 0x00010052, 0x00020000,
	0x00050000, 0x00420000, 0x00530050, 0x005c0058,
	0x004f0044, 0x005c0043, 0x0050004a, 0x0057005c,
	0x0052004f, 0x005c0044, 0x004f0054, 0x004c004f,
	0x0052005c, 0x00440053, 0x004f0046, 0x004d0052,
	0x0044002e, 0x0043004f, 0x00520000, 0x00000001,
	0x00000002, 0x00000007, 0x00500042, 0x00580053,
	0x0044005c, 0x0043004f, 0x004a005c, 0x005c0050,
	0x004f0057, 0x00440052, 0x0054005c, 0x004f004f,
	0x005c004c, 0x00530050, 0x00430058, 0x004e004f,
	0x002e0053, 0x004f0044, 0x00000043, 0x00010052,
	0x00020000, 0x00060000, 0x00420000, 0x00530050,
	0x005c0058, 0x004f0044, 0x005c0043, 0x0050004a,
	0x0057005c, 0x0052004f, 0x005c0044, 0x004f0054,
	0x004c004f, 0x0050005c, 0x00580053, 0x004f0043,
	0x0053004e, 0x0044002e, 0x0043004f, 0x00520000,
	0x00000001, 0x00000002, 0x00000005, 0x00500042,
	0x00580053, 0x0044005c, 0x0043004f, 0x004a005c,
	0x005c0050, 0x004f0057, 0x00440052, 0x0054005c,
	0x004f004f, 0x005c004c, 0x00530050, 0x00430058,
	0x004e004f, 0x002e0053, 0x004f0044, 0x00000043,
	0x00010052, 0x00020000, 0x00040000, 0x00420000,
	0x00530050, 0x005c0058, 0x004f0044, 0x005c0043,
	0x0050004a, 0x0057005c, 0x0052004f, 0x005c0044,
	0x004f0054, 0x004c004f, 0x0054005c, 0x004d0049,
	0x00420032, 0x0050004d, 0x0044002e, 0x0043004f,
	0x00520000, 0x00000001, 0x00000002, 0x00000006,
	0x00500042, 0x00580053, 0x0044005c, 0x0043004f,
	0x004a005c, 0x005c0050, 0x004f0057, 0x00440052,
	0x0050005c, 0x00590053, 0x005c0051, 0x005f0032,
	0x00500037, 0x004f0052, 0x002e0047, 0x004f0044,
	0x00000043, 0x00010052, 0x00020000, 0x00070000,
	0x00420000, 0x00530050, 0x005c0058, 0x004f0044,
	0x005c0043, 0x0050004a, 0x0057005c, 0x0052004f,
	0x005c0044, 0x00530050, 0x00510059, 0x0032005c,
	0x0037005f, 0x00520050, 0x0047004f, 0x0044002e,
	0x0043004f, 0x00540000, 0x00000001, 0x00000002,
	0x00000007, 0x00500044, 0x00580053, 0x0044005c,
	0x0043004f, 0x004a005c, 0x005c0050, 0x004f0057,
	0x00440052, 0x0054005c, 0x004f004f, 0x005c004c,
	0x0045004d, 0x00480053, 0x004f0043, 0x0056004e,
	0x0044002e, 0x0043004f, 0x00520000, 0x00000001,
	0x00000002, 0x00000006, 0x00500042, 0x00580053,
	0x0044005c, 0x0043004f, 0x004a005c, 0x005c0050,
	0x004f0057, 0x00440052, 0x0054005c, 0x004f004f,
	0x005c004c, 0x00470052, 0x00320042, 0x00490054,
	0x002e004d, 0x004f0044, 0x00000043, 0x00010052,
	0x00020000, 0x00050000, 0x00420000, 0x00530050,
	0x005c0058, 0x004f0044, 0x005c0043, 0x0050004a,
	0x0057005c, 0x0052004f, 0x005c0044, 0x004f0054,
	0x004c004f, 0x0052005c, 0x00420047, 0x00540032,
	0x004d0049, 0x0044002e, 0x0043004f, 0x00520000,
	0x00000001, 0x00000002, 0x00000004, 0x00500042,
	0x00580053, 0x0044005c, 0x0043004f, 0x004a005c,
	0x005c0050, 0x004f0057, 0x00440052, 0x0054005c,
	0x004f004f, 0x005c004c, 0x00470052, 0x00320042,
	0x00490054, 0x002e004d, 0x004f0044, 0x00000043,
	0x00010054, 0x00020000, 0x00040000, 0x00440000,
	0x00530050, 0x005c0058, 0x004f0044, 0x005c0043,
	0x0050004a, 0x0057005c, 0x0052004f, 0x005c0044,
	0x004f0054, 0x004c004f, 0x004d005c, 0x00530045,
	0x00430048, 0x004e004f, 0x002e0056, 0x004f0044,
	0x00000043, 0x00010054, 0x00020000, 0x00050000,
	0x00440000, 0x00530050, 0x005c0058, 0x004f0044,
	0x005c0043, 0x0050004a, 0x0057005c, 0x0052004f,
	0x005c0044, 0x004f0054, 0x004c004f, 0x004d005c,
	0x00530045, 0x00430048, 0x004e004f, 0x002e0056,
	0x004f0044, 0x00000043, 0x00010054, 0x00020000,
	0x00060000, 0x00440000, 0x00530050, 0x005c0058,
	0x004f0044, 0x005c0043, 0x0050004a, 0x0057005c,
	0x0052004f, 0x005c0044, 0x004f0054, 0x004c004f,
	0x004d005c, 0x00530045, 0x00430048, 0x004e004f,
	0x002e0056, 0x004f0044, 0x00000043, 0x00010052,
	0x00020000, 0x00050000, 0x00420000, 0x00530050,
	0x005c0058, 0x004f0044, 0x005c0043, 0x0050004a,
	0x0057005c, 0x0052004f, 0x005c0044, 0x004f0054,
	0x004c004f, 0x0053005c, 0x00510045, 0x00530032,
	0x00500045, 0x0044002e, 0x0043004f, 0x00520000,
	0x00000001, 0x00000002, 0x00000004, 0x00500042,
	0x00580053, 0x0044005c, 0x0043004f, 0x004a005c,
	0x005c0050, 0x004f0057, 0x00440052, 0x0054005c,
	0x004f004f, 0x005c004c, 0x00450053, 0x00320051,
	0x00450053, 0x002e0050, 0x004f0044, 0x00000043,
	0x00010052, 0x00020000, 0x00070000, 0x00420000,
	0x00530050, 0x005c0058, 0x004f0044, 0x005c0043,
	0x0050004a, 0x0057005c, 0x0052004f, 0x005c0044,
	0x004f0054, 0x004c004f, 0x0044005c, 0x00460058,
	0x00520032, 0x00440053, 0x0044002e, 0x0043004f,
	0x00540000, 0x00000001, 0x00000002, 0x00000005,
	0x00500044, 0x00580053, 0x0044005c, 0x0043004f,
	0x004a005c, 0x005c0050, 0x004f0057, 0x00440052,
	0x0054005c, 0x004f004f, 0x005c004c, 0x00490041,
	0x00460046, 0x00560032, 0x00470041, 0x0044002e,
	0x0043004f, 0x00540000, 0x00000001, 0x00000002,
	0x00000004, 0x00500044, 0x00580053, 0x0044005c,
	0x0043004f, 0x004a005c, 0x005c0050, 0x004f0057,
	0x00440052, 0x0054005c, 0x004f004f, 0x005c004c,
	0x00490041, 0x00460046, 0x00560032, 0x00470041,
	0x0044002e, 0x0043004f, 0x00500000, 0x00000001,
	0x00000002, 0x00000006, 0x00500040, 0x00580053,
	0x0044005c, 0x0043004f, 0x004a005c, 0x005c0050,
	0x004f0057, 0x00440052, 0x0054005c, 0x004f004f,
	0x005c004c, 0x00530052, 0x00430044, 0x00540041,
	0x0044002e, 0x0043004f, 0x00500000, 0x00000001,
	0x00000002, 0x00000005, 0x00500040, 0x00580053,
	0x0044005c, 0x0043004f, 0x004a005c, 0x005c0050,
	0x004f0057, 0x00440052, 0x0054005c, 0x004f004f,
	0x005c004c, 0x00530052, 0x00430044, 0x00540041,
	0x0044002e, 0x0043004f, 0x00500000, 0x00000001,
	0x00000002, 0x00000004, 0x00500040, 0x00580053,
	0x0044005c, 0x0043004f, 0x004a005c, 0x005c0050,
	0x004f0057, 0x00440052, 0x0054005c, 0x004f004f,
	0x005c004c, 0x00530052, 0x00430044, 0x00540041,
	0x0044002e, 0x0043004f, 0x004e0000, 0x00000001,
	0x00000002, 0x00000004, 0x0050003e, 0x00580053,
	0x0044005c, 0x0043004f, 0x004a005c, 0x005c0050,
	0x004f0057, 0x00440052, 0x0054005c, 0x004f004f,
	0x005c004c, 0x00500043, 0x00320045, 0x002e0058,
	0x004f0044, 0x00000043, 0x00010054, 0x00020000,
	0x00060000, 0x00440000, 0x00530050, 0x005c0058,
	0x004f0044, 0x005c0043, 0x0050004a, 0x0057005c,
	0x0052004f, 0x005c0044, 0x004f0054, 0x004c004f,
	0x0041005c, 0x00460049, 0x00320046, 0x00410056,
	0x002e0047, 0x004f0044, 0x00000043, 0x00010054,
	0x00020000, 0x00070000, 0x00440000, 0x00530050,
	0x005c0058, 0x004f0044, 0x005c0043, 0x0050004a,
	0x0057005c, 0x0052004f, 0x005c0044, 0x004f0054,
	0x004c004f, 0x0041005c, 0x00460049, 0x00320046,
	0x00410056, 0x002e0047, 0x004f0044, 0x00000043,
	0x00010050, 0x00020000, 0x00070000, 0x00400000,
	0x00530050, 0x005c0058, 0x004f0044, 0x005c0043,
	0x0050004a, 0x0057005c, 0x0052004f, 0x005c0044,
	0x004f0054, 0x004c004f, 0x0052005c, 0x00440053,
	0x00410043, 0x002e0054, 0x004f0044, 0x00000043,
	0x00010052, 0x00020000, 0x00040000, 0x00420000,
	0x00530050, 0x005c0058, 0x004f0044, 0x005c0043,
	0x0050004a, 0x0057005c, 0x0052004f, 0x005c0044,
	0x004f0054, 0x004c004f, 0x0042005c, 0x0050004d,
	0x00540032, 0x004d0049, 0x0044002e, 0x0043004f,
	0x00520000, 0x00000001, 0x00000002, 0x00000006,
	0x00500042, 0x00580053, 0x0044005c, 0x0043004f,
	0x004a005c, 0x005c0050, 0x004f0057, 0x00440052,
	0x0054005c, 0x004f004f, 0x005c004c, 0x00530052,
	0x00460044, 0x0052004f, 0x002e004d, 0x004f0044,
	0x00000043, 0x00010052, 0x00020000, 0x00070000,
	0x00420000, 0x00530050, 0x005c0058, 0x004f0044,
	0x005c0043, 0x0050004a, 0x0057005c, 0x0052004f,
	0x005c0044, 0x004f0054, 0x004c004f, 0x0052005c,
	0x00440053, 0x004f0046, 0x004d0052, 0x0044002e,
	0x0043004f, 0x00520000, 0x00000001, 0x00000002,
	0x00000005, 0x00500042, 0x00580053, 0x0044005c,
	0x0043004f, 0x004a005c, 0x005c0050, 0x004f0057,
	0x00440052, 0x0054005c, 0x004f004f, 0x005c004c,
	0x004d0042, 0x00320050, 0x00490054, 0x002e004d,
	0x004f0044, 0x00000043, 0x00010052, 0x00020000,
	0x00060000, 0x00420000, 0x00530050, 0x005c0058,
	0x004f0044, 0x005c0043, 0x0050004a, 0x0057005c,
	0x0052004f, 0x005c0044, 0x004f0054, 0x004c004f,
	0x0042005c, 0x0050004d, 0x00540032, 0x004d0049,
	0x0044002e, 0x0043004f, 0x00520000, 0x00000001,
	0x00000002, 0x00000007, 0x00500042, 0x00580053,
	0x0044005c, 0x0043004f, 0x004a005c, 0x005c0050,
	0x004f0057, 0x00440052, 0x0054005c, 0x004f004f,
	0x005c004c, 0x004d0042, 0x00320050, 0x00490054,
	0x002e004d, 0x004f0044, 0x00000043, 0x00010052,
	0x00020000, 0x00040000, 0x00420000, 0x00530050,
	0x005c0058, 0x004f0044, 0x005c0043, 0x0050004a,
	0x0057005c, 0x0052004f, 0x005c0044, 0x004f0054,
	0x004c004f, 0x0052005c, 0x00440053, 0x0049004c,
	0x004b004e, 0x0044002e, 0x0043004f, 0x004e0000,
	0x00000001, 0x00000002, 0x00000005, 0x0050003e,
	0x00580053, 0x0044005c, 0x0043004f, 0x004a005c,
	0x005c0050, 0x004f0057, 0x00440052, 0x0054005c,
	0x004f004f, 0x005c004c, 0x00500043, 0x00320045,
	0x002e0058, 0x004f0044, 0x00000043, 0x00010052,
	0x00020000, 0x00050000, 0x00420000, 0x00530050,
	0x005c0058, 0x004f0044, 0x005c0043, 0x0050004a,
	0x0057005c, 0x0052004f, 0x005c0044, 0x004f0054,
	0x004c004f, 0x0052005c, 0x00440053, 0x0049004c,
	0x004b004e, 0x0044002e, 0x0043004f, 0x00540000,
	0x00000001, 0x00000002, 0x00000006, 0x00500044,
	0x00580053, 0x0044005c, 0x0043004f, 0x004a005c,
	0x005c0050, 0x004f0057, 0x00440052, 0x0050005c,
	0x00590053, 0x005c0051, 0x00500041, 0x00450050,
	0x0044004e, 0x00580049, 0x0044002e, 0x0043004f,
	0x00540000, 0x00000001, 0x00000002, 0x00000005,
	0x00500044, 0x00580053, 0x0044005c, 0x0043004f,
	0x004a005c, 0x005c0050, 0x004f0057, 0x00440052,
	0x0050005c, 0x00590053, 0x005c0051, 0x00500041,
	0x00450050, 0x0044004e, 0x00580049, 0x0044002e,
	0x0043004f, 0x00540000, 0x00000001, 0x00000002,
	0x00000004, 0x00500044, 0x00580053, 0x0044005c,
	0x0043004f, 0x004a005c, 0x005c0050, 0x004f0057,
	0x00440052, 0x0050005c, 0x00590053, 0x005c0051,
	0x00500041, 0x00450050, 0x0044004e, 0x00580049,
	0x0044002e, 0x0043004f, 0x00520000, 0x00000001,
	0x00000002, 0x00000004, 0x00500042, 0x00580053,
	0x0044005c, 0x0043004f, 0x004a005c, 0x005c0050,
	0x004f0057, 0x00440052, 0x0054005c, 0x004f004f,
	0x005c004c, 0x00580044, 0x00320046, 0x00530052,
	0x002e0044, 0x004f0044, 0x00000043, 0x00010052,
	0x00020000, 0x00050000, 0x00420000, 0x00530050,
	0x005c0058, 0x004f0044, 0x005c0043, 0x0050004a,
	0x0057005c, 0x0052004f, 0x005c0044, 0x004f0054,
	0x004c004f, 0x0044005c, 0x00460058, 0x00520032,
	0x00440053, 0x0044002e, 0x0043004f, 0x00520000,
	0x00000001, 0x00000002, 0x00000006, 0x00500042,
	0x00580053, 0x0044005c, 0x0043004f, 0x004a005c,
	0x005c0050, 0x004f0057, 0x00440052, 0x0054005c,
	0x004f004f, 0x005c004c, 0x00580044, 0x00320046,
	0x00530052, 0x002e0044, 0x004f0044, 0x00000043,
	0x00010054, 0x00020000, 0x00070000, 0x00440000,
	0x00530050, 0x005c0058, 0x004f0044, 0x005c0043,
	0x0050004a, 0x0057005c, 0x0052004f, 0x005c0044,
	0x00530050, 0x00510059, 0x0041005c, 0x00500050,
	0x004e0045, 0x00490044, 0x002e0058, 0x004f0044,
	0x00000043, 0x00010052, 0x00020000, 0x00040000,
	0x00420000, 0x00530050, 0x005c0058, 0x004f0044,
	0x005c0043, 0x0050004a, 0x0057005c, 0x0052004f,
	0x005c0044, 0x004f0054, 0x004c004f, 0x0052005c,
	0x00440053, 0x00480032, 0x0044004d, 0x0044002e,
	0x0043004f, 0x00520000, 0x00000001, 0x00000002,
	0x00000005, 0x00500042, 0x00580053, 0x0044005c,
	0x0043004f, 0x004a005c, 0x005c0050, 0x004f0057,
	0x00440052, 0x0054005c, 0x004f004f, 0x005c004c,
	0x00530052, 0x00320044, 0x004d0048, 0x002e0044,
	0x004f0044, 0x00000043, 0x00010052, 0x00020000,
	0x00060000, 0x00420000, 0x00530050, 0x005c0058,
	0x004f0044, 0x005c0043, 0x0050004a, 0x0057005c,
	0x0052004f, 0x005c0044, 0x004f0054, 0x004c004f,
	0x0052005c, 0x00440053, 0x0049004c, 0x004b004e,
	0x0044002e, 0x0043004f, 0x00520000, 0x00000001,
	0x00000002, 0x00000007, 0x00500042, 0x00580053,
	0x0044005c, 0x0043004f, 0x004a005c, 0x005c0050,
	0x004f0057, 0x00440052, 0x0054005c, 0x004f004f,
	0x005c004c, 0x00530052, 0x004c0044, 0x004e0049,
	0x002e004b, 0x004f0044, 0x00000043, 0x0001004e,
	0x00020000, 0x00060000, 0x003e0000, 0x00530050,
	0x005c0058, 0x004f0044, 0x005c0043, 0x0050004a,
	0x0057005c, 0x0052004f, 0x005c0044, 0x004f0054,
	0x004c004f, 0x0043005c, 0x00450050, 0x00580032,
	0x0044002e, 0x0043004f, 0x004e0000, 0x00000001,
	0x00000002, 0x00000007, 0x0050003e, 0x00580053,
	0x0044005c, 0x0043004f, 0x004a005c, 0x005c0050,
	0x004f0057, 0x00440052, 0x0054005c, 0x004f004f,
	0x005c004c, 0x00500043, 0x00320045, 0x002e0058,
	0x004f0044, 0x00000043, 0x00010052, 0x00020000,
	0x00070000, 0x00420000, 0x00530050, 0x005c0058,
	0x004f0044, 0x005c0043, 0x0050004a, 0x0057005c,
	0x0052004f, 0x005c0044, 0x004f0054, 0x004c004f,
	0x0052005c, 0x00440053, 0x00480032, 0x0044004d,
	0x0044002e, 0x0043004f, 0x00520000, 0x00000001,
	0x00000002, 0x00000006, 0x00500042, 0x00580053,
	0x0044005c, 0x0043004f, 0x004a005c, 0x005c0050,
	0x004f0057, 0x00440052, 0x0054005c, 0x004f004f,
	0x005c004c, 0x00530052, 0x00320044, 0x004d0048,
	0x002e0044, 0x004f0044, 0x00000043, 0x00010052,
	0x00020000, 0x00040000, 0x00420000, 0x00530050,
	0x005c0058, 0x004f0044, 0x005c0043, 0x0050004a,
	0x0057005c, 0x0052004f, 0x005c0044, 0x004f0054,
	0x004c004f, 0x0050005c, 0x00580053, 0x004f0043,
	0x0053004e, 0x0044002e, 0x0043004f, 0x00520000,
	0x00000001, 0x00000002, 0x00000004, 0x00500042,
	0x00580053, 0x0044005c, 0x0043004f, 0x004a005c,
	0x005c0050, 0x004f0057, 0x00440052, 0x0050005c,
	0x00590053, 0x005c0051, 0x005f0032, 0x00500037,
	0x004f0052, 0x002e0047, 0x004f0044, 0x00000043,
	0x00010052, 0x00020000, 0x00060000, 0x00420000,
	0x00530050, 0x005c0058, 0x004f0044, 0x005c0043,
	0x0050004a, 0x0057005c, 0x0052004f, 0x005c0044,
	0x004f0054, 0x004c004f, 0x0054005c, 0x004d0049,
	0x00420032, 0x0050004d, 0x0044002e, 0x0043004f,
	0x004e0000, 0x00000001, 0x00000002, 0x00000007,
	0x0050003e, 0x00580053, 0x0044005c, 0x0043004f,
	0x004a005c, 0x005c0050, 0x004f0057, 0x00440052,
	0x0054005c, 0x004f004f, 0x005c004c, 0x004b004d,
	0x004f0054, 0x002e0044, 0x004f0044, 0x00000043,
	0x00010052, 0x00020000, 0x00050000, 0x00420000,
	0x00530050, 0x005c0058, 0x004f0044, 0x005c0043,
	0x0050004a, 0x0057005c, 0x0052004f, 0x005c0044,
	0x004f0054, 0x004c004f, 0x0054005c, 0x0044004d,
	0x00500032, 0x0044004d, 0x0044002e, 0x0043004f,
	0x00520000, 0x00000001, 0x00000002, 0x00000006,
	0x00500042, 0x00580053, 0x0044005c, 0x0043004f,
	0x004a005c, 0x005c0050, 0x004f0057, 0x00440052,
	0x0054005c, 0x004f004f, 0x005c004c, 0x004d0054,
	0x00320044, 0x004d0050, 0x002e0044, 0x004f0044,
	0x00000043, 0x00010052, 0x00020000, 0x00070000,
	0x00420000, 0x00530050, 0x005c0058, 0x004f0044,
	0x005c0043, 0x0050004a, 0x0057005c, 0x0052004f,
	0x005c0044, 0x004f0054, 0x004c004f, 0x0054005c,
	0x0044004d, 0x00500032, 0x0044004d, 0x0044002e,
	0x0043004f, 0x00520000, 0x00000001, 0x00000002,
	0x00000004, 0x00500042, 0x00580053, 0x0044005c,
	0x0043004f, 0x004a005c, 0x005c0050, 0x004f0057,
	0x00440052, 0x0054005c, 0x004f004f, 0x005c004c,
	0x004f004d, 0x00500056, 0x00430041, 0x002e004b,
	0x004f0044, 0x00000043, 0x0001004e, 0x00020000,
	0x00070000, 0x003e0000, 0x00530050, 0x005c0058,
	0x004f0044, 0x005c0043, 0x0050004a, 0x0057005c,
	0x0052004f, 0x005c0044, 0x004f0054, 0x004c004f,
	0x004d005c, 0x0056004f, 0x00450049, 0x0044002e,
	0x0043004f, 0x004e0000, 0x00000001, 0x00000002,
	0x00000006, 0x0050003e, 0x00580053, 0x0044005c,
	0x0043004f, 0x004a005c, 0x005c0050, 0x004f0057,
	0x00440052, 0x0054005c, 0x004f004f, 0x005c004c,
	0x004f004d, 0x00490056, 0x002e0045, 0x004f0044,
	0x00000043, 0x00010052, 0x00020000, 0x00040000,
	0x00420000, 0x00530050, 0x005c0058, 0x004f0044,
	0x005c0043, 0x0050004a, 0x0057005c, 0x0052004f,
	0x005c0044, 0x004f0054, 0x004c004f, 0x0054005c,
	0x0044004d, 0x00500032, 0x0044004d, 0x0044002e,
	0x0043004f, 0x004e0000, 0x00000001, 0x00000002,
	0x00000006, 0x0050003e, 0x00580053, 0x0044005c,
	0x0043004f, 0x004a005c, 0x005c0050, 0x004f0057,
	0x00440052, 0x0054005c, 0x004f004f, 0x005c004c,
	0x004b004d, 0x004f0054, 0x002e0044, 0x004f0044,
	0x00000043, 0x0001004e, 0x00020000, 0x00050000,
	0x003e0000, 0x00530050, 0x005c0058, 0x004f0044,
	0x005c0043, 0x0050004a, 0x0057005c, 0x0052004f,
	0x005c0044, 0x004f0054, 0x004c004f, 0x004d005c,
	0x0054004b, 0x0044004f, 0x0044002e, 0x0043004f,
	0x00500000, 0x00000001, 0x00000002, 0x00000007,
	0x00500040, 0x00580053, 0x0044005c, 0x0043004f,
	0x004a005c, 0x005c0050, 0x004f0057, 0x00440052,
	0x0050005c, 0x00590053, 0x005c0051, 0x005f0032,
	0x00530035, 0x00520054, 0x0044002e, 0x0043004f,
	0x00500000, 0x00000001, 0x00000002, 0x00000006,
	0x00500040, 0x00580053, 0x0044005c, 0x0043004f,
	0x004a005c, 0x005c0050, 0x004f0057, 0x00440052,
	0x0050005c, 0x00590053, 0x005c0051, 0x005f0032,
	0x00530035, 0x00520054, 0x0044002e, 0x0043004f,
	0x00500000, 0x00000001, 0x00000002, 0x00000005,
	0x00500040, 0x00580053, 0x0044005c, 0x0043004f,
	0x004a005c, 0x005c0050, 0x004f0057, 0x00440052,
	0x0050005c, 0x00590053, 0x005c0051, 0x005f0032,
	0x00530035, 0x00520054, 0x0044002e, 0x0043004f,
	0x00500000, 0x00000001, 0x00000002, 0x00000004,
	0x00500040, 0x00580053, 0x0044005c, 0x0043004f,
	0x004a005c, 0x005c0050, 0x004f0057, 0x00440052,
	0x0050005c, 0x00590053, 0x005c0051, 0x005f0032,
	0x00530035, 0x00520054, 0x0044002e, 0x0043004f,
	0x00520000, 0x00000001, 0x00000002, 0x00000005,
	0x00500042, 0x00580053, 0x0044005c, 0x0043004f,
	0x004a005c, 0x005c0050, 0x004f0057, 0x00440052,
	0x0054005c, 0x004f004f, 0x005c004c, 0x004f004d,
	0x00500056, 0x00430041, 0x002e004b, 0x004f0044,
	0x00000043, 0x0001004e, 0x00020000, 0x00040000,
	0x003e0000, 0x00530050, 0x005c0058, 0x004f0044,
	0x005c0043, 0x0050004a, 0x0057005c, 0x0052004f,
	0x005c0044, 0x004f0054, 0x004c004f, 0x004d005c,
	0x0054004b, 0x0044004f, 0x0044002e, 0x0043004f,
	0x004e0000, 0x00000001, 0x00000002, 0x00000004,
	0x0050003e, 0x00580053, 0x0044005c, 0x0043004f,
	0x004a005c, 0x005c0050, 0x004f0057, 0x00440052,
	0x0054005c, 0x004f004f, 0x005c004c, 0x004b004d,
	0x00410056, 0x002e0042, 0x004f0044, 0x00000043,
	0x0001004e, 0x00020000, 0x00050000, 0x003e0000,
	0x00530050, 0x005c0058, 0x004f0044, 0x005c0043,
	0x0050004a, 0x0057005c, 0x0052004f, 0x005c0044,
	0x004f0054, 0x004c004f, 0x004d005c, 0x0056004b,
	0x00420041, 0x0044002e, 0x0043004f, 0x00540000,
	0x00000001, 0x00000002, 0x00000007, 0x00500044,
	0x00580053, 0x0044005c, 0x0043004f, 0x004a005c,
	0x005c0050, 0x004f0057, 0x00440052, 0x0050005c,
	0x00590053, 0x005c0051, 0x005f0032, 0x004d0034,
	0x00430041, 0x004f0052, 0x0044002e, 0x0043004f,
	0x00520000, 0x00000001, 0x00000002, 0x00000006,
	0x00500042, 0x00580053, 0x0044005c, 0x0043004f,
	0x004a005c, 0x005c0050, 0x004f0057, 0x00440052,
	0x0054005c, 0x004f004f, 0x005c004c, 0x004d0054,
	0x00530044, 0x0052004f, 0x002e0054, 0x004f0044,
	0x00000043, 0x00010052, 0x00020000, 0x00070000,
	0x00420000, 0x00530050, 0x005c0058, 0x004f0044,
	0x005c0043, 0x0050004a, 0x0057005c, 0x0052004f,
	0x005c0044, 0x004f0054, 0x004c004f, 0x0054005c,
	0x0044004d, 0x004f0053, 0x00540052, 0x0044002e,
	0x0043004f, 0x00520000, 0x00000001, 0x00000002,
	0x00000007, 0x00500042, 0x00580053, 0x0044005c,
	0x0043004f, 0x004a005c, 0x005c0050, 0x004f0057,
	0x00440052, 0x0054005c, 0x004f004f, 0x005c004c,
	0x004f004d, 0x00430056, 0x004e004f, 0x002e0056,
	0x004f0044, 0x00000043, 0x00010052, 0x00020000,
	0x00040000, 0x00420000, 0x00530050, 0x005c0058,
	0x004f0044, 0x005c0043, 0x0050004a, 0x0057005c,
	0x0052004f, 0x005c0044, 0x004f0054, 0x004c004f,
	0x004d005c, 0x0056004f, 0x004f0043, 0x0056004e,
	0x0044002e, 0x0043004f, 0x00520000, 0x00000001,
	0x00000002, 0x00000005, 0x00500042, 0x00580053,
	0x0044005c, 0x0043004f, 0x004a005c, 0x005c0050,
	0x004f0057, 0x00440052, 0x0054005c, 0x004f004f,
	0x005c004c, 0x004f004d, 0x00430056, 0x004e004f,
	0x002e0056, 0x004f0044, 0x00000043, 0x00010052,
	0x00020000, 0x00060000, 0x00420000, 0x00530050,
	0x005c0058, 0x004f0044, 0x005c0043, 0x0050004a,
	0x0057005c, 0x0052004f, 0x005c0044, 0x004f0054,
	0x004c004f, 0x004d005c, 0x0056004f, 0x004f0043,
	0x0056004e, 0x0044002e, 0x0043004f, 0x00520000,
	0x00000001, 0x00000002, 0x00000005, 0x00500042,
	0x00580053, 0x0044005c, 0x0043004f, 0x004a005c,
	0x005c0050, 0x004f0057, 0x00440052, 0x0054005c,
	0x004f004f, 0x005c004c, 0x004d0054, 0x00530044,
	0x0052004f, 0x002e0054, 0x004f0044, 0x00000043,
	0x0001004e, 0x00020000, 0x00040000, 0x003e0000,
	0x00530050, 0x005c0058, 0x004f0044, 0x005c0043,
	0x0050004a, 0x0057005c, 0x0052004f, 0x005c0044,
	0x004f0054, 0x004c004f, 0x004d005c, 0x0056004f,
	0x00450049, 0x0044002e, 0x0043004f, 0x00520000,
	0x00000001, 0x00000002, 0x00000004, 0x00500042,
	0x00580053, 0x0044005c, 0x0043004f, 0x004a005c,
	0x005c0050, 0x004f0057, 0x00440052, 0x0054005c,
	0x004f004f, 0x005c004c, 0x004d0054, 0x00530044,
	0x0052004f, 0x002e0054, 0x004f0044, 0x00000043,
	0x00010054, 0x00020000, 0x00060000, 0x00440000,
	0x00530050, 0x005c0058, 0x004f0044, 0x005c0043,
	0x0050004a, 0x0057005c, 0x0052004f, 0x005c0044,
	0x00530050, 0x00510059, 0x0032005c, 0x0034005f,
	0x0041004d, 0x00520043, 0x002e004f, 0x004f0044,
	0x00000043, 0x00010054, 0x00020000, 0x00050000,
	0x00440000, 0x00530050, 0x005c0058, 0x004f0044,
	0x005c0043, 0x0050004a, 0x0057005c, 0x0052004f,
	0x005c0044, 0x00530050, 0x00510059, 0x0032005c,
	0x0034005f, 0x0041004d, 0x00520043, 0x002e004f,
	0x004f0044, 0x00000043, 0x00010054, 0x00020000,
	0x00040000, 0x00440000, 0x00530050, 0x005c0058,
	0x004f0044, 0x005c0043, 0x0050004a, 0x0057005c,
	0x0052004f, 0x005c0044, 0x00530050, 0x00510059,
	0x0032005c, 0x0034005f, 0x0041004d, 0x00520043,
	0x002e004f, 0x004f0044, 0x00000043, 0x0001004e,
	0x00020000, 0x00060000, 0x003e0000, 0x00530050,
	0x005c0058, 0x004f0044, 0x005c0043, 0x0050004a,
	0x0057005c, 0x0052004f, 0x005c0044, 0x004f0054,
	0x004c004f, 0x004d005c, 0x0056004b, 0x00420041,
	0x0044002e, 0x0043004f, 0x004e0000, 0x00000001,
	0x00000002, 0x00000007, 0x0050003e, 0x00580053,
	0x0044005c, 0x0043004f, 0x004a005c, 0x005c0050,
	0x004f0057, 0x00440052, 0x0054005c, 0x004f004f,
	0x005c004c, 0x004b004d, 0x00410056, 0x002e0042,
	0x004f0044, 0x00000043, 0x0001004e, 0x00020000,
	0x00050000, 0x003e0000, 0x00530050, 0x005c0058,
	0x004f0044, 0x005c0043, 0x0050004a, 0x0057005c,
	0x0052004f, 0x005c0044, 0x004f0054, 0x004c004f,
	0x004d005c, 0x0056004f, 0x00450049, 0x0044002e,
	0x0043004f, 0x00520000, 0x00000001, 0x00000002,
	0x00000006, 0x00500042, 0x00580053, 0x0044005c,
	0x0043004f, 0x004a005c, 0x005c0050, 0x004f0057,
	0x00440052, 0x0054005c, 0x004f004f, 0x005c004c,
	0x004f004d, 0x00500056, 0x00430041, 0x002e004b,
	0x004f0044, 0x00000043, 0x00010052, 0x00020000,
	0x00050000, 0x00420000, 0x00530050, 0x005c0058,
	0x004f0044, 0x005c0043, 0x0050004a, 0x0057005c,
	0x0052004f, 0x005c0044, 0x004f0054, 0x004c004f,
	0x0054005c, 0x004d0049, 0x00420032, 0x0050004d,
	0x0044002e, 0x0043004f, 0x00520000, 0x00000001,
	0x00000002, 0x00000007, 0x00500042, 0x00580053,
	0x0044005c, 0x0043004f, 0x004a005c, 0x005c0050,
	0x004f0057, 0x00440052, 0x0054005c, 0x004f004f,
	0x005c004c, 0x004f004d, 0x00500056, 0x00430041,
	0x002e004b, 0x004f0044, 0x00000043, 0x00010054,
	0x00020000, 0x00040000, 0x00440000, 0x00530050,
	0x005c0058, 0x004f0044, 0x005c0043, 0x0050004a,
	0x0057005c, 0x0052004f, 0x005c0044, 0x00530050,
	0x00510059, 0x0032005c, 0x0036005f, 0x004f004c,
	0x00410043, 0x002e004c, 0x004f0044, 0x00000043,
	0x00010054, 0x00020000, 0x00070000, 0x00440000,
	0x00530050, 0x005c0058, 0x004f0044, 0x005c0043,
	0x0050004a, 0x0057005c, 0x0052004f, 0x005c0044,
	0x004f0054, 0x004c004f, 0x0050005c, 0x00430049,
	0x00320054, 0x00490054, 0x002e004d, 0x004f0044,
	0x00000043, 0x00010054, 0x00020000, 0x00050000,
	0x00440000, 0x00530050, 0x005c0058, 0x004f0044,
	0x005c0043, 0x0050004a, 0x0057005c, 0x0052004f,
	0x005c0044, 0x004f0054, 0x004c004f, 0x0050005c,
	0x00430049, 0x00320054, 0x00490054, 0x002e004d,
	0x004f0044, 0x00000043, 0x00010054, 0x00020000,
	0x00040000, 0x00440000, 0x00530050, 0x005c0058,
	0x004f0044, 0x005c0043, 0x0050004a, 0x0057005c,
	0x0052004f, 0x005c0044, 0x004f0054, 0x004c004f,
	0x0050005c, 0x00430049, 0x00320054, 0x00490054,
	0x002e004d, 0x004f0044, 0x00000043, 0x00010050,
	0x00020000, 0x00040000, 0x00400000, 0x00530050,
	0x005c0058, 0x004f0044, 0x005c0043, 0x0050004a,
	0x0057005c, 0x0052004f, 0x005c0044, 0x004f0054,
	0x004c004f, 0x0054005c, 0x004d0049, 0x004f0050,
	0x002e0053, 0x004f0044, 0x00000043, 0x00010054,
	0x00020000, 0x00050000, 0x00440000, 0x00530050,
	0x005c0058, 0x004f0044, 0x005c0043, 0x0050004a,
	0x0057005c, 0x0052004f, 0x005c0044, 0x00530050,
	0x00510059, 0x0032005c, 0x0036005f, 0x004f004c,
	0x00410043, 0x002e004c, 0x004f0044, 0x00000043,
	0x00010054, 0x00020000, 0x00060000, 0x00440000,
	0x00530050, 0x005c0058, 0x004f0044, 0x005c0043,
	0x0050004a, 0x0057005c, 0x0052004f, 0x005c0044,
	0x00530050, 0x00510059, 0x0032005c, 0x0036005f,
	0x004f004c, 0x00410043, 0x002e004c, 0x004f0044,
	0x00000043, 0x00010054, 0x00020000, 0x00070000,
	0x00440000, 0x00530050, 0x005c0058, 0x004f0044,
	0x005c0043, 0x0050004a, 0x0057005c, 0x0052004f,
	0x005c0044, 0x00530050, 0x00510059, 0x0032005c,
	0x0036005f, 0x004f004c, 0x00410043, 0x002e004c,
};

GsOT KAR_D_800638CC[2] = {
	{ 0x004f0044, (GsOT_TAG *)0x00000043, 0x00010052, 0x00020000, (GsOT_TAG *)0x00070000 },
	{
		0x00420000,
		(GsOT_TAG *)0x00530050,
		0x005c0058,
		0x004f0044,
		(GsOT_TAG *)0x005c0043,
	},
};

GsOT_TAG KAR_D_800637CC[32] = {
	{ 0x50004a, 0x00 },
	{ 0x57005c, 0x00 },
	{ 0x52004f, 0x00 },
	{ 0x5c0044, 0x00 },
	{ 0x4f0054, 0x00 },
	{ 0x4c004f, 0x00 },
	{ 0x54005c, 0x00 },
	{ 0x4d0049, 0x00 },
	{ 0x420032, 0x00 },
	{ 0x50004d, 0x00 },
	{ 0x44002e, 0x00 },
	{ 0x43004f, 0x00 },
	{ 0x540000, 0x00 },
	{ 0x000001, 0x00 },
	{ 0x000002, 0x00 },
	{ 0x000004, 0x00 },
	{ 0x500044, 0x00 },
	{ 0x580053, 0x00 },
	{ 0x44005c, 0x00 },
	{ 0x43004f, 0x00 },
	{ 0x4a005c, 0x00 },
	{ 0x5c0050, 0x00 },
	{ 0x4f0057, 0x00 },
	{ 0x440052, 0x00 },
	{ 0x54005c, 0x00 },
	{ 0x4f004f, 0x00 },
	{ 0x5c004c, 0x00 },
	{ 0x49004d, 0x00 },
	{ 0x45004d, 0x00 },
	{ 0x490046, 0x00 },
	{ 0x54004c, 0x00 },
	{ 0x44002e, 0x00 },
};

GsOT_TAG KAR_D_8006384C[32] = {
	{ 0x43004f, 0x00 },
	{ 0x540000, 0x00 },
	{ 0x000001, 0x00 },
	{ 0x000002, 0x00 },
	{ 0x000005, 0x00 },
	{ 0x500044, 0x00 },
	{ 0x580053, 0x00 },
	{ 0x44005c, 0x00 },
	{ 0x43004f, 0x00 },
	{ 0x4a005c, 0x00 },
	{ 0x5c0050, 0x00 },
	{ 0x4f0057, 0x00 },
	{ 0x440052, 0x00 },
	{ 0x54005c, 0x00 },
	{ 0x4f004f, 0x00 },
	{ 0x5c004c, 0x00 },
	{ 0x49004d, 0x00 },
	{ 0x45004d, 0x00 },
	{ 0x490046, 0x00 },
	{ 0x54004c, 0x00 },
	{ 0x44002e, 0x00 },
	{ 0x43004f, 0x00 },
	{ 0x540000, 0x00 },
	{ 0x000001, 0x00 },
	{ 0x000002, 0x00 },
	{ 0x000006, 0x00 },
	{ 0x500044, 0x00 },
	{ 0x580053, 0x00 },
	{ 0x44005c, 0x00 },
	{ 0x43004f, 0x00 },
	{ 0x4a005c, 0x00 },
	{ 0x5c0050, 0x00 },
};

VECTOR KAR_D_800638F4 = { 0x004f0057, 0x00440052, 0x0054005c, 0x004f004f };

VECTOR KAR_D_80063904 = { 0x005c004c, 0x0049004d, 0x0045004d, 0x00490046 };

KarStoneRaw KAR_D_80063914 = {
	{
		0x0054004c, 0x0044002e, 0x0043004f, 0x00540000,
		0x00000001, 0x00000002, 0x00000007, 0x00500044,
		0x00580053, 0x0044005c, 0x0043004f, 0x004a005c,
		0x005c0050, 0x004f0057, 0x00440052, 0x0054005c,
		0x004f004f, 0x005c004c, 0x0049004d, 0x0045004d,
		0x00490046, 0x0054004c, 0x0044002e, 0x0043004f,
		0x00540000, 0x00000001, 0x00000002, 0x00000004,
		0x00500044, 0x00580053, 0x0044005c, 0x0043004f,
		0x004a005c, 0x005c0050, 0x004f0057, 0x00440052,
		0x0054005c, 0x004f004f, 0x005c004c, 0x0049004d,
		0x0045004d, 0x004f0053, 0x00540052,
	},
};

KarStone *KAR_D_800639C0[10] = {
	(KarStone *)0x0044002e,
	(KarStone *)0x0043004f,
	(KarStone *)0x00540000,
	(KarStone *)0x00000001,
	(KarStone *)0x00000002,
	(KarStone *)0x00000006,
	(KarStone *)0x00500044,
	(KarStone *)0x00580053,
	(KarStone *)0x0044005c,
	(KarStone *)0x0043004f,
};
// clang-format on
