#include <libgs.h>

#include <dw/kar.h>
#include <dw/types.h>

// clang-format off
KarStoneRowRaw KAR_D_8005B5A0[3] = {
	{
		{
			0x00, 0x00, 0x00, 0x00, 0x00, 0x00, 0x00, 0x00,
			0x00, 0x00, 0x00, 0x00, 0x00, 0x00, 0x00, 0x00,
			0x00, 0x00, 0x00, 0x00, 0x00, 0x00, 0x00, 0x00,
			0x00, 0x00, 0x00, 0x00, 0x00, 0x00, 0x00, 0x00,
			0x00, 0x00, 0x00, 0x00, 0x00, 0x00, 0x00, 0x00,
			0x00, 0x00, 0x00, 0x00, 0x00, 0x00, 0x00, 0x00,
			0x00, 0x00, 0x00, 0x00, 0x00, 0x00, 0x00, 0x00,
			0x00, 0x00, 0x00, 0x00, 0x00, 0x00, 0x00, 0x00,
			0x00, 0x00, 0x00, 0x00, 0x00, 0x00, 0x00, 0x00,
			0x00, 0x00, 0x00, 0x00, 0x00, 0x00, 0x00, 0x00,
			0x00, 0x00, 0x00, 0x00, 0x00, 0x00, 0x00, 0x00,
			0x00, 0x00, 0x00, 0x00, 0x00, 0x00, 0x00, 0x00,
			0x00, 0x00, 0x00, 0x00, 0x00, 0x00, 0x00, 0x00,
			0x00, 0x00, 0x00, 0x00, 0x00, 0x00, 0x00, 0x00,
			0x00, 0x00, 0x00, 0x00, 0x00, 0x00, 0x00, 0x00,
			0x00, 0x00, 0x00, 0x00, 0x00, 0x00, 0x00, 0x00,
			0x00, 0x00, 0x00, 0x00, 0x00, 0x00, 0x00, 0x00,
			0x00, 0x00, 0x00, 0x00, 0x00, 0x00, 0x00, 0x00,
			0x00, 0x00, 0x00, 0x00, 0x00, 0x00, 0x00, 0x00,
			0x00, 0x00, 0x00, 0x00, 0x00, 0x00, 0x00, 0x00,
			0x34, 0x7c, 0x07, 0x80, 0x21, 0x01, 0x04, 0x7d,
			0x07, 0x80, 0x06, 0x01, 0xfe, 0xa4, 0x05, 0x00,
			0x43, 0x20, 0x0c, 0x00, 0x02, 0x1d, 0x00, 0x00,
			0x00, 0x04, 0x10, 0x00, 0x00, 0x00, 0x07, 0x06,
			0x53, 0x20, 0x0c, 0x00, 0x02, 0x1d, 0x00, 0x00,
			0x00, 0x04, 0x14, 0x00, 0x00, 0x00, 0x07, 0x06,
			0xa3, 0x02, 0x0c, 0x00, 0x02, 0x1d, 0x00, 0x00,
			0x00, 0x04, 0x18, 0x00, 0x00, 0x00, 0x07, 0x06,
			0x13, 0x20, 0x0b, 0x00, 0x01, 0x1d, 0x00, 0x00,
			0x00, 0x04, 0x50, 0x00, 0x00, 0x00, 0x07, 0x22,
			0x20, 0xfc, 0xc4, 0x12, 0x00, 0x25, 0x00, 0x00,
			0x00, 0x0c, 0x00, 0x12, 0x00, 0x36, 0x2a, 0x13,
			0x00, 0x38, 0x00, 0x6d, 0x00, 0x23, 0x00, 0x0b,
			0x00, 0x02, 0x1d, 0x00, 0x00, 0x00, 0x04, 0x30,
			0x00, 0x00, 0x00, 0x07, 0x72, 0x00, 0x61, 0xc9,
			0x12, 0x00, 0x27, 0x00, 0x00, 0x00, 0x0c, 0x00,
			0x12, 0x00, 0x5d, 0x2a, 0x13, 0x00, 0x38, 0x00,
			0x6f, 0x75, 0x74, 0x00, 0x23, 0x00, 0x0b, 0x00,
			0x02, 0x1d, 0x00, 0x00, 0x00, 0x04, 0x28, 0x00,
			0x00, 0x00, 0x07, 0x72, 0x00, 0x4a, 0xca, 0x12,
			0x00, 0x26, 0x00, 0x00, 0x00, 0x0c, 0x00, 0x12,
			0x00, 0x83, 0x2a, 0x13, 0x00, 0x38, 0x00, 0x69,
			0x6e, 0x00, 0x23, 0x00, 0x0b, 0x00, 0x02, 0x1d,
			0x00, 0x00, 0x00, 0x04, 0x20, 0x00, 0x00, 0x00,
			0x07, 0x72, 0x00, 0x4a, 0xca, 0x12, 0x00, 0x24,
			0x00, 0x00, 0x00, 0x0c, 0x00, 0x12, 0x00, 0xa7,
			0x2a, 0x13, 0x00, 0x38, 0x00, 0x69, 0x6e, 0x56,
			0x00, 0x23, 0x00, 0x05, 0x00, 0x01, 0x11, 0x00,
			0x00, 0x00, 0x83, 0x00, 0x05, 0x00, 0x01, 0xb7,
			0xc9, 0x12, 0x00, 0x25, 0x00, 0x00, 0x00, 0x0c,
			0x00, 0x12, 0x00, 0xcc, 0x2a, 0x13, 0x00, 0x38,
			0x00, 0x6f, 0x75, 0x74, 0x56, 0x00, 0x23, 0x00,
			0x05, 0x00, 0x01, 0x10, 0x00, 0x00, 0x00, 0x83,
			0x00, 0x05, 0x00, 0x01, 0xb7, 0xc9, 0x12, 0x00,
			0x04, 0x00, 0x00, 0x00, 0x4c, 0x00, 0x00, 0x00,
			0x14, 0x00, 0x12, 0x00, 0x1c, 0x2b, 0x13, 0x00,
			0x38, 0x00, 0x45, 0x46, 0x45, 0x4d, 0x5f, 0x5f,
			0x43, 0x68, 0x61, 0x6e, 0x67, 0x65, 0x4c, 0x61,
			0x73, 0x74, 0x48, 0x69, 0x74, 0x54, 0x61, 0x72,
			0x67, 0x65, 0x74, 0x00, 0x11, 0x01, 0x04, 0x7c,
			0x07, 0x80, 0x21, 0x01, 0x34, 0x7c, 0x07, 0x80,
			0x06, 0x01, 0x88, 0xa5, 0x05, 0x00, 0x22, 0x20,
			0x77, 0xd5, 0x12, 0x00, 0x22, 0x20, 0x9f, 0xec,
			0x12, 0x00, 0x22, 0x20, 0x1b, 0xee, 0x12, 0x00,
			0x7b, 0x00, 0x00, 0x00, 0x14, 0x00, 0x12, 0x00,
			0xe2, 0x2b, 0x13, 0x00, 0x38, 0x00, 0x45, 0x46,
			0x45, 0x4d, 0x5f, 0x5f, 0x47, 0x65, 0x74, 0x56,
			0x65, 0x63, 0x74, 0x6f, 0x72, 0x4c, 0x65, 0x6e,
			0x67, 0x74, 0x68, 0x00, 0x11, 0x01, 0x9c, 0x7b,
			0x07, 0x80, 0x21, 0x01, 0x04, 0x7c, 0x07, 0x80,
			0x06, 0x01, 0xb8, 0xa5, 0x05, 0x00, 0x43, 0x20,
			0x0c, 0x00, 0x02, 0x1d, 0x00, 0x00, 0x00, 0x04,
			0x10, 0x00, 0x00, 0x00, 0x07, 0x06, 0x53, 0x20,
			0x0c, 0x00, 0x02, 0x1d, 0x00, 0x00, 0x00, 0x04,
			0x14, 0x00, 0x00, 0x00, 0x07, 0x06, 0xa3, 0x02,
			0x0c, 0x00, 0x02, 0x1d, 0x00, 0x00, 0x00, 0x04,
			0x18, 0x00, 0x00, 0x00, 0x07, 0x06, 0x13, 0x20,
			0x0b, 0x00, 0x01, 0x1d, 0x00, 0x00, 0x00, 0x04,
			0x20, 0x00, 0x00, 0x00, 0x07, 0x22, 0x20, 0xfc,
			0xc4, 0x12, 0x00, 0x24, 0x00, 0x00, 0x00, 0x0c,
			0x00, 0x12, 0x00, 0xbb, 0x2b, 0x13, 0x00, 0x38,
			0x00, 0x69, 0x6e, 0x56, 0x00, 0x23, 0x00, 0x05,
			0x00, 0x01, 0x10, 0x00, 0x00, 0x00, 0x83, 0x00,
			0x05, 0x00, 0x01, 0xb7, 0xc9, 0x12, 0x00, 0x23,
			0x00, 0x00, 0x00, 0x0c, 0x00, 0x12, 0x00, 0xde,
			0x2b, 0x13, 0x00, 0x38, 0x00, 0x6f, 0x75, 0x74,
			0x4c, 0x00, 0x23, 0x00, 0x05, 0x00, 0x01, 0x11,
			0x00, 0x00, 0x00, 0x63, 0x00, 0x03, 0x00, 0x01,
			0x0a, 0x00, 0x04, 0x00, 0x00, 0x00, 0x67, 0x00,
			0x00, 0x00, 0x14, 0x00, 0x12, 0x00, 0x96, 0x2c,
			0x13, 0x00, 0x38, 0x00, 0x45, 0x46, 0x45, 0x4d,
			0x5f, 0x5f, 0x5f, 0x43, 0x6f, 0x70, 0x79, 0x56,
			0x65, 0x63, 0x74, 0x6f, 0x72, 0x00, 0x11, 0x01,
			0x30, 0x7b, 0x07, 0x80, 0x21, 0x01, 0x9c, 0x7b,
			0x07, 0x80, 0x06, 0x01, 0xfc, 0xa5, 0x05, 0x00,
			0x43, 0x20, 0x0c, 0x00, 0x02, 0x1d, 0x00, 0x00,
			0x00, 0x04, 0x00, 0x00, 0x00, 0x00, 0x07, 0x06,
			0x53, 0x20, 0x0c, 0x00, 0x02, 0x1d, 0x00, 0x00,
			0x00, 0x04, 0x04, 0x00, 0x00, 0x00, 0x07, 0x06,
			0x13, 0x20, 0x0b, 0x00, 0x01, 0x1d, 0x00, 0x00,
			0x00, 0x04, 0x08, 0x00, 0x00, 0x00, 0x07, 0x22,
			0x20, 0xfc, 0xc4, 0x12, 0x00, 0x24, 0x00, 0x00,
			0x00, 0x0c, 0x00, 0x12, 0x00, 0x6d, 0x2c, 0x13,
			0x00, 0x38, 0x00, 0x69, 0x6e, 0x56, 0x00, 0x23,
			0x00, 0x05, 0x00, 0x01, 0x11, 0x00, 0x00, 0x00,
			0x83, 0x00, 0x05, 0x00, 0x01, 0xb7, 0xc9, 0x12,
			0x00, 0x25, 0x00, 0x00, 0x00, 0x0c, 0x00, 0x12,
			0x00, 0x92, 0x2c, 0x13, 0x00, 0x38, 0x00, 0x6f,
			0x75, 0x74, 0x56, 0x00,
		},
	},
	{
		{
			0x23, 0x00, 0x05, 0x00, 0x01, 0x10, 0x00, 0x00,
			0x00, 0x83, 0x00, 0x05, 0x00, 0x01, 0xb7, 0xc9,
			0x12, 0x00, 0x04, 0x00, 0x00, 0x00, 0x66, 0x00,
			0x00, 0x00, 0x14, 0x00, 0x12, 0x00, 0x49, 0x2d,
			0x13, 0x00, 0x38, 0x00, 0x45, 0x46, 0x45, 0x4d,
			0x5f, 0x5f, 0x5f, 0x41, 0x64, 0x64, 0x56, 0x65,
			0x63, 0x74, 0x6f, 0x72, 0x00, 0x11, 0x01, 0xa8,
			0x7a, 0x07, 0x80, 0x21, 0x01, 0x30, 0x7b, 0x07,
			0x80, 0x06, 0x01, 0x54, 0xa6, 0x05, 0x00, 0x43,
			0x20, 0x0c, 0x00, 0x02, 0x1d, 0x00, 0x00, 0x00,
			0x04, 0x00, 0x00, 0x00, 0x00, 0x07, 0x06, 0x53,
			0x20, 0x0c, 0x00, 0x02, 0x1d, 0x00, 0x00, 0x00,
			0x04, 0x04, 0x00, 0x00, 0x00, 0x07, 0x06, 0x13,
			0x20, 0x0b, 0x00, 0x01, 0x1d, 0x00, 0x00, 0x00,
			0x04, 0x08, 0x00, 0x00, 0x00, 0x07, 0x22, 0x20,
			0xfc, 0xc4, 0x12, 0x00, 0x24, 0x00, 0x00, 0x00,
			0x0c, 0x00, 0x12, 0x00, 0x20, 0x2d, 0x13, 0x00,
			0x38, 0x00, 0x69, 0x6e, 0x56, 0x00, 0x23, 0x00,
			0x05, 0x00, 0x01, 0x11, 0x00, 0x00, 0x00, 0x83,
			0x00, 0x05, 0x00, 0x01, 0xb7, 0xc9, 0x12, 0x00,
			0x25, 0x00, 0x00, 0x00, 0x0c, 0x00, 0x12, 0x00,
			0x45, 0x2d, 0x13, 0x00, 0x38, 0x00, 0x6f, 0x75,
			0x74, 0x56, 0x00, 0x23, 0x00, 0x05, 0x00, 0x01,
			0x10, 0x00, 0x00, 0x00, 0x83, 0x00, 0x05, 0x00,
			0x01, 0xb7, 0xc9, 0x12, 0x00, 0x04, 0x00, 0x00,
			0x00, 0x66, 0x00, 0x00, 0x00, 0x14, 0x00, 0x12,
			0x00, 0xfc, 0x2d, 0x13, 0x00, 0x38, 0x00, 0x45,
			0x46, 0x45, 0x4d, 0x5f, 0x5f, 0x5f, 0x53, 0x75,
			0x62, 0x56, 0x65, 0x63, 0x74, 0x6f, 0x72, 0x00,
			0x11, 0x01, 0x24, 0x7a, 0x07, 0x80, 0x21, 0x01,
			0xa8, 0x7a, 0x07, 0x80, 0x06, 0x01, 0xac, 0xa6,
			0x05, 0x00, 0x43, 0x20, 0x0c, 0x00, 0x02, 0x1d,
			0x00, 0x00, 0x00, 0x04, 0x00, 0x00, 0x00, 0x00,
			0x07, 0x06, 0x53, 0x20, 0x0c, 0x00, 0x02, 0x1d,
			0x00, 0x00, 0x00, 0x04, 0x04, 0x00, 0x00, 0x00,
			0x07, 0x06, 0x13, 0x20, 0x0b, 0x00, 0x01, 0x1d,
			0x00, 0x00, 0x00, 0x04, 0x08, 0x00, 0x00, 0x00,
			0x07, 0x22, 0x20, 0xfc, 0xc4, 0x12, 0x00, 0x24,
			0x00, 0x00, 0x00, 0x0c, 0x00, 0x12, 0x00, 0xd3,
			0x2d, 0x13, 0x00, 0x38, 0x00, 0x69, 0x6e, 0x56,
			0x00, 0x23, 0x00, 0x05, 0x00, 0x01, 0x11, 0x00,
			0x00, 0x00, 0x83, 0x00, 0x05, 0x00, 0x01, 0xb7,
			0xc9, 0x12, 0x00, 0x25, 0x00, 0x00, 0x00, 0x0c,
			0x00, 0x12, 0x00, 0xf8, 0x2d, 0x13, 0x00, 0x38,
			0x00, 0x6f, 0x75, 0x74, 0x56, 0x00, 0x23, 0x00,
			0x05, 0x00, 0x01, 0x10, 0x00, 0x00, 0x00, 0x83,
			0x00, 0x05, 0x00, 0x01, 0xb7, 0xc9, 0x12, 0x00,
			0x04, 0x00, 0x00, 0x00, 0x66, 0x00, 0x00, 0x00,
			0x14, 0x00, 0x12, 0x00, 0xaf, 0x2e, 0x13, 0x00,
			0x38, 0x00, 0x45, 0x46, 0x45, 0x4d, 0x5f, 0x5f,
			0x5f, 0x4d, 0x75, 0x6c, 0x56, 0x65, 0x63, 0x74,
			0x6f, 0x72, 0x00, 0x11, 0x01, 0x90, 0x79, 0x07,
			0x80, 0x21, 0x01, 0x24, 0x7a, 0x07, 0x80, 0x06,
			0x01, 0x04, 0xa7, 0x05, 0x00, 0x43, 0x20, 0x0c,
			0x00, 0x02, 0x1d, 0x00, 0x00, 0x00, 0x04, 0x00,
			0x00, 0x00, 0x00, 0x07, 0x06, 0x53, 0x20, 0x0c,
			0x00, 0x02, 0x1d, 0x00, 0x00, 0x00, 0x04, 0x04,
			0x00, 0x00, 0x00, 0x07, 0x06, 0x13, 0x20, 0x0b,
			0x00, 0x01, 0x1d, 0x00, 0x00, 0x00, 0x04, 0x08,
			0x00, 0x00, 0x00, 0x07, 0x22, 0x20, 0xfc, 0xc4,
			0x12, 0x00, 0x24, 0x00, 0x00, 0x00, 0x0c, 0x00,
			0x12, 0x00, 0x86, 0x2e, 0x13, 0x00, 0x38, 0x00,
			0x69, 0x6e, 0x56, 0x00, 0x23, 0x00, 0x05, 0x00,
			0x01, 0x11, 0x00, 0x00, 0x00, 0x83, 0x00, 0x05,
			0x00, 0x01, 0xb7, 0xc9, 0x12, 0x00, 0x25, 0x00,
			0x00, 0x00, 0x0c, 0x00, 0x12, 0x00, 0xab, 0x2e,
			0x13, 0x00, 0x38, 0x00, 0x6f, 0x75, 0x74, 0x56,
			0x00, 0x23, 0x00, 0x05, 0x00, 0x01, 0x10, 0x00,
			0x00, 0x00, 0x83, 0x00, 0x05, 0x00, 0x01, 0xb7,
			0xc9, 0x12, 0x00, 0x04, 0x00, 0x00, 0x00, 0x66,
			0x00, 0x00, 0x00, 0x14, 0x00, 0x12, 0x00, 0x62,
			0x2f, 0x13, 0x00, 0x38, 0x00, 0x45, 0x46, 0x45,
			0x4d, 0x5f, 0x5f, 0x5f, 0x44, 0x69, 0x76, 0x56,
			0x65, 0x63, 0x74, 0x6f, 0x72, 0x00, 0x11, 0x01,
			0x00, 0x79, 0x07, 0x80, 0x21, 0x01, 0x90, 0x79,
			0x07, 0x80, 0x06, 0x01, 0x5c, 0xa7, 0x05, 0x00,
			0x43, 0x20, 0x0c, 0x00, 0x02, 0x1d, 0x00, 0x00,
			0x00, 0x04, 0x00, 0x00, 0x00, 0x00, 0x07, 0x06,
			0x53, 0x20, 0x0c, 0x00, 0x02, 0x1d, 0x00, 0x00,
			0x00, 0x04, 0x04, 0x00, 0x00, 0x00, 0x07, 0x06,
			0x13, 0x20, 0x0b, 0x00, 0x01, 0x1d, 0x00, 0x00,
			0x00, 0x04, 0x08, 0x00, 0x00, 0x00, 0x07, 0x22,
			0x20, 0xfc, 0xc4, 0x12, 0x00, 0x24, 0x00, 0x00,
			0x00, 0x0c, 0x00, 0x12, 0x00, 0x39, 0x2f, 0x13,
			0x00, 0x38, 0x00, 0x69, 0x6e, 0x56, 0x00, 0x23,
			0x00, 0x05, 0x00, 0x01, 0x11, 0x00, 0x00, 0x00,
			0x83, 0x00, 0x05, 0x00, 0x01, 0xb7, 0xc9, 0x12,
			0x00, 0x25, 0x00, 0x00, 0x00, 0x0c, 0x00, 0x12,
			0x00, 0x5e, 0x2f, 0x13, 0x00, 0x38, 0x00, 0x6f,
			0x75, 0x74, 0x56, 0x00, 0x23, 0x00, 0x05, 0x00,
			0x01, 0x10, 0x00, 0x00, 0x00, 0x83, 0x00, 0x05,
			0x00, 0x01, 0xb7, 0xc9, 0x12, 0x00, 0x04, 0x00,
			0x00, 0x00, 0x66, 0x00, 0x00, 0x00, 0x14, 0x00,
			0x12, 0x00, 0x15, 0x30, 0x13, 0x00, 0x38, 0x00,
			0x45, 0x46, 0x45, 0x4d, 0x5f, 0x5f, 0x5f, 0x41,
			0x6e, 0x64, 0x56, 0x65, 0x63, 0x74, 0x6f, 0x72,
			0x00, 0x11, 0x01, 0x78, 0x78, 0x07, 0x80, 0x21,
			0x01, 0x00, 0x79, 0x07, 0x80, 0x06, 0x01, 0xb4,
			0xa7, 0x05, 0x00, 0x43, 0x20, 0x0c, 0x00, 0x02,
			0x1d, 0x00, 0x00, 0x00, 0x04, 0x00, 0x00, 0x00,
			0x00, 0x07, 0x06, 0x53, 0x20, 0x0c, 0x00, 0x02,
			0x1d, 0x00, 0x00, 0x00, 0x04, 0x04, 0x00, 0x00,
			0x00, 0x07, 0x06, 0x13, 0x20, 0x0b, 0x00, 0x01,
			0x1d, 0x00, 0x00, 0x00, 0x04, 0x08, 0x00, 0x00,
			0x00, 0x07, 0x22, 0x20, 0xfc, 0xc4, 0x12, 0x00,
			0x24, 0x00, 0x00, 0x00, 0x0c, 0x00, 0x12, 0x00,
			0xec, 0x2f, 0x13, 0x00, 0x38, 0x00, 0x69, 0x6e,
			0x56, 0x00, 0x23, 0x00, 0x05, 0x00, 0x01, 0x11,
			0x00, 0x00, 0x00, 0x83,
		},
	},
	{
		{
			0x00, 0x05, 0x00, 0x01, 0xb7, 0xc9, 0x12, 0x00,
			0x25, 0x00, 0x00, 0x00, 0x0c, 0x00, 0x12, 0x00,
			0x11, 0x30, 0x13, 0x00, 0x38, 0x00, 0x6f, 0x75,
			0x74, 0x56, 0x00, 0x23, 0x00, 0x05, 0x00, 0x01,
			0x10, 0x00, 0x00, 0x00, 0x83, 0x00, 0x05, 0x00,
			0x01, 0xb7, 0xc9, 0x12, 0x00, 0x04, 0x00, 0x00,
			0x00, 0x69, 0x00, 0x00, 0x00, 0x14, 0x00, 0x12,
			0x00, 0xcb, 0x30, 0x13, 0x00, 0x38, 0x00, 0x45,
			0x46, 0x45, 0x4d, 0x5f, 0x5f, 0x5f, 0x53, 0x68,
			0x69, 0x66, 0x74, 0x52, 0x56, 0x65, 0x63, 0x74,
			0x6f, 0x72, 0x00, 0x11, 0x01, 0xf0, 0x77, 0x07,
			0x80, 0x21, 0x01, 0x78, 0x78, 0x07, 0x80, 0x06,
			0x01, 0x0c, 0xa8, 0x05, 0x00, 0x43, 0x20, 0x0c,
			0x00, 0x02, 0x1d, 0x00, 0x00, 0x00, 0x04, 0x00,
			0x00, 0x00, 0x00, 0x07, 0x06, 0x53, 0x20, 0x0c,
			0x00, 0x02, 0x1d, 0x00, 0x00, 0x00, 0x04, 0x04,
			0x00, 0x00, 0x00, 0x07, 0x06, 0x13, 0x20, 0x0b,
			0x00, 0x01, 0x1d, 0x00, 0x00, 0x00, 0x04, 0x08,
			0x00, 0x00, 0x00, 0x07, 0x22, 0x20, 0xfc, 0xc4,
			0x12, 0x00, 0x24, 0x00, 0x00, 0x00, 0x0c, 0x00,
			0x12, 0x00, 0xa2, 0x30, 0x13, 0x00, 0x38, 0x00,
			0x69, 0x6e, 0x56, 0x00, 0x23, 0x00, 0x05, 0x00,
			0x01, 0x11, 0x00, 0x00, 0x00, 0x83, 0x00, 0x05,
			0x00, 0x01, 0xb7, 0xc9, 0x12, 0x00, 0x25, 0x00,
			0x00, 0x00, 0x0c, 0x00, 0x12, 0x00, 0xc7, 0x30,
			0x13, 0x00, 0x38, 0x00, 0x6f, 0x75, 0x74, 0x56,
			0x00, 0x23, 0x00, 0x05, 0x00, 0x01, 0x10, 0x00,
			0x00, 0x00, 0x83, 0x00, 0x05, 0x00, 0x01, 0xb7,
			0xc9, 0x12, 0x00, 0x04, 0x00, 0x00, 0x00, 0x89,
			0x00, 0x00, 0x00, 0x14, 0x00, 0x12, 0x00, 0xe2,
			0x31, 0x13, 0x00, 0x38, 0x00, 0x45, 0x46, 0x45,
			0x4d, 0x5f, 0x5f, 0x5f, 0x52, 0x65, 0x73, 0x65,
			0x74, 0x54, 0x72, 0x61, 0x6e, 0x73, 0x43, 0x65,
			0x6e, 0x74, 0x65, 0x72, 0x00, 0x11, 0x01, 0x34,
			0x76, 0x07, 0x80, 0x21, 0x01, 0xf0, 0x77, 0x07,
			0x80, 0x06, 0x01, 0x64, 0xa8, 0x05, 0x00, 0x43,
			0x20, 0x0c, 0x00, 0x02, 0x1d, 0x00, 0x00, 0x00,
			0x04, 0x00, 0x00, 0x00, 0x00, 0x07, 0x06, 0x53,
			0x20, 0x0c, 0x00, 0x02, 0x1d, 0x00, 0x00, 0x00,
			0x04, 0x04, 0x00, 0x00, 0x00, 0x07, 0x06, 0x63,
			0x20, 0x0c, 0x00, 0x02, 0x1d, 0x00, 0x00, 0x00,
			0x04, 0x08, 0x00, 0x00, 0x00, 0x07, 0x06, 0x13,
			0x20, 0x0b, 0x00, 0x01, 0x1d, 0x00, 0x00, 0x00,
			0x04, 0x18, 0x00, 0x00, 0x00, 0x07, 0x22, 0x20,
			0x9f, 0xec, 0x12, 0x00, 0x22, 0x20, 0x77, 0xd5,
			0x12, 0x00, 0x22, 0x20, 0x9e, 0xb2, 0x12, 0x00,
			0x23, 0x00, 0x00, 0x00, 0x0c, 0x00, 0x12, 0x00,
			0x77, 0x31, 0x13, 0x00, 0x38, 0x00, 0x70, 0x4d,
			0x00, 0x23, 0x00, 0x05, 0x00, 0x01, 0x12, 0x00,
			0x00, 0x00, 0x83, 0x00, 0x05, 0x00, 0x01, 0x61,
			0xc9, 0x12, 0x00, 0x24, 0x00, 0x00, 0x00, 0x0c,
			0x00, 0x12, 0x00, 0x9b, 0x31, 0x13, 0x00, 0x38,
			0x00, 0x6e, 0x43, 0x00, 0x23, 0x00, 0x0b, 0x00,
			0x02, 0x1d, 0x00, 0x00, 0x00, 0x04, 0x14, 0x00,
			0x00, 0x00, 0x07, 0x55, 0x00, 0x0a, 0x00, 0x1d,
			0x00, 0x00, 0x00, 0x0c, 0x00, 0x12, 0x00, 0xb8,
			0x31, 0x13, 0x00, 0x38, 0x00, 0x69, 0x00, 0x23,
			0x00, 0x05, 0x00, 0x01, 0x11, 0x00, 0x00, 0x00,
			0x55, 0x00, 0x0a, 0x00, 0x26, 0x00, 0x00, 0x00,
			0x0c, 0x00, 0x12, 0x00, 0xde, 0x31, 0x13, 0x00,
			0x38, 0x00, 0x74, 0x72, 0x61, 0x6e, 0x73, 0x00,
			0x23, 0x00, 0x05, 0x00, 0x01, 0x10, 0x00, 0x00,
			0x00, 0x83, 0x00, 0x05, 0x00, 0x01, 0xb7, 0xc9,
			0x12, 0x00, 0x04, 0x00, 0x00, 0x00, 0x95, 0x00,
			0x00, 0x00, 0x14, 0x00, 0x12, 0x00, 0xa5, 0x33,
			0x13, 0x00, 0x38, 0x00, 0x45, 0x46, 0x45, 0x4d,
			0x5f, 0x5f, 0x5f, 0x54, 0x61, 0x72, 0x67, 0x65,
			0x74, 0x5f, 0x47, 0x65, 0x74, 0x4a, 0x6f, 0x69,
			0x6e, 0x74, 0x50, 0x6f, 0x73, 0x00, 0x11, 0x01,
			0x98, 0x74, 0x07, 0x80, 0x21, 0x01, 0x34, 0x76,
			0x07, 0x80, 0x06, 0x01, 0x48, 0xa9, 0x05, 0x00,
			0x43, 0x20, 0x0c, 0x00, 0x02, 0x1d, 0x00, 0x00,
			0x00, 0x04, 0x10, 0x00, 0x00, 0x00, 0x07, 0x06,
			0x53, 0x20, 0x0c, 0x00, 0x02, 0x1d, 0x00, 0x00,
			0x00, 0x04, 0x14, 0x00, 0x00, 0x00, 0x07, 0x06,
			0x63, 0x20, 0x0c, 0x00, 0x02, 0x1d, 0x00, 0x00,
			0x00, 0x04, 0x18, 0x00, 0x00, 0x00, 0x07, 0x06,
			0xa3, 0x02, 0x0c, 0x00, 0x02, 0x1d, 0x00, 0x00,
			0x00, 0x04, 0x1c, 0x00, 0x00, 0x00, 0x07, 0x06,
			0x13, 0x20, 0x0b, 0x00, 0x01, 0x1d, 0x00, 0x00,
			0x00, 0x04, 0x50, 0x00, 0x00, 0x00, 0x07, 0x22,
			0x20, 0x77, 0xd5, 0x12, 0x00, 0x22, 0x20, 0xfc,
			0xc4, 0x12, 0x00, 0x26, 0x00, 0x00, 0x00, 0x0c,
			0x00, 0x12, 0x00, 0x9d, 0x32, 0x13, 0x00, 0x38,
			0x00, 0x73, 0x76, 0x00, 0x23, 0x00, 0x0b, 0x00,
			0x02, 0x1d, 0x00, 0x00, 0x00, 0x04, 0x48, 0x00,
			0x00, 0x00, 0x07, 0x72, 0x00, 0x4a, 0xca, 0x12,
			0x00, 0x25, 0x00, 0x00, 0x00, 0x0c, 0x00, 0x12,
			0x00, 0xc2, 0x32, 0x13, 0x00, 0x38, 0x00, 0x6d,
			0x00, 0x23, 0x00, 0x0b, 0x00, 0x02, 0x1d, 0x00,
			0x00, 0x00, 0x04, 0x28, 0x00, 0x00, 0x00, 0x07,
			0x72, 0x00, 0x61, 0xc9, 0x12, 0x00, 0x39, 0x00,
			0x00, 0x00, 0x0c, 0x00, 0x12, 0x00, 0xfb, 0x32,
			0x13, 0x00, 0x38, 0x00, 0x74, 0x61, 0x72, 0x67,
			0x65, 0x74, 0x5f, 0x6a, 0x6f, 0x69, 0x6e, 0x74,
			0x5f, 0x63, 0x6f, 0x6f, 0x72, 0x64, 0x00, 0x23,
			0x00, 0x0b, 0x00, 0x02, 0x1d, 0x00, 0x00, 0x00,
			0x04, 0x24, 0x00, 0x00, 0x00, 0x07, 0x83, 0x00,
			0x05, 0x00, 0x01, 0x60, 0xcb, 0x12, 0x00, 0x32,
			0x00, 0x00, 0x00, 0x0c, 0x00, 0x12, 0x00, 0x2d,
			0x33, 0x13, 0x00, 0x38, 0x00, 0x74, 0x61, 0x72,
			0x67, 0x65, 0x74, 0x5f, 0x72, 0x6f, 0x6f, 0x74,
			0x5f, 0x63, 0x6f, 0x6f, 0x72, 0x64, 0x00, 0x23,
			0x00, 0x05, 0x00, 0x01, 0x12, 0x00, 0x00, 0x00,
			0x83, 0x00, 0x05, 0x00, 0x01, 0x60, 0xcb, 0x12,
			0x00, 0x28, 0x00, 0x00, 0x00, 0x0c, 0x00, 0x12,
			0x00, 0x55, 0x33, 0x13, 0x00, 0x38, 0x00, 0x6e,
			0x4a, 0x6f, 0x69, 0x6e, 0x74, 0x00, 0x23, 0x00,
			0x0b, 0x00, 0x02, 0x1d,
		},
	},
};

u_long KAR_D_8005BFCC[7680] = {
	0x04000000, 0x00000020, 0x0a005507, 0x00002600,
	0x12000c00, 0x13337b00, 0x6f003800, 0x74567475,
	0x05002300, 0x00110100, 0x00830000, 0xb7010005,
	0x260012c9, 0x0c000000, 0xa1001200, 0x38001333,
	0x74756f00, 0x23006156, 0x01000500, 0x00000010,
	0x00050083, 0x12c9b701, 0x00000400, 0x00007b00,
	0x12001400, 0x1334e200, 0x45003800, 0x5f4d4546,
	0x6e415f5f, 0x5f656c67, 0x6c707041, 0x5a585979,
	0xc0011100, 0x21800773, 0x07749801, 0x0e010680,
	0x430005aa, 0x02000c20, 0x0000001d, 0x00001004,
	0x53060700, 0x02000c20, 0x0000001d, 0x00001404,
	0xa3060700, 0x02000c02, 0x0000001d, 0x00001804,
	0x13060700, 0x01000b20, 0x0000001d, 0x00005804,
	0x20220700, 0x0012c4fc, 0x00000026, 0x0012000c,
	0x00133446, 0x76730038, 0x0b002300, 0x001d0200,
	0x50040000, 0x07000000, 0xca4a0072, 0x002a0012,
	0x000c0000, 0x34700012, 0x00380013, 0x75736572,
	0x2300746c, 0x02000b00, 0x0000001d, 0x00004004,
	0x00720700, 0x0012c9b7, 0x00000025, 0x0012000c,
	0x00133495, 0x006d0038, 0x000b0023, 0x00001d02,
	0x00200400, 0x72070000, 0x12c96100, 0x00002500,
	0x12000c00, 0x1334ba00, 0x6f003800, 0x00567475,
	0x00050023, 0x00001001, 0x05008300, 0xc9b70100,
	0x00240012, 0x000c0000, 0x34de0012, 0x00380013,
	0x00746f72, 0x00050023, 0x00001101, 0x05008300,
	0xc9b70100, 0x00040012, 0x00740000, 0x00140000,
	0x35ee0012, 0x00380013, 0x4d454645, 0x595f5f5f,
	0x58325a58, 0x11005a59, 0x0772f001, 0xc0012180,
	0x06800773, 0x05aa8401, 0x0c204300, 0x001d0200,
	0x10040000, 0x07000000, 0x0c205306, 0x001d0200,
	0x14040000, 0x07000000, 0x0c02a306, 0x001d0200,
	0x18040000, 0x07000000, 0x0b201306, 0x001d0100,
	0x48040000, 0x07000000, 0xc4fc2022, 0x00260012,
	0x000c0000, 0x357c0012, 0x00380013, 0x23007673,
	0x02000b00, 0x0000001d, 0x00004004, 0x00720700,
	0x0012ca4a, 0x00000025, 0x0012000c, 0x001335a1,
	0x006d0038, 0x000b0023, 0x00001d02, 0x00200400,
	0x72070000, 0x12c96100, 0x00002400, 0x12000c00,
	0x1335c500, 0x72003800, 0x2300746f, 0x01000500,
	0x00000011, 0x00050083, 0x12c9b701, 0x00002500,
	0x12000c00, 0x1335ea00, 0x6f003800, 0x00567475,
	0x00050023, 0x00001001, 0x05008300, 0xc9b70100,
	0x00040012, 0x00700000, 0x00140000, 0x36f90012,
	0x00380013, 0x4d454645, 0x4d5f5f5f, 0x11006c75,
	0x0771f001, 0xf0012180, 0x06800772, 0x05aafa01,
	0x0c204300, 0x001d0200, 0x10040000, 0x07000000,
	0x0c205306, 0x001d0200, 0x14040000, 0x07000000,
	0x0c02a306, 0x001d0200, 0x18040000, 0x07000000,
	0x0b201306, 0x001d0100, 0x30040000, 0x07000000,
	0xc4fc2022, 0x00270012, 0x000c0000, 0x36850012,
	0x00380013, 0x0065706f, 0x000b0023, 0x00001d02,
	0x00280400, 0x72070000, 0x12ca4a00, 0x00002700,
	0x12000c00, 0x1336ac00, 0x73003800, 0x23006372,
	0x02000b00, 0x0000001d, 0x00002004, 0x00720700,
	0x0012ca4a, 0x00000024, 0x0012000c, 0x001336d0,
	0x6e690038, 0x00230056, 0x11010005, 0x83000000,
	0x01000500, 0x0012c9b7, 0x00000025, 0x0012000c,
	0x001336f5, 0x756f0038, 0x23005674, 0x01000500,
	0x00000010, 0x00050083, 0x12c9b701, 0x00000400,
	0x00007f00, 0x12001400, 0x13380a00, 0x45003800,
	0x5f4d4546, 0x7465535f, 0x6f666e49, 0x65726150,
	0x1100746e, 0x076e0401, 0x54012180, 0x0680076f,
	0x05ab9801, 0x0c204300, 0x001d0200, 0x00040000,
	0x07000000, 0x0c205306, 0x001d0200, 0x04040000,
	0x07000000, 0x0c206306, 0x001d0200, 0x08040000,
	0x07000000, 0x0b201306, 0x001d0100, 0x18040000,
	0x07000000, 0xd75d2022, 0x20220012, 0x0012c4fc,
	0x00000026, 0x0012000c, 0x0013379e, 0x69730038,
	0x2300657a, 0x02000b00, 0x0000001d, 0x00001404,
	0x00550700, 0x0021000a, 0x000c0000, 0x37bf0012,
	0x00380013, 0x44444164, 0x00230052, 0x12010005,
	0x55000000, 0x27000a00, 0x0c000000, 0xe6001200,
	0x38001337, 0x64646100, 0x756f5f72, 0x46554274,
	0x05002300, 0x00110100, 0x00550000, 0x0020000a,
	0x000c0000, 0x38060012, 0x00380013, 0x00230070,
	0x10010005, 0x63000000, 0x01000300, 0x0004000a,
	0x00940000, 0x00140000, 0x395b0012, 0x00380013,
	0x4d454645, 0x4d5f5f5f, 0x6c65646f, 0x7465475f,
	0x6e696f4a, 0x736f5074, 0x24011100, 0x2180076d,
	0x076e0401, 0x90010680, 0x430005ac, 0x02000c20,
	0x0000001d, 0x00001004, 0x53060700, 0x02000c20,
	0x0000001d, 0x00001404, 0x63060700, 0x02000c20,
	0x0000001d, 0x00001804, 0xa3060700, 0x02000c02,
	0x0000001d, 0x00001c04, 0x13060700, 0x01000b20,
	0x0000001d, 0x00004804, 0x20220700, 0x0012d577,
	0xc4fc2022, 0x00260012, 0x000c0000, 0x38c40012,
	0x00380013, 0x23007673, 0x02000b00, 0x0000001d,
	0x00004004, 0x00720700, 0x0012ca4a, 0x00000025,
	0x0012000c, 0x001338e9, 0x006d0038, 0x000b0023,
	0x00001d02, 0x00200400, 0x72070000, 0x12c96100,
	0x00002600, 0x12000c00, 0x13390f00, 0x6f003800,
	0x61567475, 0x05002300, 0x00110100, 0x00830000,
	0xb7010005, 0x260012c9, 0x0c000000, 0x35001200,
	0x38001339, 0x74756f00, 0x23007456, 0x01000500,
	0x00000010, 0x00050083, 0x12c9b701, 0x00002200,
	0x12000c00, 0x13395700, 0x6e003800, 0x6e696f4a,
	0x00230074, 0x12010005, 0x55000000, 0x04000a00,
	0x20000000, 0x01000000, 0x7b001200, 0xa3001339,
	0x00001000, 0x0000000a, 0x00030000, 0x55080000,
	0x2c000100, 0x0c000000, 0xa7001200, 0x38001339,
	0x62615400, 0x5f5f656c, 0x4c444d45, 0x0078645f,
	0x00050023, 0x13cb6003, 0x5b007280, 0x20001339,
	0x01000000, 0xc7001200, 0xa3001339, 0x00001000,
	0x0000000a, 0x00030000, 0x55080000, 0x2c000100,
	0x0c000000, 0xf3001200, 0x38001339, 0x62615400,
	0x5f5f656c, 0x4c444d45, 0x0079645f, 0x00050023,
	0x13cb6403, 0xa7007280, 0x91001339, 0x14000000,
	0x9e001200, 0x3800133b, 0x45464500, 0x5f5f5f4d,
	0x77617244, 0x656e694c, 0x54011100, 0x2180076f,
	0x0771f001, 0x24010680, 0x430005ad, 0x02000c20,
	0x0000001d, 0x00002004, 0x53060700, 0x02000c20,
	0x0000001d, 0x00002404, 0x63060700, 0x02000c20,
	0x0000001d, 0x00002804, 0xa3060700, 0x02000c02,
	0x0000001d, 0x00002c04, 0x13060700, 0x01000b20,
	0x0000001d, 0x00004804, 0x20220700, 0x0013397b,
	0x39c72022, 0x20220013, 0x0012c4fc, 0x0000001d,
	0x0012000c, 0x00133aa1, 0x00690038, 0x00050023,
	0x00001101, 0x0a005500, 0x00002600, 0x12000c00,
	0x133ac700, 0x66003800, 0x0067616c, 0x000b0023,
	0x00001d02, 0x00440400, 0x55070000, 0x1f000a00,
	0x0c000000, 0xe6001200, 0x3800133a, 0x7a746f00,
	0x05002300, 0x00120100, 0x00550000, 0x0024000a,
	0x000c0000, 0x3b0a0012, 0x00380013, 0x00424752,
	0x00050023, 0x00001001, 0x05008300, 0xc9b70100,
	0x00240012, 0x000c0000, 0x3b2e0012, 0x00380013,
	0x23003179, 0x02000b00, 0x0000001d, 0x00004004,
	0x00550700, 0x0024000a, 0x000c0000, 0x3b520012,
	0x00380013, 0x23003178, 0x02000b00, 0x0000001d,
	0x00003c04, 0x00550700, 0x0024000a, 0x000c0000,
	0x3b760012, 0x00380013, 0x23003079, 0x02000b00,
	0x0000001d, 0x00003804, 0x00550700, 0x0024000a,
	0x000c0000, 0x3b9a0012, 0x00380013, 0x23003078,
	0x02000b00, 0x0000001d, 0x00003404, 0x00550700,
	0x0004000a, 0x00120000, 0x00130000, 0x3cba0012,
	0x00b60013, 0x00000020, 0x00000020, 0x0012000d,
	0x00133bd0, 0x70760038, 0x00550078, 0x0023000a,
	0x00040006, 0x07000000, 0x00000020, 0x0012000d,
	0x00133bf0, 0x70760038, 0x00550079, 0x0023000a,
	0x04040006, 0x07000000, 0x00000020, 0x0012000d,
	0x00133c10, 0x70760038, 0x0055007a, 0x0023000a,
	0x08040006, 0x07000000, 0x00000020, 0x0012000d,
	0x00133c30, 0x72760038, 0x00550078, 0x0023000a,
	0x0c040006, 0x07000000, 0x00000020, 0x0012000d,
	0x00133c50, 0x72760038, 0x00550079, 0x0023000a,
	0x10040006, 0x07000000, 0x00000020, 0x0012000d,
	0x00133c70, 0x72760038, 0x0055007a, 0x0023000a,
	0x14040006, 0x07000000, 0x0000001f, 0x0012000d,
	0x00133c8f, 0x7a720038, 0x0a005500, 0x06002300,
	0x00180400, 0x27070000, 0x0d000000, 0xb6001200,
	0x3800133c, 0x70757300, 0x83007265, 0x01000500,
	0x0012cb60, 0x00060023, 0x00001c04, 0x00040700,
	0x00250000, 0x00070000, 0x3cdf0012, 0x00380013,
	0x45464567, 0x0056525f, 0x00050023, 0x1468ac03,
	0x9e007280, 0x2d00133b, 0x0c000000, 0x0c001200,
	0x3800133d, 0x63616200, 0x5f70756b, 0x4353675f,
	0x4f5f4e52, 0x23005946, 0x03000500, 0x8013d4d0,
	0x000a0055, 0x0000002d, 0x0012000c, 0x00133d39,
	0x61620038, 0x70756b63, 0x53675f5f, 0x5f4e5243,
	0x0058464f, 0x00050023, 0x13d4d403, 0x0a005580,
	0x00003000, 0x12000c00, 0x133d6900, 0x62003800,
	0x756b6361, 0x475f5f70, 0x4d535773, 0x49525441,
	0x00230058, 0xb8030005, 0x7280086a, 0x12c96100,
	0x00007e00, 0x12001400, 0x133de700, 0x45003800,
	0x5f4d4546, 0x65535f5f, 0x66664574, 0x56746365,
	0x00776569, 0x6c600111, 0x01218007, 0x80076d24,
	0xadd60106, 0x02a30005, 0x1d02000c, 0x04000000,
	0x00000010, 0x20130607, 0x1d01000b, 0x04000000,
	0x00000018, 0x6d202207, 0x220012e8, 0x12e89220,
	0xba202200, 0x2200133c, 0x133cdf20, 0x0c202200,
	0x2200133d, 0x133d3920, 0x6b202200, 0x800012e7,
	0x14000000, 0x67001200, 0x3800133e, 0x45464500,
	0x5f5f5f4d, 0x65736552, 0x66664574, 0x56746365,
	0x00776569, 0x6bd40111, 0x01218007, 0x80076c60,
	0xae740106, 0x02a30005, 0x1d02000c, 0x04000000,
	0x00000010, 0x20130607, 0x1d01000b, 0x04000000,
	0x00000018, 0x6b202207, 0x220012e7, 0x133d3920,
	0x6d202200, 0x220012e8, 0x133cdf20, 0x92202200,
	0x220012e8, 0x133d0c20, 0x9d202200, 0x9000130d,
	0x14000000, 0xf8001200, 0x38001340, 0x45464500,
	0x5f5f5f4d, 0x77617244, 0x00345446, 0x66900111,
	0x01218007, 0x80076bd4, 0xaed60106, 0x20430005,
	0x1d02000c, 0x04000000, 0x00000010, 0x20530607,
	0x1d02000c, 0x04000000, 0x00000014, 0x20630607,
	0x1d02000c, 0x04000000, 0x00000018, 0x02a30607,
	0x1d02000c, 0x04000000, 0x0000001c, 0x20130607,
	0x1d01000b, 0x04000000, 0x00000050, 0x42202207,
	0x00000000, 0x00000000, 0x00000000, 0x00000000,
	0x00000000, 0x00000000, 0x00000000, 0x00000000,
	0x00000000, 0x00000000, 0x00000000, 0x00000000,
	0x00000000, 0x00000000, 0x00000000, 0x00000000,
	0x00000000, 0x00000000, 0x00000000, 0x00000000,
	0x00000000, 0x00000000, 0x00000000, 0x00000000,
	0x00000000, 0x00000000, 0x00000000, 0x00000000,
	0x00000000, 0x00000000, 0x00000000, 0x00000000,
	0x00000000, 0x00000000, 0x00000000, 0x00000000,
	0x00000000, 0x00000000, 0x00000000, 0x00000000,
	0x00000000, 0x00000000, 0x00000000, 0x00000000,
	0x00000000, 0x00000000, 0x00000000, 0x00000000,
	0x00000000, 0x00000000, 0x00000000, 0x00000000,
	0x00000000, 0xac4308f0, 0x8e030024, 0x8f820000,
	0x00000000, 0xac4308d4, 0x8e030028, 0x8f820000,
	0x00000000, 0xac4308d8, 0x8e03002c, 0x8f820000,
	0x00000000, 0xac4308dc, 0x8f820000, 0x00000000,
	0xac400904, 0x24030003, 0x8f820000, 0x00000000,
	0xac430910, 0x8e02001c, 0x24010001, 0x14410005,
	0x00000000, 0x240200c8, 0xafa200f0, 0x10000003,
	0x00000000, 0x24020190, 0xafa200f0, 0x8fa200f0,
	0x00000000, 0xafa20010, 0x8e040014, 0x00002821,
	0x24060014, 0x24070064, 0x0c000000, 0x00000000,
	0x00021400, 0x00021403, 0xa7820004, 0xa7a00030,
	0x3c010000, 0x8c220004, 0x00000000, 0x84420072,
	0x00000000, 0x20420800, 0x00021400, 0x00021403,
	0xa7a20032, 0x2402ff38, 0xa7a20034, 0x27a40030,
	0x27a50038, 0x0c000000, 0x00000000, 0x8f820000,
	0x27a40038, 0x27850000, 0x244608f4, 0x0c000000,
	0x00000000, 0x24040008, 0x00002821, 0x0c000000,
	0x00000000, 0x8f820000, 0x00000000, 0xac400914,
	0x24020008, 0xae020004, 0x2402ffff, 0xae020008,
	0x100005ac, 0x00000000, 0x8f820000, 0x00002021,
	0x244508d4, 0x24060028, 0x2407001e, 0x0c000000,
	0x00000000, 0x8f820000, 0x00000000, 0x30420010,
	0x10400005, 0x00000000, 0x0c000000, 0x00000000,
	0x10000008, 0x00000000, 0x8f820000, 0x24040010,
	0x244508d4, 0x24060028, 0x2407001e, 0x0c000000,
	0x00000000, 0x8f820000, 0x00000000, 0x00401827,
	0x8f820000, 0x00000000, 0x00431024, 0x30420020,
	0x10400007, 0x00000000, 0x8f820000, 0x00000000,
	0xac4008f4, 0x8f820000, 0x00000000, 0xac4008fc,
	0x8f820000, 0x00000000, 0x8c4208d8, 0x00000000,
	0x0441000c, 0x00000000, 0x8f820000, 0x00000000,
	0x00401827, 0x8f820000, 0x00000000, 0x00431024,
	0x30420040, 0x10400577, 0x00000000, 0x1000fe94,
	0x00000000, 0x0c000000, 0x00000000, 0x8f820000,
	0x00000000, 0xac4008d8, 0x8f830000, 0x3c021f80,
	0x34450028, 0x3c021f80, 0x3446002c, 0x246408d4,
	0x0c000000, 0x00000000, 0x1040fe85, 0x00000000,
	0x3c021f80, 0x34420028, 0x8c440000, 0x3c021f80,
	0x3442002c, 0x8c450000, 0x0c000000, 0x00000000,
	0x1040fe7b, 0x00000000, 0x3c021f80, 0x34420028,
	0x8c440000, 0x3c021f80, 0x3442002c, 0x8c450000,
	0x8f820000, 0x00000000, 0x8c420960, 0x00000000,
	0x8c420020, 0x00000000, 0x0040f809, 0x00000000,
	0x1040fe6b, 0x00000000, 0x24040008, 0x24050002,
	0x0c000000, 0x00000000, 0x8f820000, 0x00000000,
	0x8c4308d4, 0x8e020024, 0x00000000, 0x00622022,
	0x8f820000, 0x00000000, 0x8c4308dc, 0x8e02002c,
	0x00000000, 0x00623022, 0x00002821, 0x0c000000,
	0x00000000, 0x24020001, 0x3c010000, 0xa022002f,
	0x8f820000, 0x00000000, 0x244408d4, 0x24050007,
	0x0c000000, 0x00000000, 0x8f820000, 0x00000000,
	0xac4008f0, 0x24020009, 0xae020004, 0x2402ffff,
	0xae020008, 0x10000527, 0x00000000, 0x8f820000,
	0x00000000, 0x30420020, 0x10400097, 0x00000000,
	0x8f820000, 0x00000000, 0x00401827, 0x8f820000,
	0x00000000, 0x00431024, 0x30420020, 0x14400007,
	0x00000000, 0x3c010000, 0x90220030, 0x00000000,
	0x30420001, 0x14400006, 0x00000000, 0x3c040000,
	0x24840000, 0x24050020, 0x0c000000, 0x00000000,
	0x8e030024, 0x8f820000, 0x00000000, 0x8c4208d4,
	0x00000000, 0x00622822, 0x8e03002c, 0x8f820000,
	0x00000000, 0x8c4208dc, 0x00000000, 0x00623822,
	0x27a40058, 0x00003021, 0x0c000000, 0x00000000,
	0x27a40058, 0x27a50080, 0x0c000000, 0x00000000,
	0x8e030024, 0x8e020034, 0x00000000, 0x00621022,
	0xafa20060, 0x8e030028, 0x8e020038, 0x00000000,
	0x00621022, 0xafa20064, 0x8e03002c, 0x8e02003c,
	0x00000000, 0x00621022, 0xafa20068, 0x27a40080,
	0x27a50060, 0x27a60070, 0x0c000000, 0x00000000,
	0xafa00070, 0xafa00074, 0x8fa20078, 0x00000000,
	0x1840001b, 0x00000000, 0x27a40080, 0x27a50070,
	0x27a60060, 0x0c000000, 0x00000000, 0x8f840000,
	0x00000000, 0x8c8308d4, 0x8fa20060, 0x00000000,
	0x00621020, 0xac8208d4, 0x8f840000, 0x00000000,
	0x8c8308d8, 0x8fa20064, 0x00000000, 0x00621020,
	0xac8208d8, 0x8f840000, 0x00000000, 0x8c8308dc,
	0x8fa20068, 0x00000000, 0x00621020, 0xac8208dc,
	0x8e020018, 0x00000000, 0x10400060, 0x00000000,
	0x8e020008, 0x00000000, 0x2841001f, 0x1420005b,
	0x00000000, 0x8e030008, 0x24020014, 0x0062001a,
	0x00001010, 0x14400055, 0x00000000, 0x24040001,
	0x24052710, 0x0c000000, 0x00000000, 0x284103e9,
	0x1020004e, 0x00000000, 0x00002021, 0x24050063,
	0x0c000000, 0x00000000, 0x304200ff, 0xa3a200ff,
	0x00008821, 0x1000000c, 0x00000000, 0x93a400ff,
	0x00111840, 0x3c020000, 0x24420000, 0x00431021,
	0x90420001, 0x00000000, 0x0044082b, 0x10200005,
	0x00000000, 0x22310001, 0x2e210006, 0x1420fff3,
	0x00000000, 0x2e210006, 0x14200002, 0x00000000,
	0x2231ffff, 0x00111840, 0x3c020000, 0x24420000,
	0x00431021, 0x90420000, 0x00000000, 0xae020010,
	0x10000414, 0x00000000, 0x8f820000, 0x00000000,
	0x00401827, 0x8f820000, 0x00000000, 0x00431024,
	0x30420020, 0x14400007, 0x00000000, 0x3c010000,
	0x90220030, 0x00000000, 0x30420001, 0x14400006,
	0x00000000, 0x3c040000, 0x24840000, 0x2405001f,
	0x0c000000, 0x54544142, 0x422e454c, 0x0a0d4e49,
	0x44415453, 0x2e4d5549, 0x0d4e4942, 0x5349460a,
	0x474e4948, 0x4e49422e, 0x56450a0d, 0x45564c4f,
	0x4e49422e, 0x414b0a0d, 0x4e495252, 0x49422e47,
	0x560a0d4e, 0x49422e53, 0x4d0a0d4e, 0x4549564f,
	0x4e49422e, 0x6f440a0d, 0x2e32414f, 0x0d4e4942,
	0x4f6f440a, 0x49422e41, 0x540a0d4e, 0x422e4e52,
	0x0a0d4e49, 0x504f4853, 0x4e49422e, 0x47440a0d,
	0x422e5445, 0x0a0d4e49, 0x324e5254, 0x4e49422e,
	0x554d0a0d, 0x52454452, 0x4e49422e, 0x4e450a0d,
	0x474e4944, 0x4e49422e, 0x61450a0d, 0x49422e42,
	0x000a0d4e, 0x00000000, 0x00000000, 0x00000000,
	0x00000000, 0x00000000, 0x00000000, 0x00000000,
	0x00000000, 0x00000000, 0x00000000, 0x00000000,
	0x00000000, 0x00000000, 0x00000000, 0x00000000,
	0x00000000, 0x00000000, 0x00000000, 0x00000000,
	0x00000000, 0x00000000, 0x00000000, 0x00000000,
	0x00000000, 0x00000000, 0x00000000, 0x00000000,
	0x00000000, 0x00000000, 0x00000000, 0x00000000,
	0x00000000, 0x00000000, 0x00000000, 0x00000000,
	0x00000000, 0x00000000, 0x00000000, 0x00000000,
	0x00000000, 0x00000000, 0x00000000, 0x00000000,
	0x00000000, 0x00000000, 0x00000000, 0x00000000,
	0x00000000, 0x00000000, 0x00000000, 0x00000000,
	0x00000000, 0x00000000, 0x00000000, 0x00000000,
	0x00000000, 0x00000000, 0x00000000, 0x00000000,
	0x00000000, 0x00000000, 0x00000000, 0x00000000,
	0x00000000, 0x00000000, 0x00000000, 0x00000000,
	0x00000000, 0x00000000, 0x00000000, 0x00000000,
	0x00000000, 0x00000000, 0x00000000, 0x00000000,
	0x00000000, 0x00000000, 0x00000000, 0x00000000,
	0x00000000, 0x00000000, 0x00000000, 0x00000000,
	0x00000000, 0x049b01e8, 0x05b401ee, 0x065201df,
	0x067701de, 0x05ff0258, 0x0563026c, 0x04e701af,
	0x0481013e, 0x045b0164, 0x0469022f, 0x044d02a3,
	0x04810286, 0x04e60251, 0x04c201fc, 0x04860112,
	0x04b4ff65, 0x051bfe04, 0x0592fd27, 0x05d6fc57,
	0x05a9fb46, 0x053dfaa3, 0x050afa89, 0x051ffb00,
	0x045afb58, 0x033cfb1a, 0x02c6fac8, 0x02e8fa9c,
	0x02dcfa9d, 0x0296fa64, 0x0254fa3b, 0x01bbfa3a,
	0x010ef9fd, 0xffa1f99a, 0xfddaf89e, 0xfc57f78e,
	0xfb7df6b8, 0xfb36f5f4, 0xfb60f548, 0xfc20f50e,
	0xfd40f56c, 0xfe56f63a, 0xff0ef718, 0xff4bf78d,
	0xff0cf7ea, 0xfe27f7c0, 0xfcbcf756, 0xfb20f684,
	0xf9b2f539, 0xf8e8f424, 0xf848f38a, 0xf80bf37f,
	0xf825f42c, 0xf8c2f504, 0xf92af5c2, 0xf9b8f684,
	0xfa7df6a1, 0xfaf9f686, 0xfb0af673, 0xfab0f618,
	0xfa93f568, 0xfaaaf4f3, 0xfaa7f4d5, 0xf9f6f4d4,
	0xf974f551, 0xf8f7f602, 0xf8c2f6d0, 0xf8a0f718,
	0xf84af734, 0xf7baf789, 0xf778f781, 0xf840f759,
	0xf986f6fa, 0xfa90f6db, 0xfab2f77d, 0xfaa3f862,
	0xfb84f8cc, 0xfcf6f974, 0xfd85fa9a, 0xfd1ffc00,
	0xfcc0fcf7, 0xfd2efdae, 0xfdf7fe69, 0xfe35ff32,
	0xfe08ffdb, 0xfe8eff51, 0xff6afe97, 0xff2ffe45,
	0xfe29fdf2, 0xfdbafd07, 0xfe28fbb4, 0xfecefab5,
	0xfeccfb15, 0xfe4efc18, 0xfed7fd06, 0x0020fdfc,
	0x011dff65, 0x01640163, 0x018a02bb, 0x0188039a,
	0x014e043d, 0x00d9041c, 0x00330385, 0xffb802b8,
	0xff1a0199, 0xfe0b00b2, 0xfcbaffc4, 0xfbfbfeb5,
	0xfb67fdb0, 0xfa5dfd73, 0xf9a2fd80, 0xf9c8fd57,
	0xfa4afdfd, 0xfa7cff27, 0xfa940076, 0xfb1201a9,
	0xfbd20253, 0xfc4b02fd, 0xfbe90387, 0xfafe03c3,
	0xfa310355, 0xf94f0252, 0xf7d701be, 0xf663014c,
	0xf57c0097, 0xf4cd0049, 0xf4060036, 0xf3370041,
	0xf2d30014, 0xf2c9ff6b, 0xf399feeb, 0xf548fee0,
	0xf715ff19, 0xf91aff75, 0xfaef0000, 0xfc8300ef,
	0xfdf70201, 0xfefe02f5, 0xfebb03b7, 0xfcdb03cf,
	0xfac20344, 0xf92001cd, 0xf7f6007e, 0xf6edff9c,
	0xf64bfed5, 0xf68cfe23, 0xf7e6fda4, 0xf98afdc6,
	0xfad0fe6d, 0xfc51fec9, 0xfdebfedb, 0xfec5fefc,
	0xfea4fef9, 0xfe92ff09, 0xfe75ff11, 0xfe84ff24,
	0xfe93ff5b, 0xfdcdff88, 0xfc91ff45, 0xfbcdfec2,
	0xfba7fe2a, 0xfb34fd7f, 0xfaacfc1e, 0xfa3afacb,
	0xfa7ef9f8, 0xfbbdf9a7, 0xfd61fa03, 0xfe8cfaf1,
	0xfed6fc28, 0xfefffd22, 0xffa6fdc3, 0x00dbfdea,
	0x0172fe4c, 0x00d3feb5, 0x0015fe02, 0x0046fcae,
	0x0162fbf7, 0x0192fc0e, 0x013ffc2f, 0x00d3fb38,
	0x0087fa63, 0x006afa05, 0xffa2f9d0, 0xfe95f9b3,
	0xfddbf9a0, 0xfde8fa2b, 0xfe04fae4, 0xfe22fbe4,
	0xfe85fc8c, 0xff23fd3c, 0xff37fdac, 0xff35fd46,
	0xff19fc89, 0xfe80fb3f, 0xfda2fa01, 0xfcbdf877,
	0xfb91f6e4, 0xfaa6f5ad, 0xfa0af515, 0xf90df4e1,
	0xf852f4b5, 0xf855f4e6, 0xf86ef553, 0xf833f5ed,
	0xf81ff67a, 0xf848f71b, 0xf907f792, 0xf9bbf800,
	0xfa2af834, 0xf9edf819, 0xfa3af7bd, 0xfb58f775,
	0xfbb2f724, 0xfb40f6d9, 0xfac8f678, 0xfac3f63a,
	0xfa4cf684, 0xf9fff6d3, 0xf9f7f756, 0xfa05f7a4,
	0xfa46f7d3, 0xfa8af7e7, 0xfb23f7f3, 0xfbd0f7f6,
	0xfca6f7d3, 0xfd64f7ab, 0xfe16f7e4, 0xfe8ef80e,
	0xfe85f821, 0xfe42f855, 0xfe96f84e, 0xfef2f847,
	0xfe25f81a, 0xfc19f787, 0xfa25f619, 0xf960f518,
	0xf8a1f487, 0xf749f3f2, 0xf5edf390, 0xf5c5f31a,
	0xf6b2f337, 0xf78ef3c7, 0xf7f2f4a2, 0xf8abf53a,
	0xf9bff5a5, 0xf9c9f5e1, 0xf85bf61e, 0xf687f5c7,
	0xf593f520, 0xf534f4d7, 0xf422f4f1, 0xf2aaf534,
	0xf20ef4c1, 0xf2fcf4be, 0xf3d5f57b, 0xf38ef6e6,
	0xf34af7bf, 0xf358f837, 0xf3c3f90c, 0xf45bf9e0,
	0xf542fafe, 0xf66bfbee, 0xf769fcb1, 0xf7e8fd82,
	0xf8b1fe0a, 0xf9ddfe1f, 0xfaabfe6c, 0xf9e6fed7,
	0xf8a0ff07, 0xf89ffeba, 0xf993fe9e, 0xfa6aff84,
	0xfa460102, 0xfa950240, 0xfb5e02fd, 0xfc530387,
	0xfc95046d, 0xfc4004d1, 0xfbb60415, 0xfb500329,
	0xfb350234, 0xfb0b015a, 0xfb610091, 0xfbed0044,
	0xfc390064, 0xfc7100ac, 0xfcd700ee, 0xfce9011d,
	0xfd080113, 0xfd2b0118, 0xfdbe0103, 0xfe2d008c,
	0xfe0e005a, 0xfde0001e, 0xfe28004b, 0xfedc0091,
	0xfeb30080, 0xfddb003a, 0xfd62ff97, 0xfde9ff17,
	0xfe81fe93, 0xff04fe2a, 0xffbdfdf9, 0x0076fe0d,
	0x0175fe56, 0x0248feaa, 0x02d4ff62, 0x0357ffb9,
	0x03930010, 0x03a6004b, 0x036f0001, 0x03b8fff3,
	0x0470ffcc, 0x04c9ffb0, 0x043cffb1, 0x0387ffc1,
	0x0314ffdb, 0x02c9ff4c, 0x02ddfe7c, 0x02eefdd5,
	0x0314fd35, 0x0394fcd3, 0x0483fcde, 0x0532fcfe,
	0x05ebfd47, 0x0633fe04, 0x0554fea5, 0x03e1fef0,
	0x02cbfe83, 0x01f8fde0, 0x00fbfd0f, 0x000bfc7a,
	0xff5cfba7, 0xff93faea, 0x0035fb0c, 0x0071fbb1,
	0x006ffc6a, 0x005ffcf3, 0x0060fd8b, 0xfff4fd73,
	0xff23fd56, 0xfe5afd2e, 0xfe18fcb3, 0xfe39fc5b,
	0xfdadfc6e, 0xfcdefd02, 0xfc9efd78, 0xfd36fd9e,
	0xfd40fdb4, 0xfcdefe12, 0xfc55fe1f, 0xfc1afd2e,
	0xfc87fbbd, 0xfcf7fa7a, 0xfd25f9d6, 0xfce2f9b5,
	0xfc59f9ce, 0xfbecf9c6, 0xfca1f9d4, 0xfd0afa34,
	0xfcd6faf4, 0xfc74fb7d, 0xfc55fb9a, 0xfd3efc21,
	0xfe77fcaa, 0xfe9cfccb, 0xfe58fcd1, 0xfe46fc69,
	0xfdf8fbb7, 0xfd27fb1b, 0xfbd7f9ec, 0xfa54f849,
	0xf90bf6cb, 0xf801f5de, 0xf6c2f54a, 0xf643f53b,
	0xf66af59e, 0xf6fbf634, 0xf764f709, 0xf7ecf7c6,
	0xf86bf8a2, 0xf898f925, 0xf8f1f932, 0xf8e1f917,
	0xf89cf8bd, 0xf82df858, 0xf73df808, 0xf65af7c1,
	0xf60bf74b, 0xf5b5f6d9, 0xf54bf6b0, 0xf506f66b,
	0xf505f62c, 0xf575f66b, 0xf626f71c, 0xf709f7e5,
	0xf7eff8d3, 0xf8f5f9d6, 0xfa14fabc, 0xfb14fbae,
	0xfba8fca0, 0xfbb3fd26, 0xfba8fcbb, 0xfba9fc90,
	0xfb53fcaa, 0xfa8afca9, 0xfa00fc56, 0xf9a2fc1b,
	0xf92cfc48, 0xf899fcf0, 0xf7fffd56, 0xf760fcdc,
	0xf6c5fc84, 0xf698fcca, 0xf60efd82, 0xf5adfd9f,
	0xf588fda8, 0xf55efdd2, 0xf5c8fe5d, 0xf5a7fecb,
	0xf4bbfe51, 0xf410fd65, 0xf3f1fc92, 0xf349fbf0,
	0xf1ebfb42, 0xf10dfa3e, 0xf117f9f9, 0xf1a8fa72,
	0xf24dfb3a, 0xf271fc35, 0xf33cfd29, 0xf4c9fe4b,
	0xf598fef8, 0xf5adff16, 0xf5bffee6, 0xf63bfef8,
	0xf716fea2, 0xf7e4fe30, 0xf860fe2b, 0xf8eafe51,
	0xf9bffe1c, 0xfadbfd72, 0xfb27fd4c, 0xfaabfdc2,
	0xfa56fdc4, 0xfa59fd6a, 0xfaeefce4, 0xfbabfd47,
	0xfc8bfea2, 0xfd9cff71, 0xff0effcc, 0x00fb004a,
	0x02790100, 0x03470122, 0x035600c0, 0x030dffc1,
	0x0351fef2, 0x0403fe50, 0x0444fdc3, 0x040efcd2,
	0x0427fc22, 0x047bfbdc, 0x0477fb68, 0x03e3faf0,
	0x02e0fa56, 0x01b1f9f1, 0x00d9f8cc, 0x001cf81d,
	0xff7bf7f4, 0xffbaf829, 0x0045f82b, 0x0062f7fd,
	0x00baf795, 0x011af78b, 0x00cff7ef, 0x0056f748,
	0xffe1f67a, 0xff51f610, 0xff0cf5f8, 0xfeb5f5bd,
	0xfde8f5af, 0xfda1f5b3, 0xfde8f5d1, 0xfdb8f640,
	0xfcd0f6a6, 0xfc65f6bc, 0xfc9ff6e0, 0xfce8f75f,
	0xfd57f800, 0xfe06f89a, 0xfed6f968, 0x003efa0a,
	0x01ddf9c9, 0x0286f91b, 0x026df88f, 0x022af7f9,
	0x019af76e, 0x0098f719, 0xfff3f6da, 0xff37f6c4,
	0xfe41f744, 0xfd79f819, 0xfcf8f8ed, 0xfc9ff9e8,
	0xfbfdfa59, 0xfb63fa95, 0xfb2efac5, 0xfad1faed,
	0xfad1fb26, 0xfb52fae5, 0xfbbffabd, 0xfc63fb1d,
	0xfcdcfb2f, 0xfc8dfad7, 0xfbb9fa6c, 0xfb43fa0f,
	0xfaecf979, 0xfa49f8ff, 0xf935f8d9, 0xf8e6f8e3,
	0xf9bcf9ab, 0xfaf6faf9, 0xfbc3fc20, 0xfc64fcdb,
	0xfd13fd65, 0xfd90fd97, 0xfd61fd0c, 0xfc2dfbe1,
	0xfb34fa3f, 0xfae9f87f, 0xfb28f71b, 0xfae4f63b,
	0xfa77f5b9, 0xfad3f5d2, 0xfbc5f644, 0xfc69f6e9,
	0xfc5ff831, 0xfc6ef932, 0xfc9df9a6, 0xfd14f989,
	0xfd76f9a0, 0xfd36f9de, 0xfd19f9a4, 0xfd1cf8fe,
	0xfd46f7f6, 0xfd5ff75b, 0xfcf9f6f0, 0xfc55f672,
	0xfbfbf5ae, 0xfc6bf521, 0xfd59f55c, 0xfe0ff651,
	0xfe27f751, 0xfe4df83b, 0xfe8cf945, 0xfe87fa47,
	0xfdb9fb2e, 0xfc97fbe6, 0xfb84fc56, 0xfab5fc04,
	0xfa2ffb56, 0xf991fa90, 0xf975fa5d, 0xf990fa94,
	0xf97afa77, 0xf95afa5a, 0xf958fabe, 0xf951fb9f,
	0xf95dfcb7, 0xf9a1fd94, 0xfa4dfe3f, 0xfb62ff08,
	0xfc0d0018, 0xfc2100e6, 0xfc380171, 0xfc6d0212,
	0xfc8f02a8, 0xfc26031a, 0xfb750337, 0xfba00344,
	0xfc54030b, 0xfd3c02df, 0xfdfc0281, 0xfec30231,
	0x0013020d, 0x016e022d, 0x022f027c, 0x01b302bd,
	0x01680330, 0x01cb035f, 0x01e303f5, 0x0167044f,
	0x007804a7, 0xffd104ca, 0xff8104ba, 0xfeb604e4,
	0xfdb70509, 0xfce70524, 0xfc8f04c7, 0xfcee0447,
	0xfd060418, 0xfd6503c1, 0xfdf80339, 0xfe4802b4,
	0xfe600248, 0xfde401fd, 0xfcb401b4, 0xfb3b016a,
	0xfa0c00e3, 0xf8cc00f4, 0xf7eb00db, 0xf7ee003b,
	0xf8a3ffc8, 0xfa0fffc7, 0xfb49ffba, 0xfbfaffad,
	0xfc91ff29, 0xfcfffeaa, 0xfceafe58, 0xfba3fd4d,
	0xfa55fc36, 0xf999faa0, 0xf914f9b3, 0xf93af925,
	0xf9bdf8f6, 0xfa44f92f, 0xfb62f998, 0xfcf5fa53,
	0xfdeefb0e, 0xfe48fc1a, 0xfeb8fce3, 0xff1afd1a,
	0xff91fc5d, 0x0007fb6a, 0xffacfadb, 0xfeb8fa71,
	0xfe54f9a3, 0xfef6f8c1, 0xfef4f8bf, 0xfe32f8bb,
	0xfd47f893, 0xfd55f875, 0xfe63f818, 0xff46f868,
	0xffd3f8f6, 0x0029f920, 0x00ebf905, 0x0167f91f,
	0x014bf93a, 0x00d6f920, 0x0029f8ca, 0xff67f822,
	0xfe6ff717, 0xfd2df5f1, 0xfc75f515, 0xfc72f440,
	0xfc43f41f, 0xfbdef44a, 0xfc15f46f, 0xfccff4be,
	0xfd4af541, 0xfdb9f5d9, 0xfe11f65e, 0xfe60f6e9,
	0xfee3f766, 0xfedbf7e6, 0xfe5cf821, 0xfe07f83f,
	0xfe4ff824, 0xfe3ef7f2, 0xfd9df7b0, 0xfda9f6f9,
	0xfde3f652, 0xfe1bf5cc, 0xfe3ef5da, 0xfe2cf600,
	0xfe1bf64e, 0xfe6bf746, 0xfed1f86d, 0xfe57f9a4,
	0xfd6ffa5e, 0xfd5ffae3, 0xfd7efb8e, 0xfd4afc3c,
	0xfcc6fc44, 0xfbc1fc5a, 0xfae5fc57, 0xfa89fc5f,
	0xfa7afca9, 0xfa17fcf9, 0xf960fd7f, 0xf8bffd7d,
	0xf888fd13, 0xf8d8fcd0, 0xf8d2fcfd, 0xf823fd75,
	0xf704fe3e, 0xf60bfed7, 0xf513ffae, 0xf38f006b,
	0xf2210037, 0xf187ffce, 0xf18cff41, 0xf18bfe76,
	0xf198fd43, 0xf222fbc2, 0xf373fb0d, 0xf45bfb81,
	0xf458fcb6, 0xf439fda4, 0xf450fe9d, 0xf3a8fff1,
	0xf22900ce, 0xf0920145, 0xef8200bb, 0xef35ffb1,
	0xef30fe97, 0xeef7fdcf, 0xeef3fd73, 0xf00ffcf7,
	0xf12efd23, 0xf1dcfcf5, 0xf2e6fcff, 0xf4b4fd95,
	0xf64efdd9, 0xf71ffdc0, 0xf78dfd7e, 0xf7bcfda4,
	0xf81dfe1b, 0xf8dafed4, 0xf902ff7a, 0xf8240029,
	0xf79100bc, 0xf7c90060, 0xf8fdff87, 0xfae7ff32,
	0xfc83ff42, 0xfdc8ff8c, 0xff97ff18, 0x0209fe9f,
	0x036bff68, 0x039600d3, 0x03a50192, 0x03cf0148,
	0x03830110, 0x029500fd, 0x01ac009b, 0x01de0008,
	0x02eeff9c, 0x033fff7c, 0x0331ff7e, 0x03c3ffac,
	0x04efffe1, 0x063f0031, 0x06ec009b, 0x075e0063,
	0x0831002a, 0x0947000a, 0x097dff82, 0x0932fedb,
	0x0997fe1a, 0x09defd95, 0x0978fd10, 0x08e9fc67,
	0x08e8fb91, 0x08c6fb75, 0x085dfbe1, 0x0819fc23,
	0x07a0fc5e, 0x0758fc59, 0x0771fce9, 0x06c1fd5b,
	0x0554fd66, 0x0483fcd4, 0x0442fc35, 0x0387fc1b,
	0x02f4fc7b, 0x02defcf6, 0x029afd1b, 0x0261fd4c,
	0x0212fd7e, 0x01a2fdf8, 0x0185fe7c, 0x015afed7,
	0x0076fec4, 0xff2afeac, 0xfdddff00, 0xfd0fff3d,
	0xfc40fee6, 0xfacffe73, 0xf8a4fdeb, 0xf674fd2a,
	0xf558fbc1, 0xf4dff9e1, 0xf420f836, 0xf31ff746,
	0xf2bdf6cd, 0xf3dff676, 0xf57cf6bf, 0xf620f7cd,
	0xf64ef954, 0xf702fa91, 0xf7a9fb73, 0xf728fbd9,
	0xf5d0fc38, 0xf43cfc4f, 0xf2f2fb53, 0xf204f9c6,
	0xf13bf85f, 0xf08bf6eb, 0xf0c5f5e6, 0xf23bf50b,
	0xf389f41e, 0xf40af38a, 0xf50cf330, 0xf726f3b5,
	0xf92cf54d, 0xfa28f6f9, 0xfa74f7e4, 0xfa30f887,
	0xf9fef9b6, 0xfa82faba, 0xfac4faed, 0xfa60fac4,
	0xf97ef9f5, 0xf8f4f8b4, 0xf991f706, 0xfb44f5e8,
	0xfc84f55e, 0xfcb7f54d, 0xfcfbf543, 0xfdfbf4f1,
	0xff4bf52a, 0xffc5f5fd, 0xff80f73c, 0xff40f812,
	0xff18f8a3, 0xfed1f8f4, 0xfe50f90b, 0xfe3bf905,
	0xfe6ef956, 0xfe31f95c, 0xfe4cf8b1, 0xfeabf7d4,
	0xfedcf758, 0xff1df6bd, 0xff86f642, 0xffc7f628,
	0x0012f57e, 0x006af5a8, 0x0037f5d8, 0xffd2f61c,
	0xffb7f6a2, 0xff74f712, 0xfecdf7e4, 0xfe62f844,
	0xfebef8f4, 0xfeb9f995, 0xfe36f9db, 0xfd9ffa50,
	0xfcfdfa7b, 0xfcc1fa9e, 0xfc91fb05, 0xfbd4fb7e,
	0xfa11fc03, 0xf92dfc37, 0xf91dfc83, 0xf8e5fd1a,
	0xf8fbfda0, 0xf947fe10, 0xf982fe6e, 0xf978fefb,
	0xfa12ff25, 0xfaa3ff81, 0xfab90065, 0xfa7801f9,
	0xf9a602e6, 0xf8af02a9, 0xf7e80236, 0xf73701d9,
	0xf617018c, 0xf4c3009f, 0xf32eff5c, 0xf1acfdec,
	0xf123fd0a, 0xf118fcd1, 0xf126fcad, 0xf18efcfc,
	0xf272fe01, 0xf435fe9d, 0xf61afee0, 0xf746ff42,
	0xf7f2ffe1, 0xf8c9fff3, 0xf94bffa2, 0xf895fef3,
	0xf7aafde5, 0xf6a7fd2e, 0xf5edfc63, 0xf56bfb4f,
	0xf4edf9d3, 0xf4a8f8bb, 0xf542f7c0, 0xf6a6f78c,
	0xf71ef7cf, 0xf6ddf7d9, 0xf789f7c5, 0xf9daf868,
	0xfbdaf9b1, 0xfcf7fae3, 0xfd3cfb91, 0xfd1efb48,
	0xfdcefad3, 0xff0efa49, 0xffa7f9e4, 0xfef6f97e,
	0xfe0cf8e3, 0xfdddf7a7, 0xfeb7f666, 0xffeaf602,
	0x00edf639, 0x019af6ae, 0x0271f700, 0x035ff739,
	0x03f9f7b6, 0x048bf8ee, 0x0553fa4d, 0x0604fb13,
	0x0663fba1, 0x069dfc75, 0x0716fd56, 0x0842fd86,
	0x08e0fd9b, 0x08eefda3, 0x0906fd5c, 0x08c0fd08,
	0x0886fc50, 0x08aafb03, 0x08fefa42, 0x0918fa14,
	0x08c3f9b1, 0x0844f991, 0x07eef9f2, 0x07a6fa92,
	0x079ffaba, 0x06d5fb45, 0x05affb9c, 0x056efbb8,
	0x05fcfbe5, 0x0639fbdd, 0x05d0fbb3, 0x0586fb8b,
	0x055dfb6d, 0x0574fb6f, 0x050afbb7, 0x03a3fba7,
	0x020afb37, 0x0119fa8e, 0x00ccfa7c, 0x0085fb38,
	0x000bfb9b, 0xffecfbf4, 0xffd1fc7e, 0xffd0fd04,
	0xffbefdc3, 0xff2efddc, 0xfe78fdff, 0xfdeafd9d,
	0xfcf2fc97, 0xfb29fb76, 0xf9a6faa7, 0xf8b3fa23,
	0xf78bf9af, 0xf5f6f972, 0xf469f936, 0xf33ff969,
	0xf279fa32, 0xf25cfaa1, 0xf2bbfa5f, 0xf348fa81,
	0xf449fac6, 0xf4eafae8, 0xf50cfa90, 0xf526fa72,
	0xf57ff9f6, 0xf51cf95f, 0xf415f8c4, 0xf354f7d4,
	0xf2baf712, 0xf2a5f66e, 0xf2c6f5bd, 0xf2bef51d,
	0xf2a0f569, 0xf30bf64e, 0xf3adf777, 0xf3a4f8a1,
	0xf37af95b, 0xf3ccf943, 0xf476f93e, 0xf58af960,
	0xf643f991, 0xf696f996, 0xf688f91c, 0xf68af88c,
	0xf6e6f869, 0xf72bf929, 0xf73dfa1f, 0xf6b1fadc,
	0xf699fb3a, 0xf7a2fb4d, 0xf8d6fba8, 0xf92afc67,
	0xf94ffcb7, 0xf9abfd21, 0xfa0afdcb, 0xf9c8fe39,
	0xf96ffe7f, 0xf9cfff07, 0xfafcffe0, 0xfc7c0097,
	0xfd3d0128, 0xfe7c014d, 0x004d017a, 0x01cb01c7,
	0x027a020d, 0x030b020d, 0x03a201fe, 0x041301eb,
	0x0439020e, 0x0446022e, 0x048f0288, 0x051302e4,
	0x057f02fb, 0x04f10333, 0x047a038d, 0x046d041b,
	0x043203fb, 0x03af03ea, 0x03f403a9, 0x047f03f5,
	0x05130481, 0x05e604ca, 0x066104f4, 0x06ae04f2,
	0x07170594, 0x075705f0, 0x06e90663, 0x064306f5,
	0x05b4070f, 0x05a40705, 0x05e106d1, 0x05bd06a9,
	0x052806b7, 0x043506bb, 0x034c05dc, 0x028a044a,
	0x019d02fa, 0x002d01ea, 0xfe790166, 0xfd7100fd,
	0xfd13ffae, 0xfccefe69, 0xfce9fea8, 0xfc4afef6,
	0xfab6fef3, 0xfa28fe9d, 0xf9d5fddd, 0xf8c2fd77,
	0xf745fd61, 0xf659fcff, 0xf5fcfc01, 0xf5fdfb4c,
	0xf5e5faba, 0xf4daf9e2, 0xf44af962, 0xf47af91c,
	0xf459f88b, 0xf312f7cf, 0xf22cf6f9, 0xf230f676,
	0xf20ff604, 0xf274f580, 0xf2acf4eb, 0xf248f49e,
	0xf241f4ab, 0xf2d9f4c4, 0xf2c7f4fb, 0xf1e8f57f,
	0xf19ff568, 0xf1d1f436, 0xf292f342, 0xf38bf2e1,
	0xf36cf2c7, 0xf2caf242, 0xf33cf0d0, 0xf491efbe,
	0xf504f00a, 0xf47df14b, 0xf3f5f236, 0xf4d7f26d,
	0xf6f0f2b9, 0xf8eff36d, 0xf9ecf4bd, 0xfab5f5ce,
	0xfc7bf632, 0xfe4ff661, 0xff2bf67f, 0xff30f6f4,
	0xff52f74c, 0x0015f719, 0x0100f6d0, 0x0194f604,
	0x0256f598, 0x0366f5e0, 0x044df638, 0x04f4f66c,
	0x05e5f6cc, 0x0664f838, 0x06b3f9c3, 0x074dfa6c,
	0x088efaa0, 0x095efaf8, 0x0976fb3c, 0x0981fb61,
	0x08d5faf9, 0x0880fa6d, 0x0847fa33, 0x073bfa3a,
	0x058efa1b, 0x04e7f9ca, 0x04f6f97b, 0x0478f99f,
	0x043ef9d3, 0x041cf9ee, 0x041ffa5e, 0x04d3fa9c,
	0x0501fbb2, 0x041dfce7, 0x0343fde1, 0x0340fe47,
	0x0392fe5c, 0x032dfe48, 0x01fbfe14, 0x0052fd7a,
	0xfe79fc02, 0xfcddfaae, 0xfac8f995, 0xf825f921,
	0xf5edf8d4, 0xf528f895, 0xf50df89a, 0xf4abf8fb,
	0xf4c1f9a7, 0xf53ffac8, 0xf54cfb9d, 0xf4affbff,
	0xf3bafc31, 0xf2bcfc94, 0xf1cffd36, 0xf0c8fd17,
	0xefd0fc8e, 0xef59fc11, 0xef89fc40, 0xef18fcbd,
	0xee62fca9, 0xee16fc55, 0xed79fc43, 0xec3dfc89,
	0xeaf3fccb, 0xea1afcf3, 0xea15fc5b, 0xeaa1fc3f,
	0xeb1afcb7, 0xeb6efc93, 0xec70fc4b, 0xedecfbbc,
	0xeec2fbd8, 0xeef0fc2c, 0xef0efc5f, 0xefb9fc06,
	0xf0cdfb5e, 0xf20dfb4a, 0xf2f6fbbd, 0xf365fc46,
	0xf3bcfc16, 0xf4a9fb6e, 0xf582facf, 0xf5d0fb2c,
	0xf5a0fb9e, 0xf5b8fb3f, 0xf73efb02, 0xf986fb98,
	0xfb42fd0c, 0xfcfefe73, 0xffc6fefc, 0x02fcff7c,
	0x05520079, 0x066b0152, 0x072c0127, 0x081b0012,
	0x0907ff84, 0x089eff35, 0x077bfe97, 0x0716fe31,
	0x070cfe14, 0x0684fe17, 0x0639fe1e, 0x0656fe42,
	0x0717fef6, 0x08ccff64, 0x0a1affc7, 0x0b20003e,
	0x0ce600eb, 0x0ed5020d, 0x0fbc02a2, 0x0ffa02e4,
	0x100802e1, 0x0fa1033a, 0x0e980312, 0x0d540230,
	0x0c110181, 0x0b3c00d5, 0x0ae700dd, 0x0a8600fe,
	0x09fa0104, 0x0a1a01ac, 0x0ac2024e, 0x0acb0331,
	0x0aa90434, 0x0ac804cd, 0x0afe050e, 0x0aec056c,
	0x0a470579, 0x09480509, 0x07ad04c3, 0x061403ae,
	0x04e20205, 0x037900cb, 0x01cc0003, 0x0030ff1d,
	0xfed8fe65, 0xfdd5fde1, 0xfd31fd5b, 0xfc91fd75,
	0xfb6ffdc9, 0xf9cafdbc, 0xf8ddfd1f, 0xf876fcb9,
	0xf797fce5, 0xf685fc3b, 0xf5f1fb4e, 0xf645faf9,
	0xf6e1faf4, 0xf6a2fb75, 0xf56cfb41, 0xf45cfa40,
	0xf391f98a, 0xf20af8f1, 0xefe6f847, 0xeddcf752,
	0xec30f635, 0xeb26f519, 0xea7df471, 0xe9dff3fd,
	0xe9aef3ad, 0xea15f373, 0xeab8f2f3, 0xeb64f255,
	0xec4bf1b1, 0xed83f1a1, 0xeee8f18f, 0xf02ef146,
	0xf10cf1a7, 0xf1abf27f, 0xf1e6f2f0, 0xf204f36b,
	0xf212f3bd, 0xf19df3ef, 0xf0a6f417, 0xf008f3ab,
	0xf0e4f312, 0xf2b3f2bd, 0xf47cf36b, 0xf61bf438,
	0xf847f494, 0xfacbf50f, 0xfd55f5c9, 0xff16f689,
	0x0039f746, 0x0112f79f, 0x017ef7b3, 0x01bcf7ca,
	0x0184f823, 0x016bf858, 0x00b6f8d2, 0xfffef976,
	0xff63f94c, 0xff2cf960, 0xff2dfa16, 0xfef2fac6,
	0xff51fb04, 0x0052fb8f, 0x0181fc60, 0x0272fda8,
	0x0327fed0, 0x03b9ffa6, 0x04820040, 0x049600d7,
	0x03c80140, 0x02a200f3, 0x01fa0105, 0x0135011c,
	0x00010116, 0xfea60101, 0xfd8200e0, 0xfcfa00d2,
	0xfcba00b4, 0xfc1e0095, 0xfb4f009a, 0xfb2c00c4,
	0xfb3b00df, 0xfb3200fe, 0xfadc0133, 0xfabe01a7,
	0xfab40236, 0xfaad023e, 0xfabb01cd, 0xfa970186,
	0xfa530166, 0xf9ed010b, 0xf97400bf, 0xf8fa00c7,
	0xf84a00ab, 0xf6de0085, 0xf4ea0046, 0xf379ffa3,
	0xf362ff16, 0xf345fe96, 0xf29dfe54, 0xf2f2fe22,
	0xf480fe4e, 0xf6a6fef8, 0xf8290021, 0xf8490145,
	0xf80601f3, 0xf8160211, 0xf7950164, 0xf5c90035,
	0xf3ecfeab, 0xf2bbfd3d, 0xf202fb9e, 0xf1b9f9f2,
	0xf135f8d7, 0xf086f8b8, 0xf0bef8ae, 0xf13cf815,
	0xf151f728, 0xf14ef622, 0xf1d7f57e, 0xf309f54e,
	0xf4e8f4d3, 0xf714f439, 0xf87ef420, 0xf98bf480,
	0xfad5f53e, 0xfbd2f5b4, 0xfb69f592, 0xfa45f51b,
	0xf94ff47d, 0xf903f3f9, 0xf9d9f346, 0xfafef314,
	0xfc3cf37c, 0xfdc1f3c4, 0xffcbf3f4, 0x020af436,
	0x038ef488, 0x0482f4b3, 0x04d9f517, 0x0522f4ff,
	0x0568f4e1, 0x05a3f506, 0x05c6f580, 0x0612f61d,
	0x063bf6fd, 0x0601f7eb, 0x05c8f80c, 0x053bf818,
	0x04e6f839, 0x04bef7fe, 0x04e4f7e6, 0x04faf837,
	0x0537f872, 0x057ef906, 0x05eff966, 0x06f6f9ea,
	0x07a7faa7, 0x074bfb70, 0x068cfc0d, 0x06bcfc5a,
	0x0753fcfe, 0x0796fd8f, 0x07abfe40, 0x078cfeee,
	0x073bff56, 0x0706ff6e, 0x06a8feb0, 0x0546fda1,
	0x03affcd0, 0x028bfc4f, 0x0153fbf1, 0x0096fb60,
	0x009cfb6f, 0x00aafc2e, 0x00d4fd72, 0x01a2fe7f,
	0x0261ff1c, 0x0284ffa2, 0x021afff7, 0x0210ffc2,
	0x019eff19, 0x001afec5, 0xfdf5fe1b, 0xfb7ffcc7,
	0xf9eefb5f, 0xf907fa1a, 0xf7ddf915, 0xf612f8a2,
	0xf547f80f, 0xf64af784, 0xf7c2f786, 0xf857f8a4,
	0xf810fa18, 0xf7eefaee, 0xf7ecfb51, 0xf764fb28,
	0xf580fa8c, 0xf328f989, 0xf16cf808, 0xf019f63b,
	0xef4ff470, 0xee32f2eb, 0xed53f250, 0xed6ff254,
	0xed84f2b7, 0xed31f28a, 0xecb7f226, 0xece0f264,
	0xed40f2e6, 0xee01f353, 0xef51f363, 0xf020f3be,
	0xf0b5f44f, 0xf1bcf519, 0xf30ff624, 0xf3def6fc,
	0xf393f73c, 0xf2f3f720, 0xf366f6c6, 0xf4baf628,
	0xf60cf606, 0xf700f69a, 0xf7b8f773, 0xf967f874,
	0xfb86f966, 0xfca1fa65, 0xfcebfc06, 0xfd8afda5,
	0xfe59fe90, 0xfeeefe90, 0xffa5fe29, 0x009afe57,
	0x0139ff31, 0x0175ffe3, 0x020e0033, 0x02a0007e,
	0x031c00f8, 0x034a017f, 0x038f01f2, 0x0420024c,
	0x04e1029d, 0x05d60276, 0x06aa0235, 0x077802a2,
	0x08140365, 0x08120424, 0x075704eb, 0x06d5055a,
	0x071e05cf, 0x078f064e, 0x07ce06a6, 0x083f073d,
	0x088807d0, 0x08c50811, 0x097107e2, 0x093d07e6,
	0x082707e6, 0x06e60820, 0x05a20789, 0x04a7065c,
	0x03c404cf, 0x031e03b9, 0x02e10378, 0x02a0033a,
	0x02810379, 0x0272036e, 0x01b403c5, 0x00e10435,
	0x003e0448, 0xff750417, 0xfe5503de, 0xfcb3030b,
	0xfa69014f, 0xf934ff4d, 0xf94afe4c, 0xf92dfde4,
	0xf881fdae, 0xf832fd4f, 0xf92efd07, 0xfacbfe14,
	0xfb53ff6f, 0xfac70057, 0xfadf005f, 0xfacb004d,
	0xf931ffd3, 0xf658fee1, 0xf3fcfdf4, 0xf2bffcdd,
	0xf229fb50, 0xf1c1f9c3, 0xf116f8e3, 0xf0f6f882,
	0xf20af85e, 0xf2b7f7f0, 0xf24ff751, 0xf1d4f72f,
	0xf1c8f727, 0xf194f716, 0xf1e6f6e2, 0xf2d0f6ac,
	0xf2c7f6ba, 0xf2cef69a, 0xf3ccf5e1, 0xf552f5d0,
	0xf5d9f638, 0xf566f5da, 0xf4d7f4e5, 0xf57ff365,
	0xf7c6f2e8, 0xf999f305, 0xfa69f318, 0xfbc9f33b,
	0xfe08f333, 0xff7bf385, 0xff83f3c8, 0xff57f3f2,
	0xff73f456, 0xffcbf44b, 0xffd2f3fb, 0xff8af3b5,
	0xffdef3cc, 0x00acf466, 0x0189f4ba, 0x0228f49b,
	0x02a1f4c1, 0x0264f4ea, 0x01eef493, 0x01b8f46a,
	0x0201f442, 0x025ff44a, 0x02b9f4e2, 0x0338f56a,
	0x039af5d8, 0x0484f6e0, 0x052ff847, 0x051ef9ae,
	0x04c9fa28, 0x04f4fa6c, 0x050efafe, 0x050afb78,
	0x04bafbb1, 0x041efbc5, 0x0396fbff, 0x0336fbfc,
	0x0248fc3f, 0x00bbfc64, 0xffa6fc62, 0xff6dfc05,
	0xff68fbdc, 0xff3dfc13, 0xff8afc66, 0xff98fcb3,
	0xffdbfd07, 0x0004fdb5, 0xff8cfe5d, 0xfe3bff69,
	0xfc86ffb4, 0xfb12ff5e, 0xf93eff6e, 0xf68bffa2,
	0xf335ff31, 0xf0adfdac, 0xef85fcd6, 0xeeeafcbc,
	0xedfefd0d, 0xed3afd51, 0xee14fd6c, 0xf036fe49,
	0xf1c10023, 0xf1ff0216, 0xf1c502e7, 0xf1bc035a,
	0xf0d2038e, 0xee6f0321, 0xeb8101b8, 0xe9410058,
	0xe7b7feed, 0xe69bfd50, 0xe5dffbfa, 0xe5cffb33,
	0xe6b9fb0e, 0xe7cbfb28, 0xe816fbbc, 0xe84efbc6,
	0xe948fc06, 0xea52fcc1, 0xeb49fd40, 0xec81fda2,
	0xed90feb5, 0xee360000, 0xee94001d, 0xefbeff96,
	0xf15dffb5, 0xf247002a, 0xf287000a, 0xf305fe80,
	0xf508fd14, 0xf827fd17, 0xfab8fd8d, 0xfc54fde6,
	0xfe0cfe45, 0xffccff2e, 0x011e0006, 0x0208008e,
	0x02e9005f, 0x03bd0010, 0x047b002b, 0x0556ffc2,
	0x0665fec9, 0x07c3fe57, 0x0876fe9e, 0x08ebfe79,
	0x098ffde9, 0x0999fdae, 0x098afd8e, 0x0994fcd0,
	0x0a20fbbc, 0x0b2ffb2e, 0x0bc8faee, 0x0bbbfb11,
	0x0b98fb06, 0x0be9fb11, 0x0c2afbb5, 0x0b71fcaf,
	0x0ae2fd63, 0x0b63fd95, 0x0c65fe08, 0x0d18fea5,
	0x0d64fef6, 0x0dc7fef7, 0x0ddcff21, 0x0d3fff1b,
	0x0bcffeca, 0x0a02fe42, 0x083afd92, 0x06d7fce1,
	0x0608fc86, 0x059afc55, 0x0598fc4b, 0x05d2fc6a,
	0x05cffcc9, 0x0582fd78, 0x0525fe4f, 0x042ffeeb,
	0x02a9ff0b, 0x019bfe71, 0x0063fda2, 0xfe0efd73,
	0xfb32fd24, 0xf912fb76, 0xf808f95e, 0xf6d3f880,
	0xf538f8e6, 0xf43df967, 0xf43df94e, 0xf562f9cd,
	0xf6cafae7, 0xf711fcca, 0xf6e2fe4b, 0xf71bfea7,
	0xf676fea6, 0xf3effecf, 0xf17bfe0a, 0xefecfc04,
	0xee62fa7a, 0xed3af97c, 0xeca3f87d, 0xecebf776,
	0xedfdf6ef, 0xeef3f6fc, 0xeef5f73b, 0xee81f754,
	0xeeaef73e, 0xef54f731, 0xef92f790, 0xef9bf830,
	0xf016f8e2, 0xf0a0f9cc, 0xf14bfaa8, 0xf280fa83,
	0xf353fa7f, 0xf367fae0, 0xf322faa8, 0xf380f981,
	0xf4fff807, 0xf6dff728, 0xf8d1f76a, 0xfa73f7ef,
	0xfc4cf7b3, 0xfdfbf7fc, 0xfea1f8a8, 0xfe91f904,
	0xfe81f878, 0xfe2df7be, 0xfd88f71d, 0xfceaf700,
	0xfd48f6e7, 0xfe86f6c8, 0xff87f6ff, 0x0039f72c,
	0x00e5f6fc, 0x0175f6e7, 0x0193f710, 0x01dcf636,
	0x01e3f4eb, 0x01fdf42d, 0x0222f461, 0x023ef52a,
	0x0262f5f8, 0x02daf659, 0x0335f6f6, 0x02b0f7d8,
	0x0230f87f, 0x0230f8d9, 0x0226f8f2, 0x01d6f909,
	0x01b9f915, 0x01def92c, 0x01e4f9f4, 0x01d7fa71,
	0x0159fb06, 0x005cfb24, 0x0006fabf, 0x0012faa7,
	0xffb9fa9c, 0xfed0fadf, 0xfeb9fafd, 0xff34fb5a,
	0xff89fbc1, 0xff51fce7, 0xfe40fde3, 0xfd5afece,
	0xfc9bff5a, 0xfb98ff40, 0xf94efed4, 0xf677fe25,
	0xf4a7fda9, 0xf3bafc95, 0xf314fb40, 0xf27bfa26,
	0xf2c3f9de, 0xf3fbfa19, 0xf5eefa5c, 0xf7e5fb21,
	0xf8c7fccc, 0xf97efef5, 0xf9ea00cd, 0xf92e01da,
	0xf7590298, 0xf4d902f6, 0xf26b027e, 0xf0ad0104,
	0xef3eff41, 0xede2fdb6, 0xed56fc4e, 0xedeefb24,
	0xef5dfaac, 0xf028facc, 0xf05efb1e, 0xf0d6fb82,
	0xf1bcfb91, 0xf2cafbd8, 0xf37ffbc5, 0xf3e8fbd1,
	0xf3cdfc3d, 0xf3c8fcbd, 0xf445fd03, 0xf4b9fcd0,
	0xf4b4fca4, 0xf45bfc6c, 0xf48bfc65, 0xf58bfbc2,
	0xf717fa90, 0xf8c6f9e7, 0xfa58fa80, 0xfbf1fbb4,
	0xfdb0fc80, 0xff7dfd54, 0x0133fe03, 0x0262fe91,
	0x0307feda, 0x03c8fe94, 0x049efe16, 0x054efda8,
	0x0587fdc7, 0x0599fde6, 0x05e1fe1d, 0x0649fe4f,
	0x0636feac, 0x05adfee3, 0x0611fea1, 0x0748fdf5,
	0x088dfca6, 0x0905fb5e, 0x0954fad0, 0x0a69fae1,
	0x0b8bfac4, 0x0bd6faeb, 0x0b14fb39, 0x0a4dfbb7,
	0x0a22fc3e, 0x0a6cfc26, 0x0a3efbad, 0x09fbfb3a,
	0x09f2fb23, 0x09e1fb23, 0x09c8fab8, 0x0979fa92,
	0x0903fa94, 0x0848fa2a, 0x0781f977, 0x06ddf901,
	0x067ff8c7, 0x0691f854, 0x06c8f84b, 0x06a3f822,
	0x0636f84e, 0x05dff8af, 0x054ff911, 0x0413f98f,
	0x0258f98a, 0xffe0f923, 0xfd29f87f, 0xfad5f790,
	0xf927f6bd, 0xf7edf631, 0xf6a6f572, 0xf5fef52e,
	0xf663f564, 0xf766f618, 0xf898f69d, 0xf95ef73f,
	0xf9fdf81c, 0xfa7bf90c, 0xfa27f9f7, 0xf8e5fa23,
	0xf6e6f9ff, 0xf50bf994, 0xf361f8e2, 0xf16ff7f7,
	0xef24f728, 0xedacf6de, 0xed7ff6bf, 0xed9df650,
	0xed77f63f, 0xed92f695, 0xee51f706, 0xef76f734,
	0xf0b0f734, 0xf1b5f76f, 0xf23df7ec, 0xf246f8a4,
	0xf1fdf9b4, 0xf1b5fac7, 0xf176fbbd, 0xf0bafc59,
	0xf01cfcbe, 0xefd3fcf9, 0xf0c4fd0a, 0xf1dffd1a,
	0xf260fce8, 0xf336fd09, 0xf47cfd75, 0xf59afe5d,
	0xf5d2ff4e, 0xf5c20033, 0xf6280104, 0xf70c0174,
	0xf7b40156, 0xf84a019b, 0xf912024d, 0xfa190293,
	0xfaef0344, 0xfb9b040f, 0xfbf704d9, 0xfc0405a9,
	0xfc5b0600, 0xfcd10576, 0xfd6e04af, 0xfe28041a,
	0xff0c0354, 0xffca025b, 0x006f01eb, 0x01220231,
	0x01cb028f, 0x01f50302, 0x021e0375, 0x030003d7,
	0x0458040f, 0x05ae03e1, 0x068c03c9, 0x071d042d,
	0x07520494, 0x07ae04c9, 0x07ba0480, 0x06fb0480,
	0x06100479, 0x05d5040e, 0x0602038b, 0x064002ab,
	0x06ba023b, 0x074d029a, 0x07c70294, 0x07dc0269,
	0x07ea029a, 0x074602b0, 0x066b02ce, 0x05690227,
	0x0401012c, 0x02370003, 0x009ffe9c, 0xff8efd2c,
	0xfe28fbd1, 0xfcdffac5, 0xfc12fa17, 0xfc3bf9f2,
	0xfcf4fa81, 0xfdbafb2c, 0xfe76fb9d, 0xfee7fc3c,
	0xff03fcd5, 0xfe86fd41, 0xfc84fd60, 0xfa14fcdc,
	0xf7f4fbb6, 0xf594fa21, 0xf3bcf84a, 0xf293f6a8,
	0xf276f513, 0xf30cf465, 0xf369f42d, 0xf37ff41e,
	0xf35ef4da, 0xf2d1f5e2, 0xf225f705, 0xf1e9f758,
	0xf1a4f7ab, 0xf111f81c, 0xf06ff813, 0xf0a7f774,
	0xf171f69e, 0xf188f67e, 0xf0d3f69f, 0xf02af68c,
	0xf063f65c, 0xf17bf65b, 0xf20af6c9, 0xf238f74e,
	0xf36cf778, 0xf570f778, 0xf710f7a2, 0xf795f842,
	0xf7cff8e3, 0xf7a2f98b, 0xf77ff9c9, 0xf74af9dd,
	0xf736fa1c, 0xf823fa51, 0xf979fa7d, 0xfaf6fa80,
	0xfc2dfaeb, 0xfd71fbc8, 0xfeaefc63, 0xff49fcbf,
	0xff72fd33, 0xff6afddb, 0xffb6fdf2, 0x0047fdb5,
	0x0131fd17, 0x0271fc38, 0x03a5fbe5, 0x04bcfb55,
	0x0570fb63, 0x05dffb7e, 0x0647fbaa, 0x06bffc2f,
	0x071bfca9, 0x06e0fd03, 0x06a4fd06, 0x06d7fcbb,
	0x071dfc6b, 0x0701fc06, 0x0679fb64, 0x0638fa8d,
	0x05f0f973, 0x056ff8fc, 0x0506f8c8, 0x04f5f856,
	0x04bbf7d3, 0x04eaf799, 0x04f9f7b4, 0x046df7f7,
	0x03b7f81d, 0x027bf816, 0x0060f7f9, 0xfe36f78c,
	0xfc6af6a8, 0xfaaaf58f, 0xf988f446, 0xf8a5f2fa,
	0xf7f4f185, 0xf7d3f0bf, 0xf8c1f094, 0xf962f13e,
	0xf99cf244, 0xf9eaf33c, 0xf9d6f4c8, 0xf8faf67c,
	0xf7c6f7ec, 0xf65ef873, 0xf495f8d5, 0xf2b8f8d8,
	0xf0caf885, 0xeed1f774, 0xed9ff640, 0xed6cf54e,
	0xece6f4f8, 0xec9bf4cb, 0xecc0f42b, 0xed5af44a,
	0xee03f4d4, 0xee89f5f9, 0xeecff78f, 0xeec7f91a,
	0xeebafa5e, 0xee9cfb49, 0xeecdfc83, 0xee78fe1b,
	0xed5cff77, 0xecb5ff05, 0xed5bfe10, 0xeebdfe37,
	0xef61fedc, 0xeff9fefc, 0xf109fe33, 0xf2aafe07,
	0xf459fe7a, 0xf4fcfef8, 0xf581ff6d, 0xf67cffed,
	0xf74f00b8, 0xf742018a, 0xf7a901dd, 0xf927025c,
	0xfae60358, 0xfc29048c, 0xfd7d0514, 0xfec5057e,
	0x00150635, 0x015106c3, 0x01d30737, 0x021b0719,
	0x027c06e1, 0x02df06b6, 0x02c2069b, 0x02d405dc,
	0x0376056e, 0x045b053f, 0x04b904e0, 0x04f504d3,
	0x05620467, 0x062a0473, 0x074704ff, 0x080a052e,
	0x089704a6, 0x096e041e, 0x0a1e041c, 0x0a430436,
	0x09dd03dc, 0x09800323, 0x094302b5, 0x086a0284,
	0x076a0213, 0x07660115, 0x0814004b, 0x0830004b,
	0x0844fff1, 0x08faff4e, 0x09f7fedb, 0x09f4feb3,
	0x086afe8f, 0x0656fe53, 0x0545fe1f, 0x04f9fdbe,
	0x03f9fd64, 0x0273fca4, 0x01cefc2d, 0x026dfbb6,
	0x032efb84, 0x0364fb29, 0x0353fa79, 0x0334fa04,
	0x02c8f99e, 0x01b5f921, 0x0096f8ab, 0xff69f8a5,
	0xfe6df896, 0xfda5f841, 0xfc63f81d, 0xfad6f839,
	0xf9b5f857, 0xf96ff89f, 0xf8fcf895, 0xf86ff86a,
	0xf813f7c3, 0xf7daf708, 0xf7bff6c2, 0xf84df649,
	0xf92ef573, 0xf8d2f4ca, 0xf769f493, 0xf5f1f427,
	0xf519f3c3, 0xf4c0f418, 0xf3b3f4f1, 0xf24ef5c6,
	0xf1caf619, 0xf2e6f675, 0xf473f78b, 0xf4fbf8e8,
	0xf588f983, 0xf63ff962, 0xf6bdf975, 0xf6b7f966,
	0xf68ff8fa, 0xf64ff8a7, 0xf609f8f8, 0xf5e2f8f5,
	0xf5d8f871, 0xf629f813, 0xf63df83d, 0xf668f8d7,
	0xf70af99d, 0xf7a0fa66, 0xf855fb23, 0xf93dfc4c,
	0xfae5fcf1, 0xfcdffda6, 0xfea2fe76, 0xfff1fef5,
	0x00b2ff61, 0x0162ff68, 0x017aff7f, 0x00dbffa9,
	0xff910004, 0xfe55ffed, 0xfdaeff9d, 0xfd2dff41,
	0xfccefef8, 0xfcc1feee, 0xfcc5feac, 0xfd07fedb,
	0xfdc2ff0e, 0xfe7fffaf, 0xff3600c7, 0xffcc01c4,
	0x00220299, 0x006502ff, 0x008c030c, 0x005202cf,
	0xff3a0299, 0xfd9e01c8, 0xfbe9004e, 0xfa7afee9,
	0xf874fe1a, 0xf5a2fd77, 0xf36cfc56, 0xf230fafc,
	0xf234f9e2, 0xf259f979, 0xf1ddf98a, 0xf189f981,
	0xf2cdf8ef, 0xf4edf917, 0xf618f9fd, 0xf69afacb,
	0xf73dfb4c, 0xf7d1fb88, 0xf791fb8a, 0xf651fae1,
	0xf4a6fa45, 0xf2fbf9ce, 0xf161f8fe, 0xef90f7a4,
	0xee1af610, 0xed70f505, 0xedeef4e3, 0xeed5f4b3,
	0xefcaf4bc, 0xf180f59a, 0xf352f6f8, 0xf531f8a6,
	0xf734fa0b, 0xf90cfb79, 0xf9b9fcde, 0xf9e9fdc8,
	0xfa00fdc0, 0xfa33fcd8, 0xf9edfbde, 0xf91afb02,
	0xf816f9f4, 0xf74bf909, 0xf76bf878, 0xf7e0f86d,
	0xf877f944, 0xf911fa6a, 0xfa27faf2, 0xfb82fb27,
	0xfc9bfbc6, 0xfd65fc84, 0xfe33fce5, 0xfeaffcb9,
	0xff0dfc64, 0xffd0fc10, 0x0054fba6, 0x0047fb29,
	0x0077facb, 0x00e8fa6e, 0x0100fa43, 0x00aaf9f5,
	0x0066fa04, 0x009bfae2, 0x00e3fbc3, 0x01a7fc86,
	0x028bfd07, 0x0370fda5, 0x047ffe54, 0x0590fe3c,
	0x064bfe35, 0x066cfe70, 0x0636fe30, 0x05d1fe2c,
	0x0574fe82, 0x0505ff35, 0x047effa9, 0x03b2002d,
	0x02f000f7, 0x02720109, 0x023d00e6, 0x01ee00aa,
	0x01c8005c, 0x0158ffec, 0x006eff93, 0x003cff1c,
	0x0180fe8c, 0x02dcfeaf, 0x02c2ff11, 0x020cfeea,
	0x01a4fe89, 0x0157fe96, 0xff62fe55, 0xfc5efd5e,
	0xf9bcfbef, 0xf82dfa83, 0xf7a4f994, 0xf70ef8dd,
	0xf659f822, 0xf70cf71d, 0xf906f67f, 0xfa76f6cc,
	0xfb21f779, 0xfb99f7f6, 0xfc0ef823, 0xfc08f844,
	0xfba1f7f5, 0xfb66f78d, 0xfb34f709, 0xfafef687,
	0xfab8f632, 0xf9bcf5bb, 0xf876f569, 0xf7d1f4f0,
	0xf745f49b, 0xf645f480, 0xf5ddf45e, 0xf648f406,
	0xf75df3ab, 0xf920f3a2, 0xfb87f3c1, 0xfd8ff426,
	0xfe71f532, 0xfefff5e7, 0xff41f620, 0xff0ef681,
	0xfe73f669, 0xfd98f633, 0xfce3f617, 0xfcb6f5ed,
	0xfcfbf545, 0xfcfef4f9, 0xfd27f53e, 0xfd5df58f,
	0xfce6f5d2, 0xfc42f5b4, 0xfc12f565, 0xfc87f521,
	0xfcb6f515, 0xfc96f4f2, 0xfd29f493, 0xfe2af4ea,
	0xfe4ef5a1, 0xfdb5f61d, 0xfd8af648, 0xfdbef6d9,
	0xfd87f78d, 0xfce2f7d4, 0xfcc3f83b, 0xfd70f8d6,
	0xfe5df9bc, 0xff15fa9c, 0xff3dfbda, 0xff59fd57,
	0xffadfe95, 0xffe9ff0b, 0xffadff9c, 0xff4b003b,
	0xff62009d, 0xffb60092, 0xffca00c5, 0xff860158,
	0xfee9021d, 0xfe3202ec, 0xfd8c03a3, 0xfd0604a0,
	0xfcf00593, 0xfd5f0694, 0xfe4b07c6, 0xff140942,
	0xffc60a26, 0x01160a59, 0x02460a80, 0x021c0b56,
	0x00e80b6f, 0xff720a1f, 0xfdbf084d, 0xfb36064a,
	0xf8f20480, 0xf7790312, 0xf6a301e9, 0xf6aa00d9,
	0xf6d600ba, 0xf76f0142, 0xf88e01d5, 0xfa0d02e4,
	0xfb3d03c5, 0xfbf80465, 0xfcf504be, 0xfcf104e5,
	0xfbf90474, 0xfb40034a, 0xfa920205, 0xf9620106,
	0xf813ffd1, 0xf69bfdd5, 0xf52dfc7c, 0xf464fb47,
	0xf3d0fa3e, 0xf361f947, 0xf33df89a, 0xf416f89f,
	0xf4fdf8e7, 0xf62ff975, 0xf838f997, 0xfabafa72,
	0xfcbefbaf, 0xfd59fc68, 0xfda9fc80, 0xfdd9fc11,
	0xfde4fb75, 0xfd63faad, 0xfc3ffa04, 0xfb8bf92a,
	0xfc05f872, 0xfd31f81b, 0xfebbf83b, 0x0035f913,
	0x017dfa59, 0x023ffb7c, 0x0280fc3f, 0x0299fcb0,
	0x0268fd2b, 0x020afd69, 0x019efd17, 0x01d6fc3f,
	0x023efb6c, 0x0220fab6, 0x0252f9c4, 0x02d2f902,
	0x0281f86f, 0x0210f829, 0x01d3f829, 0x017ef87c,
	0x01b2f8fd, 0x024ff9ba, 0x02f4fa74, 0x03a2fb92,
	0x0405fcd2, 0x0439fdaa, 0x0425fdf3, 0x0419fda4,
	0x0456fd51, 0x03fbfccb, 0x0406fc13, 0x040cfb6b,
	0x03fdfb22, 0x03a4faff, 0x02d5fa9a, 0x01eafa7e,
	0x00befaec, 0xffcffb5b, 0xfe8efbd3, 0xfd71fc0a,
	0xfce4fc4f, 0xfd56fcbe, 0xfe32fd4e, 0xfea6fdc0,
	0xfeaafde0, 0xfea5fe0b, 0xfe88fe24, 0xfd3efe2d,
	0xfb00fd72, 0xf985fc23, 0xf8e7fae3, 0xf817fa52,
	0xf6eef9d0, 0xf597f87e, 0xf4eef785, 0xf532f75f,
	0xf560f733, 0xf484f69f, 0xf413f619, 0xf493f613,
	0xf4abf671, 0xf492f6b4, 0xf4d2f666, 0xf516f678,
	0xf49ef76d, 0xf3aef7fc, 0xf2abf7f1, 0xf1d1f765,
	0xf144f70c, 0xf031f60d, 0xef0cf486, 0xeecaf3a0,
	0xef62f2fe, 0xeff0f27e, 0xf0b6f231, 0xf224f2dd,
	0xf30df45e, 0xf32ef657, 0xf338f75a, 0xf3fef804,
	0xf4aff8ec, 0xf4f4f99f, 0xf503f9c9, 0xf56ff938,
	0xf68df94b, 0xf732f9a1, 0xf753f9d2, 0xf779fa2f,
	0xf7e9fb05, 0xf832fbf2, 0xf82dfc33, 0xf7c8fc60,
	0xf7bbfcc2, 0xf7bffd57, 0xf799fd99, 0xf7cafdb4,
	0xf83efdb2, 0xf8a9fe35, 0xf858fe9d, 0xf8adfe28,
	0xf92ffdd2, 0xf944fda2, 0xf98afd6e, 0xfa2ffcc2,
	0xfaaefc85, 0xfb01fcc9, 0xfbd8fd1b, 0xfc54fd67,
	0xfc75fe2a, 0xfc89ff51, 0xfc9b008f, 0xfcd1015b,
	0xfd3c01ec, 0xfdfa02dd, 0xfeb703b7, 0xff64041e,
	0x00760436, 0x01490476, 0x018c04ba, 0x01b7047f,
	0x01f30409, 0x022603cd, 0x020d03db, 0x01bd043a,
	0x01490444, 0x01750414, 0x024a046a, 0x02bc0557,
	0x023b0601, 0x01cf0655, 0x02380652, 0x0172066c,
	0xfef50698, 0xfce105ad, 0xfc7a0447, 0xfcb902eb,
	0xfcc201f7, 0xfcbb00cc, 0xfd01ff6c, 0xfe33ff4e,
	0xffb9ff68, 0xfff3ff26, 0xff96fec9, 0xff9dff28,
	0xfee2ff7f, 0xfd62ff04, 0xfc2efdd6, 0xfb82fc99,
	0xfaa7fbea, 0xf9b6fb4d, 0xf898faa9, 0xf74cfa1a,
	0xf679f9f8, 0xf61df9a9, 0xf556f8f3, 0xf4d9f80b,
	0xf4eff779, 0xf546f70d, 0xf656f6b1, 0xf83bf669,
	0xf9f8f6df, 0xfa46f875, 0xf9cbfa14, 0xf9ccfa97,
	0xfa0afb19, 0xf9b1fb83, 0xf8d1fb24, 0xf834f9f0,
	0xf946f855, 0xfae4f7b4, 0xfb90f7d8, 0xfc3af852,
	0xfda4f85d, 0xff05f908, 0xff30fa39, 0xfebffac8,
	0xfe8bfaca, 0xfef5fa9d, 0xff5ffa49, 0xff08f9fc,
	0xff07f9fc, 0xff9afa92, 0xfff3fb78, 0xffc3fbb6,
	0xff8ffb9e, 0xff89fb3a, 0xff67fabb, 0xff83f98e,
	0x0019f7f6, 0x0140f779, 0x0280f777, 0x034bf7e6,
	0x03dbf893, 0x04a1fa0f, 0x0513fbb4, 0x04a7fcca,
	0x03cdfd40, 0x0333fd6d, 0x0303fd9a, 0x032afcfe,
	0x0373fc69, 0x0391fc0c, 0x03b4fc6b, 0x03f4fc5a,
	0x044efbb9, 0x04d2fb7a, 0x0522fba4, 0x04a8fc01,
	0x03f6fbfb, 0x0354fb97, 0x0285fc1f, 0x014cfd15,
	0xffdafd59, 0xfe98fd02, 0xfd5afca5, 0xfb79fcd2,
	0xf909fbdb, 0xf7c4fa37, 0xf7c8f8d8, 0xf7f4f818,
	0xf7b7f831, 0xf776f859, 0xf806f8e0, 0xf945f9c4,
	0xf9e1fab9, 0xf8d7fb2e, 0xf761fa80, 0xf66bf98d,
	0xf558f8d7, 0xf3acf791, 0xf1c7f637, 0xf0e9f525,
	0xf08af4c3, 0xf065f4a2, 0xf037f4a8, 0xefe5f52a,
	0xeffdf5fa, 0xefbcf6f4, 0xeee1f697, 0xedc7f600,
	0xed71f5fb, 0xed15f622, 0xec60f5b1, 0xec55f4aa,
	0xed3ef412, 0xee5bf451, 0xeef2f4e2, 0xef24f4ea,
	0xeef4f519, 0xef3cf5e1, 0xefbff6be, 0xefe5f78c,
	0xf06df8b4, 0xf15df9f6, 0xf24efab3, 0xf3c3fb0a,
	0xf5a7fb87, 0xf75cfc15, 0xf876fc52, 0xf921fbe9,
	0xfa33fb51, 0xfafefb40, 0xfb72fb6e, 0xfc46fb2a,
	0xfd96fb1b, 0xfe91fc5b, 0xfe73fdcf, 0xfe78fe2c,
	0xfeb1fe57, 0xfe77feb2, 0xfdf3fefc, 0xfdeafea0,
	0xfeb3fe3f, 0x0021fe27, 0x01b2fdef, 0x0320fe15,
	0x04e3fe30, 0x06e0fec5, 0x080cff97, 0x07daffee,
	0x079fffbc, 0x0768ffbd, 0x065c0040, 0x04ae003d,
	0x03b7fff7, 0x0353ffd1, 0x03150041, 0x02fe0063,
	0x030affce, 0x03e5ff54, 0x0586ff22, 0x071bff0e,
	0x07e8ff03, 0x0899fed7, 0x0972fe82, 0x09befed5,
	0x08a9ff2b, 0x0705ff4e, 0x053dff05, 0x0270ff42,
	0xff01ff22, 0xfcc1fdf3, 0xfc41fd30, 0xfc64fcd5,
	0xfcddfd42, 0xfd66fdde, 0xfe78fe9a, 0x00aeff41,
	0x022b00a2, 0x01c601a3, 0x0104015d, 0x00e10093,
	0xffc1ffd5, 0xfd93fed8, 0xfbedfd27, 0xfae8fbc0,
	0xfa22fafd, 0xf951fa8f, 0xf832fa43, 0xf76efa5c,
	0xf78bfa9a, 0xf76afb35, 0xf6d2fb3c, 0xf63afa7f,
	0xf654f97a, 0xf6a0f94d, 0xf6adf90d, 0xf74df8e3,
	0xf833f904, 0xf87bf921, 0xf824f8ea, 0xf7f0f7f7,
	0xf835f769, 0xf873f714, 0xf80ef680, 0xf7a8f4f3,
	0xf7e2f402, 0xf86ef47c, 0xf904f5e3, 0xf98df701,
	0xfa07f7ca, 0xfaacf891, 0xfb5df92f, 0xfbe8f93a,
	0xfc85f8f6, 0xfd10f8f3, 0xfd7bf8d2, 0xfe10f871,
	0xff5cf7dc, 0x0032f860, 0xfff1f956, 0x005bfa05,
	0x0096f9bc, 0x0044f8d8, 0xffdaf80d, 0xffa4f75a,
	0xffc3f6ec, 0xffe6f666, 0x0096f663, 0x0151f6f7,
	0x0271f7c9, 0x03d5f87c, 0x04c1f967, 0x054bfa01,
	0x05a7f9ed, 0x0616f95d, 0x05c9f8df, 0x051af89b,
	0x0466f86b, 0x036bf87c, 0x0299f853, 0x01e7f8c1,
	0x0218f8fe, 0x02c2f928, 0x0336f9d0, 0x0388fa37,
	0x03f2faba, 0x0490fb5a, 0x04ccfc2e, 0x04a4fcf3,
	0x0336fd97, 0x0133fe45, 0xff25febb, 0xfc1efea7,
	0xf8eafd57, 0xf6bbfb4b, 0xf5edf9f7, 0xf507f997,
	0xf44af96f, 0xf49ff95e, 0xf62afa31, 0xf7befc38,
	0xf81cfef8, 0xf7b3015c, 0xf752028c, 0xf71f0357,
	0xf5f7044a, 0xf3e3046d, 0xf26d03ba, 0xf1a702c1,
	0xf0a401eb, 0xef7e00ee, 0xee7fffb6, 0xee8efe76,
	0xeed4fe07, 0xee78fde6, 0xedf0fdb5, 0xede8fd88,
	0xeea8fd44, 0xefbafdd8, 0xf086ff2a, 0xf20f00ed,
	0xf3c0024d, 0xf4a103c8, 0xf4cd0493, 0xf47b04d2,
	0xf4e004d2, 0xf4e904a5, 0xf48c0412, 0xf4780256,
	0xf4b900ec, 0xf53c0059, 0xf6700051, 0xf7fd00ca,
	0xf95a0126, 0xfa9b011b, 0xfba0014e, 0xfce001ef,
	0xfe0702e0, 0xff150318, 0x003c02c9, 0x01990287,
	0x02b302fe, 0x02f503c5, 0x03460397, 0x039a0309,
	0x034402a1, 0x022b0226, 0x014f00ca, 0x010cff64,
	0x011ffe32, 0x01c8fda6, 0x0298fd85, 0x03c3fd27,
	0x0510fd21, 0x063dfd89, 0x0717fe63, 0x07f8fe52,
	0x08b2fdcd, 0x08c6fd6b, 0x082efd4e, 0x0745fd00,
	0x066afbeb, 0x0563fb4a, 0x0413fad2, 0x0233fa24,
	0x00eaf947, 0x0085f828, 0x0074f733, 0x0062f6d9,
	0x0044f677, 0x00f4f61f, 0x0250f672, 0x037ff6f7,
	0x0395f7c6, 0x02bcf842, 0x012cf8a4, 0xfea4f8a3,
	0xfccff79b, 0xfb8ff638, 0xf9bff56a, 0xf7e2f4c9,
	0xf64ef430, 0xf5d3f3bf, 0xf665f37b, 0xf6e2f41e,
	0xf6a5f532, 0xf5f6f5b3, 0xf5eaf514, 0xf5cdf4f5,
	0xf4f7f50e, 0xf480f531, 0xf4a4f588, 0xf4abf5d1,
	0xf48cf647, 0xf430f727, 0xf419f85c, 0xf463f917,
	0xf3e9f9a7, 0xf2e5f9be, 0xf1d0f973, 0xf16bf869,
	0xf186f764, 0xf1cbf6fd, 0xf2b6f6bd, 0xf42cf6f6,
	0xf592f79b, 0xf6a5f80e, 0xf773f82e, 0xf822f8eb,
	0xf8d3f9b9, 0xf8f2fa41, 0xf8bdfa28, 0xf8e3f98f,
	0xf957f945, 0xf9dbf997, 0xfa2bfa36, 0xfa33fa4f,
	0xfa13fa0b, 0xfa0bf965, 0xfa1ef929, 0xf9adf918,
	0xf983f8c7, 0xfa24f8b2, 0xfb4ff89a, 0xfcd3f891,
	0xfe28f8c7, 0xffadf970, 0x0168fa49, 0x0206fad3,
	0x0138facd, 0x0079fa26, 0xfffdf95d, 0xff79f8ec,
	0xfec4f88f, 0xfe06f837, 0xfdccf839, 0xfe2ef8cb,
	0xff05f8ed, 0xff87f981, 0xffe0fa25, 0x003dfa71,
	0x0066fa75, 0x0056f9ed, 0x005cf951, 0x0041f8a3,
	0xff53f881, 0xfe5ff874, 0xfdaef8d8, 0xfcdff8ec,
	0xfc44f901, 0xfbeaf969, 0xfb75f9d3, 0xfb13fa03,
	0xfb34f9a9, 0xfb8ef97f, 0xfb64f961, 0xfadaf93a,
	0xfa11f8e1, 0xf873f894, 0xf665f865, 0xf4def7fc,
	0xf3fcf798, 0xf38ff772, 0xf3fdf77c, 0xf4b3f798,
	0xf5a5f7e7, 0xf788f8cb, 0xf95efa44, 0xf9f0fbe4,
	0xf97afcf4, 0xf8c0fce5, 0xf7aefc55, 0xf655fc27,
	0xf554fc0d, 0xf456fb8d, 0xf37ffb12, 0xf382fae1,
	0xf3fcfb19, 0xf4b6fc4d, 0xf5bafdfe, 0xf616ff98,
	0xf6340092, 0xf6840128, 0xf6d900e3, 0xf729001c,
	0xf78d0006, 0xf8b40016, 0xf9fc002a, 0xfa8c0050,
	0xfa7f0086, 0xfa3b00ed, 0xfa2c01a0, 0xfa890239,
	0xfa5f0259, 0xfa330207, 0xfb0c01af, 0xfc5d014f,
	0xfde20131, 0xff3e01e0, 0x0046028c, 0x00fa02f0,
	0x01050325, 0x00c30298, 0x00c80227, 0x00dd0167,
	0x00e600d3, 0x017000c1, 0x02bf00ad, 0x040c013b,
	0x0517022c, 0x062803ce, 0x07000556, 0x0739065f,
	0x07120652, 0x0714059f, 0x073704dd, 0x07c703d2,
	0x08a002da, 0x095e023d, 0x0a020230, 0x0a44021b,
	0x0a36027b, 0x09e80305, 0x0980032f, 0x09250308,
	0x08fc0288, 0x08c501f9, 0x08980162, 0x088d009d,
	0x089ffff6, 0x087bffef, 0x0811ffc3, 0x0795fedc,
	0x06d1fdb3, 0x0580fcda, 0x03aefc62, 0x0221fb88,
	0x0143fa53, 0x00c2f928, 0xffc2f898, 0xfe1ef83c,
	0xfc7df704, 0xfa85f5a6, 0xf8d0f440, 0xf809f2ba,
	0xf781f183, 0xf736f099, 0xf734f06e, 0xf7d2f0d8,
	0xf8b7f19e, 0xf9c3f2dc, 0xfa0df411, 0xf8dff538,
	0xf712f57e, 0xf55df471, 0xf385f320, 0xf1fbf227,
	0xf136f16a, 0xf07cf0c2, 0xf046f015, 0xf0f2f003,
	0xf225f0a2, 0xf32bf13a, 0xf404f1f0, 0xf3def2b9,
	0xf328f3cd, 0xf282f413, 0xf212f3ae, 0xf194f3e3,
	0xf170f500, 0xf252f633, 0xf3c1f6f3, 0xf57af7ad,
	0xf683f86f, 0xf6c6f953, 0xf74cf9ea, 0xf878fa04,
	0xf966fa4b, 0xf97efac8, 0xf8f2fab5, 0xf8e8faa2,
	0xf9a8fb3e, 0xfa19fcc0, 0xf9a6fe2a, 0xf95efeb2,
	0xf93bfed2, 0xf927ff6e, 0xf8aa005a, 0xf8010154,
	0xf8a001cd, 0xfa3301a8, 0xfb7b014c, 0xfbc20163,
	0xfc540215, 0xfd2d02a4, 0xfd2b02cc, 0xfc250203,
	0xfacd0144, 0xf99c014c, 0xf8d401ac, 0xf8f601a0,
	0xf9bc01ae, 0xfab10231, 0xfbfd0314, 0xfd0603e2,
	0xfd9d049a, 0xfe53055a, 0xfedd051f, 0xfea0045f,
	0xfdc60363, 0xfd39024e, 0xfc5b0144, 0xfbeb0058,
	0xfc39ffae, 0xfc74fee6, 0xfc6cfe8c, 0xfc1efeaa,
	0xfbebfeef, 0xfbddff65, 0xfbd8ff8b, 0xfbeaff4e,
	0xfc53ff10, 0xfc1fff33, 0xfbdafefb, 0xfb32fe43,
	0xf938fd58, 0xf747fbfa, 0xf656fa61, 0xf556f8a5,
	0xf43cf744, 0xf3dff5fc, 0xf461f4c0, 0xf5fbf463,
	0xf7fdf4b4, 0xf982f587, 0xf9d2f65c, 0xf9a1f665,
	0xf944f5d2, 0xf846f582, 0xf74df56e, 0xf6f1f4f5,
	0xf65df43b, 0xf687f36b, 0xf76af319, 0xf865f303,
	0xf947f3c0, 0xf961f4ab, 0xf94ff515, 0xf8f4f501,
	0xf842f404, 0xf715f2f8, 0xf68cf217, 0xf738f1c8,
	0xf90ff1ff, 0xfaddf274, 0xfbc5f39b, 0xfc61f551,
	0xfceaf71d, 0xfe2ff8a2, 0xff1cf9ac, 0xff55fa9b,
	0xff8efb2d, 0xfff8fb4a, 0x0083fae8, 0x0159fb15,
	0x01d7fbad, 0x0142fc54, 0x007afc9f, 0xffc3fc59,
	0xfedefc53, 0xfddefca9, 0xfd7bfcd1, 0xfdfafd1f,
	0xff2afda1, 0x0031fde1, 0x00fefed5, 0x02330012,
	0x039b012f, 0x03e10243, 0x030d02ab, 0x024901eb,
	0x01c8014a, 0x01d20097, 0x0215ffe2, 0x0253ff52,
	0x024eff59, 0x026effb7, 0x0232ffd1, 0x01d40095,
	0x01de014e, 0x01fd01a8, 0x01e101ea, 0x01ee01ba,
	0x02a4015d, 0x038c0116, 0x04af00e8, 0x057c00e3,
	0x05ff00c8, 0x060d00af, 0x06070050, 0x05cffff9,
	0x053cff9f, 0x04cbff39, 0x0429feac, 0x0327fddd,
	0x01b5fd0e, 0x007afc33, 0xff58fb3c, 0xfd2afa96,
	0xfa80f977, 0xf909f7c8, 0xf8c1f600, 0xf939f44f,
	0xf9dff2fd, 0xfaaef22a, 0xfbeaf224, 0xfdacf224,
	0xfe68f29e, 0xfceaf30a, 0xfad2f375, 0xf8f9f2b8,
	0xf6c8f11a, 0xf46cefca, 0xf311ee65, 0xf218ed45,
	0xf1c1ebfc, 0xf258eb08, 0xf327ea8b, 0xf3ebeb62,
	0xf4cfec9e, 0xf57eed58, 0xf554ed9a, 0xf4c3edef,
	0xf3fdeda8, 0xf394ed22, 0xf3beed21, 0xf4caed2b,
	0xf5b5ee01, 0xf5c8ef0f, 0xf603f01c, 0xf68ff0f7,
	0xf749f202, 0xf801f35b, 0xf897f4bd, 0xf932f5bc,
	0xf9e7f683, 0xfa93f719, 0xfb6cf7d8, 0xfc6cf98d,
	0xfd22fb73, 0xfd06fd6e, 0xfc43fe83, 0xfbe4fe8d,
	0xfc79fed7, 0xfd28ff7e, 0xfd330086, 0xfd570159,
	0xfe130205, 0xfeb202da, 0xff61040c, 0x004d0544,
	0x00b906ec, 0x009808aa, 0x0086094a, 0x00de0936,
	0x018408b5, 0x0268089b, 0x034d08ba, 0x03ef08ee,
	0x04b10946, 0x05860991, 0x05ca0a05, 0x05ce0af3,
	0x05db0c0f, 0x05c20ca9, 0x05390d4c, 0x04900d97,
	0x040c0d3c, 0x03c00cf0, 0x03750cad, 0x02c70c4b,
	0x029a0b9a, 0x03250a7f, 0x041b0955, 0x04dd088e,
	0x04f107f6, 0x04b20767, 0x046206e0, 0x0401063d,
	0x029b0597, 0x006f0526, 0xfd980471, 0xfa8b038f,
	0xf898021f, 0xf7bf003e, 0xf787fe83, 0xf7aafd26,
	0xf808fc32, 0xf906fafb, 0xfadffa2a, 0xfc54fa26,
	0xfbf4fab4, 0xfa6afac5, 0xf8faf9b2, 0xf7b4f81d,
	0xf631f6f1, 0xf493f5cd, 0xf354f4b8, 0xf2a4f377,
	0xf2fbf239, 0xf318f218, 0xf2f1f2ae, 0xf396f361,
	0xf401f3ba, 0xf3c8f3c1, 0xf39bf360, 0xf3a7f29a,
	0xf3a4f19f, 0xf421f0bd, 0xf4ebf07f, 0xf623f0bc,
	0xf77cf143, 0xf844f20d, 0xf82df2d5, 0xf820f389,
	0xf906f3e9, 0xf9b1f46b, 0xf9faf498, 0xfa7af436,
	0xfb91f41e, 0xfd40f47b, 0xfee2f5c4, 0xffedf70e,
	0x0065f7d5, 0x0025f871, 0xfff0f851, 0xff8cf800,
	0xfefef7ac, 0xfe93f773, 0xfe85f795, 0xff19f788,
	0xffccf80d, 0x0113f93c, 0x0289fad3, 0x0370fcab,
	0x038efe0e, 0x0370fe9d, 0x0356fe90, 0x0347fea9,
	0x037efe8c, 0x03ccfeb0, 0x03eeff57, 0x04090030,
	0x046600b9, 0x04c600ff, 0x05400179, 0x056f01d6,
	0x04c201d7, 0x03f10185, 0x038900f1, 0x03660073,
	0x0316005b, 0x02d200a4, 0x02660135, 0x02010153,
	0x02450176, 0x02bc015d, 0x02e60121, 0x029a00cb,
	0x022e000a, 0x0218ff4c, 0x0202febd, 0x011afe47,
	0xff9efd93, 0xfd8efc87, 0xfaa6fb99, 0xf804fa9d,
	0xf688f8fc, 0xf586f757, 0xf502f69b, 0xf54bf6ab,
	0xf5eff769, 0xf74af8ac, 0xf906f9bc, 0xf9aafb18,
	0xf8a8fc94, 0xf6c7fd05, 0xf47ffbcf, 0xf205f9d2,
	0xefc5f7a7, 0xeddff591, 0xec2ef3b5, 0xeb0ff220,
	0xeb0bf0cd, 0xeb5df081, 0xeb9ef116, 0xebb6f226,
	0xeb48f38b, 0xea81f467, 0xea1ef495, 0xe9cef42d,
	0xe95ef3cc, 0xe93cf3b8, 0xe9b4f3d9, 0xeaccf397,
	0xec20f3cf, 0xed15f46d, 0xed6cf4f1, 0xee3bf57a,
	0xef5ef5f2, 0xf0aff67c, 0xf1d6f72a, 0xf295f7bf,
	0xf34cf814, 0xf490f917, 0xf5c1fa9f, 0xf684fc32,
	0xf6f7fd2e, 0xf713fd90, 0xf78afde6, 0xf834fe9f,
	0xf958ff11, 0xfa83ff1d, 0xfc30ff04, 0xfe5eff43,
	0x00470055, 0x021901e5, 0x03f803b9, 0x05040523,
	0x057c05eb, 0x058f05ee, 0x0549064a, 0x05990695,
	0x063a063e, 0x0723060f, 0x07bc0686, 0x08880761,
	0x09d407f8, 0x0b4d094c, 0x0c600a8b, 0x0d150b01,
	0x0d6b0afc, 0x0d5c0a8a, 0x0d390a1f, 0x0cb80976,
	0x0c17088c, 0x0b9407cf, 0x0afd077f, 0x0a5a073b,
	0x0a0e0745, 0x0992075e, 0x097b0751, 0x09860756,
	0x09420713, 0x090d06e4, 0x089306ad, 0x074205e7,
	0x0565049d, 0x03a002f2, 0x010c013f, 0xfe54ff2b,
	0xfc9afce1, 0xfbbefb0a, 0xfbc5f981, 0xfc3af895,
	0xfcd7f8a3, 0xfde0f9b9, 0xff0dfb02, 0xff2cfc40,
	0xfd8afcb5, 0xfb6dfbd8, 0xf959fb10, 0xf6dcfa5b,
	0xf45ef918, 0xf227f775, 0xf0fdf5f4, 0xf0e0f4a8,
	0xf0e5f3f6, 0xf0eff3a2, 0xf120f2f4, 0xf17ef1fa,
	0xf133f0aa, 0xf053ef57, 0xef14edd2, 0xede7ec81,
	0xeda6ec06, 0xee2cec57, 0xef10ed95, 0xef5def32,
	0xef9ef0cb, 0xeff6f213, 0xf0a4f2e0, 0xf1dff397,
	0xf2c9f42a, 0xf35cf3be, 0xf44ef2e5, 0xf637f271,
	0xf824f2ba, 0xf9b3f3e6, 0xfa65f50e, 0xfa2cf5d3,
	0xf9d1f638, 0xf9b9f674, 0xf993f6a2, 0xf8fbf6e5,
	0xf87ef70e, 0xf904f746, 0xfac1f79c, 0xfc75f832,
	0xfeaaf90f, 0x00d8fa33, 0x01e9fb9b, 0x026cfcb4,
	0x0289fcbf, 0x0312fc51, 0x036efc7d, 0x0388fcf6,
	0x03cafd9c, 0x0475fe49, 0x057ffee6, 0x0663ff2c,
	0x071cff9a, 0x07d900a8, 0x08510130, 0x082800f4,
	0x07de0079, 0x07960056, 0x072e008a, 0x066d00ad,
	0x05b500f8, 0x050c0132, 0x04ae00f4, 0x04e40073,
	0x056b0043, 0x05440053, 0x0483006b, 0x0419005d,
	0x04040092, 0x03830109, 0x020401b4, 0x003801b5,
	0xfe1a00e6, 0xfb56fffa, 0xf841fe7c, 0xf649fc54,
	0xf539fa78, 0xf4e6f943, 0xf4b2f867, 0xf4bdf827,
	0xf5eff862, 0xf798f914, 0xf851fa5d, 0xf781fbd4,
	0xf634fbfe, 0xf4e0fa97, 0xf37df95e, 0xf1a7f878,
	0xf016f772, 0xeebbf6bd, 0xee07f5f5, 0xee44f57a,
	0xeeb4f55d, 0xeee7f59c, 0xef31f5ee, 0xef54f61b,
	0xee98f5df, 0xee0ef4c1, 0xed9bf324, 0xed4af1ec,
	0xeddef1cc, 0xef2cf1e9, 0xf098f243, 0xf185f2d0,
	0xf230f351, 0xf2e2f472, 0xf39df5ff, 0xf42cf759,
	0xf449f863, 0xf470f8c1, 0xf526f844, 0xf63cf852,
	0xf713f8ed, 0xf7bdf9c3, 0xf8b3fa4e, 0xf936fa2f,
	0xf932f9cc, 0xf921f98a, 0xf960f9c9, 0xfa10f9cb,
	0xfaacfa1b, 0xfbb3fa16, 0xfd2ffa04, 0xfe98fae7,
	0xffe3fc2c, 0x00e7fd84, 0x013efe71, 0x0164febc,
	0x01a2fe98, 0x01acfeb9, 0x021cfef9, 0x037dff04,
	0x0545ff41, 0x06bcfff1, 0x080c0130, 0x09560267,
	0x0aae0388, 0x0b7304c7, 0x0b7405c8, 0x0b4a0637,
	0x0b7e0612, 0x0bce05f7, 0x0bdc05dd, 0x0bc005bd,
	0x0bbc0587, 0x0bce056d, 0x0bbf0541, 0x0bb00534,
	0x0be20536, 0x0c0a050e, 0x0ba9057f, 0x0b54061f,
	0x0b380669, 0x0b350628, 0x0a8b0652, 0x095b0636,
	0x072705d8, 0x03f504ed, 0x00fc0316, 0xfef300dc,
	0xfde1fec0, 0xfd61fd7a, 0xfd9dfc0c, 0xfdfafb66,
	0xff50fb20, 0x00fcfb08, 0x0186fb5b, 0x00cafbaf,
	0xff76fb86, 0xfdedface, 0xfbb8fa3d, 0xf950f9b0,
	0xf773f8ed, 0xf625f7e1, 0xf5b4f6f1, 0xf5d0f6a5,
	0xf5d7f697, 0xf5f9f62f, 0xf60bf553, 0xf59ff43a,
	0xf4b7f34f, 0xf3d1f17d, 0xf342eff9, 0xf2e9eef1,
	0xf2baee7c, 0xf2faee9c, 0xf38cee92, 0xf43feea8,
	0xf485ee84, 0xf472ef04, 0xf4c1efaf, 0xf51ef02a,
	0xf559f028, 0xf650ef9f, 0xf7e0ef7b, 0xf952f050,
	0xfa0ef169, 0xfa22f272, 0xfa7af300, 0xfab5f2eb,
	0xfa6ff2e0, 0xf9baf306, 0xf91af2ce, 0xf901f2a9,
	0xf9aef272, 0xfb1cf22e, 0xfcaff2ad, 0xfe13f404,
	0xff27f5a9, 0xff7df747, 0xff1ef8bb, 0xfeb8f970,
	0xfed1fa02, 0xfeaafa6e, 0xfe33fb40, 0xfe43fc10,
	0xfeadfd4b, 0xff9efe4e, 0x007dfee3, 0x00e50026,
	0x010301da, 0x0136031d, 0x014f0367, 0x0169034c,
	0x02150359, 0x02bc039d, 0x03220403, 0x034c04e6,
	0x032f05b4, 0x02ee064e, 0x02ba06df, 0x021a0796,
	0x011b08de, 0x009f09f5, 0x0050098a, 0x00210948,
	0x002d0938, 0x004c0922, 0x00250953, 0xff7108c6,
	0xfe13082d, 0xfc570788, 0xfb2c062f, 0xfa7904ea,
	0xf9e80424, 0xf9c6040d, 0xfa39043f, 0xfa6c0487,
	0xfabf05a7, 0xfb000728, 0xfa7608c0, 0xf98208ec,
	0xf8cb07da, 0xf825069b, 0xf74005a4, 0xf6980497,
	0xf6d902dd, 0xf7700179, 0xf8440072, 0xf9000029,
	0xf8e90068, 0xf8f400fd, 0xf8ec0149, 0xf89800c2,
	0xf7e5ffd0, 0xf75bfec6, 0xf709fe64, 0xf6e5fe0c,
	0xf77dfd13, 0xf897fc16, 0xf97ffbc2, 0xf9b4fb75,
	0xf9d4fa61, 0xfa2af900, 0xfaa7f830, 0xfb03f7a8,
	0xfaeef6a1, 0xfaf7f580, 0xfb72f542, 0xfc1ff619,
	0xfc2ef73e, 0xfc20f7d3, 0xfc6bf7ce, 0xfc8df80d,
	0xfc19f857, 0xfb66f867, 0xfb03f80a, 0xfaccf771,
	0xfb17f6d3, 0xfbeef615, 0xfcc3f5e6, 0xfd4af6b1,
	0xfdedf75f, 0xfe77f713, 0xfe82f698, 0xfe4cf639,
	0xfe13f65d, 0xfd9bf666, 0xfcdbf605, 0xfc92f5fc,
	0xfcbef6f4, 0xfd01f87c, 0xfd88f988, 0xfdfcfaae,
	0xfe29fc48, 0xfe6bfd85, 0xfec8fdfa, 0xff35fda5,
	0xff8efd57, 0xff83fd3a, 0xff7efce7, 0xff66fc55,
	0xff17fb89, 0xfefffb29, 0xff19fade, 0xff57fae4,
	0xff9afb7a, 0xff61fc61, 0xff09fd19, 0xff4bfdfc,
	0x0030ff65, 0x00a3010c, 0x006501dd, 0x002d01bf,
	0xff2b01dc, 0xfd69014a, 0xfba3ffbd, 0xfa67fd76,
	0xf9c1fb28, 0xf9d0f9b1, 0xfa48f8e6, 0xfa9af8d9,
	0xfb8af968, 0xfd1dfa90, 0xfdf0fbfe, 0xfdcffcbd,
	0xfd1ffcd5, 0xfb8ffd10, 0xf9a8fd39, 0xf834fc5b,
	0xf70bfb14, 0xf618f9d4, 0xf60ff8d4, 0xf6dff830,
	0xf72af7d8, 0xf711f789, 0xf732f702, 0xf737f663,
	0xf6e7f551, 0xf5f9f442, 0xf551f3e0, 0xf58df409,
	0xf6fef3f6, 0xf8d6f42b, 0xfa17f4f6, 0xfabef5b1,
	0xfb0bf5e4, 0xfb01f5bc, 0xfa90f539, 0xf97bf42a,
	0xf845f2f8, 0xf7d1f1b0, 0xf7ddf104, 0xf81af111,
	0xf83bf18e, 0xf8b5f1c0, 0xf957f1f3, 0xf97df23e,
	0xf845f27d, 0xf6c9f28d, 0xf603f272, 0xf5fef2b7,
	0xf6baf2c8, 0xf7f6f32e, 0xf932f438, 0xf9fdf660,
	0xfa98f84f, 0xfaeef90a, 0xfa9ef8ee, 0xf974f7f2,
	0xf7def760, 0xf63df6ac, 0xf5a4f5ce, 0xf606f558,
	0xf6e2f5aa, 0xf7c7f70e, 0xf908f8ca, 0xfa84fabe,
	0xfb7ffce4, 0xfc13fe4e, 0xfc74ff4d, 0xfceb003c,
	0xfd700081, 0xfded0082, 0xfe7c009c, 0xfe8b0130,
	0xfe3501e9, 0xfe19020e, 0xfe990204, 0xff080254,
	0xfee002c0, 0xfeba033e, 0xfed50341, 0xffa30396,
	0x009e049b, 0x014905b3, 0x01620641, 0x0141063b,
	0x003006a3, 0xfe3c06c8, 0xfc4905e5, 0xfb700437,
	0xfb4e02d4, 0xfb6101db, 0xfbb70183, 0xfbc90210,
	0xfc85028e, 0xfdc902f1, 0xfe71037c, 0xfde903b9,
	0xfd3c03f5, 0xfc790436, 0xfbd50411, 0xfb5a02fe,
	0xfad301fc, 0xfa8201ca, 0xfab70146, 0xfafa00a6,
	0xfaa9ffe8, 0xfa2fff44, 0xf9abfe97, 0xf98bfdc6,
	0xf94bfc98, 0xf956fb6f, 0xf9cafb98, 0xfa60fc64,
	0xfc10fd07, 0xfe42fda9, 0xfff5fece, 0x00f5005a,
	0x01280194, 0x01c9021a, 0x02ed0210, 0x0397018c,
	0x03aa00e7, 0x03acffeb, 0x0431ff2e, 0x04dbff00,
	0x0558fe98, 0x050bfe19, 0x04b1fd94, 0x0460fd61,
	0x0383fcf2, 0x029ffc26, 0x01dcfbff, 0x0195fc0d,
	0x0224fba0, 0x0329fad8, 0x03cafb07, 0x03cefc1c,
	0x0406fcab, 0x04a3fc6c, 0x0442fb99, 0x0391fac7,
	0x02f5fa2c, 0x0207f9ac, 0x0171f8b5, 0x0137f7f4,
	0x00dcf756, 0x007ff763, 0xfffef810, 0xff9ef891,
	0xff86f91e, 0xff79f92d, 0xff76f989, 0xffa2f9eb,
	0x0043f9f8, 0x00ebfa01, 0x0143fa65, 0x0108faef,
	0x007efb5e, 0xff7bfb4f, 0xfeb2fabe, 0xfe01fa2e,
	0xfcfdfa02, 0xfba4f9af, 0xfabef91f, 0xfaf9f8cb,
	0xfb9cf8b4, 0xfc18f915, 0xfc07f90f, 0xfc62f939,
	0xfcf3f9d0, 0xfc66fa84, 0xfab3fa88, 0xf954f9db,
	0xf94cf90d, 0xf972f8b5, 0xf895f905, 0xf70cf98a,
	0xf619f995, 0xf6b6f9b6, 0xf781fa08, 0xf731fa0c,
	0xf62ffa76, 0xf601faf8, 0xf6bafb51, 0xf71ffb67,
	0xf6b9fbb4, 0xf673fc21, 0xf696fcc5, 0xf695fd00,
	0xf620fd76, 0xf48dfe0e, 0xf329fe04, 0xf1e5fd0c,
	0xf095fbc8, 0xeef5fadb, 0xedbefa2e, 0xed9bf9e8,
	0xee70f994, 0xf031f972, 0xf25bfa3a, 0xf3f9fc1c,
	0xf4ecfd76, 0xf68ffe92, 0xf7b0ff64, 0xf81d0002,
	0xf792001a, 0xf6d3ff85, 0xf6d0ff47, 0xf700ff22,
	0xf711ff20, 0xf709fed5, 0xf732fe89, 0xf7a1febe,
	0xf787ff05, 0xf759fed0, 0xf7f1fe1d, 0xf8e9fd98,
	0xf9bafd18, 0xfa82fcc0, 0xfbf9fcf4, 0xfd46fda5,
	0xfe1cfe97, 0xfe77ff17, 0xfe6cff43, 0xfd67ff4d,
	0xfc4cff3d, 0xfb8efeba, 0xfb32fdec, 0xfb56fd4a,
	0xfbd3fce0, 0xfcd9fcb0, 0xfe45fcfe, 0xffdffda8,
	0x00f0fe5f, 0x01d4fe79, 0x0287fe66, 0x033cfe69,
	0x039ffe31, 0x03c6fdba, 0x040dfd66, 0x045bfda8,
	0x046efda9, 0x0396fde7, 0x02d4fde3, 0x021ffe03,
	0x0157fdd5, 0x00b0fd33, 0x001cfc77, 0x0002fb48,
	0x0039faa7, 0x0134f9e9, 0x0217f920, 0x024cf907,
	0x022af97a, 0x01c2f9db, 0x0107f9b3, 0xffa8f92a,
	0xfdf7f833, 0xfcedf745, 0xfc6ff6d8, 0xfc18f6d9,
	0xfb3df6f6, 0xf9fbf745, 0xf9f4f832, 0xfa8bf8b3,
	0xfaaff939, 0xfa80fa3c, 0xfa4afb0c, 0xf9edfb26,
	0xf9f3fa95, 0xfa70f9ab, 0xfa36f8fb, 0xf962f932,
	0xf8c0f948, 0xf7d4f91b, 0xf632f8dc, 0xf472f86b,
	0xf2fdf850, 0xf1b2f82b, 0xf105f77c, 0xf0f6f73b,
	0xf12ef725, 0xf1f2f77d, 0xf311f860, 0xf4e5f92c,
	0xf67dfa40, 0xf77dfb66, 0xf83afc7d, 0xf879fcf0,
	0xf8eefced, 0xf973fcf9, 0xf989fce9, 0xf99afce3,
	0xfa4efcf0, 0xfb0cfcca, 0xfb98fcfe, 0xfbfafd5e,
	0xfc73fd3e, 0xfccdfcf6, 0xfd4dfcca, 0xfe72fcd7,
	0xff5dfcdc, 0x0053fce0, 0x01ecfd67, 0x0421fe07,
	0x05a7ff4e, 0x05c70084, 0x056100c7, 0x05050081,
	0x0449ffe5, 0x0320fef0, 0x01defd82, 0x0116fc24,
	0x0159fb12, 0x0206fa2e, 0x0295f9a9, 0x0356f9d0,
	0x0480fa7a, 0x0582fae9, 0x05c4fad8, 0x0639fac9,
	0x06f6fa72, 0x076afa7e, 0x07dffa52, 0x0835f9dc,
	0x0831f98d, 0x0779f916, 0x0624f88e, 0x047cf779,
	0x029cf65d, 0x0119f598, 0x0011f4bb, 0xff53f358,
	0xfefaf22d, 0xff57f1a0, 0xffc9f1a4, 0x0030f1fc,
	0x0090f26f, 0x0081f29e, 0x0006f2ad, 0xfeeff2a8,
	0xfd1cf231, 0xfae2f1ef, 0xf940f1b3, 0xf85af179,
	0xf778f191, 0xf5d3f1d9, 0xf3e4f2b5, 0xf2f6f38a,
	0xf3a4f3c8, 0xf46af3a3, 0xf49af4bd, 0xf524f605,
	0xf5f7f6da, 0xf6c4f7b2, 0xf701f82a, 0xf6b6f905,
	0xf616fa09, 0xf516fafe, 0xf3dafb23, 0xf208fb05,
	0xf088faf3, 0xf007fabf, 0xefeafa6f, 0xeffcfa6c,
	0xefd4faec, 0xefcffbfb, 0xf038fd60, 0xf19efe99,
	0xf36effd7, 0xf5260133, 0xf6dd02b8, 0xf82a03e6,
	0xf91004ff, 0xf98e055a, 0xfa590558, 0xfae2064b,
	0xfad60745, 0xfa3b07b3, 0xfa3b0787, 0xfaf10730,
	0xfb9d07b3, 0xfc5f0801, 0xfcfc07f4, 0xfdf607e0,
	0xfed707a2, 0xff5d07cd, 0xff9f07f6, 0x002b083f,
	0x015a08ac, 0x02b908d7, 0x038e0874, 0x03e307e3,
	0x04ae073d, 0x054706c3, 0x04f70682, 0x03ea0657,
	0x02f9062f, 0x0291062a, 0x0256060c, 0x026a05c6,
	0x02d505c9, 0x03ce050f, 0x04da03b9, 0x0583023f,
	0x05b50172, 0x05bd00d2, 0x061d0025, 0x0677ffd0,
	0x06deffcb, 0x0731ffbe, 0x0724ff77, 0x06d5ff5a,
	0x0678ff0f, 0x061dfe21, 0x0580fcd7, 0x04c2fbd9,
	0x03e0faf4, 0x02f7f9e6, 0x0255f924, 0x024af8b1,
	0x02bdf835, 0x037ff837, 0x046ef776, 0x0485f66f,
	0x0389f656, 0x023ef6ad, 0x0062f6b7, 0xfd6cf5bf,
	0xfb0cf478, 0xf9b3f3af, 0xf804f322, 0xf63ef281,
	0xf567f168, 0xf5b7efd5, 0xf6e7ef40, 0xf8bcefd8,
	0xf997f12e, 0xf986f2ad, 0xf9a9f3a9, 0xfa08f46a,
	0xfa00f4d2, 0xf923f550, 0xf7a1f5a1, 0xf5b9f50e,
	0xf44af446, 0xf30df35d, 0xf1c6f291, 0xf0c2f1d3,
	0xf020f1da, 0xef92f300, 0xef5af450, 0xefa7f595,
	0xf0b1f66e, 0xf253f75d, 0xf41af90e, 0xf580fad6,
	0xf5fefbe5, 0xf5d1fbf2, 0xf59ffb90, 0xf595fb5f,
	0xf52bfb4a, 0xf409fb2e, 0xf2a8fa66, 0xf2b5f939,
	0xf415f8a3, 0xf63ff955, 0xf846fab9, 0xf9c4fc1b,
	0xfb68fd49, 0xfd50fe80, 0xfee9ffa5, 0xffca00fc,
	0xffe70235, 0xff5d02e8, 0xfedf0302, 0xfea40272,
	0xfe860196, 0xfe220049, 0xfe37ff73, 0xfea8ff09,
	0xfec9fecd, 0xfef7feda, 0xffa7ff28, 0x00d90015,
	0x023200f3, 0x03e001cf, 0x04a2027a, 0x04c902b5,
	0x04d102cf, 0x048f0293, 0x03c20240, 0x02520184,
	0x012b00e4, 0xffb30059, 0xfe91ffce, 0xfdf0ff1f,
	0xfda0febc, 0xfd14fe5b, 0xfca0fd75, 0xfcfffca2,
	0xfda7fb62, 0xfe20faa4, 0xfe5afac6, 0xfe50fae0,
	0xfe7dfa97, 0xfeedfa1c, 0xfebaf997, 0xfddef935,
	0xfcb7f909, 0xfbb2f882, 0xfa6ef7ff, 0xf8e1f784,
	0xf70bf772, 0xf4baf7d2, 0xf299f7cb, 0xf1b6f76b,
	0xf195f717, 0xf090f701, 0xef6df66d, 0xefa8f527,
	0xf16bf471, 0xf3f8f515, 0xf5bcf670, 0xf669f785,
	0xf748f850, 0xf8b1f992, 0xf928fb89, 0xf80ffd2d,
	0xf622fda8, 0xf4cafd4f, 0xf3b5fc9d, 0xf25afb97,
	0xf0f9fa7e, 0xf013fa37, 0xf088fa95, 0xf1b1fb48,
	0xf2dcfbfe, 0xf37efcde, 0xf48dfdf6, 0xf688ff26,
	0xf8dd0060, 0xfad3019c, 0xfb8002c2, 0xfb5f0342,
	0xfb2602fe, 0xfb460297, 0xfb0102c0, 0xf9ba02e2,
	0xf85f0227, 0xf811007e, 0xf8deff45, 0xfa17ff1a,
	0xfbefff8b, 0xfe060078, 0x000201b6, 0x0207029c,
	0x03b7036f, 0x04a104d0, 0x0486065c, 0x03e707a6,
	0x035807a6, 0x030106d6, 0x02b70607, 0x022c0592,
	0x01dd0557, 0x029704f3, 0x03a8046b, 0x041c0410,
	0x04a303b5, 0x05840324, 0x067402e1, 0x07270311,
	0x07530325, 0x077502cc, 0x074e02c7, 0x06ea02dd,
	0x062f02ad, 0x0556018b, 0x04930066, 0x038affa5,
	0x028efe58, 0x0205fd05, 0x01e6fb2b, 0x0184f9c6,
	0x00c4f963, 0x0047f91e, 0x0096f8de, 0x0102f89e,
	0x0167f87b, 0x01b4f828, 0x01def7cc, 0x0254f7c6,
	0x02ddf7df, 0x02e1f78e, 0x028ff6f4, 0x026af687,
	0x014df607, 0xff85f566, 0xfe33f4a1, 0xfce5f3a6,
	0xfadef291, 0xf8f6f129, 0xf804efbc, 0xf747ef67,
	0xf611efac, 0xf4e8ef63, 0xf539ef23, 0xf707effd,
	0xf8e0f162, 0xf983f2a4, 0xf999f3b8, 0xfa86f423,
	0xfc14f4c0, 0xfc52f58f, 0xfaf8f5b1, 0xf917f53d,
	0xf716f4ba, 0xf508f40e, 0xf335f309, 0xf1a8f226,
	0xf051f19a, 0xefd1f18a, 0xefe1f201, 0xf014f2f4,
	0xf09ef3cd, 0xf208f4dc, 0xf42ff63d, 0xf5ccf80d,
	0xf6b0f9ae, 0xf6b9fa7f, 0xf682fa71, 0xf6ccfa08,
	0xf728f9df, 0xf68ef9fa, 0xf528f9ac, 0xf48df8d0,
	0xf516f843, 0xf623f84c, 0xf6e4f94c, 0xf7d8fa99,
	0xf87bfc3a, 0xf8fffd5c, 0xf98ffe17, 0xf9aafee8,
	0xf9affff8, 0xf9c600d1, 0xf9a200f9, 0xf94800a7,
	0xf99b001a, 0xfa65003a, 0xfabf00a4, 0xfadb011c,
	0xfb570165, 0xfbca01c6, 0xfc3a0213, 0xfcb201d9,
	0xfd440193, 0xfdf00182, 0xfeff0195, 0xffa70137,
	0xff7e0078, 0xff3e0011, 0xfef50049, 0xfdff00f7,
	0xfcc0011a, 0xfcc90084, 0xfd0ffff8, 0xfd38ff99,
	0xfdb6ff3c, 0xfec1fecb, 0xfff7feb9, 0x00cbfecb,
	0x017dfe3e, 0x0185fd87, 0x0110fd5e, 0x0077fd1c,
	0xfff6fc07, 0xffaffa7a, 0x0004f963, 0x002cf8ec,
	0xfff7f90f, 0x0068f9d6, 0x00e2fa3f, 0x00c3fab7,
	0x004dfb16, 0x0091fb33, 0x0088fb39, 0xfec9fa91,
	0xfc7df92e, 0xfad8f6d5, 0xfa7df4e1, 0xf9d1f338,
	0xf825f1a2, 0xf726f102, 0xf801f140, 0xfa15f246,
	0xfbb2f325, 0xfc6ef485, 0xfd49f672, 0xfedff8b8,
	0xff24fae5, 0xfdc8fbba, 0xfc7cfbf2, 0xfb19fba5,
	0xf918fab9, 0xf740f96a, 0xf5e4f7c4, 0xf508f697,
	0xf525f604, 0xf5a8f5c7, 0xf5d0f5fe, 0xf5e4f6da,
	0xf67bf89d, 0xf72dfa4c, 0xf829fc5a, 0xf951fe0c,
	0xfa42feea, 0xfaf3ffaa, 0xfbaa004a, 0xfc6700c1,
	0xfd3000a0, 0xfd91002d, 0xfd7dffd3, 0xfd4effd9,
	0xfd1f000a, 0xfd5f0056, 0xfdfa0092, 0xfe8b009a,
	0xfedb00e1, 0xfefe00ee, 0xff260149, 0xff920202,
	0x00550211, 0x00d10240, 0x00c80242, 0x016f0269,
	0x02be027f, 0x03ee0295, 0x046402d8, 0x052f02f1,
	0x05c60310, 0x057902e8, 0x04e20236, 0x044801ac,
	0x03840137, 0x02be00b2, 0x022dffc4, 0x0180fe88,
	0x0157fdee, 0x01abfd30, 0x01b5fc69, 0x012bfb98,
	0x00f2fb6b, 0x0113fb5e, 0x016afb54, 0x01e9fb1a,
	0x02f6fa23, 0x0383f9df, 0x0349fa0c, 0x032cf9ba,
	0x02e1f89d, 0x0254f784, 0x014af6c2, 0x0006f5b2,
	0xff2ef4c5, 0xfef2f3e4, 0xff1ff2bf, 0xffe2f189,
	0x0132f0c4, 0x02bff080, 0x039bf056, 0x03a6f0a1,
	0x0382f103, 0x037ef19c, 0x027df291, 0xffc1f350,
	0xfcc8f366, 0xfb09f29b, 0xfa74f16f, 0xfa1df026,
	0xf970efaf, 0xf89fefa9, 0xf924ef2c, 0xfb1eef4a,
	0xfd30f0f1, 0xfde5f37e, 0xfe1ef5bd, 0xfe9bf729,
	0xfe5bf852, 0xfca9f9e6, 0xfa0cfb3d, 0xf774fb1f,
	0xf4b6fa6d, 0xf2c4f9c4, 0xf0faf990, 0xefadf943,
	0xefb7f89b, 0xf0a5f8cb, 0xf17ff957, 0xf22efa0c,
	0xf2d2fa99, 0xf38bfb84, 0xf44dfd0e, 0xf488feb6,
	0xf48e00ae, 0xf44102bc, 0xf41503ec, 0xf44c0439,
	0xf4870487, 0xf48904d3, 0xf4580478, 0xf3f303b0,
	0xf45402bf, 0xf537025e, 0xf684033d, 0xf7cb0490,
	0xf90005c8, 0xfa550768, 0xfbdb0942, 0xfd3d0a72,
	0xfdf70b1a, 0xfe4b0ba0, 0xfe4c0bf8, 0xfea50bdf,
	0xff230bcf, 0xffb40b83, 0x005a0afb, 0x01930a7b,
	0x02c30a33, 0x030309cf, 0x02890935, 0x021e08df,
	0x019f0815, 0x01450720, 0x011f066b, 0x010f0672,
	0x014606b3, 0x01c40668, 0x02f205c3, 0x03fd050a,
	0x04bb043f, 0x04ea0373, 0x04f7027a, 0x04a70164,
	0x042600b2, 0x03faffea, 0x032dff2d, 0x0232fec5,
	0x019ffe7a, 0x010efd82, 0x0066fbc6, 0x009dfa49,
	0x0135f935, 0x0183f7e9, 0x01c0f704, 0x0246f673,
	0x0306f60e, 0x037af5f1, 0x037ff61f, 0x02cdf656,
	0x01c0f64c, 0x00dcf5ed, 0xffa5f503, 0xfdf5f451,
	0xfbe3f3da, 0xf9d0f2ae, 0xf8a7f079, 0xf877ef64,
	0xf8aaf025, 0xf7fff0fb, 0xf752f08f, 0xf862effa,
	0xfa61f12a, 0xfba7f35c, 0xfb6ff541, 0xfa99f693,
	0xf9aef72e, 0xf7f5f7b8, 0xf5cff7cc, 0xf333f6cb,
	0xf0d6f546, 0xef75f39c, 0xeed6f270, 0xee82f15a,
	0xeeecf0ec, 0xf07af1aa, 0xf1eff379, 0xf266f565,
	0xf265f6fe, 0xf304f88d, 0xf3d7f987, 0xf4a1fab8,
	0xf4bafbb7, 0xf480fc15, 0xf4bdfc33, 0xf56bfbf6,
	0xf5abfbc6, 0xf5a8fba9, 0xf5dcfc21, 0xf608fc79,
	0xf613fc1e, 0xf672fbd1, 0xf7fbfbdd, 0xf9befc46,
	0xfb4afcc1, 0xfc88fdd2, 0xfd71fed9, 0xfe16ffab,
	0xfe950027, 0xff1e0077, 0xff9600bb, 0x001f007b,
	0x011e0039, 0x024fffe4, 0x031effc6, 0x035fffb6,
	0x036bff53, 0x02a7feaf, 0x010efea9, 0xff01fe39,
	0xfda1fcc2, 0xfd62fb02, 0xfdb2f9d6, 0xfe42f936,
	0xfefbf84c, 0x00d5f7db, 0x02bbf79d, 0x0394f794,
	0x030ff79e, 0x0221f7bb, 0x0128f7dd, 0xffc8f7e0,
	0xfe69f78c, 0xfdabf690, 0xfd37f5d4, 0xfce0f5a7,
	0xfcc1f526, 0xfcc2f3f0, 0xfca4f331, 0xfc5ef2bd,
	0xfbf4f243, 0xfb6cf19d, 0xfb65f148, 0xfba6f1ac,
	0xfbfaf203, 0xfc8ef280, 0xfd3cf333, 0xfcf2f423,
	0xfbc7f4af, 0xfab1f45f, 0xf9ccf3e7, 0xf89ff420,
	0xf716f4a7, 0xf51ef415, 0xf377f268, 0xf32ff113,
	0xf46bf15d, 0xf53ff220, 0xf49bf2ad, 0xf3a9f346,
	0xf419f418, 0xf599f5dc, 0xf707f872, 0xf70efad8,
	0xf603fc79, 0xf636fd4f, 0xf6a6fd6c, 0xf638fd40,
	0xf49dfcda, 0xf358fced, 0xf2aafccd, 0xf234fcc1,
	0xf201fcbd, 0xf254fd48, 0xf348fe41, 0xf4a8ff7b,
	0xf5db00b9, 0xf68b0144, 0xf723015f, 0xf82d015b,
	0xf94401da, 0xf9a402a0, 0xf9f503f4, 0xf9ff04bd,
	0xfaab0510, 0xfbbf0582, 0xfc7b062f, 0xfcba0653,
	0xfc640652, 0xfc010623, 0xfc0205db, 0xfc450549,
	0xfd1c04a8, 0xfe6d04f8, 0xff6e0524, 0x006704e0,
	0x01b20410, 0x032b0332, 0x046302d5, 0x05000325,
	0x052303bb, 0x04f90477, 0x04e20564, 0x055106ac,
	0x059f07d9, 0x05bf0861, 0x05df0897, 0x05dd0819,
	0x05e206a9, 0x06760483, 0x072a0252, 0x0767008d,
	0x076cff46, 0x0795fe72, 0x076bfdfc, 0x06f8fe37,
	0x06cbfe6e, 0x065dfe9a, 0x05effef2, 0x0589ff4b,
	0x0575ffb4, 0x05b1ffa8, 0x05e9ff2c, 0x062efe97,
	0x05fbfe12, 0x058bfd18, 0x0525fbb9, 0x049bfa18,
	0x03aef8cf, 0x02e2f7a8, 0x02bff641, 0x02adf55c,
	0x02a9f4fe, 0x02e5f550, 0x0333f5c2, 0x033ff64c,
	0x030df6c8, 0x023bf704, 0x014cf766, 0x00f6f793,
	0x00b0f74b, 0xffbef71f, 0xfe74f660, 0xfd5cf572,
	0xfb96f554, 0xf956f523, 0xf79cf43c, 0xf68bf320,
	0xf5a7f2f0, 0xf4b0f34f, 0xf495f3b0, 0xf5eaf426,
	0xf814f4c2, 0xf995f611, 0xf90af7d9, 0xf81bf8db,
	0xf769f902, 0xf60cf902, 0xf42df950, 0xf274f93b,
	0xf13cf890, 0xf12ff7c8, 0xf1e4f745, 0xf2b2f71b,
	0xf3b7f752, 0xf4b2f7e2, 0xf5b8f88d, 0xf672f960,
	0xf6f6fa80, 0xf7c1fb45, 0xf929fbd5, 0xfa83fcdb,
	0xfb38fdfe, 0xfb03ff36, 0xfacdffb1, 0xfa5f0008,
	0xf9640038, 0xf833001f, 0xf6fcfff1, 0xf690ff2d,
	0xf7b1fe20, 0xf9b8fd83, 0xfbe3fd90, 0xfe01fe1e,
	0xff6ffef4, 0x00610005, 0x00390174, 0xff43031e,
	0xfdfe047b, 0xfc97056e, 0xfbca0593, 0xfb2c050f,
	0xfb050458, 0xfb760325, 0xfbfa01f0, 0xfc5c010f,
	0xfc6d0033, 0xfc54ff50, 0xfbeafe98, 0xfb94fe4e,
	0xfb47fe1e, 0xfb1dfd7d, 0xfb55fd11, 0xfb50fc91,
	0xfac3fc01, 0xfa05fb92, 0xf95cfb1d, 0xf870faea,
	0xf71bfadb, 0xf621fafe, 0xf5f5fadc, 0xf687fa2e,
	0xf6fcf9f8, 0xf733f9dc, 0xf7a3f9c1, 0xf836f964,
	0xf8f8f8cd, 0xf903f8c0, 0xf8d7f90b, 0xf8edf969,
	0xf97ff915, 0xfa53f889, 0xfb12f814, 0xfbcaf84c,
	0xfc4bf90e, 0xfc65fa04, 0xfc1afad3, 0xfc07fb4e,
	0xfbaefc2b, 0xfb49fcf3, 0xfad3fd53, 0xfa2bfd55,
	0xf9eafc5c, 0xfa31fae7, 0xfa5bfa09, 0xfa14f9b5,
	0xf96cf98c, 0xf924f92d, 0xfa08f970, 0xfaf0fa92,
	0xfae1fbfe, 0xfa4dfccd, 0xfa75fd1a, 0xfb3bfd0b,
	0xfb4afd6b, 0xfa37fd83, 0xf969fc30, 0xf9c1fadc,
	0xfa57fa35, 0xfa77fa61, 0xfa7cfa6b, 0xfacafa43,
	0xfbabfa3e, 0xfc67fa44, 0xfc7afaf1, 0xfc4dfc37,
	0xfc21fd5e, 0xfc5dfe18, 0xfc46fe82, 0xfbf1ff8e,
	0xfc050037, 0xfcc20013, 0xfd45ff5c, 0xfd1efe56,
	0xfce1fd9b, 0xfcf2fc61, 0xfd44fb20, 0xfd36fa09,
	0xfceff9bc, 0xfcfafa2c, 0xfd81fac2, 0xfe41fbf5,
	0xfe55fd6e, 0xfe06fe79, 0xfe1bff09, 0xfe48ff82,
	0xfe2dffc9, 0xfdf3ff91, 0xfe27ff3b, 0xfe5cfea5,
	0xfea1fdfb, 0xfed6fd2c, 0xfeb8fc86, 0xfeb0fbd3,
	0xfedefb16, 0xfec5faee, 0xfe72fa66, 0xfe2ff9ad,
	0xfe6cf95a, 0xfed7f963, 0xfec6f928, 0xfeaff900,
	0xfe46f934, 0xfe1cf94c, 0xfe18f913, 0xfdb6f8e8,
	0xfcf4f8a9, 0xfc77f808, 0xfc5cf791, 0xfc20f74e,
	0xfc4af6ec, 0xfce1f62d, 0xfd92f5d3, 0xfd3ef5e5,
	0xfccef5f3, 0xfd35f5ce, 0xfe2cf56f, 0xfefcf4fc,
	0xff61f4d9, 0xffd4f518, 0x004bf55c, 0x010ff538,
	0x0139f55a, 0x009ff661, 0x0009f713, 0xffc6f778,
	0xff5cf774, 0xfed7f6ef, 0xfe87f65a, 0xfe48f5de,
	0xfe2ef567, 0xfe11f4f0, 0xfde8f47a, 0xfd94f44d,
	0xfd45f488, 0xfd04f541, 0xfc44f627, 0xfae9f672,
	0xf9e5f5ce, 0xf9c8f533, 0xfabaf508, 0xfb03f4e9,
	0xfa2af533, 0xf9a7f4ea, 0xfa2ef52d, 0xfb9af620,
	0xfc3cf713, 0xfbaaf7f9, 0xfb46f8dc, 0xfb96f992,
	0xfba6f9c6, 0xfb45f9b2, 0xf9d9fa19, 0xf811fad4,
	0xf6effb13, 0xf653faa7, 0xf5fdfa5d, 0xf58bfa61,
	0xf577fa5c, 0xf64bfb22, 0xf730fbce, 0xf7f7fc50,
	0xf929fce2, 0xfa82fdfd, 0xfb8fff56, 0xfbc000c3,
	0xfb6e0195, 0xfb3301c3, 0xfb290194, 0xfb2d00da,
	0xfb0c000a, 0xfac9ffb4, 0xfac20037, 0xfaf70114,
	0xfb7601b5, 0xfc47022a, 0xfd550350, 0xfe1004b3,
	0xfed00597, 0xffb205db, 0x009405ac, 0x017b0572,
	0x0234054d, 0x023104fb, 0x012004eb, 0x002b04d3,
	0xffed04e7, 0xff88048d, 0xfe98036c, 0xfdca0238,
	0xfd820179, 0xfd890127, 0xfd750064, 0xfd72ffb8,
	0xfdb8ff18, 0xfe24ff4e, 0xfe38ff9f, 0xfde3ff73,
	0xfd70ff56, 0xfd5bff2c, 0xfd3efeda, 0xfcdbfdfa,
	0xfcbffd83, 0xfd1bfd5b, 0xfd21fd6a, 0xfca4fd4a,
	0xfc60fd08, 0xfc85fc9a, 0xfd1bfc34, 0xfd90fbef,
	0xfdc2fbda, 0xfe29fc01, 0xfedafc0e, 0xff34fc40,
	0xff6dfcb3, 0xffcbfd79, 0x0017fe44, 0xfff0fe7b,
	0xff15fe30, 0xfe38fe72, 0xfdc0fe62, 0xfd52fdf6,
	0xfcc2fd80, 0xfc61fd04, 0xfc70fc75, 0xfcccfc59,
	0xfd4bfcf4, 0xfdb5fd62, 0xfe18fd4a, 0xfe5efc85,
	0xfe2dfc69, 0xfe50fcd8, 0xfeb8fd3a, 0xfeb9fd41,
	0xfe28fc92, 0xfd1efbd0, 0xfcd8fb76, 0xfd99fb9a,
	0xfe0afb9b, 0xfd88fb7e, 0xfccffb90, 0xfca6fb3c,
	0xfccdfab6, 0xfc96fab1, 0xfbd4fb27, 0xfae8fb5c,
	0xfa54fa8f, 0xfa50f9f1, 0xfa57f972, 0xf9f3f988,
	0xf9a6f9ea, 0xf9d5f9a5, 0xfa2bf92e, 0xfa30f8dc,
	0xfa62f905, 0xfae0f940, 0xfafaf9ea, 0xfabffa75,
	0xfa5ffac5, 0xfa02fa92, 0xf998fa50, 0xf962fa7b,
	0xf90afa83, 0xf8f3fa4e, 0xf993f9a9, 0xfa6af8a8,
	0xfb07f7f1, 0xfbb8f83d, 0xfcaef903, 0xfcddf9a1,
	0xfd2efa2b, 0xfd3cfa44, 0xfcd5fa36, 0xfc6ffa45,
	0xfc0ef9ac, 0xfb9af8d2, 0xfb2df7ed, 0xfb23f6ff,
	0xfb14f646, 0xfad0f5ea, 0xfa59f5d5, 0xf9cdf5fa,
	0xf95ef61f, 0xf950f65a, 0xf9a0f678, 0xf9c8f667,
	0xf9c8f6ea, 0xf9fef7b5, 0xfa1ef7c3, 0xfa15f78e,
	0xf9b6f828, 0xf97cf8d8, 0xf90ff904, 0xf88cf89c,
	0xf859f84b, 0xf8a1f858, 0xf93cf842, 0xf982f87f,
	0xf957f91b, 0xf952f9bf, 0xf978fa82, 0xf92cfb4a,
	0xf891fc34, 0xf7a6fca7, 0xf6ebfcc8, 0xf679fbfd,
	0xf63ffac3, 0xf5b3fa67, 0xf543fa84, 0xf4e9faaa,
	0xf481fab2, 0xf479fb26, 0xf479fc26, 0xf4c4fdb2,
	0xf55fff02, 0xf624ffdc, 0xf729ffd8, 0xf87effd6,
	0xf9810081, 0xf9a500a6, 0xf9620033, 0xf929ff68,
	0xf8b4ff66, 0xf7efffe8, 0xf73a0067, 0xf76d00b3,
	0xf82200c7, 0xf882019f, 0xf80102a0, 0xf8110303,
	0xf97a02ea, 0xfb000391, 0xfb5e04a2, 0xfac7054c,
	0xfae7057d, 0xfc0004fd, 0xfda70473, 0xfe38042a,
	0xfdc403f3, 0xfd9c0307, 0xfddc01cb, 0xfd9d00e1,
	0xfccf00a8, 0xfc180122, 0xfbac0177, 0xfb9301c9,
	0xfbee0284, 0xfce202fa, 0xfe430361, 0xffcc0370,
	0x011302fd, 0x01d70288, 0x0254023b, 0x025c01d9,
	0x020c01a8, 0x01b30186, 0x01640121, 0x011d00f5,
	0x009b0072, 0x0087ff6c, 0x012ffe17, 0x01c7fd33,
	0x01bffc93, 0x0184fc2a, 0x0146fbb6, 0x00f1fb4d,
	0x009efb37, 0x007bfb52, 0x0015fbbb, 0xffa5fc3f,
	0xff96fc05, 0xff92fb48, 0xff6ffb5d, 0xff0dfbcd,
	0xfe25fbc2, 0xfd2efb5e, 0xfce9faf4, 0xfc90fa94,
	0xfc1bfa3a, 0xfbf9f958, 0xfc18f801, 0xfc51f707,
	0xfc7bf690, 0xfcd2f612, 0xfcfbf5ee, 0xfcb1f663,
	0xfc17f773, 0xfb74f88f, 0xfb29f93f, 0xfb36f984,
	0xfb2cf94d, 0xfaf0f932, 0xfac1f8b6, 0xfabdf813,
	0xfaa9f7bd, 0xfa4ef774, 0xf9e1f752, 0xf9adf74c,
	0xf9d8f7c9, 0xf9bff8d3, 0xf9dff987, 0xfa6ff9d2,
	0xfb41f9e4, 0xfc5afa68, 0xfd1bfab9, 0xfd79fa81,
	0xfde2fa6e, 0xfeb2fa06, 0xff7bf9da, 0xffeef9ca,
	0x001efa4d, 0x003dfae4, 0x005ffb76, 0x005dfc2f,
	0x0059fcc8, 0xffd3fdfe, 0xfe79ff1f, 0xfcd5ffc2,
	0xfbbbfefd, 0xfbf7fdc8, 0xfcb8fccc, 0xfca7fbda,
	0xfc47fb2d, 0xfcaafa04, 0xfe07f939, 0xff29f907,
	0xff61f981, 0xfebffa1e, 0xfdc0fa6f, 0xfd47fad6,
	0xfcbafb46, 0xfbc7fb6a, 0xfad7faff, 0xfa12fa84,
	0xf971fa12, 0xf954f9d2, 0xf942f980, 0xf902f91e,
	0xf94af8d0, 0xf9fdf8b9, 0xfaf8f8b9, 0xfbbbf8f8,
	0xfc0ef99a, 0xfc85fa67, 0xfcb7faf5, 0xfc96faf5,
	0xfba3fb36, 0xf9bcfb69, 0xf801fb08, 0xf6c9fa0f,
	0xf615f8a9, 0xf55ff702, 0xf4d1f5cb, 0xf4ddf558,
	0xf50df592, 0xf503f61a, 0xf52bf6c3, 0xf570f7ae,
	0xf587f8a9, 0xf570f97b, 0xf520fa24, 0xf4a4fab9,
	0xf457fb3e, 0xf41afb34, 0xf3fefaa1, 0xf42afa52,
	0xf497fa2d, 0xf48df9e6, 0xf444f961, 0xf4abf8d4,
	0xf528f876, 0xf576f80f, 0xf561f7c9, 0xf57af7e2,
	0xf5dff7f4, 0xf62ff856, 0xf658f8b9, 0xf67ef94f,
	0xf6edfa0c, 0xf751fad4, 0xf7e5fb3d, 0xf86afb4b,
	0xf8a4fbcc, 0xf8f5fc71, 0xf97dfc8a, 0xf9d9fc74,
	0xfa14fcb7, 0xfa8dfd57, 0xfb30fdc0, 0xfbd7fd9c,
	0xfc9efd47, 0xfda0fcfc, 0xfe4bfcf9, 0xfefafcd5,
	0xff4ffc86, 0xffc2fc38, 0x0037fc93, 0x0065fcda,
	0x003dfd89, 0xfffafe96, 0x0050ff74, 0x00d4ffe8,
	0x01720030, 0x01ec0082, 0x02850091, 0x02f30057,
	0x0343ffe3, 0x03c5ff7f, 0x043aff12, 0x043bff2e,
	0x033eff91, 0x01d2ff6a, 0x00a4feea, 0xffd7feaa,
	0x0011fdea, 0x0023fd90, 0xffa1fde0, 0xff06fdfb,
	0xff15fe1b, 0x000dfe74, 0x00d2ff6e, 0x00880095,
	0xff790177, 0xfef701ab, 0xff310141, 0xff4000c2,
	0xfee0ffca, 0xff3bfed7, 0xffb8fd94, 0x0009fcdd,
	0x0032fcc0, 0xffe9fced, 0xff6cfd55, 0xff65fd37,
	0xff9bfd51, 0xff5ffd7a, 0xfe85fde5, 0xfdc6fda8,
	0xfde6fcf9, 0xfe13fc60, 0xfdbdfc11, 0xfca2fbc4,
	0xfb8bfb67, 0xfafefac1, 0xfb0ef9e1, 0xfb0bf95a,
	0xfabef8ae, 0xfadbf880, 0xfb91f83f, 0xfc3ef80c,
	0xfc75f853, 0xfc66f926, 0xfc35f9e2, 0xfbe3fa1d,
	0xfb4efa05, 0xfa56f980, 0xf954f8b4, 0xf908f767,
	0xf8b4f62f, 0xf7fbf4f3, 0xf775f40c, 0xf74ff397,
	0xf764f39d, 0xf7d3f3d9, 0xf894f436, 0xf983f4fb,
	0xfa86f563, 0xfbc0f555, 0xfcb1f504, 0xfceef4b0,
	0xfcb9f483, 0xfc1bf42b, 0xfbcff39d, 0xfc0ff339,
	0xfc3ff2f6, 0xfc0ff346, 0xfc17f3f4, 0xfd3cf459,
	0xfee9f4d6, 0x002df56a, 0x00b9f62e, 0x00ddf78d,
	0x00f9f860, 0x011af8e4, 0x018bf94b, 0x0190f951,
	0x016cf97f, 0x011af994, 0x0110f9b9, 0x0140fa00,
	0x017ffa36, 0x01d3fabb, 0x015cfb7b, 0x00e8fc54,
	0x0064fd49, 0x0024fe16, 0x0052feab, 0x00e2feda,
	0x0176ff61, 0x015dffe5, 0x00d20016, 0x002b003a,
	0xff7b00b2, 0xfef60148, 0xfddc017f, 0xfb9001a5,
	0xf93b01bb, 0xf7ee01c9, 0xf7250151, 0xf6760053,
	0xf638ffca, 0xf5f2ffc5, 0xf5870019, 0xf57f006b,
	0xf644005f, 0xf7200117, 0xf7cc024f, 0xf84003b1,
	0xf84a04a3, 0xf86c04b1, 0xf8c204d3, 0xf8f1051b,
	0xf89d052a, 0xf7cb04f2, 0xf6e80493, 0xf64b0415,
	0xf5ed0402, 0xf5a103ff, 0xf58403f9, 0xf5d7043b,
	0xf67b04b1, 0xf6d304d3, 0xf6fd050a, 0xf795055b,
	0xf86405c0, 0xf8e60621, 0xf95d0632, 0xfa0405eb,
	0xfaad0517, 0xfb510474, 0xfc0203a7, 0xfc0002c9,
	0xfbc2019b, 0xfbb2007a, 0xfb72ff6a, 0xfae1fede,
	0xf996feae, 0xf913fe6a, 0xf965fe82, 0xf9e8feb0,
	0xfa82fec0, 0xfb1bfe56, 0xfba9fe5a, 0xfc1cfe0f,
	0xfca7fd13, 0xfd5efba9, 0xfe0bfa39, 0xfe80f958,
	0xfe6df8b6, 0xfe93f816, 0xff5ef761, 0xfffff724,
	0xffeef774, 0xff6cf7b1, 0xfed7f798, 0xfdf9f795,
	0xfda6f7f8, 0xfdcaf873, 0xfe04f869, 0xfe06f838,
	0xfe53f7f2, 0xfec4f79c, 0xff41f787, 0xfffff776,
	0x0051f6e0, 0xffe4f68c, 0xfefdf6ae, 0xfe5bf6c8,
	0xfe01f703, 0xfdcbf755, 0xfdcff81a, 0xfdfcf87b,
	0xfe18f883, 0xfe40f8b8, 0xfe35f8ea, 0xfddef947,
	0xfd70f9e2, 0xfcdafa37, 0xfbb6fa6b, 0xfa97fab1,
	0xfa41faaa, 0xfa01fa51, 0xf9b2fa3f, 0xf9c7fa58,
	0xfa12f9f6, 0xfa17f914, 0xfa43f8bd, 0xfa59f96d,
	0xfa2efa46, 0xf9fefb1c, 0xf96efb7c, 0xf8ccfbfb,
	0xf836fc6d, 0xf7cafca7, 0xf6e8fc9b, 0xf5fcfc44,
	0xf608fc15, 0xf662fbc7, 0xf62afb60, 0xf5b0fb84,
	0xf61bfbb0, 0xf7b2fbca, 0xf95cfc90, 0xf9e7fd20,
	0xf9e7fd75, 0xfa39fd55, 0xfa8ffd72, 0xfa90fdb3,
	0xf9e3fde4, 0xf91dfdfe, 0xf890fd7d, 0xf831fd22,
	0xf7bafce9, 0xf774fc78, 0xf7e4fb88, 0xf86afa32,
	0xf892f946, 0xf86af881, 0xf8aff761, 0xf92df691,
	0xf94ff5e3, 0xf940f5f3, 0xf948f5d5, 0xf9e1f55d,
	0xfa7ef56c, 0xfabbf552, 0xfb22f572, 0xfb92f569,
	0xfbbbf556, 0xfba0f4d9, 0xfbb2f443, 0xfbdaf3d7,
	0xfbd7f3a7, 0xfb72f3dc, 0xfafdf365, 0xfae4f263,
	0xfabff193, 0xfa53f154, 0xf999f151, 0xf90bf17b,
	0xf8def19a, 0xf91cf189, 0xf9b7f197, 0xfa6cf20b,
	0xfb11f2a7, 0xfb5cf337, 0xfb97f3b1, 0xfbeef3df,
	0xfbd0f3f3, 0xfb08f3fd, 0xf9f8f431, 0xf8f5f446,
	0xf846f4ea, 0xf7faf598, 0xf84ff631, 0xf96ef69b,
	0xfabcf73f, 0xfb9af8c2, 0xfc45fa0a, 0xfce7fb2a,
	0xfd5efbfc, 0xfd33fce4, 0xfc50fe26, 0xfb42ff65,
	0xfab9ffd6, 0xfab0fff7, 0xfaad002f, 0xfa8600ad,
	0xfadd00b5, 0xfbb4004c, 0xfc25002a, 0xfc410094,
	0xfc12014b, 0xfc63021f, 0xfc9f028d, 0xfcb4030c,
	0xfc9c03f3, 0xfcb704fa, 0xfd150617, 0xfd32068c,
	0xfcf30691, 0xfbf20617, 0xfb340615, 0xface065c,
	0xfaa706c1, 0xfaa80670, 0xfac705f2, 0xfb2c058b,
	0xfb8d054d, 0xfc490504, 0xfcf5044b, 0xfd0e0430,
	0xfc4a0431, 0xfb4f0427, 0xfb31041c, 0xfb4e047b,
	0xfb52051b, 0xfb6e05a7, 0xfc550578, 0xfdcd0536,
	0xfec80557, 0xfea404db, 0xfe550461, 0xfe4003ec,
	0xfe0b0378, 0xfd6a02b3, 0xfcb201bf, 0xfca90180,
	0xfd420120, 0xfe200050, 0xfeb8ff48, 0xff20fe81,
	0xff82fe8b, 0x0050fe7d, 0x012afdeb, 0x0230fd3c,
	0x0317fd19, 0x03b4fd51, 0x0429fcbd, 0x048efb98,
	0x04f4fabb, 0x04cdfa43, 0x03adf9a5, 0x0234f934,
	0x0134f8a1, 0x0091f81d, 0x00c1f7ac, 0x013ef6de,
	0x0218f62d, 0x0320f5bf, 0x0416f543, 0x04f8f4a8,
	0x0546f415, 0x04d4f444, 0x03f2f456, 0x02d5f43e,
	0x01a0f46b, 0x00bbf45c, 0xfff0f47f, 0xffa6f445,
	0xffa9f434, 0xff8df463, 0xff11f4bd, 0xfe61f533,
	0xfe1ef595, 0xfd94f5e2, 0xfce7f688, 0xfc34f6e0,
	0xfb9cf6c7, 0xfb2ef685, 0xfa9bf60b, 0xfa5af5d4,
	0xf9dff5d7, 0xf93ff660, 0xf8adf6e8, 0xf820f754,
	0xf819f7d7, 0xf8b3f89a, 0xf930f97a, 0xf976fa25,
	0xf9eafaab, 0xfa85fb6c, 0xfaa3fc24, 0xfa4efcbc,
	0xfa1ffd20, 0xf976fd68, 0xf87cfdd2, 0xf7c8fe2b,
	0xf770fe4d, 0xf76efe40, 0xf7b3fea3, 0xf7caff5b,
	0xf806003c, 0xf8bd00d7, 0xf97b018f, 0xf9dc02b8,
	0xfa2d0394, 0xfabd03a0, 0xfb180378, 0xfb1a0388,
	0xfad2039d, 0xfa510387, 0xf9bd031d, 0xf90902f8,
	0xf81d02e3, 0xf74902ea, 0xf69302a2, 0xf629028f,
	0xf5aa0289, 0xf4c701e9, 0xf465011e, 0xf4d60021,
	0xf536ffd3, 0xf50dfff7, 0xf548ff63, 0xf5ecfe34,
	0xf6abfd57, 0xf790fd1b, 0xf806fcf3, 0xf803fcb1,
	0xf7f4fc3b, 0xf7dafb82, 0xf74cfaed, 0xf6b3fa6a,
	0xf60ffa44, 0xf558f9e2, 0xf51ef919, 0xf5baf847,
	0xf65cf7cf, 0xf6aff78b, 0xf776f6df, 0xf858f678,
	0xf926f67c, 0xf998f6b1, 0xfa12f6d1, 0xfaa0f6b7,
	0xfb3df71d, 0xfbc7f752, 0xfc2ef784, 0xfc78f7a7,
	0xfceef768, 0xfdaff7a6, 0xfde2f7a9, 0xfe47f7ed,
	0xff1df833, 0xff62f8b4, 0xff47f903, 0xff1bf928,
	0xff00f926, 0xfebaf93c, 0xfde7f976, 0xfd2ef924,
	0xfcb5f8e9, 0xfcc7f898, 0xfd24f893, 0xfd81f86d,
	0xfdc7f89e, 0xfe45f8eb, 0xff03f91a, 0xff09f955,
	0xfe66f9b0, 0xfdcdfa0d, 0xfd7ffa85, 0xfd3cfb1f,
	0xfcf7fc19, 0xfc91fce9, 0xfc17fdc2, 0xfc15fe6a,
	0xfc43fdfe, 0xfbfcfdd6, 0xfb74fdc1, 0xfad0fdb6,
	0xfa81fd58, 0xfa7cfcc8, 0xfacafcff, 0xfb0ffe24,
	0xfb52ff78, 0xfc04007f, 0xfcf9011c, 0xfd5d01d1,
	0xfd560260, 0xfd640256, 0xfd2b020f, 0xfcef01d4,
	0xfc7401cc, 0xfbdc0165, 0xfb5300cc, 0xfac5005a,
	0xfa450007, 0xf9a6ff8a, 0xf905ff43, 0xf8c5ff36,
	0xf8a2ffa0, 0xf8b8ffe7, 0xf926ffd7, 0xf9ca008e,
	0xfa3c0180, 0xfaa1022e, 0xfafe01e4, 0xfb000115,
	0xfb010035, 0xfb07feca, 0xfb43fd52, 0xfb82fc08,
	0xfbc8fb68, 0xfbfbfb10, 0xfc17fa3d, 0xfbe7f9a7,
	0xfb66f93a, 0xfaedf8de, 0xfa91f84b, 0xfaa7f769,
	0xfad6f69b, 0xfb36f624, 0xfc49f588, 0xfe45f4eb,
	0xffbff51b, 0x00a7f540, 0x00f9f510, 0x0104f443,
	0x0111f346, 0x00c7f2ae, 0x0021f239, 0xff39f192,
	0xff50f127, 0x0022f126, 0x0137f1a2, 0x020af274,
	0x02a3f315, 0x0300f38d, 0x03b4f37f, 0x0403f305,
	0x03cef1e8, 0x02e9f199, 0x0249f1dd, 0x0203f138,
	0x018ff070, 0x0178eff4, 0x011bf010, 0x00e6f04d,
	0x0055f04a, 0xffcff024, 0xff34f04d, 0xfeeef0ce,
	0xfedef16e, 0xfeabf1bc, 0xfe85f28a, 0xfe71f40b,
	0xfe31f4d5, 0xfd77f5b6, 0xfc78f6b6, 0xfbc8f78d,
	0xfb0ef823, 0xf9cff84d, 0xf88bf872, 0xf7b4f84a,
	0xf770f824, 0xf765f83b, 0xf73ff899, 0xf6abf9a3,
	0xf63efa98, 0xf62efb39, 0xf5e2fc39, 0xf557fdc4,
	0xf51bff0d, 0xf532ff86, 0xf5b1ffc9, 0xf64d0086,
	0xf6f6016d, 0xf7b801dd, 0xf8730220, 0xf8e7028f,
	0xf8e8034a, 0xf88d03e5, 0xf8270443, 0xf7dc0484,
	0xf7bc04c7, 0xf7d10534, 0xf7cb05cb, 0xf8330649,
	0xf9150720, 0xfa0b07fa, 0xfabe08b1, 0xfb6d0907,
	0xfbf80933, 0xfc6b0959, 0xfcf2092a, 0xfd2a08da,
	0xfdaf07f5, 0xfdc70770, 0xfd5b0753, 0xfd4a0737,
	0xfd1f068d, 0xfcdb05df, 0xfcd10547, 0xfce404ba,
	0xfd0e0456, 0xfda80398, 0xfeac02a4, 0xffca01ce,
	0x00d50128, 0x01a8001e, 0x01ceff13, 0x0187fe06,
	0x00d6fcd1, 0xffb3fb8b, 0xfeaff9f1, 0xfd69f882,
	0xfca0f784, 0xfccef704, 0xfd83f700, 0xfe63f735,
	0xfec9f7c3, 0xff4af844, 0x006df8e7, 0x0175f957,
	0x019df9b0, 0x00fcf9f4, 0x0079f9f2, 0x0076f9a8,
	0x00b1f8b3, 0x0091f7e9, 0xffe0f753, 0xff34f6f7,
	0xfefaf6aa, 0xfeb1f64b, 0xfe08f5e0, 0xfd76f613,
	0xfd88f667, 0xfe1bf6b3, 0xfe65f752, 0xfdfdf804,
	0xfd99f95f, 0xfd8ffa6e, 0xfd5bfb25, 0xfcf9fb8b,
	0xfbbefc05, 0xfaccfc63, 0xfa54fc71, 0xfa27fbfc,
	0xfa2afb20, 0xfa34fa6a, 0xfa8bfa1f, 0xfab5fa3c,
	0xfaabfa57, 0xfa47fab2, 0xf9fcfb0a, 0xf966fb84,
	0xf929fc22, 0xf8e6fcd2, 0xf890fd3a, 0xf896fd5b,
	0xf892fd1b, 0xf882fcd4, 0xf824fc8c, 0xf783fccc,
	0xf70efd67, 0xf6b6fdaa, 0xf646fe03, 0xf63dfe28,
	0xf6abfe5a, 0xf72ffe9b, 0xf79efeff, 0xf826ff24,
	0xf88aff45, 0xf8e7ff4c, 0xf91fff39, 0xf924ff27,
	0xf930fefe, 0xf977fec4, 0xfa47fe01, 0xfb30fd8a,
	0xfb99fd5d, 0xfbb9fd2d, 0xfbeafcd4, 0xfc05fccf,
	0xfbbefcec, 0xfb03fcee, 0xfa7afd1d, 0xfa41fcd6,
	0xfa2afc4f, 0xfa9dfbb1, 0xfb9efb10, 0xfd1dfa99,
	0xfe55f9a6, 0xff16f8b2, 0xffa8f7e3, 0x0013f6e6,
	0x0049f652, 0x0038f5ce, 0x0001f50f, 0xff9af42f,
	0xffd1f377, 0x004df2f4, 0x00b4f328, 0x00abf404,
	0x0020f504, 0xffadf578, 0xff1af574, 0xfe84f56c,
	0xfdddf569, 0xfd57f521, 0xfcf8f46e, 0xfc8cf3b6,
	0xfc3af32f, 0xfbedf2e3, 0xfbbaf2bd, 0xfb78f2e4,
	0xfaedf331, 0xfa1bf3bb, 0xf95af431, 0xf903f46c,
	0xf8f0f43a, 0xf96df415, 0xf9c3f45c, 0xf9adf504,
	0xf935f627, 0xf81df744, 0xf6c8f806, 0xf583f89d,
	0xf461f93d, 0xf35efa39, 0xf2b2faa4, 0xf2b2fa1e,
	0xf315f9f2, 0xf35afa6a, 0xf39cfb7e, 0xf411fcdf,
	0xf4d0fe2e, 0xf4f1ff23, 0xf4a50013, 0xf46c00e0,
	0xf4730194, 0xf4bf01d4, 0xf4fe01ae, 0xf58801e2,
	0xf66e0211, 0xf70c0237, 0xf6cb0294, 0xf619037f,
	0xf5f8044c, 0xf68204dc, 0xf6bb0546, 0xf6b20585,
	0xf70305ca, 0xf81e0623, 0xf99d06a5, 0xfafd0732,
	0xfbf20808, 0xfcbb08a2, 0xfd9f08f4, 0xfe5d08fe,
	0xff0c0886, 0xff6d0810, 0xffc2077a, 0x001206b9,
	0xfffa060f, 0xffdf059a, 0xffd00519, 0xff9f04c5,
	0xff6604b3, 0xff300428, 0xff6f0377, 0xffe302e8,
	0x005f0278, 0x0123027f, 0x02210260, 0x0360025e,
	0x04710236, 0x053c01fe, 0x05ab01af, 0x05a000dc,
	0x050e0005, 0x0477feae, 0x040bfd1f, 0x03a9fbab,
	0x035cfac6, 0x030ff9c5, 0x02f4f8e3, 0x02e6f85b,
	0x02f1f826, 0x0337f826, 0x0392f81a, 0x0382f7d6,
	0x02fbf750, 0x0256f6d1, 0x0212f630, 0x0204f5e0,
	0x01b4f5ae, 0x00b4f54f, 0xffdff458, 0xffa9f3ba,
	0xff72f33b, 0xfedbf325, 0xfe11f313, 0xfda6f2ee,
	0xfd76f311, 0xfd5bf31f, 0xfd1ef39d, 0xfd53f418,
	0xfd60f498, 0xfcf1f502, 0xfbe8f56a, 0xfa86f5d4,
	0xf978f644, 0xf8b1f62b, 0xf7eaf5f2, 0xf72ff570,
	0xf706f4ea, 0xf765f507, 0xf7e4f54b, 0xf81ef5cf,
	0xf84bf672, 0xf8f3f791, 0xf9cef92e, 0xf9fdfb28,
	0xf99cfca8, 0xf975fd64, 0xf9bdfdce, 0xf9befdf8,
	0xf955fe0b, 0xf87ffdb8, 0xf796fcda, 0xf73efbbd,
	0xf6defb43, 0xf663fb44, 0xf5ccfb91, 0xf5a8fbf2,
	0xf67ffc2f, 0xf7aefc7d, 0xf8fdfcd9, 0xf9f4fd73,
	0xfaddfe22, 0xfbdfff0e, 0xfce1ffda, 0xfe030092,
	0xfeae00cc, 0xff0800bc, 0xff730093, 0xfff0005c,
	0x000cffde, 0xff71ff2c, 0xfe70feb8, 0xfd59fe32,
	0xfc7ffe00, 0xfb85fdc9, 0xfa86fdfc, 0xf9dbfe4a,
	0xf9d5fe75, 0xfa5afe44, 0xfb03fdc0, 0xfbeefd39,
	0xfc9efcd5, 0xfcfcfc76, 0xfd47fbe2, 0xfd55fb6f,
	0xfca5fac0, 0xfbbefa6a, 0xfaf8f9f0, 0xfab2f900,
	0xfabbf851, 0xfa65f73b, 0xf9adf69a, 0xf8e1f69a,
	0xf877f6a6, 0xf87af697, 0xf86cf64d, 0xf808f646,
	0xf7d4f5f7, 0xf823f5ae, 0xf874f53d, 0xf880f4a5,
	0xf8a6f47c, 0xf8a4f46f, 0xf8a4f457, 0xf893f425,
	0xf87df453, 0xf8cef493, 0xf989f4c7, 0xfa1cf4f2,
	0xfa74f53b, 0xfabff5a6, 0xfb5cf600, 0xfba1f66e,
	0xfb39f6df, 0xfa57f765, 0xf927f7e4, 0xf7f7f883,
	0xf6c7f8d6, 0xf643f8e6, 0xf656f8b5, 0xf70ff8e9,
	0xf7eef98d, 0xf8cafa0b, 0xf99ffa82, 0xfa7efaf4,
	0xfb09fbcc, 0xfaf5fc72, 0xfae8fcd1, 0xfa81fcaf,
	0xfa32fc95, 0xf9d1fcc1, 0xf9c0fc9b, 0xf9f4fc6f,
	0xf9b4fc79, 0xf931fcff, 0xf8d0fdaa, 0xf8f8fdfe,
	0xf8f8fe01, 0xf8c2fe5b, 0xf899fee7, 0xf8b8ff87,
	0xf94bfffa, 0xfaaf000d, 0xfc220084, 0xfd5e013e,
	0xfe0b01c9, 0xfe8a0233, 0xff320288, 0xff9102e0,
	0xfffd037f, 0x004203c0, 0x00c503bb, 0x01ac0353,
	0x029f02c0, 0x031c02f2, 0x03030383, 0x02e403e8,
	0x032703ae, 0x02d20376, 0x0233037a, 0x0183039a,
	0x014c03b9, 0x01ea0348, 0x02f502a9, 0x037c0218,
	0x03c101f3, 0x046901be, 0x04a900d4, 0x043affda,
	0x02eaff24, 0x01fdfea2, 0x017afd98, 0x017cfc48,
	0x01c4fafe, 0x020af9f9, 0x027cf98f, 0x0305f936,
	0x0348f90c, 0x02d1f911, 0x01dbf9a8, 0x00d8fa13,
	0x0000f9be, 0xff26f8d7, 0xfe8bf7ac, 0xfde5f6a3,
	0xfd7ef5c7, 0xfcf5f506, 0xfc5df409, 0xfbc2f362,
	0xfb00f32a, 0xfaa5f34b, 0xfaaff30d, 0xfabcf2bf,
	0xfad3f2a7, 0xfb9bf2c1, 0xfcabf343, 0xfdd1f33e,
	0xfe62f32a, 0xfe57f3a3, 0xfda2f406, 0xfc78f3e6,
	0xfad7f383, 0xf9c8f358, 0xf965f27e, 0xf907f129,
	0xf8c2f090, 0xf894f079, 0xf915f0fb, 0xf9c0f1ee,
	0xfa42f2b8, 0xfa51f3cc, 0xfb0ff52a, 0xfbd2f61e,
	0xfc48f69e, 0xfc9ef6a5, 0xfd37f6b6, 0xfde1f6ec,
	0xfd9df757, 0xfd11f783, 0xfc39f7b5, 0xfb88f830,
	0xfb04f8c0, 0xfaa2f947, 0xfa2ef9d0, 0xfa00fa57,
};

GsOT KAR_D_800638CC[2] = {
	{ 0xfaa2fb0a, (GsOT_TAG *)0xfb87fc2a, 0xfc2efd04, 0xfcc9fdcd, (GsOT_TAG *)0xfd2afeba },
	{
		0xfd3bffc5,
		(GsOT_TAG *)0xfd08009e,
		0xfcbe0168,
		0xfc8901e8,
		(GsOT_TAG *)0xfc9e0202,
	},
};

GsOT_TAG KAR_D_800637CC[32] = {
	{ 0xd501b1, 0xfc },
	{ 0xf90149, 0xfc },
	{ 0x220147, 0xfd },
	{ 0x420150, 0xfd },
	{ 0x8e011d, 0xfd },
	{ 0x960156, 0xfd },
	{ 0x8901d9, 0xfd },
	{ 0x8a0259, 0xfd },
	{ 0x610336, 0xfd },
	{ 0x4d0410, 0xfd },
	{ 0x9f0499, 0xfd },
	{ 0xdb04b2, 0xfd },
	{ 0x0c04d3, 0xfe },
	{ 0xd00529, 0xfd },
	{ 0x950534, 0xfd },
	{ 0x7a04d7, 0xfd },
	{ 0x140457, 0xfd },
	{ 0xe503c2, 0xfc },
	{ 0xbd0372, 0xfc },
	{ 0x9b037d, 0xfc },
	{ 0x550369, 0xfc },
	{ 0x960341, 0xfc },
	{ 0x110313, 0xfd },
	{ 0x6902f0, 0xfd },
	{ 0x35031c, 0xfd },
	{ 0x000347, 0xfd },
	{ 0x180377, 0xfd },
	{ 0x1c0382, 0xfd },
	{ 0x71032a, 0xfd },
	{ 0x1e02b7, 0xfd },
	{ 0xaa0262, 0xfc },
	{ 0x94025b, 0xfc },
};

GsOT_TAG KAR_D_8006384C[32] = {
	{ 0x9f01ee, 0xfc },
	{ 0x940116, 0xfc },
	{ 0x260067, 0xfc },
	{ 0xb1fff9, 0xfb },
	{ 0x1affd5, 0xfb },
	{ 0xa9ffa1, 0xfa },
	{ 0x73ff74, 0xfa },
	{ 0xc8ff5d, 0xfa },
	{ 0x79ff11, 0xfb },
	{ 0xd6fe98, 0xfb },
	{ 0x53fe8c, 0xfc },
	{ 0xbffee0, 0xfc },
	{ 0x2bff0c, 0xfd },
	{ 0x88fedd, 0xfd },
	{ 0xdcfe4d, 0xfd },
	{ 0xbcfdf9, 0xfd },
	{ 0x2efdde, 0xfd },
	{ 0x7afddf, 0xfc },
	{ 0xbbfcfd, 0xfb },
	{ 0x38fbb8, 0xfb },
	{ 0x8afaf5, 0xfa },
	{ 0xd2fa46, 0xf9 },
	{ 0x13f9e8, 0xf9 },
	{ 0xaaf9be, 0xf8 },
	{ 0xbaf97f, 0xf8 },
	{ 0x1ff994, 0xf9 },
	{ 0xf3f9bd, 0xf9 },
	{ 0xfff9e5, 0xfa },
	{ 0x29f9e8, 0xfc },
	{ 0x2df98e, 0xfd },
	{ 0xa3f96f, 0xfd },
	{ 0xf2f929, 0xfd },
};

VECTOR KAR_D_800638F4 = { 0xfdbbf914, 0xfce1f93a, 0xfbcbf9b4, 0xfa6ef9f4 };

VECTOR KAR_D_80063904 = { 0xf971fa13, 0xf8fcfa4e, 0xf88cfa33, 0xf832fa14 };

KarStoneRaw KAR_D_80063914 = {
	{
		0xf85ff990, 0xf8e9f91e, 0xf9a2f8ec, 0xfa9ef8f2,
		0xfb55f913, 0xfbb4f93a, 0xfbd2f9b0, 0xfbecf9ff,
		0xfc07fa88, 0xfbf2fb52, 0xfbbbfbe9, 0xfb0dfc69,
		0xfa5bfcbe, 0xfa46fd6a, 0xfa57fde4, 0xfa4dfe03,
		0xfa72fdb9, 0xfb13fd50, 0xfbc9fcc6, 0xfc4afbe9,
		0xfc9afb39, 0xfc9afaa0, 0xfce6fa90, 0xfd55faf0,
		0xfd93fb6d, 0xfd88fc22, 0xfd93fd19, 0xfdb4fdd6,
		0xfdccfe31, 0xfd69fe3c, 0xfd06fdc3, 0xfd42fd2a,
		0xfd98fc5e, 0xfda0fbb2, 0xfd52fb30, 0xfd97fb0f,
		0xfe30fb46, 0xfed8fb8b, 0xff01fc0e, 0xfec6fc48,
		0xfe92fc70, 0xfe6ffc38, 0xfe0efbe4,
	},
};

KarStone *KAR_D_800639C0[10] = {
	(KarStone *)0xfd2bfb0e,
	(KarStone *)0xfc97f9c0,
	(KarStone *)0xfc43f8b3,
	(KarStone *)0xfbcaf7c4,
	(KarStone *)0xfb4ff753,
	(KarStone *)0xfaa2f6ec,
	(KarStone *)0xfa3df671,
	(KarStone *)0xfa59f5cc,
	(KarStone *)0xfa71f575,
	(KarStone *)0xfa56f568,
};
// clang-format on
