#include <libgs.h>

#include <dw/kar.h>
#include <dw/types.h>

// clang-format off
KarStoneRowRaw KAR_D_8005B5A0[3] = {
	{
		{
			0x00, 0x00, 0x00, 0x00, 0x00, 0x00, 0x00, 0x00,
			0x00, 0x00, 0x00, 0x00, 0x00, 0x00, 0x00, 0x00,
			0x00, 0x00, 0x00, 0x00, 0x00, 0x00, 0x00, 0x00,
			0x00, 0x00, 0x00, 0x00, 0x00, 0x00, 0x00, 0x00,
			0x00, 0x00, 0x00, 0x00, 0x00, 0x00, 0x00, 0x00,
			0x00, 0x00, 0x00, 0x00, 0x00, 0x00, 0x00, 0x00,
			0x00, 0x00, 0x00, 0x00, 0x00, 0x00, 0x00, 0x00,
			0x00, 0x00, 0x00, 0x00, 0x00, 0x00, 0x00, 0x00,
			0x00, 0x00, 0x00, 0x00, 0x00, 0x00, 0x00, 0x00,
			0x00, 0x00, 0x00, 0x00, 0x00, 0x00, 0x00, 0x00,
			0x00, 0x00, 0x00, 0x00, 0x00, 0x00, 0x00, 0x00,
			0x00, 0x00, 0x00, 0x00, 0x00, 0x00, 0x00, 0x00,
			0x00, 0x10, 0x0a, 0x00, 0x22, 0xa4, 0x00, 0x00,
			0x01, 0x3c, 0x06, 0x00, 0x30, 0xa4, 0xd8, 0x00,
			0x02, 0x24, 0x00, 0x00, 0x01, 0x3c, 0x0f, 0x00,
			0x22, 0xa0, 0x20, 0x00, 0x02, 0x24, 0x00, 0x00,
			0x01, 0x3c, 0x0a, 0x00, 0x22, 0xa4, 0xf7, 0xff,
			0x01, 0x2a, 0x09, 0x00, 0x20, 0x10, 0x00, 0x00,
			0x00, 0x00, 0xb7, 0xff, 0x21, 0x2a, 0x06, 0x00,
			0x20, 0x14, 0x00, 0x00, 0x00, 0x00, 0x00, 0x00,
			0x04, 0x3c, 0x00, 0x00, 0x85, 0x8f, 0xff, 0xff,
			0xc6, 0x33, 0x00, 0x00, 0x00, 0x0c, 0x00, 0x00,
			0x84, 0x24, 0x20, 0x00, 0x10, 0x22, 0x20, 0x00,
			0x52, 0x22, 0x20, 0x00, 0x31, 0x22, 0x01, 0x00,
			0x73, 0x22, 0x01, 0x00, 0xb5, 0x22, 0x04, 0x00,
			0x61, 0x2a, 0xb3, 0xff, 0x20, 0x14, 0x00, 0x00,
			0x00, 0x00, 0x01, 0x00, 0x94, 0x22, 0x02, 0x00,
			0xd6, 0x22, 0x29, 0x00, 0xf7, 0x22, 0x03, 0x00,
			0x81, 0x2a, 0x7f, 0xff, 0x20, 0x14, 0x00, 0x00,
			0x00, 0x00, 0x34, 0x00, 0xbf, 0x8f, 0x30, 0x00,
			0xbe, 0x8f, 0x2c, 0x00, 0xb7, 0x8f, 0x28, 0x00,
			0xb6, 0x8f, 0x24, 0x00, 0xb5, 0x8f, 0x20, 0x00,
			0xb4, 0x8f, 0x1c, 0x00, 0xb3, 0x8f, 0x18, 0x00,
			0xb2, 0x8f, 0x14, 0x00, 0xb1, 0x8f, 0x10, 0x00,
			0xb0, 0x8f, 0x08, 0x00, 0xe0, 0x03, 0x40, 0x00,
			0xbd, 0x27, 0x00, 0x00, 0x00, 0x00, 0x00, 0x00,
			0x00, 0x00, 0x61, 0x00, 0x00, 0x00, 0x11, 0x00,
			0x12, 0x00, 0xb3, 0x19, 0x00, 0x00, 0x58, 0x02,
			0x4d, 0x57, 0x20, 0x57, 0x49, 0x4e, 0x33, 0x32,
			0x20, 0x4d, 0x49, 0x50, 0x53, 0x20, 0x43, 0x2d,
			0x43, 0x6f, 0x6d, 0x70, 0x69, 0x6c, 0x65, 0x72,
			0x00, 0x38, 0x00, 0x43, 0x3a, 0x5c, 0x4b, 0x69,
			0x72, 0x6b, 0x5c, 0x52, 0x65, 0x76, 0x69, 0x73,
			0x65, 0x64, 0x5c, 0x48, 0x49, 0x47, 0x55, 0x43,
			0x48, 0x49, 0x5c, 0x73, 0x6c, 0x6f, 0x74, 0x32,
			0x2e, 0x63, 0x00, 0x36, 0x01, 0x02, 0x00, 0x00,
			0x00, 0x11, 0x01, 0x00, 0x00, 0x00, 0x00, 0x21,
			0x01, 0x00, 0x00, 0x00, 0x00, 0x06, 0x01, 0x00,
			0x00, 0x00, 0x00, 0x2b, 0x00, 0x00, 0x00, 0x0c,
			0x00, 0x12, 0x00, 0x8c, 0x00, 0x00, 0x00, 0x38,
			0x00, 0x67, 0x52, 0x45, 0x53, 0x55, 0x4c, 0x54,
			0x5f, 0x54, 0x49, 0x4d, 0x73, 0x6c, 0x6f, 0x74,
			0x00, 0x23, 0x00, 0x05, 0x00, 0x03, 0x00, 0x00,
			0x00, 0x00, 0x55, 0x00, 0x01, 0x00, 0x30, 0x00,
			0x00, 0x00, 0x14, 0x00, 0x12, 0x00, 0xbc, 0x00,
			0x00, 0x00, 0x38, 0x00, 0x6c, 0x6f, 0x61, 0x64,
			0x69, 0x6e, 0x67, 0x54, 0x49, 0x4d, 0x5f, 0x73,
			0x6c, 0x6f, 0x74, 0x00, 0x11, 0x01, 0x00, 0x00,
			0x00, 0x00, 0x21, 0x01, 0x08, 0x00, 0x00, 0x00,
			0x06, 0x01, 0x00, 0x00, 0x00, 0x00, 0x20, 0x00,
			0x00, 0x00, 0x01, 0x00, 0x12, 0x00, 0xdc, 0x00,
			0x00, 0x00, 0xa3, 0x00, 0x10, 0x00, 0x00, 0x0a,
			0x00, 0x00, 0x00, 0x00, 0x00, 0x08, 0x00, 0x00,
			0x00, 0x08, 0x55, 0x00, 0x01, 0x00, 0x26, 0x00,
			0x00, 0x00, 0x0c, 0x00, 0x12, 0x00, 0x02, 0x01,
			0x00, 0x00, 0x38, 0x00, 0x64, 0x72, 0x61, 0x77,
			0x5f, 0x73, 0x6c, 0x6f, 0x74, 0x32, 0x00, 0x23,
			0x00, 0x05, 0x00, 0x03, 0x00, 0x00, 0x00, 0x00,
			0x55, 0x00, 0x14, 0x00, 0x26, 0x00, 0x00, 0x00,
			0x0c, 0x00, 0x12, 0x00, 0x28, 0x01, 0x00, 0x00,
			0x38, 0x00, 0x6d, 0x6f, 0x76, 0x65, 0x5f, 0x73,
			0x6c, 0x6f, 0x74, 0x32, 0x00, 0x23, 0x00, 0x05,
			0x00, 0x03, 0x00, 0x00, 0x00, 0x00, 0x55, 0x00,
			0x14, 0x00, 0x12, 0x00, 0x00, 0x00, 0x13, 0x00,
			0x12, 0x00, 0xcb, 0x01, 0x00, 0x00, 0xb6, 0x00,
			0x08, 0x00, 0x00, 0x00, 0x21, 0x00, 0x00, 0x00,
			0x0d, 0x00, 0x12, 0x00, 0x5b, 0x01, 0x00, 0x00,
			0x38, 0x00, 0x66, 0x6c, 0x61, 0x67, 0x00, 0x55,
			0x00, 0x04, 0x00, 0x23, 0x00, 0x06, 0x00, 0x04,
			0x00, 0x00, 0x00, 0x00, 0x07, 0x23, 0x00, 0x00,
			0x00, 0x0d, 0x00, 0x12, 0x00, 0x7e, 0x01, 0x00,
			0x00, 0x38, 0x00, 0x73, 0x74, 0x61, 0x74, 0x75,
			0x73, 0x00, 0x55, 0x00, 0x04, 0x00, 0x23, 0x00,
			0x06, 0x00, 0x04, 0x02, 0x00, 0x00, 0x00, 0x07,
			0x27, 0x00, 0x00, 0x00, 0x0d, 0x00, 0x12, 0x00,
			0xa5, 0x01, 0x00, 0x00, 0x38, 0x00, 0x6e, 0x54,
			0x72, 0x61, 0x69, 0x6e, 0x6e, 0x69, 0x6e, 0x67,
			0x00, 0x55, 0x00, 0x04, 0x00, 0x23, 0x00, 0x06,
			0x00, 0x04, 0x04, 0x00, 0x00, 0x00, 0x07, 0x22,
			0x00, 0x00, 0x00, 0x0d, 0x00, 0x12, 0x00, 0xc7,
			0x01, 0x00, 0x00, 0x38, 0x00, 0x62, 0x6f, 0x6e,
			0x75, 0x73, 0x00, 0x55, 0x00, 0x04, 0x00, 0x23,
			0x00, 0x06, 0x00, 0x04, 0x06, 0x00, 0x00, 0x00,
			0x07, 0x04, 0x00, 0x00, 0x00, 0x28, 0x00, 0x00,
			0x00, 0x0c, 0x00, 0x12, 0x00, 0xf3, 0x01, 0x00,
			0x00, 0x38, 0x00, 0x67, 0x49, 0x4e, 0x46, 0x4f,
			0x5f, 0x53, 0x4c, 0x4f, 0x54, 0x00, 0x23, 0x00,
			0x05, 0x00, 0x03, 0x00, 0x00, 0x00, 0x00, 0x72,
			0x00, 0x28, 0x01, 0x00, 0x00, 0x6b, 0x00, 0x00,
			0x00, 0x14, 0x00, 0x12, 0x00, 0x88, 0x02, 0x00,
			0x00, 0x38, 0x00, 0x73, 0x65, 0x74, 0x5f, 0x73,
			0x6c, 0x6f, 0x74, 0x32, 0x00, 0x11, 0x01, 0x00,
			0x00, 0x00, 0x00, 0x21, 0x01, 0x60, 0x00, 0x00,
			0x00, 0x06, 0x01, 0x26, 0x00, 0x00, 0x00, 0x43,
			0x20, 0x0c, 0x00, 0x02, 0x1d, 0x00, 0x00, 0x00,
			0x04, 0x10, 0x00, 0x00, 0x00, 0x07, 0x06, 0xa3,
			0x02, 0x0c, 0x00, 0x02, 0x1d, 0x00, 0x00, 0x00,
			0x04, 0x14, 0x00, 0x00, 0x00, 0x07, 0x06, 0x13,
			0x20, 0x0b, 0x00, 0x01,
		},
	},
	{
		{
			0x1d, 0x00, 0x00, 0x00, 0x04, 0x18, 0x00, 0x00,
			0x00, 0x07, 0x22, 0x20, 0xdc, 0x00, 0x00, 0x00,
			0x22, 0x20, 0x02, 0x01, 0x00, 0x00, 0x22, 0x20,
			0xcb, 0x01, 0x00, 0x00, 0x26, 0x00, 0x00, 0x00,
			0x05, 0x00, 0x12, 0x00, 0x84, 0x02, 0x00, 0x00,
			0x38, 0x00, 0x6e, 0x54, 0x72, 0x61, 0x69, 0x6e,
			0x6e, 0x69, 0x6e, 0x67, 0x00, 0x23, 0x00, 0x05,
			0x00, 0x01, 0x10, 0x00, 0x00, 0x00, 0x55, 0x00,
			0x0a, 0x00, 0x04, 0x00, 0x00, 0x00, 0x35, 0x00,
			0x00, 0x00, 0x14, 0x00, 0x12, 0x00, 0xbd, 0x02,
			0x00, 0x00, 0x38, 0x00, 0x63, 0x68, 0x65, 0x63,
			0x6b, 0x45, 0x6e, 0x64, 0x5f, 0x73, 0x6c, 0x6f,
			0x74, 0x32, 0x00, 0x11, 0x01, 0x00, 0x00, 0x00,
			0x00, 0x21, 0x01, 0x0c, 0x00, 0x00, 0x00, 0x06,
			0x01, 0xba, 0x00, 0x00, 0x00, 0x22, 0x20, 0xcb,
			0x01, 0x00, 0x00, 0x12, 0x00, 0x00, 0x00, 0x13,
			0x00, 0x12, 0x00, 0x4b, 0x03, 0x00, 0x00, 0xb6,
			0x00, 0x08, 0x00, 0x00, 0x00, 0x1e, 0x00, 0x00,
			0x00, 0x0d, 0x00, 0x12, 0x00, 0xed, 0x02, 0x00,
			0x00, 0x38, 0x00, 0x78, 0x00, 0x55, 0x00, 0x04,
			0x00, 0x23, 0x00, 0x06, 0x00, 0x04, 0x00, 0x00,
			0x00, 0x00, 0x07, 0x1e, 0x00, 0x00, 0x00, 0x0d,
			0x00, 0x12, 0x00, 0x0b, 0x03, 0x00, 0x00, 0x38,
			0x00, 0x79, 0x00, 0x55, 0x00, 0x04, 0x00, 0x23,
			0x00, 0x06, 0x00, 0x04, 0x02, 0x00, 0x00, 0x00,
			0x07, 0x1e, 0x00, 0x00, 0x00, 0x0d, 0x00, 0x12,
			0x00, 0x29, 0x03, 0x00, 0x00, 0x38, 0x00, 0x77,
			0x00, 0x55, 0x00, 0x04, 0x00, 0x23, 0x00, 0x06,
			0x00, 0x04, 0x04, 0x00, 0x00, 0x00, 0x07, 0x1e,
			0x00, 0x00, 0x00, 0x0d, 0x00, 0x12, 0x00, 0x47,
			0x03, 0x00, 0x00, 0x38, 0x00, 0x68, 0x00, 0x55,
			0x00, 0x04, 0x00, 0x23, 0x00, 0x06, 0x00, 0x04,
			0x06, 0x00, 0x00, 0x00, 0x07, 0x04, 0x00, 0x00,
			0x00, 0x12, 0x00, 0x00, 0x00, 0x13, 0x00, 0x12,
			0x00, 0xf1, 0x04, 0x00, 0x00, 0xb6, 0x00, 0x24,
			0x00, 0x00, 0x00, 0x23, 0x00, 0x00, 0x00, 0x0d,
			0x00, 0x12, 0x00, 0x80, 0x03, 0x00, 0x00, 0x38,
			0x00, 0x72, 0x65, 0x63, 0x74, 0x00, 0x72, 0x00,
			0xbd, 0x02, 0x00, 0x00, 0x23, 0x00, 0x06, 0x00,
			0x04, 0x00, 0x00, 0x00, 0x00, 0x07, 0x26, 0x00,
			0x00, 0x00, 0x0d, 0x00, 0x12, 0x00, 0xa6, 0x03,
			0x00, 0x00, 0x38, 0x00, 0x77, 0x69, 0x6e, 0x52,
			0x65, 0x63, 0x74, 0x00, 0x72, 0x00, 0xbd, 0x02,
			0x00, 0x00, 0x23, 0x00, 0x06, 0x00, 0x04, 0x08,
			0x00, 0x00, 0x00, 0x07, 0x22, 0x00, 0x00, 0x00,
			0x0d, 0x00, 0x12, 0x00, 0xc8, 0x03, 0x00, 0x00,
			0x38, 0x00, 0x66, 0x5f, 0x63, 0x6e, 0x74, 0x00,
			0x55, 0x00, 0x04, 0x00, 0x23, 0x00, 0x06, 0x00,
			0x04, 0x10, 0x00, 0x00, 0x00, 0x07, 0x21, 0x00,
			0x00, 0x00, 0x0d, 0x00, 0x12, 0x00, 0xe9, 0x03,
			0x00, 0x00, 0x38, 0x00, 0x6d, 0x6f, 0x64, 0x65,
			0x00, 0x55, 0x00, 0x04, 0x00, 0x23, 0x00, 0x06,
			0x00, 0x04, 0x12, 0x00, 0x00, 0x00, 0x07, 0x22,
			0x00, 0x00, 0x00, 0x0d, 0x00, 0x12, 0x00, 0x0b,
			0x04, 0x00, 0x00, 0x38, 0x00, 0x6c, 0x69, 0x6e,
			0x65, 0x4e, 0x00, 0x55, 0x00, 0x04, 0x00, 0x23,
			0x00, 0x06, 0x00, 0x04, 0x14, 0x00, 0x00, 0x00,
			0x07, 0x22, 0x00, 0x00, 0x00, 0x0d, 0x00, 0x12,
			0x00, 0x2d, 0x04, 0x00, 0x00, 0x38, 0x00, 0x6e,
			0x4c, 0x69, 0x6e, 0x65, 0x00, 0x55, 0x00, 0x04,
			0x00, 0x23, 0x00, 0x06, 0x00, 0x04, 0x16, 0x00,
			0x00, 0x00, 0x07, 0x25, 0x00, 0x00, 0x00, 0x0d,
			0x00, 0x12, 0x00, 0x52, 0x04, 0x00, 0x00, 0x38,
			0x00, 0x6d, 0x61, 0x78, 0x4e, 0x4c, 0x69, 0x6e,
			0x65, 0x00, 0x55, 0x00, 0x04, 0x00, 0x23, 0x00,
			0x06, 0x00, 0x04, 0x18, 0x00, 0x00, 0x00, 0x07,
			0x21, 0x00, 0x00, 0x00, 0x0d, 0x00, 0x12, 0x00,
			0x73, 0x04, 0x00, 0x00, 0x38, 0x00, 0x61, 0x74,
			0x74, 0x72, 0x00, 0x55, 0x00, 0x03, 0x00, 0x23,
			0x00, 0x06, 0x00, 0x04, 0x1a, 0x00, 0x00, 0x00,
			0x07, 0x24, 0x00, 0x00, 0x00, 0x0d, 0x00, 0x12,
			0x00, 0x97, 0x04, 0x00, 0x00, 0x38, 0x00, 0x63,
			0x6f, 0x6c, 0x5f, 0x69, 0x64, 0x78, 0x00, 0x55,
			0x00, 0x03, 0x00, 0x23, 0x00, 0x06, 0x00, 0x04,
			0x1b, 0x00, 0x00, 0x00, 0x07, 0x2b, 0x00, 0x00,
			0x00, 0x0d, 0x00, 0x12, 0x00, 0xc2, 0x04, 0x00,
			0x00, 0x38, 0x00, 0x6d, 0x6f, 0x76, 0x65, 0x5f,
			0x66, 0x75, 0x6e, 0x63, 0x00, 0x83, 0x00, 0x05,
			0x00, 0x01, 0x14, 0x00, 0x00, 0x00, 0x23, 0x00,
			0x06, 0x00, 0x04, 0x1c, 0x00, 0x00, 0x00, 0x07,
			0x2b, 0x00, 0x00, 0x00, 0x0d, 0x00, 0x12, 0x00,
			0xed, 0x04, 0x00, 0x00, 0x38, 0x00, 0x64, 0x72,
			0x61, 0x77, 0x5f, 0x66, 0x75, 0x6e, 0x63, 0x00,
			0x83, 0x00, 0x05, 0x00, 0x01, 0x14, 0x00, 0x00,
			0x00, 0x23, 0x00, 0x06, 0x00, 0x04, 0x20, 0x00,
			0x00, 0x00, 0x07, 0x04, 0x00, 0x00, 0x00, 0x22,
			0x00, 0x00, 0x00, 0x01, 0x00, 0x12, 0x00, 0x13,
			0x05, 0x00, 0x00, 0xa3, 0x00, 0x12, 0x00, 0x00,
			0x0a, 0x00, 0x00, 0x00, 0x00, 0x00, 0x05, 0x00,
			0x00, 0x00, 0x08, 0x72, 0x00, 0x4b, 0x03, 0x00,
			0x00, 0x25, 0x00, 0x00, 0x00, 0x07, 0x00, 0x12,
			0x00, 0x38, 0x05, 0x00, 0x00, 0x38, 0x00, 0x67,
			0x57, 0x49, 0x4e, 0x44, 0x4f, 0x57, 0x00, 0x23,
			0x00, 0x05, 0x00, 0x03, 0x00, 0x00, 0x00, 0x00,
			0x72, 0x00, 0xf1, 0x04, 0x00, 0x00, 0x66, 0x00,
			0x00, 0x00, 0x14, 0x00, 0x12, 0x00, 0xc8, 0x05,
			0x00, 0x00, 0x38, 0x00, 0x6d, 0x6f, 0x76, 0x65,
			0x5f, 0x73, 0x6c, 0x6f, 0x74, 0x32, 0x00, 0x11,
			0x01, 0x00, 0x00, 0x00, 0x00, 0x21, 0x01, 0xa8,
			0x00, 0x00, 0x00, 0x06, 0x01, 0xf4, 0x00, 0x00,
			0x00, 0x43, 0x20, 0x0c, 0x00, 0x02, 0x1d, 0x00,
			0x00, 0x00, 0x04, 0x10, 0x00, 0x00, 0x00, 0x07,
			0x06, 0xa3, 0x02, 0x0c, 0x00, 0x02, 0x1d, 0x00,
			0x00, 0x00, 0x04, 0x14, 0x00, 0x00, 0x00, 0x07,
			0x06, 0x13, 0x20, 0x0b, 0x00, 0x01, 0x1d, 0x00,
			0x00, 0x00, 0x04, 0x18, 0x00, 0x00, 0x00, 0x07,
			0x22, 0x20, 0x13, 0x05, 0x00, 0x00, 0x22, 0x20,
			0xcb, 0x01, 0x00, 0x00, 0x26, 0x00, 0x00, 0x00,
			0x0c, 0x00, 0x12, 0x00,
		},
	},
	{
		{
			0xc4, 0x05, 0x00, 0x00, 0x38, 0x00, 0x70, 0x49,
			0x6e, 0x66, 0x6f, 0x00, 0x23, 0x00, 0x05, 0x00,
			0x01, 0x10, 0x00, 0x00, 0x00, 0x83, 0x00, 0x05,
			0x00, 0x01, 0x28, 0x01, 0x00, 0x00, 0x04, 0x00,
			0x00, 0x00, 0x2b, 0x00, 0x00, 0x00, 0x14, 0x00,
			0x12, 0x00, 0xf3, 0x05, 0x00, 0x00, 0x38, 0x00,
			0x64, 0x72, 0x61, 0x77, 0x5f, 0x73, 0x6c, 0x6f,
			0x74, 0x32, 0x00, 0x11, 0x01, 0x00, 0x00, 0x00,
			0x00, 0x21, 0x01, 0x08, 0x00, 0x00, 0x00, 0x06,
			0x01, 0xb0, 0x01, 0x00, 0x00, 0x20, 0x00, 0x00,
			0x00, 0x01, 0x00, 0x12, 0x00, 0x13, 0x06, 0x00,
			0x00, 0xa3, 0x00, 0x10, 0x00, 0x00, 0x0a, 0x00,
			0x00, 0x00, 0x00, 0x00, 0x0c, 0x00, 0x00, 0x00,
			0x08, 0x55, 0x00, 0x01, 0x00, 0x22, 0x00, 0x00,
			0x00, 0x01, 0x00, 0x12, 0x00, 0x35, 0x06, 0x00,
			0x00, 0xa3, 0x00, 0x12, 0x00, 0x00, 0x0a, 0x00,
			0x00, 0x00, 0x00, 0x00, 0x02, 0x00, 0x00, 0x00,
			0x08, 0x72, 0x00, 0xf3, 0x05, 0x00, 0x00, 0x2b,
			0x00, 0x00, 0x00, 0x0c, 0x00, 0x12, 0x00, 0x60,
			0x06, 0x00, 0x00, 0x38, 0x00, 0x54, 0x61, 0x62,
			0x6c, 0x65, 0x5f, 0x50, 0x61, 0x74, 0x53, 0x6c,
			0x6f, 0x74, 0x00, 0x23, 0x00, 0x05, 0x00, 0x03,
			0x00, 0x00, 0x00, 0x00, 0x72, 0x00, 0x13, 0x06,
			0x00, 0x00, 0x12, 0x00, 0x00, 0x00, 0x13, 0x00,
			0x12, 0x00, 0xf3, 0x06, 0x00, 0x00, 0xb6, 0x00,
			0x08, 0x00, 0x00, 0x00, 0x1f, 0x00, 0x00, 0x00,
			0x0d, 0x00, 0x12, 0x00, 0x91, 0x06, 0x00, 0x00,
			0x38, 0x00, 0x76, 0x78, 0x00, 0x55, 0x00, 0x04,
			0x00, 0x23, 0x00, 0x06, 0x00, 0x04, 0x00, 0x00,
			0x00, 0x00, 0x07, 0x1f, 0x00, 0x00, 0x00, 0x0d,
			0x00, 0x12, 0x00, 0xb0, 0x06, 0x00, 0x00, 0x38,
			0x00, 0x76, 0x79, 0x00, 0x55, 0x00, 0x04, 0x00,
			0x23, 0x00, 0x06, 0x00, 0x04, 0x02, 0x00, 0x00,
			0x00, 0x07, 0x1f, 0x00, 0x00, 0x00, 0x0d, 0x00,
			0x12, 0x00, 0xcf, 0x06, 0x00, 0x00, 0x38, 0x00,
			0x76, 0x7a, 0x00, 0x55, 0x00, 0x04, 0x00, 0x23,
			0x00, 0x06, 0x00, 0x04, 0x04, 0x00, 0x00, 0x00,
			0x07, 0x20, 0x00, 0x00, 0x00, 0x0d, 0x00, 0x12,
			0x00, 0xef, 0x06, 0x00, 0x00, 0x38, 0x00, 0x70,
			0x61, 0x64, 0x00, 0x55, 0x00, 0x04, 0x00, 0x23,
			0x00, 0x06, 0x00, 0x04, 0x06, 0x00, 0x00, 0x00,
			0x07, 0x04, 0x00, 0x00, 0x00, 0x22, 0x00, 0x00,
			0x00, 0x01, 0x00, 0x12, 0x00, 0x15, 0x07, 0x00,
			0x00, 0xa3, 0x00, 0x12, 0x00, 0x00, 0x0a, 0x00,
			0x00, 0x00, 0x00, 0x00, 0x06, 0x00, 0x00, 0x00,
			0x08, 0x72, 0x00, 0x60, 0x06, 0x00, 0x00, 0x2b,
			0x00, 0x00, 0x00, 0x0c, 0x00, 0x12, 0x00, 0x40,
			0x07, 0x00, 0x00, 0x38, 0x00, 0x67, 0x54, 0x61,
			0x62, 0x6c, 0x65, 0x5f, 0x70, 0x6f, 0x73, 0x31,
			0x31, 0x32, 0x00, 0x23, 0x00, 0x05, 0x00, 0x03,
			0x00, 0x00, 0x00, 0x00, 0x72, 0x00, 0xf3, 0x06,
			0x00, 0x00, 0x22, 0x00, 0x00, 0x00, 0x01, 0x00,
			0x12, 0x00, 0x62, 0x07, 0x00, 0x00, 0xa3, 0x00,
			0x12, 0x00, 0x00, 0x0a, 0x00, 0x00, 0x00, 0x00,
			0x00, 0x02, 0x00, 0x00, 0x00, 0x08, 0x72, 0x00,
			0x60, 0x06, 0x00, 0x00, 0x2b, 0x00, 0x00, 0x00,
			0x0c, 0x00, 0x12, 0x00, 0x8d, 0x07, 0x00, 0x00,
			0x38, 0x00, 0x67, 0x54, 0x61, 0x62, 0x6c, 0x65,
			0x5f, 0x70, 0x6f, 0x73, 0x30, 0x37, 0x38, 0x00,
			0x23, 0x00, 0x05, 0x00, 0x03, 0x00, 0x00, 0x00,
			0x00, 0x72, 0x00, 0x40, 0x07, 0x00, 0x00, 0x22,
			0x00, 0x00, 0x00, 0x01, 0x00, 0x12, 0x00, 0xaf,
			0x07, 0x00, 0x00, 0xa3, 0x00, 0x12, 0x00, 0x00,
			0x0a, 0x00, 0x00, 0x00, 0x00, 0x00, 0x01, 0x00,
			0x00, 0x00, 0x08, 0x72, 0x00, 0x60, 0x06, 0x00,
			0x00, 0x2b, 0x00, 0x00, 0x00, 0x0c, 0x00, 0x12,
			0x00, 0xda, 0x07, 0x00, 0x00, 0x38, 0x00, 0x67,
			0x54, 0x61, 0x62, 0x6c, 0x65, 0x5f, 0x70, 0x6f,
			0x73, 0x31, 0x36, 0x35, 0x00, 0x23, 0x00, 0x05,
			0x00, 0x03, 0x00, 0x00, 0x00, 0x00, 0x72, 0x00,
			0x8d, 0x07, 0x00, 0x00, 0x22, 0x00, 0x00, 0x00,
			0x01, 0x00, 0x12, 0x00, 0xfc, 0x07, 0x00, 0x00,
			0xa3, 0x00, 0x12, 0x00, 0x00, 0x0a, 0x00, 0x00,
			0x00, 0x00, 0x00, 0x02, 0x00, 0x00, 0x00, 0x08,
			0x72, 0x00, 0x60, 0x06, 0x00, 0x00, 0x2b, 0x00,
			0x00, 0x00, 0x0c, 0x00, 0x12, 0x00, 0x27, 0x08,
			0x00, 0x00, 0x38, 0x00, 0x67, 0x54, 0x61, 0x62,
			0x6c, 0x65, 0x5f, 0x70, 0x6f, 0x73, 0x31, 0x30,
			0x37, 0x00, 0x23, 0x00, 0x05, 0x00, 0x03, 0x00,
			0x00, 0x00, 0x00, 0x72, 0x00, 0xda, 0x07, 0x00,
			0x00, 0x22, 0x00, 0x00, 0x00, 0x01, 0x00, 0x12,
			0x00, 0x49, 0x08, 0x00, 0x00, 0xa3, 0x00, 0x12,
			0x00, 0x00, 0x0a, 0x00, 0x00, 0x00, 0x00, 0x00,
			0x02, 0x00, 0x00, 0x00, 0x08, 0x72, 0x00, 0x60,
			0x06, 0x00, 0x00, 0x2b, 0x00, 0x00, 0x00, 0x0c,
			0x00, 0x12, 0x00, 0x74, 0x08, 0x00, 0x00, 0x38,
			0x00, 0x67, 0x54, 0x61, 0x62, 0x6c, 0x65, 0x5f,
			0x70, 0x6f, 0x73, 0x31, 0x30, 0x38, 0x00, 0x23,
			0x00, 0x05, 0x00, 0x03, 0x00, 0x00, 0x00, 0x00,
			0x72, 0x00, 0x27, 0x08, 0x00, 0x00, 0x22, 0x00,
			0x00, 0x00, 0x01, 0x00, 0x12, 0x00, 0x96, 0x08,
			0x00, 0x00, 0xa3, 0x00, 0x12, 0x00, 0x00, 0x0a,
			0x00, 0x00, 0x00, 0x00, 0x00, 0x02, 0x00, 0x00,
			0x00, 0x08, 0x72, 0x00, 0x60, 0x06, 0x00, 0x00,
			0x2b, 0x00, 0x00, 0x00, 0x0c, 0x00, 0x12, 0x00,
			0xc1, 0x08, 0x00, 0x00, 0x38, 0x00, 0x67, 0x54,
			0x61, 0x62, 0x6c, 0x65, 0x5f, 0x70, 0x6f, 0x73,
			0x30, 0x39, 0x39, 0x00, 0x23, 0x00, 0x05, 0x00,
			0x03, 0x00, 0x00, 0x00, 0x00, 0x72, 0x00, 0x74,
			0x08, 0x00, 0x00, 0x22, 0x00, 0x00, 0x00, 0x01,
			0x00, 0x12, 0x00, 0xe3, 0x08, 0x00, 0x00, 0xa3,
			0x00, 0x12, 0x00, 0x00, 0x0a, 0x00, 0x00, 0x00,
			0x00, 0x00, 0x01, 0x00, 0x00, 0x00, 0x08, 0x72,
			0x00, 0x60, 0x06, 0x00, 0x00, 0x2b, 0x00, 0x00,
			0x00, 0x0c, 0x00, 0x12, 0x00, 0x0e, 0x09, 0x00,
			0x00, 0x38, 0x00, 0x67, 0x54, 0x61, 0x62, 0x6c,
			0x65, 0x5f, 0x70, 0x6f, 0x73, 0x31, 0x31, 0x39,
			0x00, 0x23, 0x00, 0x05, 0x00, 0x03, 0x00, 0x00,
			0x00, 0x00, 0x72, 0x00,
		},
	},
};

u_long KAR_D_8005BFCC[7680] = {
	0x000008c1, 0x00000012, 0x00120013, 0x00000971,
	0x000800b6, 0x00220000, 0x000d0000, 0x09420012,
	0x00380000, 0x4e70614d, 0x0055006f, 0x0023000a,
	0x00040006, 0x07000000, 0x0000002b, 0x0012000d,
	0x0000096d, 0x61540038, 0x5f656c62, 0x00736f70,
	0x00050083, 0x00066001, 0x06002300, 0x00040400,
	0x04070000, 0x22000000, 0x01000000, 0x93001200,
	0xa3000009, 0x00001200, 0x0000000a, 0x00070000,
	0x72080000, 0x00090e00, 0x00003000, 0x12000c00,
	0x0009c300, 0x67003800, 0x6c626154, 0x6e495f65,
	0x6f506f66, 0x616f4273, 0x00230064, 0x00030005,
	0x72000000, 0x00097100, 0x00005600, 0x12001400,
	0x000aea00, 0x67003800, 0x63537465, 0x736f5072,
	0x6f625f5f, 0x00326461, 0x00000111, 0x01210000,
	0x000000ac, 0x01d60106, 0x02a30000, 0x1d02000c,
	0x04000000, 0x00000010, 0x20130607, 0x1d01000b,
	0x04000000, 0x00000018, 0x93202207, 0x21000009,
	0x05000000, 0x3a001200, 0x3800000a, 0x70614d00,
	0x23006f4e, 0x01000500, 0x00000004, 0x000a0055,
	0x00000025, 0x00120005, 0x00000a5f, 0x546e0038,
	0x6e696172, 0x00676e69, 0x00050023, 0x00000501,
	0x0a005500, 0x00002100, 0x12000500, 0x000a8000,
	0x73003800, 0x00230070, 0x06010005, 0x63000000,
	0x01000300, 0x00230004, 0x000c0000, 0x0aa30012,
	0x00380000, 0x5f6d756e, 0x0070616d, 0x00050023,
	0x00000201, 0x0a005500, 0x00001d00, 0x12000c00,
	0x000ac000, 0x69003800, 0x05002300, 0x00030100,
	0x00550000, 0x0026000a, 0x000c0000, 0x0ae60012,
	0x00380000, 0x6e617274, 0x00230073, 0x04010005,
	0x83000000, 0x01000500, 0x00000660, 0x00000004,
	0x00000020, 0x00120001, 0x00000b0a, 0x001000a3,
	0x00000a00, 0x09000000, 0x08000000, 0x00010055,
	0x0000002e, 0x0012000c, 0x00000b38, 0x61540038,
	0x5f656c62, 0x67616c66, 0x6174615f, 0x23006972,
	0x03000500, 0x00000000, 0x0aea0072, 0x00290000,
	0x000c0000, 0x0b610012, 0x00380000, 0x5f735267,
	0x544f4c53, 0x00646e77, 0x00050023, 0x00000003,
	0xbd007200, 0x20000002, 0x01000000, 0x81001200,
	0xa300000b, 0x00001000, 0x0000000a, 0x000b0000,
	0x55080000, 0x29000100, 0x0c000000, 0xaa001200,
	0x3800000b, 0x61726400, 0x4c535f77, 0x6e77544f,
	0x23003264, 0x03000500, 0x00000000, 0x00140055,
	0x00000029, 0x0012000c, 0x00000bd3, 0x6f6d0038,
	0x535f6576, 0x77544f4c, 0x0032646e, 0x00050023,
	0x00000003, 0x14005500, 0x00002500, 0x12000700,
	0x000bf800, 0x67003800, 0x4e524353, 0x59464f5f,
	0x05002300, 0x00000300, 0x00550000, 0x0025000a,
	0x00070000, 0x0c1d0012, 0x00380000, 0x52435367,
	0x464f5f4e, 0x00230058, 0x00030005, 0x55000000,
	0x22000a00, 0x07000000, 0x3f001200, 0x3800000c,
	0x614d6700, 0x006f4e70, 0x00050023, 0x00000003,
	0x03005500, 0x00002000, 0x12000100, 0x000c5f00,
	0x1000a300, 0x000a0000, 0x00000000, 0x00000002,
	0x01005508, 0x00002000, 0x12000100, 0x000c7f00,
	0x1000a300, 0x000a0000, 0x00000000, 0x00000002,
	0x01005508, 0x00002000, 0x12000100, 0x000c9f00,
	0x1000a300, 0x000a0000, 0x00000000, 0x00000002,
	0x01005508, 0x00002000, 0x12000100, 0x000cbf00,
	0x1000a300, 0x000a0000, 0x00000000, 0x00000002,
	0x04005508, 0x00002000, 0x12000100, 0x000cdf00,
	0x1000a300, 0x000a0000, 0x00000000, 0x00000002,
	0x04005508, 0x00002000, 0x12000100, 0x000cff00,
	0x1000a300, 0x000a0000, 0x00000000, 0x00000002,
	0x01005508, 0x00001200, 0x12001300, 0x000eed00,
	0x2600b600, 0x21000000, 0x0d000000, 0x32001200,
	0x3800000d, 0x616c6600, 0x00550067, 0x00230004,
	0x00040006, 0x07000000, 0x00000022, 0x0012000d,
	0x00000d54, 0x6f620038, 0x0073756e, 0x00040055,
	0x00060023, 0x00000204, 0x00220700, 0x000d0000,
	0x0d760012, 0x00380000, 0x6e756f63, 0x00550074,
	0x00230004, 0x04040006, 0x07000000, 0x00000023,
	0x0012000d, 0x00000d99, 0x74730038, 0x73757461,
	0x04005500, 0x06002300, 0x00060400, 0x23070000,
	0x0d000000, 0xbc001200, 0x3800000d, 0x61506e00,
	0x00720074, 0x00000c3f, 0x00060023, 0x00000804,
	0x002a0700, 0x000d0000, 0x0de60012, 0x00380000,
	0x696e6966, 0x64656873, 0x00746150, 0x0c5f0072,
	0x00230000, 0x0b040006, 0x07000000, 0x00000025,
	0x0012000d, 0x00000e0b, 0x53660038, 0x6564696c,
	0x7f007200, 0x2300000c, 0x04000600, 0x0000000e,
	0x00002007, 0x12000d00, 0x000e2b00, 0x4c003800,
	0x9f007200, 0x2300000c, 0x04000600, 0x00000012,
	0x00002107, 0x12000d00, 0x000e4c00, 0x64003800,
	0x0072004c, 0x00000cbf, 0x00060023, 0x00001804,
	0x00270700, 0x000d0000, 0x0e730012, 0x00380000,
	0x6172546e, 0x696e6e69, 0x5500676e, 0x23000400,
	0x04000600, 0x0000001e, 0x00002707, 0x12000d00,
	0x000e9a00, 0x66003800, 0x5f67616c, 0x72617473,
	0x00550074, 0x00230004, 0x20040006, 0x07000000,
	0x00000027, 0x0012000d, 0x00000ec1, 0x6c660038,
	0x615f6761, 0x69726174, 0x01005500, 0x06002300,
	0x00220400, 0x28070000, 0x0d000000, 0xe9001200,
	0x3800000e, 0x616c6600, 0x75705f67, 0x72006873,
	0x000cdf00, 0x06002300, 0x00230400, 0x04070000,
	0x2b000000, 0x0c000000, 0x18001200, 0x3800000f,
	0x4e496700, 0x535f4f46, 0x77544f4c, 0x2300646e,
	0x03000500, 0x00000000, 0x0cff0072, 0x00af0000,
	0x00140000, 0x10590012, 0x00380000, 0x61657263,
	0x535f6574, 0x77544f4c, 0x0032646e, 0x00000111,
	0x01210000, 0x0000019c, 0x027e0106, 0x20430000,
	0x1d02000c, 0x04000000, 0x00000020, 0x20530607,
	0x1d02000c, 0x04000000, 0x00000024, 0x20630607,
	0x1d02000c, 0x04000000, 0x00000028, 0x02a30607,
	0x1d02000c, 0x04000000, 0x0000002c, 0x20130607,
	0x1d01000b, 0x04000000, 0x00000038, 0x38202207,
	0x2200000b, 0x000b8120, 0xaa202200, 0x2200000b,
	0x000bd320, 0xf8202200, 0x2200000b, 0x000c1d20,
	0xed202200, 0x2200000e, 0x000b0a20, 0x00002500,
	0x12000500, 0x000fec00, 0x6e003800, 0x69617254,
	0x676e696e, 0x05002300, 0x00040100, 0x00550000,
	0x001d000a, 0x000c0000, 0x10090012, 0x00380000,
	0x00230069, 0x10010005, 0x55000000, 0x26000a00,
	0x0c000000, 0x2f001200, 0x38000010, 0x00737200,
	0x000b0023, 0x00001d02, 0x00300400, 0x72070000,
	0x0002bd00, 0x00002600, 0x12000c00, 0x00105500,
	0x70003800, 0x6f666e49, 0x05002300, 0x00120100,
	0x00830000, 0xff010005, 0x0400000c, 0x38000000,
	0x14000000, 0x91001200, 0x38000010, 0x65686300,
	0x6e456b63, 0x4c535f64, 0x6e77544f, 0x11003264,
	0x00000001, 0x10012100, 0x06000000, 0x0003a801,
	0xed202200, 0x3500000e, 0x14000000, 0xc6001200,
	0x38000010, 0x61747300, 0x535f7472, 0x77544f4c,
	0x0032646e, 0x00000111, 0x01210000, 0x0000000c,
	0x03e20106, 0x20220000, 0x00000eed, 0x00000020,
	0x00120001, 0x000010e6, 0x001000a3, 0x00000a00,
	0x0b000000, 0x08000000, 0x00010055, 0x00000020,
	0x00120001, 0x00001106, 0x001000a3, 0x00000a00,
	0x06000000, 0x08000000, 0x000d0055, 0x00000025,
	0x00120007, 0x0000112b, 0x50670038, 0x445f4441,
	0x00415441, 0x00050023, 0x00000003, 0x0c005500,
	0x00002900, 0x12000700, 0x00115400, 0x67003800,
	0x5f444c4f, 0x5f444150, 0x41544144, 0x05002300,
	0x00000300, 0x00550000, 0x00a7000c, 0x00140000,
	0x12a80012, 0x00380000, 0x65766f6d, 0x4f4c535f,
	0x646e7754, 0x01110032, 0x00000000, 0x053c0121,
	0x01060000, 0x0000041c, 0x000c2043, 0x00001d02,
	0x00100400, 0x06070000, 0x000c2053, 0x00001d02,
	0x00140400, 0x06070000, 0x000c2063, 0x00001d02,
	0x00180400, 0x06070000, 0x000c02a3, 0x00001d02,
	0x001c0400, 0x06070000, 0x000b2013, 0x00001d01,
	0x00280400, 0x22070000, 0x000bd320, 0xf8202200,
	0x2200000b, 0x000c1d20, 0x06202200, 0x22000011,
	0x00112b20, 0x35202200, 0x22000006, 0x000eed20,
	0x00002000, 0x12000500, 0x00121b00, 0x68003800,
	0x00646e57, 0x00050023, 0x00001101, 0x04005500,
	0x00002000, 0x12000c00, 0x00123b00, 0x5f003800,
	0x00667562, 0x00050023, 0x00000201, 0x0a005500,
	0x00001d00, 0x12000c00, 0x00125800, 0x69003800,
	0x05002300, 0x00110100, 0x00550000, 0x0026000a,
	0x000c0000, 0x127e0012, 0x00380000, 0x666e4970,
	0x0023006f, 0x10010005, 0x83000000, 0x01000500,
	0x00000cff, 0x00000026, 0x0012000c, 0x000012a4,
	0x73720038, 0x0b002300, 0x001d0200, 0x20040000,
	0x07000000, 0x02bd0072, 0x00040000, 0x00200000,
	0x00010000, 0x12c80012, 0x00a30000, 0x0a000010,
	0x00000000, 0x00000600, 0x00550800, 0x00200001,
	0x00010000, 0x12e80012, 0x00a30000, 0x0a000010,
	0x00000000, 0x00000100, 0x00550800, 0x00200001,
	0x00010000, 0x13080012, 0x00a30000, 0x0a000010,
	0x00000000, 0x00000700, 0x00550800, 0x00810001,
	0x00140000, 0x13f00012, 0x00380000, 0x5f746573,
	0x696c5366, 0x00326564, 0x00000111, 0x01210000,
	0x00000590, 0x08160106, 0x20430000, 0x1d02000c,
	0x04000000, 0x00000010, 0x20530607, 0x1d02000c,
	0x04000000, 0x00000014, 0x20630607, 0x1d02000c,
	0x04000000, 0x00000018, 0x02a30607, 0x1d02000c,
	0x04000000, 0x0000001c, 0x20130607, 0x1d01000b,
	0x04000000, 0x00000020, 0x35202207, 0x20000006,
	0x05000000, 0xa9001200, 0x38000013, 0x4f526e00,
	0x00230054, 0x10010005, 0x55000000, 0x26000400,
	0x05000000, 0xcf001200, 0x38000013, 0x6e497000,
	0x23006f66, 0x01000500, 0x00000011, 0x00050083,
	0x000cff01, 0x00001d00, 0x12000c00, 0x0013ec00,
	0x6a003800, 0x05002300, 0x00020100, 0x00550000,
	0x0004000a, 0x00120000, 0x00130000, 0x16410012,
	0x00b60000, 0x00000024, 0x00000026, 0x0012000d,
	0x00001428, 0x74610038, 0x62697274, 0x00657475,
	0x000c0055, 0x00060023, 0x00000004, 0x001e0700,
	0x000d0000, 0x14460012, 0x00380000, 0x00550078,
	0x00230004, 0x04040006, 0x07000000, 0x0000001e,
	0x0012000d, 0x00001464, 0x00790038, 0x00040055,
	0x00060023, 0x00000604, 0x001e0700, 0x000d0000,
	0x14820012, 0x00380000, 0x00550077, 0x00230006,
	0x08040006, 0x07000000, 0x0000001e, 0x0012000d,
	0x000014a0, 0x00680038, 0x00060055, 0x00060023,
	0x00000a04, 0x00220700, 0x000d0000, 0x14c20012,
	0x00380000, 0x67617074, 0x00550065, 0x00230006,
	0x0c040006, 0x07000000, 0x0000001e, 0x0012000d,
	0x000014e0, 0x00750038, 0x00030055, 0x00060023,
	0x00000e04, 0x001e0700, 0x000d0000, 0x14fe0012,
	0x00380000, 0x00550076, 0x00230003, 0x0f040006,
	0x07000000, 0x0000001f, 0x0012000d, 0x0000151d,
	0x78630038, 0x04005500, 0x06002300, 0x00100400,
	0x1f070000, 0x0d000000, 0x3c001200, 0x38000015,
	0x00796300, 0x00040055, 0x00060023, 0x00001204,
	0x001e0700, 0x000d0000, 0x155a0012, 0x00380000,
	0x00550072, 0x00230003, 0x14040006, 0x07000000,
	0x0000001e, 0x0012000d, 0x00001578, 0x00670038,
	0x00030055, 0x00060023, 0x00001504, 0x001e0700,
	0x000d0000, 0x15960012, 0x00380000, 0x00550062,
	0x00230003, 0x16040006, 0x07000000, 0x0000001f,
	0x0012000d, 0x000015b5, 0x786d0038, 0x04005500,
	0x06002300, 0x00180400, 0x1f070000, 0x0d000000,
	0xd4001200, 0x38000015, 0x00796d00, 0x00040055,
	0x00060023, 0x00001a04, 0x00230700, 0x000d0000,
	0x15f70012, 0x00380000, 0x6c616373, 0x55007865,
	0x23000400, 0x04000600, 0x0000001c, 0x00002307,
	0x12000d00, 0x00161a00, 0x73003800, 0x656c6163,
	0x00550079, 0x00230004, 0x1e040006, 0x07000000,
	0x00000023, 0x0012000d, 0x0000163d, 0x6f720038,
	0x65746174, 0x0a005500, 0x06002300, 0x00200400,
	0x04070000, 0x27000000, 0x0c000000, 0x68001200,
	0x38000016, 0x53476700, 0x4c535f50, 0x2300544f,
	0x03000500, 0x00000000, 0x13f00072, 0x002d0000,
	0x000c0000, 0x16950012, 0x00380000, 0x50534767,
	0x4f4c535f, 0x61687354, 0x00776f64, 0x00050023,
	0x00000003, 0xf0007200, 0x12000013, 0x13000000,
	0xfd001200, 0xb6000016, 0x00000400, 0x00002800,
	0x12000d00, 0x0016cf00, 0x70003800, 0x09005500,
	0x0000c500, 0x1800d600, 0x23000000, 0x04000600,
	0x00000000, 0x00002a07, 0x12000d00, 0x0016f900,
	0x6e003800, 0x55006d75, 0xc5000300, 0xd6000000,
	0x00000800, 0x06002300, 0x00030400, 0x04070000,
	0x12000000, 0x13000000, 0xc5001200, 0xb6000017,
	0x00001400, 0x00002300, 0x12000d00, 0x00173200,
	0x6c003800, 0x74676e65, 0x00550068, 0x0023000c,
	0x00040006, 0x07000000, 0x00000025, 0x0012000d,
	0x00001757, 0x726f0038, 0x00830067, 0x95010005,
	0x23000016, 0x04000600, 0x00000004, 0x00002307,
	0x12000d00, 0x00177a00, 0x6f003800, 0x65736666,
	0x00550074, 0x0023000c, 0x08040006, 0x07000000,
	0x00000022, 0x0012000d, 0x0000179c, 0x6f700038,
	0x00746e69, 0x000c0055, 0x00060023, 0x00000c04,
	0x00250700, 0x000d0000, 0x17c10012, 0x00380000,
	0x00676174, 0x00050083, 0x00169501, 0x06002300,
	0x00100400, 0x04070000, 0x29000000, 0x07000000,
	0xee001200, 0x38000017, 0x544f6700, 0x5443415f,
	0x00230070, 0x00030005, 0x83000000, 0x01000500,
	0x000016fd, 0x000000fb, 0x00120014, 0x000019af,
	0x72640038, 0x535f7761, 0x77544f4c, 0x0032646e,
	0x00000111, 0x01210000, 0x000002b4, 0x0b020106,
	0x20430000, 0x1d02000c, 0x04000000, 0x00000010,
	0x20530607, 0x1d02000c, 0x04000000, 0x00000014,
	0x20630607, 0x1d02000c, 0x04000000, 0x00000018,
	0x20730607, 0x1d02000c, 0x04000000, 0x0000001c,
	0x20830607, 0x1d02000c, 0x04000000, 0x00000020,
	0x20930607, 0x1d02000c, 0x04000000, 0x00000024,
	0x20a30607, 0x1d02000c, 0x04000000, 0x00000028,
	0x20b30607, 0x1d02000c, 0x04000000, 0x0000002c,
	0x20c30607, 0x1d02000c, 0x04000000, 0x00000030,
	0x02a30607, 0x1d02000c, 0x04000000, 0x00000034,
	0x20130607, 0x1d01000b, 0x04000000, 0x00000040,
	0xc5202207, 0x22000017, 0x00164120, 0x35202200,
	0x22000006, 0x00166820, 0xed202200, 0x2000000e,
	0x05000000, 0x09001200, 0x38000019, 0x6e576800,
	0x00230064, 0x02010005, 0x55000000, 0x2c000400,
	0x0c000000, 0x35001200, 0x38000019, 0x6e497000,
	0x23006f66, 0x02000b00, 0x0000001d, 0x00003804,
	0x00830700, 0xff010005, 0x1d00000c, 0x0c000000,
	0x52001200, 0x38000019, 0x23007900, 0x01000500,
	0x00000010, 0x000a0055, 0x0000001d, 0x0012000c,
	0x0000196f, 0x006a0038, 0x00050023, 0x00001301,
	0x0a005500, 0x00001d00, 0x12000c00, 0x00198c00,
	0x69003800, 0x05002300, 0x00140100, 0x00550000,
	0x001f000a, 0x000c0000, 0x19ab0012, 0x00380000,
	0x007a746f, 0x00050023, 0x00001e01, 0x0a005500,
	0x00000400, 0x00000400, 0x00000000, 0x00000000,
	0x00000000, 0x00080000, 0x01020000, 0x00510000,
	0x03020000, 0x00570000, 0x030e0000, 0x005d0000,
	0x02020000, 0x00690000, 0x01020000, 0x00840000,
	0x04020000, 0x00940000, 0x01020000, 0x00ac0000,
	0x24020000, 0x00b20000, 0x24020000, 0x00b80000,
	0x02020000, 0x00c40000, 0x01020000, 0x00e40000,
	0x01020000, 0x00fa0000, 0x06020000, 0x010a0000,
	0x01020000, 0x01200000, 0x07020000, 0x01300000,
	0x01020000, 0x01420000, 0x01020000, 0x01630000,
	0x01020000, 0x01860000, 0x01020000, 0x01ad0000,
	0x01020000, 0x01d30000, 0x01020000, 0x01e90000,
	0x08020000, 0x01ef0000, 0x01020000, 0x01fb0000,
	0x01020000, 0x020d0000, 0x25020000, 0x02130000,
	0x25020000, 0x02190000, 0x02020000, 0x024e0000,
	0x01020000, 0x02540000, 0x01020000, 0x025a0000,
	0x01020000, 0x02660000, 0x01020000, 0x02900000,
	0x01020000, 0x02a70000, 0x28020000, 0x02ad0000,
	0x28020000, 0x02b30000, 0x02020000, 0x02b90000,
	0x01020000, 0x02c50000, 0x01020000, 0x02d70000,
	0x01020000, 0x02f50000, 0x01020000, 0x03130000,
	0x01020000, 0x03310000, 0x01020000, 0x03530000,
	0x01020000, 0x03650000, 0x01020000, 0x03720000,
	0x01020000, 0x03880000, 0x01020000, 0x03980000,
	0x01020000, 0x03ae0000, 0x01020000, 0x03d00000,
	0x01020000, 0x03f10000, 0x01020000, 0x04130000,
	0x01020000, 0x04350000, 0x01020000, 0x045a0000,
	0x01020000, 0x047b0000, 0x01020000, 0x049f0000,
	0x01020000, 0x04b40000, 0x01020000, 0x04ca0000,
	0x01020000, 0x04df0000, 0x01020000, 0x04f90000,
	0x01020000, 0x050f0000, 0x01020000, 0x051b0000,
	0x01020000, 0x052e0000, 0x29020000, 0x05340000,
	0x01020000, 0x05400000, 0x01020000, 0x05530000,
	0x07020000, 0x05590000, 0x07020000, 0x055f0000,
	0x02020000, 0x05940000, 0x01020000, 0x059a0000,
	0x01020000, 0x05a60000, 0x01020000, 0x05c00000,
	0x01020000, 0x05d00000, 0x01020000, 0x05e30000,
	0x06020000, 0x05e90000, 0x06020000, 0x05ef0000,
	0x02020000, 0x05fb0000, 0x01020000, 0x061b0000,
	0x01020000, 0x06310000, 0x01020000, 0x063d0000,
	0x01020000, 0x06560000, 0x0a020000, 0x065c0000,
	0x01020000, 0x06680000, 0x01020000, 0x067a0000,
	0x01020000, 0x06990000, 0x01020000, 0x06b80000,
	0x01020000, 0x06d70000, 0x01020000, 0x06fb0000,
	0x01020000, 0x07110000, 0x01020000, 0x071d0000,
	0x01020000, 0x07360000, 0x0b020000, 0x073c0000,
	0x01020000, 0x07480000, 0x01020000, 0x075e0000,
	0x01020000, 0x076a0000, 0x01020000, 0x07830000,
	0x0c020000, 0x07890000, 0x01020000, 0x07950000,
	0x01020000, 0x07ab0000, 0x01020000, 0x07b70000,
	0x01020000, 0x07d00000, 0x0d020000, 0x07d60000,
	0x01020000, 0x07e20000, 0x01020000, 0x07f80000,
	0x01020000, 0x08040000, 0x01020000, 0x081d0000,
	0x0e020000, 0x08230000, 0x01020000, 0x082f0000,
	0x01020000, 0x08450000, 0x01020000, 0x08510000,
	0x01020000, 0x086a0000, 0x0f020000, 0x08700000,
	0x01020000, 0x087c0000, 0x01020000, 0x08920000,
	0x01020000, 0x089e0000, 0x01020000, 0x08b70000,
	0x10020000, 0x08bd0000, 0x01020000, 0x08c90000,
	0x01020000, 0x08df0000, 0x01020000, 0x08eb0000,
	0x01020000, 0x09040000, 0x11020000, 0x090a0000,
	0x01020000, 0x09160000, 0x01020000, 0x09280000,
	0x01020000, 0x094a0000, 0x01020000, 0x095f0000,
	0x01020000, 0x09790000, 0x01020000, 0x098f0000,
	0x01020000, 0x099b0000, 0x01020000, 0x09b90000,
	0x12020000, 0x09bf0000, 0x01020000, 0x09cb0000,
	0x01020000, 0x09e40000, 0x13020000, 0x09ea0000,
	0x13020000, 0x09f00000, 0x02020000, 0x0a150000,
	0x01020000, 0x0a210000, 0x01020000, 0x0a420000,
	0x01020000, 0x0a670000, 0x01020000, 0x0a880000,
	0x01020000, 0x0aab0000, 0x01020000, 0x0ac80000,
	0x01020000, 0x0ae20000, 0x01020000, 0x0af20000,
	0x01020000, 0x0b120000, 0x01020000, 0x0b2e0000,
	0x14020000, 0x0b340000, 0x01020000, 0x0b400000,
	0x01020000, 0x0b570000, 0x15020000, 0x0b5d0000,
	0x01020000, 0x0b690000, 0x01020000, 0x0b890000,
	0x01020000, 0x0ba20000, 0x18020000, 0x0bb20000,
	0x01020000, 0x0bcb0000, 0x19020000, 0x0bdb0000,
	0x01020000, 0x0bf00000, 0x2e020000, 0x0c000000,
	0x01020000, 0x0c150000, 0x2f020000, 0x0c250000,
	0x01020000, 0x0c370000, 0x30020000, 0x0c470000,
	0x01020000, 0x0c670000, 0x01020000, 0x0c870000,
	0x01020000, 0x0ca70000, 0x01020000, 0x0cc70000,
	0x01020000, 0x0ce70000, 0x01020000, 0x0d070000,
	0x01020000, 0x0d190000, 0x01020000, 0x0d3a0000,
	0x01020000, 0x0d5c0000, 0x01020000, 0x0d7e0000,
	0x01020000, 0x0da10000, 0x01020000, 0x0dae0000,
	0x01020000, 0x0dc40000, 0x01020000, 0x0dd80000,
	0x01020000, 0x0dee0000, 0x01020000, 0x0dfd0000,
	0x01020000, 0x0e130000, 0x01020000, 0x0e1d0000,
	0x01020000, 0x0e330000, 0x01020000, 0x0e3e0000,
	0x01020000, 0x0e540000, 0x01020000, 0x0e7b0000,
	0x01020000, 0x0ea20000, 0x01020000, 0x0ec90000,
	0x01020000, 0x0edb0000, 0x01020000, 0x0ef50000,
	0x01020000, 0x0f0e0000, 0x1a020000, 0x0f140000,
	0x01020000, 0x0f200000, 0x01020000, 0x0f380000,
	0x2a020000, 0x0f3e0000, 0x2a020000, 0x0f440000,
	0x02020000, 0x0f990000, 0x01020000, 0x0f9f0000,
	0x01020000, 0x0fa50000, 0x01020000, 0x0fab0000,
	0x01020000, 0x0fb10000, 0x01020000, 0x0fb70000,
	0x01020000, 0x0fbd0000, 0x01020000, 0x0fc30000,
	0x01020000, 0x0fcf0000, 0x01020000, 0x0ff40000,
	0x01020000, 0x10110000, 0x01020000, 0x102b0000,
	0x01020000, 0x10370000, 0x01020000, 0x10510000,
	0x01020000, 0x10610000, 0x01020000, 0x107b0000,
	0x2b020000, 0x10810000, 0x2b020000, 0x10870000,
	0x02020000, 0x108d0000, 0x01020000, 0x10990000,
	0x01020000, 0x10b00000, 0x33020000, 0x10b60000,
	0x33020000, 0x10bc0000, 0x02020000, 0x10c20000,
	0x01020000, 0x10ce0000, 0x01020000, 0x10ee0000,
	0x01020000, 0x110e0000, 0x01020000, 0x11230000,
	0x34020000, 0x11330000, 0x01020000, 0x114c0000,
	0x35020000, 0x115c0000, 0x01020000, 0x11720000,
	0x19020000, 0x11780000, 0x19020000, 0x117e0000,
	0x02020000, 0x11d30000, 0x01020000, 0x11d90000,
	0x01020000, 0x11df0000, 0x01020000, 0x11e50000,
	0x01020000, 0x11eb0000, 0x01020000, 0x11f10000,
	0x01020000, 0x11f70000, 0x01020000, 0x12030000,
	0x01020000, 0x12230000, 0x01020000, 0x12430000,
	0x01020000, 0x12600000, 0x01020000, 0x127a0000,
	0x01020000, 0x12860000, 0x01020000, 0x12a00000,
	0x01020000, 0x12b00000, 0x01020000, 0x12d00000,
	0x01020000, 0x12f00000, 0x01020000, 0x13100000,
	0x01020000, 0x13240000, 0x1e020000, 0x132a0000,
	0x1e020000, 0x13300000, 0x02020000, 0x13850000,
	0x01020000, 0x13910000, 0x01020000, 0x13b10000,
	0x01020000, 0x13cb0000, 0x01020000, 0x13d70000,
	0x01020000, 0x13f80000, 0x01020000, 0x140a0000,
	0x01020000, 0x14300000, 0x01020000, 0x144e0000,
	0x01020000, 0x146c0000, 0x01020000, 0x148a0000,
	0x01020000, 0x14a80000, 0x01020000, 0x14ca0000,
	0x01020000, 0x14e80000, 0x01020000, 0x15060000,
	0x01020000, 0x15250000, 0x01020000, 0x15440000,
	0x01020000, 0x15620000, 0x01020000, 0x15800000,
	0x01020000, 0x159e0000, 0x01020000, 0x15bd0000,
	0x01020000, 0x15dc0000, 0x01020000, 0x15ff0000,
	0x01020000, 0x16220000, 0x01020000, 0x16490000,
	0x01020000, 0x165e0000, 0x22020000, 0x16640000,
	0x01020000, 0x16700000, 0x01020000, 0x168b0000,
	0x23020000, 0x16910000, 0x01020000, 0x169d0000,
	0x01020000, 0x16af0000, 0x01020000, 0x16d70000,
	0x01020000, 0x17050000, 0x01020000, 0x17170000,
	0x01020000, 0x173a0000, 0x01020000, 0x17490000,
	0x01020000, 0x175f0000, 0x01020000, 0x17820000,
	0x01020000, 0x17a40000, 0x01020000, 0x17b30000,
	0x01020000, 0x17cd0000, 0x01020000, 0x17e10000,
	0x39020000, 0x17ea0000, 0x01020000, 0x17f60000,
	0x01020000, 0x180c0000, 0x18020000, 0x18120000,
	0x18020000, 0x18180000, 0x02020000, 0x18cd0000,
	0x01020000, 0x18d30000, 0x01020000, 0x18d90000,
	0x01020000, 0x18df0000, 0x01020000, 0x18e50000,
	0x01020000, 0x18f10000, 0x01020000, 0x19110000,
	0x01020000, 0x19310000, 0x01020000, 0x193d0000,
	0x01020000, 0x195a0000, 0x01020000, 0x19770000,
	0x01020000, 0x19940000, 0x01020000, 0x00000000,
	0x00000000, 0x00260000, 0x00000000, 0x00250000,
	0xffff0000, 0x00000000, 0x00000029, 0x0000ffff,
	0x00000000, 0xffff0000, 0x00000008, 0x00000094,
	0x00000000, 0x00000045, 0x0000ffff, 0x004d0000,
	0xffff0000, 0x00000008, 0x00000045, 0x000cffff,
	0x004d0000, 0xffff0000, 0x00000010, 0x00000045,
	0x0014ffff, 0x004e0000, 0xffff0000, 0x00000018,
	0x00000051, 0x001cffff, 0x004f0000, 0xffff0000,
	0x00000024, 0x00000051, 0x0028ffff, 0x00540000,
	0xffff0000, 0x0000003c, 0x00000058, 0x004cffff,
	0x00570000, 0xffff0000, 0x00000054, 0x00000058,
	0x0058ffff, 0x00000000, 0xffff0000, 0x00000060,
	0x0000003a, 0x00000000, 0x0000005b, 0x0000ffff,
	0x005d0000, 0xffff0000, 0x00000000, 0x0000005c,
	0x0000ffff, 0x005d0000, 0xffff0000, 0x00000004,
	0x00000000, 0x000cffff, 0x00bc0000, 0x00000000,
	0x00600000, 0xffff0000, 0x00000000, 0x00000064,
	0x000cffff, 0x00690000, 0xffff0000, 0x00000030,
	0x0000006a, 0x003cffff, 0x006c0000, 0xffff0000,
	0x00000040, 0x0000006d, 0x0048ffff, 0x006f0000,
	0xffff0000, 0x00000048, 0x00000070, 0x0054ffff,
	0x00710000, 0xffff0000, 0x00000064, 0x00000073,
	0x0068ffff, 0x00740000, 0xffff0000, 0x00000070,
	0x00000076, 0x0070ffff, 0x00770000, 0xffff0000,
	0x00000084, 0x00000078, 0x0088ffff, 0x00770000,
	0xffff0000, 0x0000008c, 0x00000078, 0x0090ffff,
	0x009e0000, 0xffff0000, 0x00000098, 0x00000000,
	0x00a8ffff, 0x00260000, 0x00000000, 0x00a10000,
	0xffff0000, 0x00000000, 0x000000a2, 0x0000ffff,
	0x00000000, 0xffff0000, 0x00000008, 0x000000a8,
	0x00000000, 0x000000fe, 0x0000ffff, 0x01000000,
	0xffff0000, 0x00000008, 0x00000105, 0x000cffff,
	0x01060000, 0xffff0000, 0x00000024, 0x00000107,
	0x002cffff, 0x01080000, 0xffff0000, 0x00000040,
	0x00000109, 0x0044ffff, 0x010a0000, 0xffff0000,
	0x0000004c, 0x0000010b, 0x0064ffff, 0x010d0000,
	0xffff0000, 0x00000064, 0x0000010e, 0x0074ffff,
	0x01100000, 0xffff0000, 0x00000088, 0x00000112,
	0x0090ffff, 0x01140000, 0xffff0000, 0x00000098,
	0x00000115, 0x009cffff, 0x00000000, 0xffff0000,
	0x000000ac, 0x0000012a, 0x00000000, 0x00000146,
	0x0000ffff, 0x01470000, 0xffff0000, 0x00000010,
	0x00000146, 0x0014ffff, 0x01490000, 0xffff0000,
	0x00000018, 0x0000014c, 0x0028ffff, 0x01490000,
	0xffff0000, 0x0000002c, 0x0000014c, 0x003cffff,
	0x01490000, 0xffff0000, 0x00000040, 0x0000014c,
	0x0044ffff, 0x014d0000, 0xffff0000, 0x00000048,
	0x0000014e, 0x0054ffff, 0x014f0000, 0xffff0000,
	0x0000005c, 0x00000150, 0x0064ffff, 0x01510000,
	0xffff0000, 0x0000006c, 0x00000154, 0x007cffff,
	0x01510000, 0xffff0000, 0x00000080, 0x00000154,
	0x009cffff, 0x01560000, 0xffff0000, 0x000000ac,
	0x00000159, 0x00b0ffff, 0x015a0000, 0xffff0000,
	0x000000dc, 0x0000015b, 0x00e0ffff, 0x015c0000,
	0xffff0000, 0x000000e4, 0x0000015e, 0x00f8ffff,
	0x01600000, 0xffff0000, 0x00000110, 0x00000161,
	0x0130ffff, 0x01620000, 0xffff0000, 0x00000150,
	0x00000163, 0x0150ffff, 0x01640000, 0xffff0000,
	0x00000184, 0x00000000, 0x019cffff, 0x003a0000,
	0x00000000, 0x01670000, 0xffff0000, 0x00000000,
	0x00000169, 0x0000ffff, 0x01680000, 0xffff0000,
	0x00000000, 0x00000169, 0x0008ffff, 0x00000000,
	0xffff0000, 0x00000010, 0x0000003a, 0x00000000,
	0x0000016c, 0x0000ffff, 0x016e0000, 0xffff0000,
	0x00000000, 0x0000016d, 0x0000ffff, 0x016e0000,
	0xffff0000, 0x00000004, 0x00000000, 0x000cffff,
	0x03fa0000, 0x00000000, 0x01760000, 0xffff0000,
	0x00000000, 0x00000177, 0x0014ffff, 0x01760000,
	0xffff0000, 0x00000018, 0x00000178, 0x001cffff,
	0x01770000, 0xffff0000, 0x00000020, 0x0000017d,
	0x002cffff, 0x01770000, 0xffff0000, 0x00000030,
	0x0000017d, 0x0044ffff, 0x017f0000, 0xffff0000,
	0x00000078, 0x00000183, 0x0078ffff, 0x01860000,
	0xffff0000, 0x000000a4, 0x00000187, 0x00acffff,
	0x01880000, 0xffff0000, 0x000000b4, 0x00000189,
	0x00bcffff, 0x018a0000, 0xffff0000, 0x000000c0,
	0x0000018b, 0x00c4ffff, 0x018c0000, 0xffff0000,
	0x000000c8, 0x0000018d, 0x00ccffff, 0x01990000,
	0xffff0000, 0x000000d8, 0x000001ad, 0x00e0ffff,
	0x01ae0000, 0xffff0000, 0x000000e0, 0x000001af,
	0x00e0ffff, 0x01b00000, 0xffff0000, 0x000000e0,
	0x000001b6, 0x00e0ffff, 0x01c20000, 0xffff0000,
	0x000000ec, 0x000001c4, 0x00f0ffff, 0x01c20000,
	0xffff0000, 0x000000f4, 0x000001c4, 0x00f8ffff,
	0x01c50000, 0xffff0000, 0x00000118, 0x000001c7,
	0x012cffff, 0x01c80000, 0xffff0000, 0x00000134,
	0x000001c9, 0x0134ffff, 0x01cb0000, 0xffff0000,
	0x0000014c, 0x000001cc, 0x0158ffff, 0x01cd0000,
	0xffff0000, 0x0000017c, 0x000001cf, 0x0194ffff,
	0x01d10000, 0xffff0000, 0x000001a8, 0x000001d2,
	0x01acffff, 0x01d50000, 0xffff0000, 0x000001b4,
	0x000001d6, 0x01bcffff, 0x01d70000, 0xffff0000,
	0x000001c0, 0x000001da, 0x01ccffff, 0x01dc0000,
	0xffff0000, 0x000001cc, 0x000001e4, 0x01fcffff,
	0x01e60000, 0xffff0000, 0x0000020c, 0x000001e8,
	0x020cffff, 0x01e90000, 0xffff0000, 0x00000214,
	0x000001e8, 0x0218ffff, 0x01e90000, 0xffff0000,
	0x00000228, 0x000001eb, 0x0230ffff, 0x01ec0000,
	0xffff0000, 0x00000234, 0x000001ed, 0x0234ffff,
	0x01ef0000, 0xffff0000, 0x00000240, 0x000001f2,
	0x026cffff, 0x01f30000, 0xffff0000, 0x00000278,
	0x000001f4, 0x0280ffff, 0x01f90000, 0xffff0000,
	0x000002b8, 0x000001fb, 0x02c8ffff, 0x01fd0000,
	0xffff0000, 0x000002c8, 0x000001ff, 0x02dcffff,
	0x02030000, 0xffff0000, 0x0000030c, 0x00000207,
	0x0318ffff, 0x02080000, 0xffff0000, 0x00000328,
	0x0000020a, 0x0328ffff, 0x020e0000, 0xffff0000,
	0x00000358, 0x0000020f, 0x035cffff, 0x02110000,
	0xffff0000, 0x00000368, 0x00000212, 0x0370ffff,
	0x02150000, 0xffff0000, 0x00000370, 0x00000218,
	0x0380ffff, 0x021b0000, 0xffff0000, 0x000003d4,
	0x0000021d, 0x03e0ffff, 0x021e0000, 0xffff0000,
	0x000003ec, 0x0000021f, 0x03f0ffff, 0x02200000,
	0xffff0000, 0x000003f8, 0x00000222, 0x0408ffff,
	0x02230000, 0xffff0000, 0x00000414, 0x00000224,
	0x0418ffff, 0x02260000, 0xffff0000, 0x00000420,
	0x00000227, 0x0428ffff, 0x02290000, 0xffff0000,
	0x0000042c, 0x0000022b, 0x0434ffff, 0x022c0000,
	0xffff0000, 0x00000440, 0x0000022d, 0x0448ffff,
	0x022f0000, 0xffff0000, 0x00000448, 0x00000231,
	0x0458ffff, 0x02330000, 0xffff0000, 0x00000460,
	0x00000239, 0x0488ffff, 0x023b0000, 0xffff0000,
	0x00000498, 0x0000023c, 0x0498ffff, 0x023e0000,
	0xffff0000, 0x000004a4, 0x0000023f, 0x04acffff,
	0x02420000, 0xffff0000, 0x000004ac, 0x00000244,
	0x04c4ffff, 0x02450000, 0xffff0000, 0x000004e4,
	0x00000246, 0x0504ffff, 0x02470000, 0xffff0000,
	0x00000504, 0x00000248, 0x0510ffff, 0x024b0000,
	0xffff0000, 0x00000518, 0x00000252, 0x0524ffff,
	0x00000000, 0xffff0000, 0x0000053c, 0x000002ec,
	0x00000000, 0x00000258, 0x0000ffff, 0x025c0000,
	0xffff0000, 0x00000018, 0x00000260, 0x0038ffff,
	0x02620000, 0xffff0000, 0x0000005c, 0x00000267,
	0x009cffff, 0x02690000, 0xffff0000, 0x000000a4,
	0x0000026c, 0x00a4ffff, 0x026d0000, 0xffff0000,
	0x000000c4, 0x0000026e, 0x00c8ffff, 0x02710000,
	0xffff0000, 0x00000114, 0x00000274, 0x0120ffff,
	0x02760000, 0xffff0000, 0x00000128, 0x00000279,
	0x0128ffff, 0x027b0000, 0xffff0000, 0x00000148,
	0x0000027c, 0x0188ffff, 0x027d0000, 0xffff0000,
	0x00000198, 0x0000027f, 0x01a4ffff, 0x02800000,
	0xffff0000, 0x000001ac, 0x00000281, 0x01b0ffff,
	0x02830000, 0xffff0000, 0x000001b8, 0x00000284,
	0x01c4ffff, 0x028a0000, 0xffff0000, 0x000001c8,
	0x0000028b, 0x01d0ffff, 0x028e0000, 0xffff0000,
	0x000001d0, 0x0000028f, 0x01e4ffff, 0x02910000,
	0xffff0000, 0x000001f8, 0x00000296, 0x021cffff,
	0x02980000, 0xffff0000, 0x0000025c, 0x00000299,
	0x0264ffff, 0x029c0000, 0xffff0000, 0x00000264,
	0x0000029e, 0x0274ffff, 0x02a00000, 0xffff0000,
	0x0000028c, 0x000002a1, 0x02ccffff, 0x02a20000,
	0xffff0000, 0x000002dc, 0x000002a5, 0x02f0ffff,
	0x02a60000, 0xffff0000, 0x000002f8, 0x000002a7,
	0x02fcffff, 0x02a90000, 0xffff0000, 0x00000304,
	0x000002aa, 0x0310ffff, 0x02b10000, 0xffff0000,
	0x00000314, 0x000002b2, 0x031cffff, 0x02b50000,
	0xffff0000, 0x0000031c, 0x000002b6, 0x032cffff,
	0x02bb0000, 0xffff0000, 0x00000334, 0x000002bc,
	0x033cffff, 0x02be0000, 0xffff0000, 0x0000033c,
	0x000002c3, 0x0360ffff, 0x02c50000, 0xffff0000,
	0x00000374, 0x000002c6, 0x03c0ffff, 0x02c90000,
	0xffff0000, 0x000003e4, 0x000002ca, 0x03ecffff,
	0x02cd0000, 0xffff0000, 0x000003ec, 0x000002cf,
	0x0400ffff, 0x02d10000, 0xffff0000, 0x0000040c,
	0x000002d3, 0x042cffff, 0x02d40000, 0xffff0000,
	0x0000046c, 0x000002d5, 0x047cffff, 0x02d80000,
	0xffff0000, 0x00000490, 0x000002d9, 0x0498ffff,
	0x02da0000, 0xffff0000, 0x0000049c, 0x000002dc,
	0x04a4ffff, 0x02dd0000, 0xffff0000, 0x000004b0,
	0x000002df, 0x04b4ffff, 0x02e10000, 0xffff0000,
	0x000004bc, 0x000002e2, 0x050cffff, 0x02e30000,
	0xffff0000, 0x00000534, 0x000002e6, 0x0534ffff,
	0x02e80000, 0xffff0000, 0x00000544, 0x000002e9,
	0x054cffff, 0x02ec0000, 0xffff0000, 0x0000054c,
	0x000002ed, 0x056cffff, 0x02ee0000, 0xffff0000,
	0x0000056c, 0x000002f6, 0x0578ffff, 0x00000000,
	0xffff0000, 0x00000590, 0x000001ca, 0x00000000,
	0x00000326, 0x0000ffff, 0x03270000, 0xffff0000,
	0x00000014, 0x00000329, 0x001cffff, 0x03260000,
	0xffff0000, 0x00000028, 0x0000032c, 0x003cffff,
	0x032d0000, 0xffff0000, 0x00000048, 0x0000032e,
	0x0054ffff, 0x032f0000, 0xffff0000, 0x0000005c,
	0x00000326, 0x0064ffff, 0x032f0000, 0xffff0000,
	0x00000068, 0x00000345, 0x006cffff, 0x03470000,
	0xffff0000, 0x00000070, 0x0000034b, 0x0074ffff,
	0x034c0000, 0xffff0000, 0x000000c4, 0x0000034e,
	0x00e0ffff, 0x034f0000, 0xffff0000, 0x000000e4,
	0x0000034e, 0x00e8ffff, 0x034f0000, 0xffff0000,
	0x000000f4, 0x00000350, 0x0100ffff, 0x03520000,
	0xffff0000, 0x00000108, 0x00000353, 0x010cffff,
	0x03560000, 0xffff0000, 0x0000010c, 0x0000035a,
	0x0134ffff, 0x035b0000, 0xffff0000, 0x00000180,
	0x0000035d, 0x018cffff, 0x035e0000, 0xffff0000,
	0x00000198, 0x0000035f, 0x01a8ffff, 0x03600000,
	0xffff0000, 0x000001c4, 0x00000361, 0x01ccffff,
	0x03630000, 0xffff0000, 0x000001d8, 0x00000364,
	0x01e0ffff, 0x03650000, 0xffff0000, 0x000001ec,
	0x00000366, 0x01f8ffff, 0x03680000, 0xffff0000,
	0x00000200, 0x00000369, 0x0208ffff, 0x036a0000,
	0xffff0000, 0x00000214, 0x0000036b, 0x0220ffff,
	0x036c0000, 0xffff0000, 0x00000220, 0x00000372,
	0x0238ffff, 0x03730000, 0xffff0000, 0x0000024c,
	0x00000374, 0x024cffff, 0x03750000, 0xffff0000,
	0x00000258, 0x00000376, 0x026cffff, 0x03780000,
	0xffff0000, 0x00000284, 0x00000000, 0x02b4ffff,
	0x00000000, 0x00040000, 0x24020000, 0x002a0000,
	0x25020000, 0x00be0000, 0x28020000, 0x00f80000,
	0x07020000, 0x01b40000, 0x06020000, 0x01da0000,
	0x13020000, 0x02820000, 0x2a020000, 0x03ac0000,
	0x2b020000, 0x03e60000, 0x33020000, 0x04200000,
	0x19020000, 0x081a0000, 0x1e020000, 0x0b060000,
	0x18020000, 0x546e0000, 0x25203d20, 0x00000a64,
	0x02010000, 0x06050403, 0x05030107, 0x06060402,
	0x03050204, 0x03050201, 0x07040106, 0x04050607,
	0x03040506, 0x02030102, 0x03f20001, 0xfc310000,
	0xfe060000, 0xf86f0000, 0xfceb0002, 0xfc950000,
	0x05980003, 0x04fc0000, 0x000c0001, 0x01bd0000,
	0xf90d0004, 0x08240000, 0x00000005, 0x00000000,
	0xfcc3ffff, 0x10030000, 0x02fe0002, 0x006a0000,
	0x00000004, 0x00000000, 0x059affff, 0xfee50000,
	0x00000001, 0x00000000, 0xfad5ffff, 0x05400000,
	0xfdd80002, 0x06be0000, 0x00000000, 0x00000000,
	0x02eeffff, 0x07f80000, 0xff340004, 0x09620000,
	0x00000003, 0x00000000, 0x05e9ffff, 0x005b0000,
	0x00000002, 0x03e80000, 0x00000000, 0x00000000,
	0xf81fffff, 0x05620000, 0x00000005, 0x00000000,
	0x0070ffff, 0x00000000, 0x004e0000, 0x00000000,
	0x00a50000, 0x00000000, 0x006b0000, 0x00000000,
	0x006c0000, 0x00000000, 0x00630000, 0x00000000,
	0x00770000, 0x00000000, 0xffff0000, 0x0000ffff,
	0x00000000, 0x01000000, 0x02010101, 0x74610000,
	0x20697261, 0x6425203a, 0x6f62000a, 0x2073756e,
	0x6425203d, 0x0000000a, 0x00005000, 0x00200000,
	0x002b0020, 0x0030d800, 0x808001e6, 0x00100080,
	0x10000000, 0x00001000, 0x00000000, 0x00006000,
	0x0008ffb6, 0x004b0020, 0x0040d8e0, 0x404001e6,
	0x00040040, 0x40000000, 0x00002000, 0x00000000,
	0x00000000, 0x00180000, 0x08070000, 0x00200000,
	0x08070000, 0x00240000, 0x07050000, 0x00380000,
	0x07060000, 0x00280000, 0x06050000, 0x00400000,
	0x06060000, 0x002c0000, 0x08070000, 0x003c0000,
	0x26040000, 0x00440000, 0x05050000, 0x00480000,
	0x05060000, 0x004c0000, 0x27040000, 0x00680000,
	0x08070000, 0x00800000, 0x08070000, 0x008c0000,
	0x08070000, 0x00a80000, 0x2a040000, 0x00bc0000,
	0x2b040000, 0x00e40000, 0x29050000, 0x00e80000,
	0x29060000, 0x01040000, 0x2c040000, 0x01340000,
	0x12050000, 0x01380000, 0x12060000, 0x01700000,
	0x12050000, 0x01780000, 0x12060000, 0x01b40000,
	0x2d040000, 0x01e00000, 0x1a050000, 0x02400000,
	0x1a060000, 0x01e80000, 0x16070000, 0x01f80000,
	0x1a050000, 0x02140000, 0x1a060000, 0x021c0000,
	0x1a050000, 0x02200000, 0x1a060000, 0x02240000,
	0x1a050000, 0x02280000, 0x1a060000, 0x022c0000,
	0x1a050000, 0x02300000, 0x1a060000, 0x02340000,
	0x1a050000, 0x02380000, 0x1a060000, 0x023c0000,
	0x31040000, 0x024c0000, 0x17050000, 0x02780000,
	0x17060000, 0x02500000, 0x14050000, 0x02580000,
	0x14060000, 0x02640000, 0x1a050000, 0x02680000,
	0x1a060000, 0x026c0000, 0x1a050000, 0x02700000,
	0x1a060000, 0x02740000, 0x27040000, 0x02880000,
	0x31040000, 0x02c80000, 0x30070000, 0x02d00000,
	0x13040000, 0x02e00000, 0x2f070000, 0x03000000,
	0x2e070000, 0x03280000, 0x19050000, 0x032c0000,
	0x19060000, 0x03340000, 0x18050000, 0x03380000,
	0x18060000, 0x034c0000, 0x32040000, 0x03500000,
	0x15070000, 0x036c0000, 0x1a050000, 0x03700000,
	0x1a060000, 0x037c0000, 0x1a050000, 0x03840000,
	0x1a060000, 0x039c0000, 0x1b070000, 0x03a40000,
	0x1a050000, 0x03dc0000, 0x1a060000, 0x03b40000,
	0x1a050000, 0x03cc0000, 0x1a060000, 0x03e00000,
	0x1d050000, 0x03e40000, 0x1d060000, 0x04000000,
	0x35070000, 0x04040000, 0x34070000, 0x04580000,
	0x36040000, 0x054c0000, 0x36040000, 0x05680000,
	0x35070000, 0x056c0000, 0x34070000, 0x058c0000,
	0x1e040000, 0x06240000, 0x35070000, 0x06280000,
	0x34070000, 0x06780000, 0x35070000, 0x067c0000,
	0x34070000, 0x06980000, 0x36040000, 0x07080000,
	0x0a050000, 0x07100000, 0x0a060000, 0x07200000,
	0x0a050000, 0x07240000, 0x0a060000, 0x073c0000,
	0x0a050000, 0x07440000, 0x0a060000, 0x076c0000,
	0x36040000, 0x07940000, 0x36040000, 0x07a80000,
	0x36040000, 0x07c00000, 0x36040000, 0x07d00000,
	0x1c050000, 0x07dc0000, 0x1c060000, 0x07d80000,
	0x27040000, 0x07f40000, 0x35070000, 0x07f80000,
	0x34070000, 0x08340000, 0x30070000, 0x083c0000,
	0x13040000, 0x084c0000, 0x2f070000, 0x086c0000,
	0x2e070000, 0x08900000, 0x37040000, 0x08980000,
	0x38040000, 0x09480000, 0x0a050000, 0x094c0000,
	0x0a060000, 0x09b80000, 0x0a050000, 0x09bc0000,
	0x0a060000, 0x09dc0000, 0x27040000, 0x09e00000,
	0x1f070000, 0x0a280000, 0x0a050000, 0x0a2c0000,
	0x0a060000, 0x0aa00000, 0x27040000, 0x0aa40000,
	0x1f070000, 0x0ab40000, 0x27040000, 0x0ab80000,
	0x20070000, 0x0b080000, 0x0a050000, 0x0b0c0000,
	0x0a060000, 0x0b6c0000, 0x0a050000, 0x0b700000,
	0x0a060000, 0x0c600000, 0x0a050000, 0x0c640000,
	0x0a060000, 0x0c840000, 0x31040000, 0x0d0c0000,
	0x0a050000, 0x0d100000, 0x0a060000, 0x0dac0000,
	0x0a050000, 0x0db00000, 0x0a060000, 0x0dd00000,
	0x31040000, 0x0e000000, 0x27040000, 0x0e040000,
	0x21070000, 0x0e700000, 0x1a050000, 0x0e740000,
	0x1a060000, 0x0e940000, 0x22050000, 0x0e980000,
	0x22060000, 0x0ea00000, 0x22050000, 0x0ea40000,
	0x22060000, 0x0ea80000, 0x22050000, 0x0eac0000,
	0x22060000, 0x0eb40000, 0x22050000, 0x0ebc0000,
	0x22060000, 0x0ed00000, 0x23050000, 0x0edc0000,
	0x23060000, 0x0ed40000, 0x23050000, 0x0ee80000,
	0x23060000, 0x0ed80000, 0x39070000, 0x0ee40000,
	0x3a040000, 0x0eec0000, 0x23050000, 0x0ef00000,
	0x23060000, 0x0ef40000, 0x22050000, 0x0ef80000,
	0x22060000, 0x0f8c0000, 0x22050000, 0x0fd00000,
	0x22060000, 0x0fa80000, 0x0a050000, 0x0fb00000,
	0x0a060000, 0x0fe40000, 0x22050000, 0x0fe80000,
	0x22060000, 0x0ff40000, 0x22050000, 0x0ff80000,
	0x22060000, 0x0ffc0000, 0x22050000, 0x10000000,
	0x22060000, 0x10140000, 0x22050000, 0x101c0000,
	0x22060000, 0x102c0000, 0x22050000, 0x10300000,
	0x22060000, 0x10380000, 0x22050000, 0x103c0000,
	0x22060000, 0x10480000, 0x22050000, 0x10500000,
	0x22060000, 0x10540000, 0x22050000, 0x10580000,
	0x22060000, 0x10600000, 0x22050000, 0x10640000,
	0x22060000, 0x106c0000, 0x22050000, 0x10700000,
	0x22060000, 0x108c0000, 0x22050000, 0x109c0000,
	0x22060000, 0x10900000, 0x39070000, 0x10980000,
	0x3a040000, 0xfff80000, 0x0010fff8, 0xffae0010,
	0x00a4ffa9, 0xfff8005a, 0x0010fff8, 0xfff80010,
	0x0010fff8, 0x255b0010, 0x205d6432, 0x000a0000,
	0x255b0000, 0x205d6432, 0x0000000a, 0x00000000,
	0x00000000, 0x01200000, 0x11020000, 0x01180000,
	0x10020000, 0x01100000, 0x0f020000, 0x01080000,
	0x0e020000, 0x01000000, 0x0d020000, 0x00f80000,
	0x0c020000, 0x00f00000, 0x0b020000, 0x00000000,
	0x00000000, 0x00780000, 0x00e00000, 0x00e00000,
	0x00e00000, 0x00e00000, 0x03700000, 0x04ac0000,
	0x00000000, 0x00180000, 0x19020000, 0x00140000,
	0x19020000, 0x00100000, 0x19020000, 0x000c0000,
	0x19020000, 0x00080000, 0x19020000, 0x00040000,
	0x19020000, 0x00000000, 0x19020000, 0x00000000,
	0x00000000, 0x00000000, 0x00000000, 0x00000000,
	0x00000000, 0x00000000, 0x00000000, 0x00000000,
	0x00000000, 0x00000000, 0x00000000, 0x00010000,
	0x00020000, 0x00000000, 0x00000000, 0x00400000,
	0x03b00000, 0x00020000, 0x00240000, 0x00000000,
	0x00100000, 0x00090000, 0x00030000, 0x00000000,
	0x00000000, 0x03f00000, 0x02900000, 0x00000000,
	0x00000000, 0x00000000, 0x00000000, 0x00110000,
	0x00030000, 0x00000000, 0x00000000, 0x06800000,
	0x00830000, 0x00000000, 0x00000000, 0x00000000,
	0x00000000, 0x001b0000, 0x00010000, 0x00060000,
	0x00000000, 0x07100000, 0x11080000, 0x00000000,
	0x00000000, 0x00040000, 0x00000000, 0x00210000,
	0x00050000, 0x00007000, 0x00000000, 0x18200000,
	0x19b30000, 0x00000000, 0x00000000, 0x00000000,
	0x00000000, 0x00280000, 0x00090000, 0x00000000,
	0x00000000, 0x31e00000, 0x09980000, 0x00010000,
	0x00050000, 0x00000000, 0x00080000, 0x00330000,
	0x00050000, 0x00007000, 0x00000000, 0x3b800000,
	0x0ccc0000, 0x00000000, 0x00000000, 0x00000000,
	0x00000000, 0x00390000, 0x00090000, 0x00000000,
	0x00000000, 0x48500000, 0x00600000, 0x00010000,
	0x00070000, 0x00000000, 0x00080000, 0x00430000,
	0x00080000, 0x00030000, 0x00000000, 0x48b00000,
	0x000c0000, 0x00000000, 0x00000000, 0x00040000,
	0x00000000, 0x00490000, 0x00010000, 0x00030000,
	0x00000000, 0x48b00000, 0x01980000, 0x00000000,
	0x00000000, 0x00040000, 0x00000000, 0x004f0000,
	0x00090000, 0x00000000, 0x00000000, 0x4a500000,
	0x05800000, 0x00010000, 0x00040000, 0x00000000,
	0x00080000, 0x00590000, 0x00010000, 0x00030000,
	0x00000000, 0x4fd00000, 0x00340000, 0x00000000,
	0x00000000, 0x00040000, 0x00000000, 0x00600000,
	0x00090000, 0x00000000, 0x00000000, 0x50100000,
	0x00380000, 0x00010000, 0x000a0000, 0x00000000,
	0x00080000, 0x006a0000, 0x00010000, 0x00020000,
	0x00000000, 0x50500000, 0x001c0000, 0x00000000,
	0x00000000, 0x00040000, 0x00000000, 0x00720000,
	0x00090000, 0x00000000, 0x00000000, 0x50700000,
	0x00380000, 0x00010000, 0x000e0000, 0x00000000,
	0x00080000, 0x007e0000, 0x00080000, 0x00030000,
	0x00000000, 0x50b00000, 0x00260000, 0x00000000,
	0x00000000, 0x00040000, 0x00000000, 0x04030000,
	0x89890c02, 0x8b898a89, 0x8d898c89, 0x8f898e89,
	0x91899089, 0x93899289, 0x1a049489, 0x42904190,
	0x44904390, 0x46904590, 0x48904790, 0x4a904990,
	0x4c904b90, 0x4e904d90, 0x50904f90, 0x52905190,
	0x54905390, 0x56905590, 0x58905790, 0x5a905990,
	0x78841006, 0x7a847984, 0x7c847b84, 0x7e847d84,
	0x80847f84, 0x82848184, 0x84848384, 0x86848584,
	0x03078784, 0xee81ed81, 0x457fef81, 0x0101464c,
	0x00000001, 0x00000000, 0x00010000, 0x00010008,
	0x00000000, 0x00000000, 0x27700000, 0x00000000,
	0x00344000, 0x00000000, 0x000b0028, 0x00000003,
	0x00000000, 0x00000000, 0x00000000, 0x00000000,
	0x00000000, 0x00000000, 0x00010000, 0x00000000,
	0x00000000, 0x00030000, 0x00080005, 0x00000000,
	0x00000000, 0x00030000, 0x000e0007, 0x00000000,
	0x00000000, 0x00030000, 0x00370004, 0x00000000,
	0x00020000, 0x00010000, 0x004a000a, 0x01ec0000,
	0x00900000, 0x00020000, 0x00140004, 0x00000000,
	0x00000000, 0x00100000, 0x001b0000, 0x00000000,
	0x00000000, 0x00100000, 0x00250000, 0x00000000,
	0x00000000, 0x00100000, 0x002f0000, 0x00000000,
	0x00000000, 0x00100000, 0x00590000, 0x00000000,
	0x00000000, 0x00100000, 0x00600000, 0x00000000,
	0x01ec0000, 0x00120000, 0x00710004, 0x00000000,
	0x00000000, 0x00100000, 0x007a0000, 0x00000000,
	0x00000000, 0x00100000, 0x00830000, 0x00000000,
	0x00000000, 0x00100000, 0x00910000, 0x00000000,
	0x00000000, 0x00100000, 0x009f0000, 0x00000000,
	0x00000000, 0x00100000, 0x00b20000, 0x00000000,
	0x00000000, 0x00100000, 0x00c10000, 0x00000000,
	0x00000000, 0x00100000, 0x00d10000, 0x00000000,
	0x00000000, 0x00100000, 0x00df0000, 0x00000000,
	0x00000000, 0x00100000, 0x00ee0000, 0x00000000,
	0x00000000, 0x00100000, 0x00fb0000, 0x00000000,
	0x00000000, 0x00100000, 0x01020000, 0x00000000,
	0x00000000, 0x00100000, 0x010d0000, 0x027c0000,
	0x00300000, 0x00120000, 0x01200004, 0x00000000,
	0x00000000, 0x00100000, 0x012b0000, 0x00000000,
	0x00000000, 0x00100000, 0x2e000000, 0x75626564,
	0x6c2e0067, 0x00656e69, 0x7865742e, 0x4c670074,
	0x54484749, 0x43536700, 0x4f5f4e52, 0x67005946,
	0x4e524353, 0x58464f5f, 0x4f4d6700, 0x704c4544,
	0x4e496700, 0x455f4f46, 0x70614546, 0x4a726570,
	0x00494a49, 0x65766f6d, 0x7070615f, 0x494a7265,
	0x6700494a, 0x4d454e45, 0x65730059, 0x46455f74,
	0x70706145, 0x494a7265, 0x4e00494a, 0x6f4d7765,
	0x006c6564, 0x4d746553, 0x6c65646f, 0x74655300,
	0x65646f4d, 0x6172546c, 0x5300736e, 0x6f4d7465,
	0x416c6564, 0x656c676e, 0x74655300, 0x65646f4d,
	0x6f6f436c, 0x6e696472, 0x00657461, 0x74696e69,
	0x69746f4d, 0x61446e6f, 0x47006174, 0x74655373,
	0x6a6f7250, 0x69746365, 0x47006e6f, 0x74655373,
	0x56666552, 0x32776569, 0x53734700, 0x6c467465,
	0x694c7461, 0x00746867, 0x65537347, 0x626d4174,
	0x746e6569, 0x74655300, 0x00676552, 0x79616c70,
	0x69746f4d, 0x72006e6f, 0x74657365, 0x4546455f,
	0x65707061, 0x4a494a72, 0x65520049, 0x4d746573,
	0x6c65646f, 0x73694400, 0x65736f70, 0x65646f4d,
	0x0000006c, 0x00000000, 0x2e000000, 0x746d7973,
	0x2e006261, 0x74727473, 0x2e006261, 0x74736873,
	0x62617472, 0x65742e00, 0x2e007478, 0x75626564,
	0x722e0067, 0x642e6c65, 0x67756265, 0x696c2e00,
	0x2e00656e, 0x2e6c6572, 0x656e696c, 0x65722e00,
	0x65742e6c, 0x2e007478, 0x73736273, 0x00000000,
	0x00000000, 0x00000000, 0xffc80000, 0x001027bd,
	0x0075afbf, 0x00002404, 0x28210c00, 0x00000000,
	0x00003c02, 0x00003c06, 0x00002442, 0x00083c01,
	0x0075ac22, 0x00022404, 0x00002405, 0x00000c00,
	0x000024c6, 0x00083c01, 0x00018c22, 0x00342403,
	0x0000a043, 0x00083c01, 0x00028c22, 0x00352404,
	0x0000a043, 0x0320a780, 0x00962405, 0x00002406,
	0x38210c00, 0x00020000, 0x28212404, 0x04000000,
	0x00002406, 0x38210c00, 0x00000000, 0x00020c00,
	0x00002404, 0x00083c01, 0x00008c24, 0x00020c00,
	0x00002405, 0x03e80c00, 0x00182404, 0xef98afa0,
	0x00202402, 0x001cafa2, 0x0024afa0, 0x0028afa0,
	0x002cafa0, 0x0030afa0, 0x0034afa0, 0x0000afa0,
	0x00180c00, 0x00a027a4, 0x00002402, 0x00b9af82,
	0x00002402, 0x0000af82, 0x001e3c05, 0x00002403,
	0x00003c01, 0x0064ac23, 0x00002402, 0x00043c01,
	0x0000ac22, 0x00083c01, 0x0040ac23, 0x00002403,
	0x000c3c01, 0x1021a023, 0x00000060, 0x000d3c01,
	0x0000a022, 0x000e3c01, 0x2021a023, 0x00000000,
	0x00000c00, 0x000024a5, 0xffe23c05, 0x00002402,
	0x00103c01, 0x0064ac22, 0x00002402, 0x00143c01,
	0x0000ac22, 0x00183c01, 0x0028ac20, 0x00002403,
	0x001c3c01, 0x1021a023, 0x00000060, 0x001d3c01,
	0x0000a022, 0x001e3c01, 0x0001a023, 0x00002404,
	0x00100c00, 0x000024a5, 0x00203c01, 0x0000ac20,
	0x00643c05, 0x00002402, 0x00243c01, 0xffe2ac22,
	0x00002402, 0x00283c01, 0x0026ac22, 0x00002403,
	0x002c3c01, 0x1021a023, 0x00000060, 0x002d3c01,
	0x0000a022, 0x002e3c01, 0x0002a023, 0x00002404,
	0x00200c00, 0x080024a5, 0x20212406, 0x000000c0,
	0x28210c00, 0x001000c0, 0x00008fbf, 0x00080000,
	0x003803e0, 0x000027bd, 0xffe88782, 0x001027bd,
	0x7530afbf, 0x00052841, 0x00001020, 0x00002783,
	0x00008462, 0x00010000, 0x00002042, 0x0000a462,
	0x00238462, 0x000f2401, 0x00001441, 0x00020000,
	0x28212404, 0x00710000, 0x00002406, 0x38210c00,
	0x00000000, 0x00020c00, 0x00002404, 0x00083c01,
	0x00008c24, 0x28210c00, 0x00f30000, 0x00002404,
	0x28210c00, 0x00000000, 0x00083c01, 0x00008c24,
	0x00000c00, 0x00100000, 0x00008fbf, 0x00080000,
	0x001803e0, 0xffe827bd, 0x001027bd, 0x0075afbf,
	0x00002404, 0x00020c00, 0x00752405, 0x00002404,
	0x28210c00, 0x00100000, 0x00008fbf, 0x00080000,
	0x001803e0, 0x000027bd, 0x00680000, 0x00110000,
	0x148c0012, 0x02580000, 0x5720574d, 0x32334e49,
	0x50494d20, 0x2d432053, 0x706d6f43, 0x72656c69,
	0x43003800, 0x694b5c3a, 0x525c6b72, 0x73697665,
	0x485c6465, 0x43554749, 0x455c4948, 0x70614546,
	0x4a726570, 0x2e494a49, 0x01360063, 0x00000002,
	0x00000111, 0x01210000, 0x00000000, 0x00000106,
	0x00120000, 0x00130000, 0x01350012, 0x00b60000,
	0x00000010, 0x0000001f, 0x0012000d, 0x00000099,
	0x78760038, 0x07005500, 0x06002300, 0x00000400,
	0x1f070000, 0x0d000000, 0xb8001200, 0x38000000,
	0x00797600, 0x00070055, 0x00060023, 0x00000404,
	0x001f0700, 0x000d0000, 0x00d70012, 0x00380000,
	0x55007a76, 0x23000700, 0x04000600, 0x00000008,
	0x00001e07, 0x12000d00, 0x0000f500, 0x72003800,
	0x03005500, 0x06002300, 0x000c0400, 0x1e070000,
	0x0d000000, 0x13001200, 0x38000001, 0x55006700,
	0x23000300, 0x04000600, 0x0000000d, 0x00001e07,
	0x12000d00, 0x00013100, 0x62003800, 0x03005500,
	0x06002300, 0x000e0400, 0x04070000, 0x22000000,
	0x01000000, 0x57001200, 0xa3000001, 0x00001200,
	0x0000000a, 0x00020000, 0x72080000, 0x00006800,
	0x00002400, 0x12000700, 0x00017b00, 0x67003800,
	0x4847494c, 0x00230054, 0x00030005, 0x72000000,
	0x00013500, 0x00002500, 0x12000700, 0x0001a000,
	0x67003800, 0x4e524353, 0x59464f5f, 0x05002300,
	0x00000300, 0x00550000, 0x0025000a, 0x00070000,
	0x01c50012, 0x00380000, 0x52435367, 0x464f5f4e,
	0x00230058, 0x00030005, 0x55000000, 0x20000a00,
	0x01000000, 0xe5001200, 0xa3000001, 0x00001000,
	0x0000000a, 0x00020000, 0x55080000, 0x22000400,
	0x01000000, 0x07001200, 0xa3000002, 0x00001200,
	0x0000000a, 0x00020000, 0x72080000, 0x0001c500,
	0x00002000, 0x12000100, 0x00022700, 0x1000a300,
	0x000a0000, 0x00000000, 0x00000002, 0x0a005508,
	0x00001200, 0x12001300, 0x00027d00, 0x2000b600,
	0x20000000, 0x0d000000, 0x59001200, 0x38000002,
	0x72006d00, 0x0001e500, 0x06002300, 0x00000400,
	0x20070000, 0x0d000000, 0x79001200, 0x38000002,
	0x72007400, 0x00020700, 0x06002300, 0x00140400,
	0x04070000, 0x12000000, 0x13000000, 0x10001200,
	0xb6000003, 0x00001000, 0x00001f00, 0x12000d00,
	0x0002ae00, 0x76003800, 0x00550078, 0x0023000a,
	0x00040006, 0x07000000, 0x0000001f, 0x0012000d,
	0x000002cd, 0x79760038, 0x0a005500, 0x06002300,
	0x00040400, 0x1f070000, 0x0d000000, 0xec001200,
	0x38000002, 0x007a7600, 0x000a0055, 0x00060023,
	0x00000804, 0x00200700, 0x000d0000, 0x030c0012,
	0x00380000, 0x00646170, 0x000a0055, 0x00060023,
	0x00000c04, 0x00040700, 0x00120000, 0x00130000,
	0x03a30012, 0x00b60000, 0x00000008, 0x0000001f,
	0x0012000d, 0x00000341, 0x78760038, 0x04005500,
	0x06002300, 0x00000400, 0x1f070000, 0x0d000000,
	0x60001200, 0x38000003, 0x00797600, 0x00040055,
	0x00060023, 0x00000204, 0x001f0700, 0x000d0000,
	0x037f0012, 0x00380000, 0x55007a76, 0x23000400,
	0x04000600, 0x00000004, 0x00002007, 0x12000d00,
	0x00039f00, 0x70003800, 0x55006461, 0x23000400,
	0x04000600, 0x00000006, 0x00000407, 0x00001200,
	0x12001300, 0x00042600, 0x2800b600, 0x24000000,
	0x0d000000, 0xd9001200, 0x38000003, 0x61637300,
	0x7200656c, 0x00027d00, 0x06002300, 0x00000400,
	0x25070000, 0x0d000000, 0xfe001200, 0x38000003,
	0x746f7200, 0x00657461, 0x03100072, 0x00230000,
	0x10040006, 0x07000000, 0x00000024, 0x0012000d,
	0x00000422, 0x72740038, 0x00736e61, 0x027d0072,
	0x00230000, 0x18040006, 0x07000000, 0x00000004,
	0x00000023, 0x00120013, 0x00000528, 0x475f0038,
	0x4f4f4373, 0x4e494452, 0x32455441, 0x5000b600,
	0x20000000, 0x0d000000, 0x69001200, 0x38000004,
	0x676c6600, 0x0c005500, 0x06002300, 0x00000400,
	0x24070000, 0x0d000000, 0x8d001200, 0x38000004,
	0x6f6f6300, 0x72006472, 0x00022700, 0x06002300,
	0x00040400, 0x24070000, 0x0d000000, 0xb1001200,
	0x38000004, 0x726f7700, 0x72006d6b, 0x00022700,
	0x06002300, 0x00240400, 0x27070000, 0x0d000000,
	0xd8001200, 0x38000004, 0x72617000, 0x83006d61,
	0x01000500, 0x000003a3, 0x00060023, 0x00004404,
	0x00270700, 0x000d0000, 0x04ff0012, 0x00380000,
	0x65707573, 0x00830072, 0x26010005, 0x23000004,
	0x04000600, 0x00000048, 0x00002507, 0x12000d00,
	0x00052400, 0x73003800, 0x83006275, 0x01000500,
	0x00000426, 0x00060023, 0x00004c04, 0x00040700,
	0x00120000, 0x00130000, 0x05ce0012, 0x00b60000,
	0x00000010, 0x00000026, 0x0012000d, 0x00000560,
	0x74610038, 0x62697274, 0x00657475, 0x000c0055,
	0x00060023, 0x00000004, 0x00280700, 0x000d0000,
	0x05880012, 0x00380000, 0x726f6f63, 0x83003264,
	0x01000500, 0x00000426, 0x00060023, 0x00000404,
	0x00230700, 0x000d0000, 0x05ab0012, 0x00380000,
	0x00646d74, 0x00030063, 0x23000c01, 0x04000600,
	0x00000008, 0x00001f07, 0x12000d00, 0x0005ca00,
	0x69003800, 0x00550064, 0x0023000c, 0x0c040006,
	0x07000000, 0x00000004, 0x00000012, 0x00120013,
	0x00000699, 0x008800b6, 0x00250000, 0x000d0000,
	0x06050012, 0x00380000, 0x656a626f, 0x72007463,
	0x00052800, 0x06002300, 0x00000400, 0x24070000,
	0x0d000000, 0x29001200, 0x38000006, 0x6f6f6300,
	0x72006472, 0x00042600, 0x06002300, 0x00100400,
	0x24070000, 0x0d000000, 0x4d001200, 0x38000006,
	0x61637300, 0x7200656c, 0x00027d00, 0x06002300,
	0x00600400, 0x24070000, 0x0d000000, 0x71001200,
	0x38000006, 0x676e6100, 0x7200656c, 0x00031000,
	0x06002300, 0x00700400, 0x24070000, 0x0d000000,
	0x95001200, 0x38000006, 0x61727400, 0x7200736e,
	0x00027d00, 0x06002300, 0x00780400, 0x04070000,
	0x12000000, 0x13000000, 0x09001200, 0xb6000007,
	0x00000600, 0x00001e00, 0x12000d00, 0x0006c900,
	0x78003800, 0x04005500, 0x06002300, 0x00000400,
	0x1e070000, 0x0d000000, 0xe7001200, 0x38000006,
	0x55007900, 0x23000400, 0x04000600, 0x00000002,
	0x00001e07, 0x12000d00, 0x00070500, 0x7a003800,
	0x04005500, 0x06002300, 0x00040400, 0x04070000,
	0x12000000, 0x13000000, 0x79001200, 0xb6000007,
	0x00000300, 0x00001e00, 0x12000d00, 0x00073900,
	0x78003800, 0x02005500, 0x06002300, 0x00000400,
	0x1e070000, 0x0d000000, 0x57001200, 0x38000007,
	0x55007900, 0x23000200, 0x04000600, 0x00000001,
	0x00001e07, 0x12000d00, 0x00077500, 0x7a003800,
	0x02005500, 0x06002300, 0x00020400, 0x04070000,
	0x12000000, 0x13000000, 0xc7001200, 0xb6000009,
	0x00005200, 0x00002800, 0x12000d00, 0x0007b300,
	0x73003800, 0x656c6163, 0x6f6e6544, 0x99007200,
	0x23000006, 0x04000600, 0x00000000, 0x00002607,
	0x12000d00, 0x0007d900, 0x61003800, 0x6544676e,
	0x72006f6e, 0x00069900, 0x06002300, 0x00060400,
	0x26070000, 0x0d000000, 0xff001200, 0x38000007,
	0x736f7000, 0x6f6e6544, 0x99007200, 0x23000006,
	0x04000600, 0x0000000c, 0x00002807, 0x12000d00,
	0x00082700, 0x73003800, 0x656c6163, 0x656d754e,
	0x99007200, 0x23000006, 0x04000600, 0x00000012,
	0x00002607, 0x12000d00, 0x00084d00, 0x61003800,
	0x754e676e, 0x7200656d, 0x00069900, 0x06002300,
	0x00180400, 0x26070000, 0x0d000000, 0x73001200,
	0x38000008, 0x736f7000, 0x656d754e, 0x99007200,
	0x23000006, 0x04000600, 0x0000001e, 0x00002707,
	0x12000d00, 0x00089a00, 0x73003800, 0x656c6163,
	0x00746e49, 0x06990072, 0x00230000, 0x24040006,
	0x07000000, 0x00000025, 0x0012000d, 0x000008bf,
	0x6e610038, 0x746e4967, 0x99007200, 0x23000006,
	0x04000600, 0x0000002a, 0x00002507, 0x12000d00,
	0x0008e400, 0x70003800, 0x6e49736f, 0x00720074,
	0x00000699, 0x00060023, 0x00003004, 0x00280700,
	0x000d0000, 0x090c0012, 0x00380000, 0x6c616373,
	0x726f5765, 0x0072006b, 0x00000699, 0x00060023,
	0x00003604, 0x00260700, 0x000d0000, 0x09320012,
	0x00380000, 0x57676e61, 0x006b726f, 0x06990072,
	0x00230000, 0x3c040006, 0x07000000, 0x00000026,
	0x0012000d, 0x00000958, 0x6f700038, 0x726f5773,
	0x0072006b, 0x00000699, 0x00060023, 0x00004204,
	0x00250700, 0x000d0000, 0x097d0012, 0x00380000,
	0x6c616373, 0x72004465, 0x00070900, 0x06002300,
	0x00480400, 0x23070000, 0x0d000000, 0xa0001200,
	0x38000009, 0x676e6100, 0x00720044, 0x00000709,
	0x00060023, 0x00004b04, 0x00230700, 0x000d0000,
	0x09c30012, 0x00380000, 0x44736f70, 0x09007200,
	0x23000007, 0x04000600, 0x0000004e, 0x00000407,
	0x00001200, 0x12001300, 0x000bda00, 0x2800b600,
	0x2a000000, 0x0d000000, 0x03001200, 0x3800000a,
	0x79656b00, 0x6d617246, 0x00830065, 0x79010005,
	0x23000007, 0x04000600, 0x00000000, 0x00002607,
	0x12000d00, 0x000a2900, 0x72003800, 0x57746f6f,
	0x586b726f, 0x0a005500, 0x06002300, 0x00040400,
	0x26070000, 0x0d000000, 0x4f001200, 0x3800000a,
	0x6f6f7200, 0x726f5774, 0x5500596b, 0x23000a00,
	0x04000600, 0x00000008, 0x00002607, 0x12000d00,
	0x000a7500, 0x72003800, 0x57746f6f, 0x5a6b726f,
	0x0a005500, 0x06002300, 0x000c0400, 0x25070000,
	0x0d000000, 0x9a001200, 0x3800000a, 0x61726600,
	0x6e43656d, 0x00550074, 0x00230004, 0x10040006,
	0x07000000, 0x00000023, 0x0012000d, 0x00000abd,
	0x466e0038, 0x656d6172, 0x04005500, 0x06002300,
	0x00120400, 0x24070000, 0x0d000000, 0xe1001200,
	0x3800000a, 0x74616400, 0x00630061, 0x04010003,
	0x06002300, 0x00140400, 0x26070000, 0x0d000000,
	0x07001200, 0x3800000b, 0x4c747300, 0x00706f6f,
	0x00030063, 0x23000401, 0x04000600, 0x00000018,
	0x00002807, 0x12000d00, 0x000b2f00, 0x6e003800,
	0x6b747865, 0x6d617266, 0x55004e65, 0x23000400,
	0x04000600, 0x0000001c, 0x00001f07, 0x12000d00,
	0x000b4e00, 0x70003800, 0x00550078, 0x00230004,
	0x1e040006, 0x07000000, 0x0000001f, 0x0012000d,
	0x00000b6d, 0x79700038, 0x04005500, 0x06002300,
	0x00200400, 0x24070000, 0x0d000000, 0x91001200,
	0x3800000b, 0x746f6d00, 0x4e6e6f69, 0x03005500,
	0x06002300, 0x00220400, 0x24070000, 0x0d000000,
	0xb5001200, 0x3800000b, 0x6f6f6c00, 0x746e4370,
	0x03005500, 0x06002300, 0x00230400, 0x21070000,
	0x0d000000, 0xd6001200, 0x3800000b, 0x616c6600,
	0x00550067, 0x00230003, 0x24040006, 0x07000000,
	0x00000004, 0x00000012, 0x00120013, 0x00000d0f,
	0x003800b6, 0x001f0000, 0x000d0000, 0x0c0b0012,
	0x00380000, 0x55006469, 0x23000a00, 0x04000600,
	0x00000000, 0x00002707, 0x12000d00, 0x000c3200,
	0x70003800, 0x70747261, 0x05008300, 0x05ce0100,
	0x00230000, 0x04040006, 0x07000000, 0x00000024,
	0x0012000d, 0x00000c56, 0x746d0038, 0x6300706e,
	0x01000300, 0x0023000c, 0x08040006, 0x07000000,
	0x00000025, 0x0012000d, 0x00000c7b, 0x6f6d0038,
	0x6e6f6974, 0xc7007200, 0x23000009, 0x04000600,
	0x0000000c, 0x00002407, 0x12000d00, 0x000c9f00,
	0x76003800, 0x62697369, 0x5500656c, 0x23000100,
	0x04000600, 0x00000034, 0x00002607, 0x12000d00,
	0x000cc500, 0x6f003800, 0x63735f6e, 0x6e656572,
	0x01005500, 0x06002300, 0x00350400, 0x23070000,
	0x0d000000, 0xe8001200, 0x3800000c, 0x5f636c00,
	0x006e7470, 0x00020055, 0x00060023, 0x00003604,
	0x00230700, 0x000d0000, 0x0d0b0012, 0x00380000,
	0x635f636c, 0x5500746e, 0x23000200, 0x04000600,
	0x00000037, 0x00000407, 0x00002500, 0x12000100,
	0x000d3400, 0x1500a300, 0x000a0000, 0x00000000,
	0xffffffff, 0x05008308, 0x0bda0100, 0x00250000,
	0x00070000, 0x0d590012, 0x00380000, 0x444f4d67,
	0x00704c45, 0x00050023, 0x00000003, 0x0f007200,
	0x1200000d, 0x13000000, 0x91001200, 0xb600000d,
	0x00000200, 0x00002200, 0x12000d00, 0x000d8d00,
	0x63003800, 0x746e756f, 0x04005500, 0x06002300,
	0x00000400, 0x04070000, 0x30000000, 0x0c000000,
	0xc1001200, 0x3800000d, 0x4e496700, 0x455f4f46,
	0x70614546, 0x4a726570, 0x00494a49, 0x00050023,
	0x00000003, 0x59007200, 0x2a00000d, 0x0c000000,
	0xeb001200, 0x3800000d, 0x766f6d00, 0x70615f65,
	0x4a726570, 0x00494a49, 0x00050023, 0x00000003,
	0x14005500, 0x00002000, 0x12000100, 0x000e0b00,
	0x1000a300, 0x000a0000, 0x00000000, 0x00000003,
	0x03005508, 0x00002000, 0x12000100, 0x000e2b00,
	0x1000a300, 0x000a0000, 0x00000000, 0x00000003,
	0x03005508, 0x00001200, 0x12001300, 0x00104b00,
	0x2000b600, 0x24000000, 0x0d000000, 0x61001200,
	0x3800000e, 0x66666f00, 0x65736e65, 0x04005500,
	0x06002300, 0x00000400, 0x24070000, 0x0d000000,
	0x85001200, 0x3800000e, 0x66656400, 0x65736e65,
	0x04005500, 0x06002300, 0x00020400, 0x22070000,
	0x0d000000, 0xa7001200, 0x3800000e, 0x65707300,
	0x55006465, 0x23000400, 0x04000600, 0x00000004,
	0x00002107, 0x12000d00, 0x000ec800, 0x77003800,
	0x00657369, 0x00040055, 0x00060023, 0x00000604,
	0x00270700, 0x000d0000, 0x0eef0012, 0x00380000,
	0x617a6177, 0x626f7250, 0xeb007200, 0x2300000d,
	0x04000600, 0x00000008, 0x00002707, 0x12000d00,
	0x000f1600, 0x77003800, 0x4c617a61, 0x00747369,
	0x0e0b0072, 0x00230000, 0x0c040006, 0x07000000,
	0x00000022, 0x0012000d, 0x00000f38, 0x616d0038,
	0x00706878, 0x00040055, 0x00060023, 0x00001004,
	0x00220700, 0x000d0000, 0x0f5a0012, 0x00380000,
	0x6d78616d, 0x00550070, 0x00230004, 0x12040006,
	0x07000000, 0x0000001f, 0x0012000d, 0x00000f79,
	0x70680038, 0x04005500, 0x06002300, 0x00140400,
	0x1f070000, 0x0d000000, 0x98001200, 0x3800000f,
	0x00706d00, 0x00040055, 0x00060023, 0x00001604,
	0x00210700, 0x000d0000, 0x0fb90012, 0x00380000,
	0x617a6177, 0x04005500, 0x06002300, 0x00180400,
	0x22070000, 0x0d000000, 0xdb001200, 0x3800000f,
	0x646e6900, 0x55007865, 0x23000100, 0x04000600,
	0x0000001a, 0x00002107, 0x12000d00, 0x000ffc00,
	0x66003800, 0x0067616c, 0x00010055, 0x00060023,
	0x00001b04, 0x00250700, 0x000d0000, 0x10210012,
	0x00380000, 0x6e756f73, 0x64695f64, 0x04005500,
	0x06002300, 0x001c0400, 0x26070000, 0x0d000000,
	0x47001200, 0x38000010, 0x69687400, 0x79546b6e,
	0x55006570, 0x23000300, 0x04000600, 0x0000001e,
	0x00000407, 0x00001200, 0x12001300, 0x0011a700,
	0x6800b600, 0x24000000, 0x0d000000, 0x81001200,
	0x38000010, 0x646f6d00, 0x72006c65, 0x000bda00,
	0x06002300, 0x00000400, 0x24070000, 0x0d000000,
	0xa5001200, 0x38000010, 0x72617000, 0x72006d61,
	0x000e2b00, 0x06002300, 0x00380400, 0x2a070000,
	0x0d000000, 0xcf001200, 0x38000010, 0x63736500,
	0x50657061, 0x746e696f, 0x10007200, 0x23000003,
	0x04000600, 0x00000058, 0x00002107, 0x12000d00,
	0x0010f000, 0x6e003800, 0x00544942, 0x00040055,
	0x00060023, 0x00006004, 0x00230700, 0x000d0000,
	0x11130012, 0x00380000, 0x6c6c6566, 0x5500776f,
	0x23000300, 0x04000600, 0x00000062, 0x00002507,
	0x12000d00, 0x00113800, 0x70003800, 0x65747461,
	0x004e6e72, 0x00030055, 0x00060023, 0x00006304,
	0x00230700, 0x000d0000, 0x115b0012, 0x00380000,
	0x6e657665, 0x55004e74, 0x23000300, 0x04000600,
	0x00000064, 0x00002307, 0x12000d00, 0x00117e00,
	0x74003800, 0x49747865, 0x00550044, 0x00230003,
	0x65040006, 0x07000000, 0x00000025, 0x0012000d,
	0x000011a3, 0x65740038, 0x79547478, 0x55006570,
	0x23000300, 0x04000600, 0x00000066, 0x00000407,
	0x00002200, 0x12000100, 0x0011c900, 0x1200a300,
	0x000a0000, 0x00000000, 0xffffffff, 0x4b007208,
	0x24000010, 0x07000000, 0xed001200, 0x38000011,
	0x4e456700, 0x00594d45, 0x00050023, 0x00000003,
	0xa7007200, 0x7a000011, 0x14000000, 0xb2001200,
	0x38000013, 0x74657300, 0x4546455f, 0x65707061,
	0x4a494a72, 0x01110049, 0x00000000, 0x01ec0121,
	0x01060000, 0x00000000, 0x000c02a3, 0x00001d02,
	0x00100400, 0x06070000, 0x000b2013, 0x00001d01,
	0x00380400, 0x22070000, 0x00015720, 0x7b202200,
	0x22000001, 0x0001a020, 0x34202200, 0x2200000d,
	0x000d9120, 0xc1202200, 0x2200000d, 0x0011c920,
	0x00001200, 0x12001300, 0x00138300, 0x2000b600,
	0x20000000, 0x0d000000, 0x99001200, 0x38000012,
	0x78707600, 0x0a005500, 0x06002300, 0x00000400,
	0x20070000, 0x0d000000, 0xb9001200, 0x38000012,
	0x79707600, 0x0a005500, 0x06002300, 0x00040400,
	0x20070000, 0x0d000000, 0xd9001200, 0x38000012,
	0x7a707600, 0x0a005500, 0x06002300, 0x00080400,
	0x20070000, 0x0d000000, 0xf9001200, 0x38000012,
	0x78727600, 0x0a005500, 0x06002300, 0x000c0400,
	0x20070000, 0x0d000000, 0x19001200, 0x38000013,
	0x79727600, 0x0a005500, 0x06002300, 0x00100400,
	0x20070000, 0x0d000000, 0x39001200, 0x38000013,
	0x7a727600, 0x0a005500, 0x06002300, 0x00140400,
	0x1f070000, 0x0d000000, 0x58001200, 0x38000013,
	0x007a7200, 0x000a0055, 0x00060023, 0x00001804,
	0x00270700, 0x000d0000, 0x137f0012, 0x00380000,
	0x65707573, 0x00830072, 0x26010005, 0x23000004,
	0x04000600, 0x0000001c, 0x00000407, 0x00002b00,
	0x12000c00, 0x0013ae00, 0x63003800, 0x5f454645,
	0x23005652, 0x02000b00, 0x0000001d, 0x00001804,
	0x00720700, 0x00001267, 0x00000004, 0x0000005a,
	0x00120014, 0x00001436, 0x6f6d0038, 0x615f6576,
	0x72657070, 0x494a494a, 0x00011100, 0x21000000,
	0x00009001, 0x10010600, 0xa3000002, 0x02000c02,
	0x0000001d, 0x00001004, 0x13060700, 0x01000b20,
	0x0000001d, 0x00001804, 0x20220700, 0x00000d34,
	0x0d912022, 0x00260000, 0x000c0000, 0x14320012,
	0x00380000, 0x666e4970, 0x0023006f, 0x03010005,
	0x83000000, 0x01000500, 0x00000d59, 0x00000004,
	0x00000052, 0x00120014, 0x00001488, 0x65720038,
	0x5f746573, 0x61454645, 0x72657070, 0x494a494a,
	0x00011100, 0x21000000, 0x00003001, 0x9a010600,
	0xa3000002, 0x02000c02, 0x0000001d, 0x00001004,
	0x13060700, 0x01000b20, 0x0000001d, 0x00001804,
	0x00040700, 0x00000000, 0x00080000, 0x01020000,
	0x00580000, 0x03020000, 0x005e0000, 0x030e0000,
	0x00640000, 0x02020000, 0x00700000, 0x01020000,
	0x00820000, 0x01020000, 0x00a10000, 0x01020000,
	0x00c00000, 0x01020000, 0x00df0000, 0x01020000,
	0x00fd0000, 0x01020000, 0x011b0000, 0x01020000,
	0x013d0000, 0x01020000, 0x01530000, 0x01020000,
	0x015f0000, 0x01020000, 0x01710000, 0x06020000,
	0x01770000, 0x01020000, 0x01830000, 0x01020000,
	0x01980000, 0x07020000, 0x01a80000, 0x01020000,
	0x01bd0000, 0x08020000, 0x01cd0000, 0x01020000,
	0x01ed0000, 0x01020000, 0x02030000, 0x01020000,
	0x020f0000, 0x01020000, 0x022f0000, 0x01020000,
	0x02410000, 0x01020000, 0x024b0000, 0x01020000,
	0x02610000, 0x01020000, 0x026b0000, 0x01020000,
	0x02850000, 0x01020000, 0x02970000, 0x01020000,
	0x02b60000, 0x01020000, 0x02d50000, 0x01020000,
	0x02f40000, 0x01020000, 0x03180000, 0x01020000,
	0x032a0000, 0x01020000, 0x03490000, 0x01020000,
	0x03680000, 0x01020000, 0x03870000, 0x01020000,
	0x03ab0000, 0x01020000, 0x03bd0000, 0x01020000,
	0x03cb0000, 0x01020000, 0x03e10000, 0x01020000,
	0x03f00000, 0x01020000, 0x04060000, 0x01020000,
	0x04140000, 0x01020000, 0x042e0000, 0x01020000,
	0x04510000, 0x01020000, 0x04710000, 0x01020000,
	0x047f0000, 0x01020000, 0x04950000, 0x01020000,
	0x04a30000, 0x01020000, 0x04b90000, 0x01020000,
	0x04ca0000, 0x01020000, 0x04e00000, 0x01020000,
	0x04f10000, 0x01020000, 0x05070000, 0x01020000,
	0x05160000, 0x01020000, 0x05300000, 0x01020000,
	0x05420000, 0x01020000, 0x05680000, 0x01020000,
	0x057a0000, 0x01020000, 0x05900000, 0x01020000,
	0x05b30000, 0x01020000, 0x05d60000, 0x01020000,
	0x05e80000, 0x01020000, 0x05f70000, 0x01020000,
	0x060d0000, 0x01020000, 0x061b0000, 0x01020000,
	0x06310000, 0x01020000, 0x063f0000, 0x01020000,
	0x06550000, 0x01020000, 0x06630000, 0x01020000,
	0x06790000, 0x01020000, 0x06870000, 0x01020000,
	0x06a10000, 0x01020000, 0x06b30000, 0x01020000,
	0x06d10000, 0x01020000, 0x06ef0000, 0x01020000,
	0x07110000, 0x01020000, 0x07230000, 0x01020000,
	0x07410000, 0x01020000, 0x075f0000, 0x01020000,
	0x07810000, 0x01020000, 0x07930000, 0x01020000,
	0x07a50000, 0x01020000, 0x07bb0000, 0x01020000,
	0x07cb0000, 0x01020000, 0x07e10000, 0x01020000,
	0x07f10000, 0x01020000, 0x08070000, 0x01020000,
	0x08190000, 0x01020000, 0x082f0000, 0x01020000,
	0x083f0000, 0x01020000, 0x08550000, 0x01020000,
	0x08650000, 0x01020000, 0x087b0000, 0x01020000,
	0x088c0000, 0x01020000, 0x08a20000, 0x01020000,
	0x08b10000, 0x01020000, 0x08c70000, 0x01020000,
	0x08d60000, 0x01020000, 0x08ec0000, 0x01020000,
	0x08fe0000, 0x01020000, 0x09140000, 0x01020000,
	0x09240000, 0x01020000, 0x093a0000, 0x01020000,
	0x094a0000, 0x01020000, 0x09600000, 0x01020000,
	0x096f0000, 0x01020000, 0x09850000, 0x01020000,
	0x09920000, 0x01020000, 0x09a80000, 0x01020000,
	0x09b50000, 0x01020000, 0x09cf0000, 0x01020000,
	0x09e10000, 0x01020000, 0x09f50000, 0x01020000,
	0x0a0b0000, 0x01020000, 0x0a310000, 0x01020000,
	0x0a570000, 0x01020000, 0x0a7d0000, 0x01020000,
	0x0aa20000, 0x01020000, 0x0ac50000, 0x01020000,
	0x0ae90000, 0x01020000, 0x0b0f0000, 0x01020000,
	0x0b370000, 0x01020000, 0x0b560000, 0x01020000,
	0x0b750000, 0x01020000, 0x0b990000, 0x01020000,
	0x0bbd0000, 0x01020000, 0x0be20000, 0x01020000,
	0x0bf40000, 0x01020000, 0x0c130000, 0x01020000,
	0x0c240000, 0x01020000, 0x0c3a0000, 0x01020000,
	0x0c5e0000, 0x01020000, 0x0c6d0000, 0x01020000,
	0x0c830000, 0x01020000, 0x0ca70000, 0x01020000,
	0x0ccd0000, 0x01020000, 0x0cf00000, 0x01020000,
	0x0d170000, 0x01020000, 0x0d300000, 0x01020000,
	0x0d3c0000, 0x01020000, 0x0d4f0000, 0x09020000,
	0x0d550000, 0x01020000, 0x0d610000, 0x01020000,
	0x0d730000, 0x01020000, 0x0d990000, 0x01020000,
	0x0db70000, 0x04020000, 0x0dbd0000, 0x01020000,
	0x0dc90000, 0x01020000, 0x0de30000, 0x05020000,
	0x0df30000, 0x01020000, 0x0e130000, 0x01020000,
	0x0e330000, 0x01020000, 0x0e450000, 0x01020000,
	0x0e690000, 0x01020000, 0x0e8d0000, 0x01020000,
	0x0eaf0000, 0x01020000, 0x0ed00000, 0x01020000,
	0x0ee10000, 0x01020000, 0x0ef70000, 0x01020000,
	0x0f080000, 0x01020000, 0x0f1e0000, 0x01020000,
	0x0f400000, 0x01020000, 0x0f620000, 0x01020000,
	0x0f810000, 0x01020000, 0x0fa00000, 0x01020000,
	0x0fc10000, 0x01020000, 0x0fe30000, 0x01020000,
	0x10040000, 0x01020000, 0x10290000, 0x01020000,
	0x10530000, 0x01020000, 0x10650000, 0x01020000,
	0x10730000, 0x01020000, 0x10890000, 0x01020000,
	0x10970000, 0x01020000, 0x10ad0000, 0x01020000,
	0x10c10000, 0x01020000, 0x10d70000, 0x01020000,
	0x10f80000, 0x01020000, 0x111b0000, 0x01020000,
	0x11400000, 0x01020000, 0x11630000, 0x01020000,
	0x11860000, 0x01020000, 0x11af0000, 0x01020000,
	0x11c50000, 0x01020000, 0x11d10000, 0x01020000,
	0x11e30000, 0x0a020000, 0x11e90000, 0x01020000,
	0x11f50000, 0x01020000, 0x120e0000, 0x0b020000,
	0x12140000, 0x0b020000, 0x121a0000, 0x02020000,
	0x123f0000, 0x01020000, 0x12450000, 0x01020000,
	0x124b0000, 0x01020000, 0x12510000, 0x01020000,
	0x12570000, 0x01020000, 0x125d0000, 0x01020000,
	0x12630000, 0x01020000, 0x126f0000, 0x01020000,
	0x12810000, 0x01020000, 0x12a10000, 0x01020000,
	0x12c10000, 0x01020000, 0x12e10000, 0x01020000,
	0x13010000, 0x01020000, 0x13210000, 0x01020000,
	0x13410000, 0x01020000, 0x13600000, 0x01020000,
	0x13710000, 0x01020000, 0x138b0000, 0x01020000,
	0x13aa0000, 0x01020000, 0x13ba0000, 0x01020000,
	0x13d10000, 0x05020000, 0x13d70000, 0x05020000,
	0x13dd0000, 0x02020000, 0x14020000, 0x01020000,
	0x14080000, 0x01020000, 0x14140000, 0x01020000,
	0x142e0000, 0x01020000, 0x143e0000, 0x01020000,
	0x14590000, 0x18020000, 0x145f0000, 0x18020000,
	0x14650000, 0x02020000, 0x02100000, 0x00000000,
	0x002e0000, 0xffff0000, 0x00000000, 0x0000002f,
	0x0008ffff, 0x00300000, 0xffff0000, 0x00000014,
	0x00000031, 0x0018ffff, 0x00300000, 0xffff0000,
	0x0000001c, 0x00000031, 0x0028ffff, 0x00320000,
	0xffff0000, 0x00000038, 0x00000033, 0x0048ffff,
	0x003a0000, 0xffff0000, 0x00000050, 0x00000033,
	0x0054ffff, 0x00360000, 0xffff0000, 0x00000058,
	0x0000003a, 0x005cffff, 0x003d0000, 0xffff0000,
	0x0000006c, 0x00000040, 0x0080ffff, 0x00410000,
	0xffff0000, 0x00000088, 0x00000048, 0x0098ffff,
	0x004a0000, 0xffff0000, 0x000000a0, 0x0000004b,
	0x00a4ffff, 0x004c0000, 0xffff0000, 0x000000ac,
	0x0000004e, 0x00b0ffff, 0x004f0000, 0xffff0000,
	0x000000bc, 0x00000050, 0x00c0ffff, 0x00510000,
	0xffff0000, 0x000000c4, 0x00000053, 0x00ccffff,
	0x00540000, 0xffff0000, 0x000000d4, 0x0000005e,
	0x00dcffff, 0x00580000, 0xffff0000, 0x000000e0,
	0x00000059, 0x00ecffff, 0x005a0000, 0xffff0000,
	0x000000f8, 0x0000005b, 0x0100ffff, 0x005c0000,
	0xffff0000, 0x0000010c, 0x0000005d, 0x0118ffff,
	0x005e0000, 0xffff0000, 0x00000120, 0x00000066,
	0x012cffff, 0x00600000, 0xffff0000, 0x00000130,
	0x00000061, 0x013cffff, 0x00620000, 0xffff0000,
	0x00000148, 0x00000063, 0x0150ffff, 0x00640000,
	0xffff0000, 0x0000015c, 0x00000065, 0x0168ffff,
	0x00660000, 0xffff0000, 0x00000170, 0x00000068,
	0x017cffff, 0x006e0000, 0xffff0000, 0x00000184,
	0x00000069, 0x0188ffff, 0x006a0000, 0xffff0000,
	0x00000194, 0x0000006b, 0x01a0ffff, 0x006c0000,
	0xffff0000, 0x000001ac, 0x0000006d, 0x01b8ffff,
	0x006e0000, 0xffff0000, 0x000001c0, 0x00000073,
	0x01ccffff, 0x00740000, 0xffff0000, 0x000001dc,
	0x00000000, 0x01ecffff, 0x008a0000, 0x00000000,
	0x00780000, 0xffff0000, 0x00000000, 0x0000007b,
	0x0000ffff, 0x00780000, 0xffff0000, 0x00000004,
	0x0000007b, 0x000cffff, 0x007d0000, 0xffff0000,
	0x00000028, 0x0000007f, 0x0038ffff, 0x00820000,
	0xffff0000, 0x0000004c, 0x00000083, 0x0054ffff,
	0x00840000, 0xffff0000, 0x00000064, 0x00000085,
	0x0070ffff, 0x00870000, 0xffff0000, 0x00000070,
	0x00000088, 0x0080ffff, 0x00000000, 0xffff0000,
	0x00000090, 0x0000003a, 0x00000000, 0x0000008b,
	0x0000ffff, 0x008c0000, 0xffff0000, 0x00000008,
	0x0000008d, 0x0014ffff, 0x008e0000, 0xffff0000,
	0x00000020, 0x00000000, 0x0030ffff, 0x00000000,
	0x00000000, 0x00000000, 0x00040000, 0x0b020000,
	0x02140000, 0x05020000, 0x029e0000, 0x18020000,
	0x00000000, 0x00000000, 0x000c0000, 0x0c040000,
	0x00140000, 0x0a050000, 0x001c0000, 0x0a060000,
	0x00180000, 0x05050000, 0x00340000, 0x05060000,
	0x00200000, 0x09050000, 0x00240000, 0x09060000,
	0x00300000, 0x0d040000, 0x00380000, 0x09050000,
	0x003c0000, 0x09060000, 0x00480000, 0x09050000,
	0x004c0000, 0x09060000, 0x00580000, 0x04070000,
	0x00640000, 0x0e040000, 0x00780000, 0x0f040000,
	0x00800000, 0x10040000, 0x00880000, 0x09050000,
	0x008c0000, 0x09060000, 0x00900000, 0x11040000,
	0x00980000, 0x12040000, 0x00c40000, 0x13040000,
	0x00d00000, 0x08070000, 0x00d80000, 0x07070000,
	0x00dc0000, 0x06050000, 0x01280000, 0x06060000,
	0x00e40000, 0x06050000, 0x00e80000, 0x06060000,
	0x00f00000, 0x06050000, 0x00f40000, 0x06060000,
	0x00f80000, 0x06050000, 0x00fc0000, 0x06060000,
	0x01040000, 0x06050000, 0x01080000, 0x06060000,
	0x01100000, 0x06050000, 0x01140000, 0x06060000,
	0x01180000, 0x06050000, 0x011c0000, 0x06060000,
	0x01240000, 0x14040000, 0x012c0000, 0x06050000,
	0x01780000, 0x06060000, 0x01340000, 0x06050000,
	0x01380000, 0x06060000, 0x01400000, 0x06050000,
	0x01440000, 0x06060000, 0x01480000, 0x06050000,
	0x014c0000, 0x06060000, 0x01540000, 0x06050000,
	0x01580000, 0x06060000, 0x01600000, 0x06050000,
	0x01640000, 0x06060000, 0x01680000, 0x06050000,
	0x016c0000, 0x06060000, 0x01740000, 0x14040000,
	0x017c0000, 0x06050000, 0x01800000, 0x06060000,
	0x01840000, 0x06050000, 0x01c80000, 0x06060000,
	0x018c0000, 0x06050000, 0x01900000, 0x06060000,
	0x01980000, 0x06050000, 0x019c0000, 0x06060000,
	0x01a40000, 0x06050000, 0x01a80000, 0x06060000,
	0x01b00000, 0x06050000, 0x01b40000, 0x06060000,
	0x01b80000, 0x06050000, 0x01bc0000, 0x06060000,
	0x01c40000, 0x14040000, 0x01d40000, 0x15040000,
	0x01ec0000, 0x04070000, 0x02000000, 0x04070000,
	0x02300000, 0x0f040000, 0x02380000, 0x10040000,
	0x02400000, 0x09050000, 0x02440000, 0x09060000,
	0x02480000, 0x11040000, 0x02540000, 0x16040000,
	0x025c0000, 0x09050000, 0x02600000, 0x09060000,
	0x02640000, 0x17040000, 0x02880000, 0x19040000,
	0x02940000, 0x1a040000, 0x00000000, 0x00000000,
	0x00000000, 0x00000000, 0x00000000, 0x00000000,
	0x00000000, 0x00000000, 0x00000000, 0x00000000,
	0x00010000, 0x00020000, 0x00000000, 0x00000000,
	0x00400000, 0x01b00000, 0x00020000, 0x00060000,
	0x00000000, 0x00100000, 0x00090000, 0x00030000,
	0x00000000, 0x00000000, 0x01f00000, 0x01380000,
	0x00000000, 0x00000000, 0x00000000, 0x00000000,
	0x00110000, 0x00030000, 0x00000000, 0x00000000,
	0x03300000, 0x00530000, 0x00000000, 0x00000000,
	0x00000000, 0x00000000, 0x001b0000, 0x00010000,
	0x00060000, 0x00000000, 0x03900000, 0x02ac0000,
	0x00000000, 0x00000000, 0x00040000, 0x00000000,
	0x00210000, 0x00050000, 0x00007000, 0x00000000,
	0x06400000, 0x148c0000, 0x00000000, 0x00000000,
	0x00000000, 0x00000000, 0x00280000, 0x00090000,
	0x00000000, 0x00000000, 0x1ad00000, 0x07100000,
	0x00010000, 0x00050000, 0x00000000, 0x00080000,
	0x00330000, 0x00050000, 0x00007000, 0x00000000,
	0x21e00000, 0x02d40000, 0x00000000, 0x00000000,
	0x00000000, 0x00000000, 0x00390000, 0x00090000,
	0x00000000, 0x00000000, 0x24c00000, 0x00180000,
	0x00010000, 0x00070000, 0x00000000, 0x00080000,
	0x00430000, 0x00090000, 0x00000000, 0x00000000,
	0x24e00000, 0x02900000, 0x00010000, 0x00040000,
	0x00000000, 0x00080000, 0x004d0000, 0x00080000,
	0x00030000, 0x00000000, 0x27700000, 0x00020000,
	0x00000000, 0x00000000, 0x00040000, 0x00000000,
	0x04030000, 0x95890302, 0x97899689, 0x5b900104,
	0x88840106, 0xf0810107, 0x464c457f, 0x00010101,
	0x00000000, 0x00000000, 0x00080001, 0x00000001,
	0x00000000, 0x00000000, 0x00000180, 0x40000000,
	0x00000034, 0x00280000, 0x00030009, 0x00000000,
	0x00000000, 0x00000000, 0x00000000, 0x00000000,
	0x00000000, 0x00000000, 0x00000001, 0x00000000,
	0x00000000, 0x00050003, 0x00000008, 0x00000000,
	0x00000000, 0x00070003, 0x0000000e, 0x00000000,
	0x00000000, 0x00040003, 0x65642e00, 0x00677562,
	0x6e696c2e, 0x742e0065, 0x00747865, 0x00000000,
	0x00000000, 0x00000000, 0x79732e00, 0x6261746d,
	0x74732e00, 0x62617472, 0x68732e00, 0x74727473,
	0x2e006261, 0x74786574, 0x65642e00, 0x00677562,
	0x6c65722e, 0x6265642e, 0x2e006775, 0x656e696c,
	0x65722e00, 0x696c2e6c, 0x0000656e, 0x00000000,
	0x00000000, 0x00000000, 0x00000064, 0x00120011,
	0x00000064, 0x574d0258, 0x4e495720, 0x4d203233,
	0x20535049, 0x6f432d43, 0x6c69706d, 0x38007265,
	0x5c3a4300, 0x6b72694b, 0x7665525c, 0x64657369,
	0x42634d5c, 0x6c747461, 0x73765c65, 0x6d65645f,
	0x00632e6f, 0x00020136, 0x01110000, 0x00000000,
	0x00000121, 0x01060000, 0x00000000, 0x00000000,
	0x00000000, 0x00000000, 0x00000008, 0x00000102,
	0x00000054, 0x00000302, 0x0000005a, 0x0000030e,
	0x00000060, 0x00000202, 0x00000000, 0x00000000,
	0x00000000, 0x00000000, 0x00000000, 0x00000000,
	0x00000000, 0x00000000, 0x00000000, 0x00000000,
	0x00000001, 0x00000002, 0x00000000, 0x00000000,
	0x00000040, 0x00000040, 0x00000002, 0x00000004,
	0x00000000, 0x00000010, 0x00000009, 0x00000003,
	0x00000000, 0x00000000, 0x00000080, 0x00000014,
	0x00000000, 0x00000000, 0x00000000, 0x00000000,
	0x00000011, 0x00000003, 0x00000000, 0x00000000,
	0x000000a0, 0x00000043, 0x00000000, 0x00000000,
	0x00000000, 0x00000000, 0x0000001b, 0x00000001,
	0x00000006, 0x00000000, 0x000000f0, 0x00000000,
	0x00000000, 0x00000000, 0x00000000, 0x00000000,
	0x00000021, 0x70000005, 0x00000000, 0x00000000,
	0x000000f0, 0x00000064, 0x00000000, 0x00000000,
	0x00000000, 0x00000000, 0x00000028, 0x00000009,
	0x00000000, 0x00000000, 0x00000160, 0x00000020,
	0x00000001, 0x00000005, 0x00000000, 0x00000008,
	0x00000033, 0x70000005, 0x00000000, 0x00000000,
	0x00000180, 0x00000000, 0x00000000, 0x00000000,
	0x00000000, 0x00000000, 0x00000039, 0x00000009,
	0x00000000, 0x00000000, 0x00000180, 0x00000000,
	0x00000001, 0x00000007, 0x00000000, 0x00000008,
	0x464c457f, 0x00010101, 0x00000000, 0x00000000,
	0x00080001, 0x00000001, 0x00000000, 0x00000000,
	0x00000be0, 0x40000000, 0x00000034, 0x00280000,
	0x0003000b, 0x00000000, 0x00000000, 0x00000000,
	0x00000000, 0x00000000, 0x00000000, 0x00000000,
	0x00000001, 0x00000000, 0x00000000, 0x00050003,
	0x00000008, 0x00000000, 0x00000000, 0x00070003,
	0x0000000e, 0x00000000, 0x00000000, 0x00040003,
	0x00000022, 0x00000084, 0x0000000c, 0x00090001,
	0x00000014, 0x00000000, 0x00000084, 0x00090011,
	0x0000002e, 0x00000000, 0x00000024, 0x00040012,
	0x00000036, 0x00000024, 0x00000158, 0x00040012,
	0x00000041, 0x0000017c, 0x00000090, 0x00040012,
	0x00000052, 0x00000000, 0x00000000, 0x00000010,
	0x00000059, 0x0000020c, 0x00000014, 0x00040012,
	0x65642e00, 0x00677562, 0x6e696c2e, 0x742e0065,
	0x00747865, 0x69637361, 0x70735f69, 0x61696365,
	0x7361006c, 0x5f696963, 0x6c626174, 0x73490065,
	0x69637341, 0x73410069, 0x32696963, 0x73696a53,
	0x63734100, 0x74536969, 0x676e6972, 0x696a5332,
	0x74730073, 0x6e656c72, 0x61775300, 0x6f685370,
	0x00007472, 0x00000000, 0x00000000, 0x00000000,
	0x79732e00, 0x6261746d, 0x74732e00, 0x62617472,
	0x68732e00, 0x74727473, 0x2e006261, 0x74786574,
	0x65642e00, 0x00677562, 0x6c65722e, 0x6265642e,
	0x2e006775, 0x656e696c, 0x65722e00, 0x696c2e6c,
	0x2e00656e, 0x61746164, 0x65722e00, 0x65742e6c,
	0x00007478, 0x00000000, 0x00000000, 0x00000000,
	0x80820000, 0x00000000, 0x000211c3, 0x14400003,
	0x00001021, 0x10000001, 0x24020001, 0x03e00008,
	0x00000000, 0x2c810020, 0x14200006, 0x00002821,
	0x2c810030, 0x10200003, 0x00000000, 0x10000033,
	0x24050001, 0x2c810030, 0x14200006, 0x00000000,
	0x2c81003a, 0x10200003, 0x00000000, 0x1000002b,
	0x00001021, 0x2c81003a, 0x14200006, 0x00000000,
	0x2c810041, 0x10200003, 0x00000000, 0x10000023,
	0x2405000b, 0x2c810041, 0x14200006, 0x00000000,
	0x2c81005b, 0x10200003, 0x00000000, 0x1000001b,
	0x24020001, 0x2c81005b, 0x14200006, 0x00000000,
	0x2c810061, 0x10200003, 0x00000000, 0x10000013,
	0x24050025, 0x2c810061, 0x14200006, 0x00000000,
	0x2c81007b, 0x10200003, 0x00000000, 0x1000000b,
	0x24020002, 0x2c81007b, 0x14200006, 0x00000000,
	0x2c81007f, 0x10200003, 0x00000000, 0x10000003,
	0x2405003f, 0x1000001b, 0x00001021, 0x10a0000b,
	0x00000000, 0x2083ffe0, 0x20a2ffff, 0x00621022,
	0x00021880, 0x3c020000, 0x24420000, 0x00431021,
	0x94420000, 0x1000000f, 0x00000000, 0x00022880,
	0x3c020000, 0x24420000, 0x00451021, 0x94420000,
	0x00000000, 0x00821820, 0x3c020000, 0x24420002,
	0x00451021, 0x94420000, 0x00000000, 0x00621022,
	0x3042ffff, 0x03e00008, 0x00000000, 0x27bdffe0,
	0xafbf0018, 0xafb10014, 0xafb00010, 0x00808821,
	0x0c000000, 0x00a08021, 0x00404021, 0x00005021,
	0x1000000f, 0x00004821, 0x022a1021, 0x90440000,
	0x0c000000, 0x00000000, 0x3044ffff, 0x00041203,
	0x304300ff, 0x308200ff, 0x00021200, 0x00621825,
	0x02091021, 0xa4430000, 0x214a0001, 0x21290002,
	0x0148082a, 0x1420fff0, 0x00000000, 0x000a1040,
	0x02021021, 0xa4400000, 0x8fbf0018, 0x8fb10014,
	0x8fb00010, 0x03e00008, 0x27bd0020, 0x00041a03,
	0x00041200, 0x00621025, 0x03e00008, 0x3042ffff,
	0x0000006a, 0x00120011, 0x000003c1, 0x574d0258,
	0x4e495720, 0x4d203233, 0x20535049, 0x6f432d43,
	0x6c69706d, 0x38007265, 0x5c3a4300, 0x6b72694b,
	0x7665525c, 0x64657369, 0x676e455c, 0x6873696c,
	0x6c694620, 0x735c7365, 0x74666968, 0x2e73696a,
	0x01360063, 0x00000002, 0x00000111, 0x01210000,
	0x00000000, 0x00000106, 0x00200000, 0x00010000,
	0x008a0012, 0x00a30000, 0x0a000010, 0x00000000,
	0x00000100, 0x00550800, 0x00220006, 0x00010000,
	0x00ac0012, 0x00a30000, 0x0a000012, 0x00000000,
	0x00002000, 0x00720800, 0x0000006a, 0x0000002b,
	0x00120007, 0x000000d7, 0x73610038, 0x5f696963,
	0x63657073, 0x006c6169, 0x00050023, 0x00000003,
	0x8a007200, 0x20000000, 0x01000000, 0xf7001200,
	0xa3000000, 0x00001000, 0x0000000a, 0x00010000,
	0x55080000, 0x22000600, 0x01000000, 0x19001200,
	0xa3000001, 0x00001200, 0x0000000a, 0x00020000,
	0x72080000, 0x0000d700, 0x00002900, 0x12000c00,
	0x00014200, 0x61003800, 0x69696373, 0x6261745f,
	0x2300656c, 0x03000500, 0x00000000, 0x00f70072,
	0x00280000, 0x00140000, 0x018e0012, 0x00380000,
	0x73417349, 0x00696963, 0x00000111, 0x01210000,
	0x00000024, 0x00000106, 0x00200000, 0x00050000,
	0x018a0012, 0x00380000, 0x00230063, 0x04010005,
	0x63000000, 0x01000300, 0x00040001, 0x00370000,
	0x00140000, 0x02550012, 0x00380000, 0x69637341,
	0x6a533269, 0x11007369, 0x00000001, 0x58012100,
	0x06000001, 0x00004401, 0x19202200, 0x22000001,
	0x0000ac20, 0x00002600, 0x12000500, 0x0001eb00,
	0x61003800, 0x69696373, 0x646f635f, 0x00230065,
	0x04010005, 0x55000000, 0x21000300, 0x0c000000,
	0x0c001200, 0x38000002, 0x6d747300, 0x23003270,
	0x01000500, 0x00000005, 0x00030055, 0x00000020,
	0x0012000c, 0x0000022c, 0x74730038, 0x2300706d,
	0x01000500, 0x00000002, 0x00030055, 0x00000025,
	0x0012000c, 0x00000251, 0x6a730038, 0x635f7369,
	0x0065646f, 0x00050023, 0x00000201, 0x06005500,
	0x00000400, 0x00007000, 0x12001400, 0x00036e00,
	0x41003800, 0x69696373, 0x69727453, 0x5332676e,
	0x0073696a, 0x00000111, 0x01210000, 0x00000090,
	0x01320106, 0x20430000, 0x1d02000c, 0x04000000,
	0x00000010, 0x20530607, 0x1d02000c, 0x04000000,
	0x00000014, 0x02a30607, 0x1d02000c, 0x04000000,
	0x00000018, 0x20130607, 0x1d01000b, 0x04000000,
	0x00000020, 0x00002407, 0x12000500, 0x0002e900,
	0x69003800, 0x7475706e, 0x05002300, 0x00110100,
	0x00630000, 0x03010003, 0x00002500, 0x12000500,
	0x00030e00, 0x6f003800, 0x75707475, 0x00230074,
	0x10010005, 0x63000000, 0x01000300, 0x00200006,
	0x000c0000, 0x032e0012, 0x00380000, 0x73696a73,
	0x05002300, 0x00040100, 0x00550000, 0x001f0006,
	0x000c0000, 0x034d0012, 0x00380000, 0x006e656c,
	0x00050023, 0x00000801, 0x07005500, 0x00001d00,
	0x12000c00, 0x00036a00, 0x69003800, 0x05002300,
	0x000a0100, 0x00550000, 0x00040007, 0x002a0000,
	0x00140000, 0x03bd0012, 0x00380000, 0x70617753,
	0x726f6853, 0x01110074, 0x00000000, 0x00140121,
	0x01060000, 0x00000194, 0x00000021, 0x00120005,
	0x000003b9, 0x6e690038, 0x00747570, 0x00050023,
	0x00000401, 0x06005500, 0x00000400, 0x00000400,
	0x00000000, 0x00000000, 0x00000000, 0x00000000,
	0x00000008, 0x00000102, 0x0000005a, 0x00000302,
	0x00000060, 0x0000030e, 0x00000066, 0x00000202,
	0x00000072, 0x00000102, 0x00000092, 0x00000102,
	0x000000a8, 0x00000102, 0x000000b4, 0x00000102,
	0x000000cd, 0x00000502, 0x000000d3, 0x00000102,
	0x000000df, 0x00000102, 0x000000ff, 0x00000102,
	0x00000115, 0x00000102, 0x00000121, 0x00000102,
	0x00000138, 0x00000402, 0x0000013e, 0x00000102,
	0x0000014a, 0x00000102, 0x0000015a, 0x00000602,
	0x00000160, 0x00000602, 0x00000166, 0x00000202,
	0x00000172, 0x00000102, 0x00000196, 0x00000102,
	0x000001a9, 0x00000702, 0x000001af, 0x00000702,
	0x000001b5, 0x00000202, 0x000001bb, 0x00000102,
	0x000001c1, 0x00000102, 0x000001cd, 0x00000102,
	0x000001f3, 0x00000102, 0x00000214, 0x00000102,
	0x00000234, 0x00000102, 0x0000025d, 0x00000102,
	0x00000276, 0x00000802, 0x0000027c, 0x00000802,
	0x00000282, 0x00000202, 0x000002cd, 0x00000102,
	0x000002f1, 0x00000102, 0x00000316, 0x00000102,
	0x00000336, 0x00000102, 0x00000355, 0x00000102,
	0x00000376, 0x00000102, 0x00000388, 0x00000a02,
	0x0000038e, 0x00000a02, 0x00000394, 0x00000202,
	0x000003a0, 0x00000102, 0x00000000, 0x00000000,
	0x00000044, 0x00000000, 0x00000097, 0x0000ffff,
	0x00980000, 0xffff0000, 0x00000000, 0x00000099,
	0x0014ffff, 0x009b0000, 0xffff0000, 0x0000001c,
	0x0000009c, 0x001cffff, 0x00000000, 0xffff0000,
	0x00000024, 0x000000ee, 0x00000000, 0x000000a0,
	0x0000ffff, 0x00a50000, 0xffff0000, 0x00000000,
	0x000000a6, 0x0018ffff, 0x00a80000, 0xffff0000,
	0x00000020, 0x000000a9, 0x0038ffff, 0x00ab0000,
	0xffff0000, 0x00000040, 0x000000ac, 0x0058ffff,
	0x00ae0000, 0xffff0000, 0x00000060, 0x000000af,
	0x0078ffff, 0x00b10000, 0xffff0000, 0x00000080,
	0x000000b2, 0x0098ffff, 0x00b40000, 0xffff0000,
	0x000000a0, 0x000000b5, 0x00b8ffff, 0x00b70000,
	0xffff0000, 0x000000c0, 0x000000b8, 0x00d8ffff,
	0x00bd0000, 0xffff0000, 0x000000e0, 0x000000be,
	0x00e8ffff, 0x00c00000, 0xffff0000, 0x000000e8,
	0x000000c1, 0x00f0ffff, 0x00c30000, 0xffff0000,
	0x00000118, 0x000000c5, 0x0150ffff, 0x00c60000,
	0xffff0000, 0x00000150, 0x00000000, 0x0158ffff,
	0x00620000, 0x00000000, 0x00ca0000, 0xffff0000,
	0x00000000, 0x000000d0, 0x0014ffff, 0x00d20000,
	0xffff0000, 0x00000020, 0x000000d7, 0x0024ffff,
	0x00d80000, 0xffff0000, 0x0000005c, 0x000000db,
	0x0070ffff, 0x00da0000, 0xffff0000, 0x00000070,
	0x000000db, 0x007cffff, 0x00000000, 0xffff0000,
	0x00000090, 0x0000003a, 0x00000000, 0x000000df,
	0x0000ffff, 0x00e20000, 0xffff0000, 0x00000000,
	0x000000e1, 0x0000ffff, 0x00e20000, 0xffff0000,
	0x0000000c, 0x00000000, 0x0014ffff, 0x00000000,
	0x00000004, 0x00000602, 0x00000048, 0x00000702,
	0x00000136, 0x00000802, 0x00000198, 0x00000a02,
	0x00208140, 0x00218149, 0x00228168, 0x00238194,
	0x00248190, 0x00258193, 0x00268195, 0x00278166,
	0x00288169, 0x0029816a, 0x002a8196, 0x002b817b,
	0x002c8143, 0x002d817c, 0x002e8142, 0x002f815e,
	0x003a8146, 0x003b8147, 0x003c8171, 0x003d8181,
	0x003e8172, 0x003f8148, 0x00408197, 0x005b816d,
	0x005c815f, 0x005d816e, 0x005e814f, 0x005f8151,
	0x00608165, 0x007b816f, 0x007c8162, 0x007d8170,
	0x007e8150, 0x0030824f, 0x00418260, 0x00618281,
	0x00000124, 0x00000505, 0x00000128, 0x00000506,
	0x00000140, 0x00000405, 0x00000144, 0x00000406,
	0x00000158, 0x00000405, 0x0000015c, 0x00000406,
	0x00000190, 0x00000904, 0x000001b0, 0x00000704,
	0x00000000, 0x00000000, 0x00000000, 0x00000000,
	0x00000000, 0x00000000, 0x00000000, 0x00000000,
	0x00000000, 0x00000000, 0x00000001, 0x00000002,
	0x00000000, 0x00000000, 0x00000040, 0x000000b0,
	0x00000002, 0x00000005, 0x00000000, 0x00000010,
	0x00000009, 0x00000003, 0x00000000, 0x00000000,
	0x000000f0, 0x00000063, 0x00000000, 0x00000000,
	0x00000000, 0x00000000, 0x00000011, 0x00000003,
	0x00000000, 0x00000000, 0x00000160, 0x00000053,
	0x00000000, 0x00000000, 0x00000000, 0x00000000,
	0x0000001b, 0x00000001, 0x00000006, 0x00000000,
	0x000001c0, 0x00000220, 0x00000000, 0x00000000,
	0x00000004, 0x00000000, 0x00000021, 0x70000005,
	0x00000000, 0x00000000, 0x000003e0, 0x000003c1,
	0x00000000, 0x00000000, 0x00000000, 0x00000000,
	0x00000028, 0x00000009, 0x00000000, 0x00000000,
	0x000007b0, 0x00000168, 0x00000001, 0x00000005,
	0x00000000, 0x00000008, 0x00000033, 0x70000005,
	0x00000000, 0x00000000, 0x00000920, 0x000001ce,
	0x00000000, 0x00000000, 0x00000000, 0x00000000,
	0x00000039, 0x00000009, 0x00000000, 0x00000000,
	0x00000af0, 0x00000020, 0x00000001, 0x00000007,
	0x00000000, 0x00000008, 0x00000043, 0x00000001,
	0x00000003, 0x00000000, 0x00000b10, 0x00000090,
	0x00000000, 0x00000000, 0x00000004, 0x00000000,
	0x00000049, 0x00000009, 0x00000000, 0x00000000,
	0x00000ba0, 0x00000040, 0x00000001, 0x00000004,
	0x00000000, 0x00000008, 0x04020203, 0x99899889,
	0x9b899a89, 0x89840206, 0x457f8a84, 0x0101464c,
	0x00000001, 0x00000000, 0x00010000, 0x00010008,
	0x00000000, 0x00000000, 0x73500000, 0x00000000,
	0x00344000, 0x00000000, 0x00100028, 0x00000003,
	0x00000000, 0x00000000, 0x00000000, 0x00000000,
	0x00000000, 0x00000000, 0x00010000, 0x00000000,
	0x00000000, 0x00030000, 0x00080005, 0x00000000,
	0x00000000, 0x00030000, 0x000e0007, 0x00000000,
	0x00000000, 0x00030000, 0x00140004, 0x00000000,
	0x00040000, 0x00010000, 0x001f0009, 0x00040000,
	0x00040000, 0x00010000, 0x002a0009, 0x00000000,
	0x00040000, 0x00010000, 0x0050000a, 0x03200000,
	0x00700000, 0x00020000, 0x005c0004, 0x03900000,
	0x00700000, 0x00020000, 0x00660004, 0x04000000,
	0x00a80000, 0x00020000, 0x00890004, 0x0ae80000,
	0x016c0000, 0x00020000, 0x00d70004, 0x02280000,
	0x00a80000, 0x00020000, 0x00e60004, 0x0c540000,
	0x000c0000, 0x00020000, 0x00f40004, 0x052c0000,
	0x00300000, 0x00020000, 0x01420004, 0x02d00000,
	0x00500000, 0x00020000, 0x016e0004, 0x00080000,
	0x00050000, 0x00010000, 0x01720009, 0x00100000,
	0x00050000, 0x00010000, 0x01c70009, 0x00000000,
	0x000c0000, 0x00010000, 0x01ce000f, 0x04a80000,
	0x00840000, 0x00020000, 0x01f40004, 0x0a000000,
	0x00e80000, 0x00020000, 0x026e0004, 0x00000000,
	0x000c0000, 0x00010000, 0x0283000c, 0x00000000,
	0x001c0000, 0x00010000, 0x02a6000d, 0x000a0000,
	0x00020000, 0x00010000, 0x02ae000a, 0x000c0000,
	0x00020000, 0x00010000, 0x02bf000a, 0x00040000,
	0x00010000, 0x00010000, 0x02c8000a, 0x00060000,
	0x00020000, 0x00010000, 0x02d2000a, 0x00080000,
	0x00020000, 0x00010000, 0x02e3000a, 0x00050000,
	0x00010000, 0x00010000, 0x02fb000a, 0x10440000,
	0x03c80000, 0x00020000, 0x03040004, 0x000c0000,
	0x001e0000, 0x00010000, 0x0036000c, 0x00000000,
	0x00000000, 0x00100000, 0x003e0000, 0x00000000,
	0x00000000, 0x00100000, 0x00470000, 0x00000000,
	0x02280000, 0x00120000, 0x00740004, 0x00000000,
	0x00000000, 0x00100000, 0x00950000, 0x00000000,
	0x00000000, 0x00100000, 0x00a00000, 0x00000000,
	0x00000000, 0x00100000, 0x00af0000, 0x00000000,
	0x00000000, 0x00100000, 0x00bb0000, 0x00000000,
	0x00000000, 0x00100000, 0x00c50000, 0x00000000,
	0x00000000, 0x00100000, 0x00cf0000, 0x00000000,
	0x00000000, 0x00100000, 0x01030000, 0x00000000,
	0x00000000, 0x00100000, 0x01120000, 0x00000000,
	0x00000000, 0x00100000, 0x01270000, 0x00000000,
	0x00000000, 0x00100000, 0x01330000, 0x00000000,
	0x00000000, 0x00100000, 0x01520000, 0x00000000,
	0x00000000, 0x00100000, 0x01600000, 0x00000000,
	0x00000000, 0x00100000, 0x01760000, 0x00000000,
	0x00000000, 0x00100000, 0x017e0000, 0x00000000,
	0x00000000, 0x00100000, 0x018a0000, 0x00000000,
	0x00000000, 0x00100000, 0x01960000, 0x00000000,
	0x00000000, 0x00100000, 0x019e0000, 0x00000000,
	0x00000000, 0x00100000, 0x01a70000, 0x06e00000,
	0x01cc0000, 0x00120000, 0x01b70004, 0x055c0000,
	0x01840000, 0x00120000, 0x01db0004, 0x00000000,
	0x00000000, 0x00100000, 0x01e80000, 0x00000000,
	0x00000000, 0x00100000, 0x01fc0000, 0x00000000,
	0x00000000, 0x00100000, 0x02060000, 0x08ac0000,
	0x01540000, 0x00120000, 0x02150004, 0x00000000,
	0x00000000, 0x00100000, 0x021e0000, 0x00000000,
	0x00000000, 0x00100000, 0x022c0000, 0x00000000,
	0x00000000, 0x00100000, 0x02390000, 0x00000000,
	0x00000000, 0x00100000, 0x02440000, 0x00000000,
	0x00000000, 0x00100000, 0x024c0000, 0x00000000,
	0x00000000, 0x00100000, 0x02520000, 0x00000000,
	0x00000000, 0x00100000, 0x02580000, 0x00000000,
	0x00000000, 0x00100000, 0x02600000, 0x00000000,
	0x00000000, 0x00100000, 0x02790000, 0x00000000,
	0x00000000, 0x00100000, 0x02880000, 0x0d940000,
	0x02b00000, 0x00120000, 0x02970004, 0x0c600000,
	0x01340000, 0x00120000, 0x02b60004, 0x00000000,
	0x00000000, 0x00100000, 0x02dc0000, 0x00000000,
	0x00000000, 0x00100000, 0x02ed0000, 0x00000000,
	0x00000000, 0x00100000, 0x030a0000, 0x00000000,
	0x00000000, 0x00100000, 0x2e000000, 0x75626564,
	0x6c2e0067, 0x00656e69, 0x7865742e, 0x4d670074,
	0x5f494a4f, 0x455a4953, 0x4f4d6700, 0x4f5f494a,
	0x00594646, 0x52415067, 0x445f4d41, 0x00505349,
	0x444f4d67, 0x00704c45, 0x42434d67, 0x4d47425f,
	0x615f6d00, 0x61657070, 0x6e690072, 0x61507469,
	0x656e7472, 0x6e690072, 0x6e457469, 0x00796d65,
	0x79706f63, 0x61726150, 0x6d614e6d, 0x434d0065,
	0x65735f5f, 0x70704174, 0x43726165, 0x52454d41,
	0x73003141, 0x68437465, 0x614e7261, 0x5300656d,
	0x74535f4d, 0x4742706f, 0x6f53004d, 0x5f646e75,
	0x4f79654b, 0x45536666, 0x5f4d5300, 0x79616c50,
	0x324d4742, 0x74657300, 0x65646146, 0x6d006e49,
	0x6172645f, 0x6c6c4177, 0x64615000, 0x64616552,
	0x70706100, 0x53726165, 0x74726f68, 0x00747543,
	0x65736572, 0x61684374, 0x6d614e72, 0x65720065,
	0x50746573, 0x6d617261, 0x656d614e, 0x5f4d4f00,
	0x65736552, 0x6a624f74, 0x00746365, 0x5f434d67,
	0x4f464e49, 0x4d41435f, 0x61415245, 0x72657070,
	0x434d6700, 0x444e455f, 0x534f505f, 0x696e6900,
	0x746f4d74, 0x446e6f69, 0x00617461, 0x5f746567,
	0x65646f6d, 0x6e695f6c, 0x00786564, 0x4d746553,
	0x6c65646f, 0x6e617254, 0x65530073, 0x646f4d74,
	0x6e416c65, 0x00656c67, 0x00313540, 0x00323540,
	0x4d554e67, 0x00524542, 0x52415067, 0x4e5f4d41,
	0x00454d41, 0x635f464a, 0x7261656c, 0x006c6c41,
	0x705f464a, 0x00737475, 0x77617244, 0x636e7953,
	0x645f6d00, 0x50776172, 0x6d617261, 0x656d614e,
	0x6d5f6d00, 0x5065766f, 0x6d617261, 0x656d614e,
	0x41506700, 0x004d4152, 0x50746573, 0x6d617261,
	0x656d614e, 0x5f4d4f00, 0x4f746553, 0x63656a62,
	0x72640074, 0x6f467761, 0x5446746e, 0x72640034,
	0x61427761, 0x4d530072, 0x616c505f, 0x00455379,
	0x72645f6d, 0x74537761, 0x626d754e, 0x67007265,
	0x415f544f, 0x00705443, 0x65477347, 0x726f5774,
	0x7361426b, 0x65670065, 0x67694474, 0x6e497469,
	0x53006f66, 0x6f507465, 0x5446796c, 0x65470034,
	0x756c4374, 0x65730074, 0x00565574, 0x58746573,
	0x64410059, 0x69725064, 0x7347006d, 0x57746553,
	0x426b726f, 0x00657361, 0x52415067, 0x4d5f4d41,
	0x53005841, 0x6f507465, 0x3446796c, 0x33314000,
	0x5f6d0033, 0x77617264, 0x72616843, 0x656d614e,
	0x6d5f6d00, 0x4365766f, 0x4e726168, 0x00656d61,
	0x4d414e67, 0x00595f45, 0x4d414e67, 0x00585f45,
	0x5f484367, 0x6f666e49, 0x41506700, 0x554e5f4c,
	0x4d67004d, 0x5f494a4f, 0x00544e43, 0x53494467,
	0x4e435f50, 0x74730054, 0x6e656c72, 0x4f4d6700,
	0x495f494a, 0x67005844, 0x435f434d, 0x5f524148,
	0x454d414e, 0x61726400, 0x4a4f4d77, 0x6f630049,
	0x00726f6c, 0x50746553, 0x47796c6f, 0x00003454,
	0x00000000, 0x00000000, 0x2e000000, 0x746d7973,
	0x2e006261, 0x74727473, 0x2e006261, 0x74736873,
	0x62617472, 0x65742e00, 0x2e007478, 0x75626564,
	0x722e0067, 0x642e6c65, 0x67756265, 0x696c2e00,
	0x2e00656e, 0x2e6c6572, 0x656e696c, 0x64732e00,
	0x00617461, 0x7362732e, 0x722e0073, 0x742e6c65,
	0x00747865, 0x7461642e, 0x722e0061, 0x7461646f,
	0x722e0061, 0x722e6c65, 0x7461646f, 0x622e0061,
	0x00007373, 0x00000000, 0xffe00000, 0x001c27bd,
	0x0018afbf, 0x0014afb2, 0x0010afb1, 0x8021afb0,
	0x00010080, 0x00032401, 0x07d01601, 0x00012412,
	0x05141000, 0x00002412, 0x20210c00, 0x00000200,
	0x20210c00, 0x00000200, 0x00000c00, 0x00000000,
	0x00043c01, 0x28218c24, 0x00000240, 0x30210c00,
	0x00000000, 0x00043c01, 0x00008c24, 0x00010c00,
	0x00002405, 0x00000c00, 0x00000000, 0x00000c00,
	0x00000000, 0x00009384, 0x28210c00, 0x80210000,
	0x00000000, 0x00050c00, 0x00052404, 0x00061000,
	0x00002a01, 0x00000c00, 0x00010000, 0x00062210,
	0xfffb2a01, 0x00001420, 0x00100000, 0x00001000,
	0x00000000, 0x00010c00, 0x00002404, 0x80210c00,
	0x10270040, 0x10240220, 0x00400202, 0x00073042,
	0x88211040, 0x00000200, 0x00043c01, 0x00008c24,
	0x00000c00, 0x00090000, 0x88211000, 0x00000200,
	0x00043c01, 0x00008c22, 0x00300000, 0x00009042,
	0x00010000, 0xffea3042, 0x00001440, 0x00000000,
	0x00010c00, 0x00002404, 0x00010c00, 0x01aa2404,
	0x00002404, 0x28210c00, 0x00000000, 0x00083c01,
	0x28228c24, 0x00000012, 0x00010c00, 0x00002406,
	0x00083c01, 0x00008c24, 0x00020c00, 0x00002405,
	0x00000c00, 0x00000000, 0x00000c00, 0x00000000,
	0x00009384, 0x00010c00, 0x00142405, 0x00001000,
	0x00000000, 0x00010c00, 0x80212404, 0x14020040,
	0xffff0010, 0x14023050, 0x00000011, 0xffff0c00,
	0x10273051, 0x10240220, 0x00400202, 0x00073042,
	0x88211040, 0x00000200, 0x00083c01, 0x00008c24,
	0x00000c00, 0x00090000, 0x00001000, 0x00000000,
	0x00083c01, 0x00008c22, 0x00300000, 0x00009042,
	0x00010000, 0xffe63042, 0x00001440, 0x00000000,
	0x00020c00, 0x00002404, 0x00020c00, 0x01aa2404,
	0x00002404, 0x28210c00, 0x00000000, 0x00000c00,
	0x00000000, 0x00000c00, 0x001c0000, 0x00188fbf,
	0x00148fb2, 0x00108fb1, 0x00088fb0, 0x002003e0,
	0xffe827bd, 0x000027bd, 0x00108782, 0xffffafbf,
	0x00212401, 0x40211041, 0x00000080, 0x00003c01,
	0x00048c26, 0x00008d07, 0x00043c01, 0x00008c25,
	0x00083c01, 0x00008c23, 0x000c3c01, 0x00788c22,
	0x007cace6, 0x0080ace5, 0x0084ace3, 0x0000ace2,
	0x00003c01, 0x00008c22, 0x13c00000, 0x00100002,
	0x0000ad02, 0x00043c01, 0x00008c22, 0x13c00000,
	0x00140002, 0x0000ad02, 0x00083c01, 0x00008c22,
	0x13c00000, 0x00180002, 0x0000ad02, 0x00210c00,
	0xffff2405, 0x00002402, 0x0010a782, 0x00008fbf,
	0x00080000, 0x001803e0, 0x282127bd, 0x000d0000,
	0x30211000, 0x00000000, 0x00003c03, 0x18212463,
	0x00000066, 0x00008c63, 0x00040000, 0x00001464,
	0x14000000, 0x00060005, 0x14031000, 0x00010002,
	0x000420a5, 0x000a20c6, 0xfff228a1, 0x00001420,
};

GsOT_TAG KAR_D_800637CC[32] = {
	{ 0x080000, 0x00 },
	{ 0x0003e0, 0x00 },
	{ 0xe80000, 0xff },
	{ 0x0127bd, 0x00 },
	{ 0x052401, 0x00 },
	{ 0x101481, 0x00 },
	{ 0x08afbf, 0x07 },
	{ 0x002402, 0x2c },
	{ 0x040002, 0x00 },
	{ 0x031000, 0x2c },
	{ 0xc40005, 0x09 },
	{ 0x002402, 0x2c },
	{ 0x030002, 0x2c },
	{ 0x010005, 0x00 },
	{ 0x212404, 0x30 },
	{ 0x000000, 0x00 },
	{ 0x210c00, 0x38 },
	{ 0x010000, 0x00 },
	{ 0x212404, 0x28 },
	{ 0x000000, 0x04 },
	{ 0x002406, 0x00 },
	{ 0x210c00, 0x38 },
	{ 0x000000, 0x00 },
	{ 0x043c01, 0x00 },
	{ 0x008c24, 0x00 },
	{ 0x210c00, 0x00 },
	{ 0x102405, 0x00 },
	{ 0x008fbf, 0x00 },
	{ 0x080000, 0x00 },
	{ 0x1803e0, 0x00 },
	{ 0xe827bd, 0xff },
	{ 0x0127bd, 0x00 },
};

GsOT_TAG KAR_D_8006384C[32] = {
	{ 0x052401, 0x00 },
	{ 0x101481, 0x00 },
	{ 0xf8afbf, 0xf8 },
	{ 0x002402, 0x2c },
	{ 0x040002, 0x00 },
	{ 0x031000, 0x2c },
	{ 0x3c0005, 0xf6 },
	{ 0x002402, 0x2c },
	{ 0x030002, 0x2c },
	{ 0x020005, 0x00 },
	{ 0x212404, 0x30 },
	{ 0x000000, 0x00 },
	{ 0x210c00, 0x38 },
	{ 0x020000, 0x00 },
	{ 0x212404, 0x28 },
	{ 0x000000, 0x0c },
	{ 0x002406, 0x00 },
	{ 0x210c00, 0x38 },
	{ 0x000000, 0x00 },
	{ 0x083c01, 0x00 },
	{ 0x008c24, 0x00 },
	{ 0x210c00, 0x00 },
	{ 0x102405, 0x00 },
	{ 0x008fbf, 0x00 },
	{ 0x080000, 0x00 },
	{ 0x1803e0, 0x00 },
	{ 0xe027bd, 0xff },
	{ 0x1c27bd, 0x00 },
	{ 0x18afbf, 0x00 },
	{ 0x14afb2, 0x00 },
	{ 0x10afb1, 0x00 },
	{ 0x00afb0, 0x00 },
};

GsOT KAR_D_800638CC[2] = {
	{ 0x00000c00, NULL, 0x28212784, 0x00000000, (GsOT_TAG *)0x30210c00 },
	{
		0x00000000,
		(GsOT_TAG *)0x28212784,
		0x00000000,
		0x000c0c00,
		(GsOT_TAG *)0x00002406,
	},
};

VECTOR KAR_D_800638F4 = { 0x00023c11, 0x00182410, 0x00092412, 0x00181000 };

VECTOR KAR_D_80063904 = { 0x28212631, 0x00000000, 0x30210c00, 0x00000240 };

KarStoneRaw KAR_D_80063914 = {
	{
		0x20210c00, 0x00010000, 0x000c2210, 0x000c2231,
		0x00062252, 0xfff62a01, 0x20211420, 0x00000220,
		0x00003c04, 0x28212484, 0x00000000, 0x00f00c00,
		0x001c2406, 0x00188fbf, 0x00148fb2, 0x00108fb1,
		0x00088fb0, 0x002003e0, 0xffe827bd, 0x000027bd,
		0x00018f82, 0x00192401, 0x00101041, 0x0001afbf,
		0x00002402, 0x0000af82, 0x00003c06, 0xff9c3c07,
		0x00002402, 0x00003c01, 0x0000a422, 0x00023c01,
		0xfff6a422, 0x00002403, 0x00043c01, 0x1021a423,
		0x00000060, 0x00063c01, 0x1021a422, 0x00000060,
		0x00083c01, 0x0000a422, 0x000a3c01,
	},
};

KarStone *KAR_D_800639C0[11] = {
	(KarStone *)0x01a9a423,
	(KarStone *)0x00002404,
	(KarStone *)0x000024c6,
	(KarStone *)0x00000c00,
	(KarStone *)0x001024e7,
	(KarStone *)0x00008fbf,
	(KarStone *)0x00080000,
	(KarStone *)0x001803e0,
	(KarStone *)0xffe827bd,
	(KarStone *)0x000027bd,
	(KarStone *)0x00000000,
};

// clang-format on
