#include <libgs.h>

#include <dw/kar.h>
#include <dw/types.h>

// clang-format off
KarStoneRowRaw KAR_D_8005B5A0[3] = {
	{
		{
			0x00, 0x00, 0x00, 0x00, 0x00, 0x00, 0x00, 0x00,
			0x00, 0x00, 0x00, 0x00, 0x00, 0x00, 0x00, 0x00,
			0x00, 0x00, 0x00, 0x00, 0x00, 0x00, 0x00, 0x00,
			0x00, 0x00, 0x00, 0x00, 0x00, 0x00, 0x00, 0x00,
			0x00, 0x00, 0x00, 0x00, 0x00, 0x00, 0x00, 0x00,
			0x00, 0x00, 0x00, 0x00, 0x00, 0x00, 0x00, 0x00,
			0x00, 0x00, 0x00, 0x00, 0x00, 0x00, 0x00, 0x00,
			0x00, 0x00, 0x00, 0x00, 0x00, 0x00, 0x00, 0x00,
			0x00, 0x00, 0x00, 0x00, 0x00, 0x00, 0x02, 0x8e,
			0x00, 0x00, 0x00, 0x00, 0xcd, 0x00, 0x41, 0x28,
			0x0e, 0x00, 0x20, 0x10, 0x00, 0x00, 0x00, 0x00,
			0x9a, 0x00, 0x02, 0x24, 0x10, 0x00, 0xa2, 0xaf,
			0x00, 0x00, 0x02, 0x8e, 0x00, 0x00, 0x00, 0x00,
			0x14, 0x00, 0xa2, 0xaf, 0x06, 0x80, 0x04, 0x3c,
			0xf0, 0x7a, 0x84, 0x24, 0x21, 0x28, 0x20, 0x02,
			0x07, 0x80, 0x06, 0x3c, 0x4c, 0x8f, 0xc6, 0x24,
			0x70, 0x00, 0x07, 0x24, 0x8a, 0x88, 0x01, 0x0c,
			0x00, 0x00, 0x00, 0x00, 0x00, 0x00, 0x02, 0x8e,
			0x00, 0x00, 0x00, 0x00, 0x70, 0x00, 0x41, 0x28,
			0xa6, 0x00, 0x20, 0x14, 0x00, 0x00, 0x00, 0x00,
			0x00, 0x00, 0x02, 0x8e, 0x00, 0x00, 0x00, 0x00,
			0x9b, 0x00, 0x41, 0x28, 0xa1, 0x00, 0x20, 0x10,
			0x00, 0x00, 0x00, 0x00, 0x00, 0x00, 0x02, 0x8e,
			0x00, 0x00, 0x00, 0x00, 0x90, 0xff, 0x43, 0x20,
			0x06, 0x80, 0x02, 0x3c, 0x64, 0x54, 0x42, 0x24,
			0x21, 0x10, 0x43, 0x00, 0x00, 0x00, 0x42, 0x80,
			0x00, 0x00, 0x00, 0x00, 0x2c, 0x00, 0xa2, 0xaf,
			0x2c, 0x00, 0xa2, 0x8f, 0x00, 0x00, 0x00, 0x00,
			0x9e, 0x00, 0x40, 0x04, 0x00, 0x00, 0x00, 0x00,
			0x08, 0x00, 0x04, 0x86, 0x00, 0x00, 0x22, 0x8e,
			0x00, 0x00, 0x00, 0x00, 0x40, 0x19, 0x02, 0x00,
			0x14, 0x80, 0x02, 0x3c, 0x1c, 0x8b, 0x42, 0x24,
			0x21, 0x10, 0x43, 0x00, 0x00, 0x00, 0x42, 0x8c,
			0x00, 0x00, 0x00, 0x00, 0xff, 0xff, 0x42, 0x20,
			0x2a, 0x08, 0x82, 0x00, 0x91, 0x00, 0x20, 0x10,
			0x00, 0x00, 0x00, 0x00, 0x08, 0x00, 0x03, 0x86,
			0x00, 0x00, 0x00, 0x00, 0x01, 0x00, 0x62, 0x20,
			0x08, 0x00, 0x02, 0xa6, 0x40, 0x18, 0x03, 0x00,
			0x06, 0x80, 0x02, 0x3c, 0xa4, 0x54, 0x42, 0x24,
			0x21, 0x10, 0x43, 0x00, 0x00, 0x00, 0x42, 0x84,
			0x00, 0x00, 0x00, 0x00, 0x38, 0x00, 0xa2, 0xaf,
			0x00, 0x00, 0x22, 0x8e, 0x00, 0x00, 0x00, 0x00,
			0x80, 0x18, 0x02, 0x00, 0x12, 0x80, 0x02, 0x3c,
			0xd4, 0x2d, 0x42, 0x24, 0x21, 0x20, 0x43, 0x00,
			0x38, 0x00, 0xa2, 0x8f, 0x00, 0x00, 0x00, 0x00,
			0x40, 0x18, 0x02, 0x00, 0x00, 0x00, 0x82, 0x8c,
			0x00, 0x00, 0x00, 0x00, 0x21, 0x10, 0x43, 0x00,
			0x00, 0x00, 0x42, 0x80, 0x00, 0x00, 0x00, 0x00,
			0x3c, 0x00, 0xa2, 0xaf, 0x3c, 0x00, 0xa2, 0x8f,
			0xff, 0xff, 0x01, 0x24, 0xd6, 0xff, 0x41, 0x10,
			0x00, 0x00, 0x00, 0x00, 0xf7, 0x44, 0x02, 0x0c,
			0x00, 0x00, 0x00, 0x00, 0x03, 0x00, 0x03, 0x24,
			0x1a, 0x00, 0x43, 0x00, 0x10, 0x10, 0x00, 0x00,
			0x02, 0x00, 0x45, 0x20, 0x08, 0x00, 0x04, 0x24,
			0xfe, 0x39, 0x03, 0x0c, 0x00, 0x00, 0x00, 0x00,
			0x21, 0x20, 0x20, 0x02, 0x3c, 0x00, 0xa5, 0x8f,
			0x38, 0x00, 0xa6, 0x8f, 0x97, 0x89, 0x01, 0x0c,
			0x00, 0x00, 0x00, 0x00, 0x38, 0x00, 0xa2, 0x8f,
			0x00, 0x00, 0x00, 0x00, 0x40, 0x18, 0x02, 0x00,
			0x12, 0x80, 0x02, 0x3c, 0xa4, 0x30, 0x42, 0x24,
			0x21, 0x10, 0x43, 0x00, 0x00, 0x00, 0x40, 0xa4,
			0x38, 0x00, 0xa2, 0x8f, 0x00, 0x00, 0x00, 0x00,
			0x00, 0x2c, 0x02, 0x00, 0x03, 0x2c, 0x05, 0x00,
			0x00, 0x00, 0x03, 0x8e, 0x1c, 0x01, 0x02, 0x24,
			0x22, 0x10, 0x43, 0x00, 0x00, 0x34, 0x02, 0x00,
			0x03, 0x34, 0x06, 0x00, 0x21, 0x20, 0x20, 0x02,
			0x3a, 0x8b, 0x01, 0x0c, 0x00, 0x00, 0x00, 0x00,
			0x38, 0x00, 0xa3, 0x8f, 0x00, 0x00, 0x00, 0x00,
			0x00, 0x11, 0x03, 0x00, 0x20, 0x10, 0x43, 0x00,
			0xc0, 0x18, 0x02, 0x00, 0x04, 0x00, 0x22, 0x8e,
			0x00, 0x00, 0x00, 0x00, 0x21, 0x10, 0x43, 0x00,
			0x34, 0x00, 0x42, 0x24, 0x40, 0x00, 0xa2, 0xaf,
			0x01, 0x00, 0x04, 0x24, 0xa4, 0x91, 0x83, 0x8f,
			0x00, 0x00, 0x00, 0x00, 0x04, 0x00, 0x62, 0x24,
			0xa4, 0x91, 0x82, 0xaf, 0x00, 0x00, 0x64, 0xac,
			0x40, 0x00, 0xa2, 0x8f, 0x00, 0x00, 0x00, 0x00,
			0x14, 0x00, 0x44, 0x24, 0xa4, 0x91, 0x83, 0x8f,
			0x00, 0x00, 0x00, 0x00, 0x04, 0x00, 0x62, 0x24,
			0xa4, 0x91, 0x82, 0xaf, 0x00, 0x00, 0x64, 0xac,
			0xff, 0xff, 0x04, 0x24, 0xa4, 0x91, 0x83, 0x8f,
			0x00, 0x00, 0x00, 0x00, 0x04, 0x00, 0x62, 0x24,
			0xa4, 0x91, 0x82, 0xaf, 0x00, 0x00, 0x64, 0xac,
			0x0a, 0x00, 0x04, 0x24, 0xa4, 0x91, 0x83, 0x8f,
			0x00, 0x00, 0x00, 0x00, 0x04, 0x00, 0x62, 0x24,
			0xa4, 0x91, 0x82, 0xaf, 0x00, 0x00, 0x64, 0xac,
			0xa4, 0x91, 0x83, 0x8f, 0x00, 0x00, 0x00, 0x00,
			0x04, 0x00, 0x62, 0x24, 0xa4, 0x91, 0x82, 0xaf,
			0x00, 0x00, 0x60, 0xac, 0x33, 0x03, 0x04, 0x24,
			0xa4, 0x91, 0x83, 0x8f, 0x00, 0x00, 0x00, 0x00,
			0x04, 0x00, 0x62, 0x24, 0xa4, 0x91, 0x82, 0xaf,
			0x00, 0x00, 0x64, 0xac, 0x96, 0x00, 0x02, 0x24,
			0x4c, 0x00, 0xa2, 0xaf, 0x48, 0x00, 0xa2, 0xaf,
			0x44, 0x00, 0xa2, 0xaf, 0x14, 0x00, 0x02, 0x24,
			0x5c, 0x00, 0xa2, 0xaf, 0x58, 0x00, 0xa2, 0xaf,
			0x54, 0x00, 0xa2, 0xaf, 0x44, 0x00, 0xa4, 0x27,
			0xa4, 0x91, 0x83, 0x8f, 0x00, 0x00, 0x00, 0x00,
			0x04, 0x00, 0x62, 0x24, 0xa4, 0x91, 0x82, 0xaf,
			0x00, 0x00, 0x64, 0xac, 0x54, 0x00, 0xa4, 0x27,
			0xa4, 0x91, 0x83, 0x8f, 0x00, 0x00, 0x00, 0x00,
			0x04, 0x00, 0x62, 0x24, 0xa4, 0x91, 0x82, 0xaf,
			0x00, 0x00, 0x64, 0xac, 0xe5, 0xc5, 0x02, 0x0c,
			0x00, 0x00, 0x00, 0x00, 0x0b, 0x00, 0x00, 0x10,
			0x00, 0x00, 0x00, 0x00, 0x00, 0x00, 0x02, 0x8e,
			0x00, 0x00, 0x00, 0x00, 0x9b, 0x00, 0x41, 0x28,
			0x06, 0x00, 0x20, 0x14, 0x00, 0x00, 0x00, 0x00,
			0x00, 0x00, 0x02, 0x8e, 0x00, 0x00, 0x00, 0x00,
			0x1c, 0x01, 0x41, 0x28, 0x64, 0xff, 0x20, 0x14,
			0x00, 0x00, 0x00, 0x00, 0x00, 0x00, 0x02, 0x8e,
			0x00, 0x00, 0x00, 0x00,
		},
	},
	{
		{
			0xcc, 0x00, 0x41, 0x28, 0x1e, 0x00, 0x20, 0x10,
			0x00, 0x00, 0x00, 0x00, 0x00, 0x00, 0x22, 0x8e,
			0x00, 0x00, 0x00, 0x00, 0x40, 0x19, 0x02, 0x00,
			0x14, 0x80, 0x02, 0x3c, 0x1c, 0x8b, 0x42, 0x24,
			0x21, 0x10, 0x43, 0x00, 0x04, 0x00, 0x42, 0x84,
			0x00, 0x00, 0x00, 0x00, 0x2c, 0x00, 0xa2, 0xaf,
			0x00, 0x00, 0x22, 0x8e, 0x00, 0x00, 0x00, 0x00,
			0x40, 0x19, 0x02, 0x00, 0x14, 0x80, 0x02, 0x3c,
			0x1c, 0x8b, 0x42, 0x24, 0x21, 0x10, 0x43, 0x00,
			0x06, 0x00, 0x42, 0x84, 0x00, 0x00, 0x00, 0x00,
			0x30, 0x00, 0xa2, 0xaf, 0x00, 0x00, 0x22, 0x8e,
			0x00, 0x00, 0x00, 0x00, 0x40, 0x19, 0x02, 0x00,
			0x14, 0x80, 0x02, 0x3c, 0x1c, 0x8b, 0x42, 0x24,
			0x21, 0x10, 0x43, 0x00, 0x06, 0x00, 0x42, 0x84,
			0x00, 0x00, 0x00, 0x00, 0x34, 0x00, 0xa2, 0xaf,
			0xb9, 0x00, 0x00, 0x10, 0x00, 0x00, 0x00, 0x00,
			0x00, 0x00, 0x02, 0x8e, 0x00, 0x00, 0x00, 0x00,
			0xcc, 0x00, 0x41, 0x28, 0x94, 0x00, 0x20, 0x14,
			0x00, 0x00, 0x00, 0x00, 0x00, 0x00, 0x02, 0x8e,
			0x00, 0x00, 0x00, 0x00, 0x08, 0x01, 0x41, 0x28,
			0x8f, 0x00, 0x20, 0x10, 0x00, 0x00, 0x00, 0x00,
			0x04, 0x00, 0x22, 0x8e, 0x00, 0x00, 0x00, 0x00,
			0x60, 0x00, 0x42, 0x24, 0x98, 0x00, 0xa2, 0xaf,
			0x0a, 0x00, 0x02, 0x86, 0x00, 0x00, 0x00, 0x00,
			0x40, 0x19, 0x02, 0x00, 0x14, 0x80, 0x02, 0x3c,
			0x1c, 0x8b, 0x42, 0x24, 0x21, 0x10, 0x43, 0x00,
			0x04, 0x00, 0x42, 0x84, 0x00, 0x00, 0x00, 0x00,
			0x00, 0x23, 0x02, 0x00, 0x00, 0x00, 0x22, 0x8e,
			0x00, 0x00, 0x00, 0x00, 0x40, 0x19, 0x02, 0x00,
			0x14, 0x80, 0x02, 0x3c, 0x1c, 0x8b, 0x42, 0x24,
			0x21, 0x10, 0x43, 0x00, 0x04, 0x00, 0x42, 0x84,
			0x00, 0x00, 0x00, 0x00, 0x1a, 0x00, 0x82, 0x00,
			0x12, 0x10, 0x00, 0x00, 0x9c, 0x00, 0xa2, 0xaf,
			0x0a, 0x00, 0x02, 0x86, 0x00, 0x00, 0x00, 0x00,
			0x40, 0x19, 0x02, 0x00, 0x14, 0x80, 0x02, 0x3c,
			0x1c, 0x8b, 0x42, 0x24, 0x21, 0x10, 0x43, 0x00,
			0x06, 0x00, 0x42, 0x84, 0x00, 0x00, 0x00, 0x00,
			0x00, 0x23, 0x02, 0x00, 0x00, 0x00, 0x22, 0x8e,
			0x00, 0x00, 0x00, 0x00, 0x40, 0x19, 0x02, 0x00,
			0x14, 0x80, 0x02, 0x3c, 0x1c, 0x8b, 0x42, 0x24,
			0x21, 0x10, 0x43, 0x00, 0x06, 0x00, 0x42, 0x84,
			0x00, 0x00, 0x00, 0x00, 0x1a, 0x00, 0x82, 0x00,
			0x12, 0x10, 0x00, 0x00, 0xa0, 0x00, 0xa2, 0xaf,
			0x00, 0x00, 0x02, 0x8e, 0x00, 0x00, 0x00, 0x00,
			0x10, 0x00, 0xa2, 0xaf, 0x00, 0x10, 0x04, 0x24,
			0x9c, 0x00, 0xa5, 0x8f, 0xcc, 0x00, 0x06, 0x24,
			0x08, 0x01, 0x07, 0x24, 0x87, 0x61, 0x04, 0x0c,
			0x00, 0x00, 0x00, 0x00, 0x98, 0x00, 0xa3, 0x8f,
			0x00, 0x00, 0x00, 0x00, 0x00, 0x00, 0x62, 0xac,
			0x00, 0x00, 0x02, 0x8e, 0x00, 0x00, 0x00, 0x00,
			0x10, 0x00, 0xa2, 0xaf, 0x00, 0x10, 0x04, 0x24,
			0xa0, 0x00, 0xa5, 0x8f, 0xcc, 0x00, 0x06, 0x24,
			0x08, 0x01, 0x07, 0x24, 0x87, 0x61, 0x04, 0x0c,
			0x00, 0x00, 0x00, 0x00, 0x98, 0x00, 0xa3, 0x8f,
			0x00, 0x00, 0x00, 0x00, 0x04, 0x00, 0x62, 0xac,
			0x98, 0x00, 0xa2, 0x8f, 0x00, 0x00, 0x00, 0x00,
			0x00, 0x00, 0x43, 0x8c, 0x98, 0x00, 0xa2, 0x8f,
			0x00, 0x00, 0x00, 0x00, 0x08, 0x00, 0x43, 0xac,
			0x00, 0x00, 0x02, 0x8e, 0x00, 0x00, 0x00, 0x00,
			0x10, 0x00, 0xa2, 0xaf, 0x00, 0x00, 0x22, 0x8e,
			0x00, 0x00, 0x00, 0x00, 0x40, 0x19, 0x02, 0x00,
			0x14, 0x80, 0x02, 0x3c, 0x1c, 0x8b, 0x42, 0x24,
			0x21, 0x10, 0x43, 0x00, 0x04, 0x00, 0x44, 0x84,
			0x0a, 0x00, 0x02, 0x86, 0x00, 0x00, 0x00, 0x00,
			0x40, 0x19, 0x02, 0x00, 0x14, 0x80, 0x02, 0x3c,
			0x1c, 0x8b, 0x42, 0x24, 0x21, 0x10, 0x43, 0x00,
			0x04, 0x00, 0x45, 0x84, 0xcc, 0x00, 0x06, 0x24,
			0x08, 0x01, 0x07, 0x24, 0x87, 0x61, 0x04, 0x0c,
			0x00, 0x00, 0x00, 0x00, 0x2c, 0x00, 0xa2, 0xaf,
			0x00, 0x00, 0x02, 0x8e, 0x00, 0x00, 0x00, 0x00,
			0x10, 0x00, 0xa2, 0xaf, 0x00, 0x00, 0x22, 0x8e,
			0x00, 0x00, 0x00, 0x00, 0x40, 0x19, 0x02, 0x00,
			0x14, 0x80, 0x02, 0x3c, 0x1c, 0x8b, 0x42, 0x24,
			0x21, 0x10, 0x43, 0x00, 0x06, 0x00, 0x44, 0x84,
			0x0a, 0x00, 0x02, 0x86, 0x00, 0x00, 0x00, 0x00,
			0x40, 0x19, 0x02, 0x00, 0x14, 0x80, 0x02, 0x3c,
			0x1c, 0x8b, 0x42, 0x24, 0x21, 0x10, 0x43, 0x00,
			0x06, 0x00, 0x45, 0x84, 0xcc, 0x00, 0x06, 0x24,
			0x08, 0x01, 0x07, 0x24, 0x87, 0x61, 0x04, 0x0c,
			0x00, 0x00, 0x00, 0x00, 0x30, 0x00, 0xa2, 0xaf,
			0x00, 0x00, 0x02, 0x8e, 0x00, 0x00, 0x00, 0x00,
			0x10, 0x00, 0xa2, 0xaf, 0x00, 0x00, 0x22, 0x8e,
			0x00, 0x00, 0x00, 0x00, 0x40, 0x19, 0x02, 0x00,
			0x14, 0x80, 0x02, 0x3c, 0x1c, 0x8b, 0x42, 0x24,
			0x21, 0x10, 0x43, 0x00, 0x06, 0x00, 0x44, 0x84,
			0x0a, 0x00, 0x02, 0x86, 0x00, 0x00, 0x00, 0x00,
			0x40, 0x19, 0x02, 0x00, 0x14, 0x80, 0x02, 0x3c,
			0x1c, 0x8b, 0x42, 0x24, 0x21, 0x10, 0x43, 0x00,
			0x06, 0x00, 0x45, 0x84, 0xcc, 0x00, 0x06, 0x24,
			0x08, 0x01, 0x07, 0x24, 0x87, 0x61, 0x04, 0x0c,
			0x00, 0x00, 0x00, 0x00, 0x34, 0x00, 0xa2, 0xaf,
			0x21, 0x00, 0x00, 0x10, 0x00, 0x00, 0x00, 0x00,
			0x00, 0x00, 0x02, 0x8e, 0x00, 0x00, 0x00, 0x00,
			0x08, 0x01, 0x41, 0x28, 0x1c, 0x00, 0x20, 0x14,
			0x00, 0x00, 0x00, 0x00, 0x0a, 0x00, 0x02, 0x86,
			0x00, 0x00, 0x00, 0x00, 0x40, 0x19, 0x02, 0x00,
			0x14, 0x80, 0x02, 0x3c, 0x1c, 0x8b, 0x42, 0x24,
			0x21, 0x10, 0x43, 0x00, 0x04, 0x00, 0x42, 0x84,
			0x00, 0x00, 0x00, 0x00, 0x2c, 0x00, 0xa2, 0xaf,
			0x0a, 0x00, 0x02, 0x86, 0x00, 0x00, 0x00, 0x00,
			0x40, 0x19, 0x02, 0x00, 0x14, 0x80, 0x02, 0x3c,
			0x1c, 0x8b, 0x42, 0x24, 0x21, 0x10, 0x43, 0x00,
			0x06, 0x00, 0x42, 0x84, 0x00, 0x00, 0x00, 0x00,
			0x30, 0x00, 0xa2, 0xaf, 0x0a, 0x00, 0x02, 0x86,
			0x00, 0x00, 0x00, 0x00, 0x40, 0x19, 0x02, 0x00,
			0x14, 0x80, 0x02, 0x3c, 0x1c, 0x8b, 0x42, 0x24,
			0x21, 0x10, 0x43, 0x00, 0x06, 0x00, 0x42, 0x84,
			0x00, 0x00, 0x00, 0x00, 0x34, 0x00, 0xa2, 0xaf,
			0x00, 0x00, 0x02, 0x8e,
		},
	},
	{
		{
			0x00, 0x00, 0x00, 0x00, 0xa5, 0x00, 0x41, 0x28,
			0x5d, 0x00, 0x20, 0x14, 0x00, 0x00, 0x00, 0x00,
			0x00, 0x00, 0x02, 0x8e, 0x00, 0x00, 0x00, 0x00,
			0xc3, 0x00, 0x41, 0x28, 0x07, 0x00, 0x20, 0x14,
			0x00, 0x00, 0x00, 0x00, 0x88, 0x96, 0x82, 0x8f,
			0x00, 0x00, 0x00, 0x00, 0x16, 0x00, 0x42, 0x20,
			0x88, 0x96, 0x82, 0xaf, 0x0e, 0x00, 0x00, 0x10,
			0x00, 0x00, 0x00, 0x00, 0x00, 0x00, 0x02, 0x8e,
			0x00, 0x00, 0x00, 0x00, 0x10, 0x00, 0xa2, 0xaf,
			0x21, 0x20, 0x00, 0x00, 0x16, 0x00, 0x05, 0x24,
			0xa4, 0x00, 0x06, 0x24, 0xc2, 0x00, 0x07, 0x24,
			0x87, 0x61, 0x04, 0x0c, 0x00, 0x00, 0x00, 0x00,
			0x88, 0x96, 0x83, 0x8f, 0x00, 0x00, 0x00, 0x00,
			0x20, 0x10, 0x62, 0x00, 0x88, 0x96, 0x82, 0xaf,
			0x20, 0x8e, 0x82, 0x27, 0x00, 0x00, 0x45, 0x84,
			0x02, 0x00, 0x44, 0x84, 0x04, 0x00, 0x43, 0x84,
			0x06, 0x00, 0x42, 0x84, 0xa4, 0x00, 0xa5, 0xa7,
			0xa6, 0x00, 0xa4, 0xa7, 0xa8, 0x00, 0xa3, 0xa7,
			0xaa, 0x00, 0xa2, 0xa7, 0x04, 0x00, 0x22, 0x8e,
			0x00, 0x00, 0x00, 0x00, 0x72, 0x00, 0x43, 0x84,
			0x88, 0x96, 0x82, 0x8f, 0x00, 0x00, 0x00, 0x00,
			0x20, 0x10, 0x43, 0x00, 0x00, 0x14, 0x02, 0x00,
			0x03, 0x14, 0x02, 0x00, 0xa6, 0x00, 0xa2, 0xa7,
			0x2c, 0x00, 0xa3, 0x8f, 0x30, 0x00, 0xa2, 0x8f,
			0x00, 0x00, 0x00, 0x00, 0x2a, 0x08, 0x62, 0x00,
			0x06, 0x00, 0x20, 0x10, 0x00, 0x00, 0x00, 0x00,
			0x30, 0x00, 0xa2, 0x8f, 0x00, 0x00, 0x00, 0x00,
			0xac, 0x00, 0xa2, 0xaf, 0x04, 0x00, 0x00, 0x10,
			0x00, 0x00, 0x00, 0x00, 0x2c, 0x00, 0xa2, 0x8f,
			0x00, 0x00, 0x00, 0x00, 0xac, 0x00, 0xa2, 0xaf,
			0xac, 0x00, 0xa3, 0x8f, 0x00, 0x00, 0x00, 0x00,
			0x80, 0x10, 0x03, 0x00, 0x20, 0x10, 0x43, 0x00,
			0xb0, 0x04, 0x42, 0x20, 0xac, 0x00, 0xa2, 0xaf,
			0xac, 0x00, 0xa2, 0x8f, 0x00, 0x00, 0x00, 0x00,
			0x10, 0x00, 0xa2, 0xaf, 0x34, 0x00, 0xa2, 0x8f,
			0x00, 0x00, 0x00, 0x00, 0x14, 0x00, 0xa2, 0xaf,
			0x64, 0x00, 0xa4, 0x27, 0x74, 0x00, 0xa5, 0x27,
			0x21, 0x30, 0x20, 0x02, 0xa4, 0x00, 0xa7, 0x27,
			0x72, 0x8b, 0x01, 0x0c, 0x00, 0x00, 0x00, 0x00,
			0x64, 0x00, 0xa2, 0x8f, 0x17, 0x80, 0x01, 0x3c,
			0xe4, 0x4b, 0x22, 0xac, 0x68, 0x00, 0xa2, 0x8f,
			0x17, 0x80, 0x01, 0x3c, 0xe8, 0x4b, 0x22, 0xac,
			0x6c, 0x00, 0xa2, 0x8f, 0x17, 0x80, 0x01, 0x3c,
			0xec, 0x4b, 0x22, 0xac, 0x74, 0x00, 0xa2, 0x8f,
			0x17, 0x80, 0x01, 0x3c, 0xd8, 0x4b, 0x22, 0xac,
			0x78, 0x00, 0xa2, 0x8f, 0x17, 0x80, 0x01, 0x3c,
			0xdc, 0x4b, 0x22, 0xac, 0x7c, 0x00, 0xa2, 0x8f,
			0x17, 0x80, 0x01, 0x3c, 0xe0, 0x4b, 0x22, 0xac,
			0xd6, 0x00, 0x01, 0x24, 0x07, 0x00, 0x41, 0x16,
			0x00, 0x00, 0x00, 0x00, 0xd7, 0x39, 0x03, 0x0c,
			0x00, 0x00, 0x00, 0x00, 0x08, 0x00, 0x04, 0x24,
			0x05, 0x00, 0x05, 0x24, 0xa2, 0x39, 0x03, 0x0c,
			0x00, 0x00, 0x00, 0x00, 0xd7, 0x00, 0x41, 0x2a,
			0x81, 0x00, 0x20, 0x14, 0x00, 0x00, 0x00, 0x00,
			0x1c, 0x01, 0x41, 0x2a, 0x7e, 0x00, 0x20, 0x10,
			0x00, 0x00, 0x00, 0x00, 0x01, 0x00, 0x42, 0x32,
			0x7b, 0x00, 0x40, 0x14, 0x00, 0x00, 0x00, 0x00,
			0x04, 0x00, 0x22, 0x8e, 0x00, 0x00, 0x00, 0x00,
			0xbc, 0x00, 0x42, 0x24, 0x40, 0x00, 0xa2, 0xaf,
			0xa4, 0x91, 0x83, 0x8f, 0x00, 0x00, 0x00, 0x00,
			0x04, 0x00, 0x62, 0x24, 0xa4, 0x91, 0x82, 0xaf,
			0x00, 0x00, 0x60, 0xac, 0x40, 0x00, 0xa2, 0x8f,
			0x00, 0x00, 0x00, 0x00, 0x14, 0x00, 0x44, 0x24,
			0xa4, 0x91, 0x83, 0x8f, 0x00, 0x00, 0x00, 0x00,
			0x04, 0x00, 0x62, 0x24, 0xa4, 0x91, 0x82, 0xaf,
			0x00, 0x00, 0x64, 0xac, 0x10, 0x00, 0xb2, 0xaf,
			0x05, 0x00, 0x04, 0x24, 0x01, 0x00, 0x05, 0x24,
			0xd6, 0x00, 0x06, 0x24, 0x1c, 0x01, 0x07, 0x24,
			0x87, 0x61, 0x04, 0x0c, 0x00, 0x00, 0x00, 0x00,
			0x2c, 0x00, 0xa2, 0xaf, 0x2c, 0x00, 0xa2, 0x8f,
			0x00, 0x00, 0x00, 0x00, 0x24, 0x10, 0x42, 0x02,
			0x09, 0x00, 0x40, 0x14, 0x00, 0x00, 0x00, 0x00,
			0x21, 0x00, 0x04, 0x24, 0xa4, 0x91, 0x83, 0x8f,
			0x00, 0x00, 0x00, 0x00, 0x04, 0x00, 0x62, 0x24,
			0xa4, 0x91, 0x82, 0xaf, 0x00, 0x00, 0x64, 0xac,
			0x07, 0x00, 0x00, 0x10, 0x00, 0x00, 0x00, 0x00,
			0xa0, 0x0f, 0x04, 0x24, 0xa4, 0x91, 0x83, 0x8f,
			0x00, 0x00, 0x00, 0x00, 0x04, 0x00, 0x62, 0x24,
			0xa4, 0x91, 0x82, 0xaf, 0x00, 0x00, 0x64, 0xac,
			0x0a, 0x00, 0x04, 0x24, 0xa4, 0x91, 0x83, 0x8f,
			0x00, 0x00, 0x00, 0x00, 0x04, 0x00, 0x62, 0x24,
			0xa4, 0x91, 0x82, 0xaf, 0x00, 0x00, 0x64, 0xac,
			0xa4, 0x91, 0x83, 0x8f, 0x00, 0x00, 0x00, 0x00,
			0x04, 0x00, 0x62, 0x24, 0xa4, 0x91, 0x82, 0xaf,
			0x00, 0x00, 0x60, 0xac, 0x10, 0x00, 0xb2, 0xaf,
			0x33, 0x03, 0x04, 0x24, 0x00, 0x48, 0x05, 0x24,
			0xd6, 0x00, 0x06, 0x24, 0x1c, 0x01, 0x07, 0x24,
			0x87, 0x61, 0x04, 0x0c, 0x00, 0x00, 0x00, 0x00,
			0x2c, 0x00, 0xa2, 0xaf, 0x2c, 0x00, 0xa4, 0x8f,
			0xa4, 0x91, 0x83, 0x8f, 0x00, 0x00, 0x00, 0x00,
			0x04, 0x00, 0x62, 0x24, 0xa4, 0x91, 0x82, 0xaf,
			0x00, 0x00, 0x64, 0xac, 0x10, 0x00, 0xb2, 0xaf,
			0x32, 0x00, 0x04, 0x24, 0x78, 0x00, 0x05, 0x24,
			0xd6, 0x00, 0x06, 0x24, 0x1c, 0x01, 0x07, 0x24,
			0x87, 0x61, 0x04, 0x0c, 0x00, 0x00, 0x00, 0x00,
			0x2c, 0x00, 0xa2, 0xaf, 0xf7, 0x44, 0x02, 0x0c,
			0x00, 0x00, 0x00, 0x00, 0x64, 0x00, 0x03, 0x24,
			0x1a, 0x00, 0x43, 0x00, 0x10, 0x18, 0x00, 0x00,
			0x2c, 0x00, 0xa2, 0x8f, 0x00, 0x00, 0x00, 0x00,
			0x20, 0x10, 0x43, 0x00, 0x44, 0x00, 0xa2, 0xaf,
			0xf7, 0x44, 0x02, 0x0c, 0x00, 0x00, 0x00, 0x00,
			0x64, 0x00, 0x03, 0x24, 0x1a, 0x00, 0x43, 0x00,
			0x10, 0x18, 0x00, 0x00, 0x2c, 0x00, 0xa2, 0x8f,
			0x00, 0x00, 0x00, 0x00, 0x20, 0x10, 0x43, 0x00,
			0x48, 0x00, 0xa2, 0xaf, 0xf7, 0x44, 0x02, 0x0c,
			0x00, 0x00, 0x00, 0x00, 0x64, 0x00, 0x03, 0x24,
			0x1a, 0x00, 0x43, 0x00, 0x10, 0x18, 0x00, 0x00,
			0x2c, 0x00, 0xa2, 0x8f, 0x00, 0x00, 0x00, 0x00,
			0x20, 0x10, 0x43, 0x00,
		},
	},
};

u_long KAR_D_8005BFCC[7680] = {
	0xafa2004c, 0x24020014, 0xafa2005c, 0xafa20058,
	0xafa20054, 0x27a40044, 0x8f8391a4, 0x00000000,
	0x24620004, 0xaf8291a4, 0xac640000, 0x27a40054,
	0x8f8391a4, 0x00000000, 0x24620004, 0xaf8291a4,
	0xac640000, 0x0c02c5e5, 0x00000000, 0x2401011c,
	0x16410032, 0x00000000, 0xaf808008, 0xafa00028,
	0x1000000d, 0x00000000, 0x24040010, 0x8fa20028,
	0x00000000, 0x00021840, 0x3c028012, 0x244230a4,
	0x00431021, 0xa4440000, 0x8fa20028, 0x00000000,
	0x20420001, 0xafa20028, 0x8fa20028, 0x00000000,
	0x28410028, 0x1420fff0, 0x00000000, 0x10000004,
	0x00000000, 0x00002021, 0x0c03f7cf, 0x00000000,
	0x8e020024, 0x00000000, 0x1440fffa, 0x00000000,
	0x3c018014, 0x8c24a470, 0x3c058017, 0x24a5c7f0,
	0x8e060028, 0x8607002c, 0x0c019110, 0x00000000,
	0x24040003, 0x0c041685, 0x00000000, 0x3c118017,
	0x2631c7b8, 0xae110004, 0x3c048017, 0x2484c7b8,
	0x00002821, 0x0c032288, 0x00000000, 0x2a410126,
	0x1420000c, 0x00000000, 0x2a41014f, 0x10200009,
	0x00000000, 0xafb20010, 0x00002021, 0x24050010,
	0x24060126, 0x2407014e, 0x0c046187, 0x00000000,
	0xaf828008, 0x2a410162, 0x14200092, 0x00000000,
	0x24020003, 0xa602002e, 0x24020010, 0xaf828008,
	0x3c188017, 0x27184bd8, 0x3c0f8007, 0x25ef9e70,
	0x24190008, 0x8f0e0000, 0x27180004, 0x2739ffff,
	0xadee0000, 0x25ef0004, 0x1f20fffa, 0x00000000,
	0x8f8294a4, 0x00000000, 0xaf829684, 0x8f8294a0,
	0x00000000, 0xaf829680, 0x8f8294b8, 0x00000000,
	0xaf82967c, 0x3c188007, 0x27189e50, 0x3c0f8017,
	0x25ef4bd8, 0x24190008, 0x8f0e0000, 0x27180004,
	0x2739ffff, 0xadee0000, 0x25ef0004, 0x1f20fffa,
	0x00000000, 0x8f829678, 0x00000000, 0xaf8294a4,
	0x8f829674, 0x00000000, 0xaf8294a0, 0x8f829670,
	0x00000000, 0xaf8294b8, 0x10000062, 0x00000000,
	0x24020004, 0xa602002e, 0x3c188007, 0x27189e50,
	0x3c0f8017, 0x25ef4bd8, 0x24190008, 0x8f0e0000,
	0x27180004, 0x2739ffff, 0xadee0000, 0x25ef0004,
	0x1f20fffa, 0x00000000, 0x8f829678, 0x00000000,
	0xaf8294a4, 0x8f829674, 0x00000000, 0xaf8294a0,
	0x8f829670, 0x00000000, 0xaf8294b8, 0x00002021,
	0x3c058007, 0x24a58138, 0x00003021, 0x0c04626c,
	0x00000000, 0x00002021, 0x3c058006, 0x24a57df4,
	0x00003021, 0x0c04637e, 0x00000000, 0x24020001,
	0xafa20010, 0xafa00014, 0x3c048006, 0x248477ec,
	0x02202821, 0x3c068007, 0x24c68f4c, 0x00003821,
	0x0c018520, 0x00000000, 0x24020001, 0xafa20010,
	0xafa00014, 0x3c048006, 0x24846ee8, 0x02202821,
	0x3c068007, 0x24c68f4c, 0x00003821, 0x0c0185cf,
	0x00000000, 0x24040001, 0x0c01867f, 0x00000000,
	0x24040001, 0x0c0407ef, 0x00000000, 0x0c03bb56,
	0x00000000, 0x3c048017, 0x2484c7b8, 0x2405000b,
	0x0c032288, 0x00000000, 0x0c018bb8, 0x00000000,
	0x93849291, 0x0c037bca, 0x00000000, 0x00402021,
	0x0c0415d6, 0x00000000, 0x10000012, 0x00000000,
	0x8623001c, 0x8622001e, 0x00000000, 0x1462000d,
	0x00000000, 0x00002021, 0x24050008, 0x0c041605,
	0x00000000, 0x2402ffff, 0xae020000, 0x2404080a,
	0x8fa500b0, 0x0c028acd, 0x00000000, 0x10000005,
	0x00000000, 0x8e020000, 0x00000000, 0x20420001,
	0xae020000, 0x8fbf0024, 0x8fb20020, 0x8fb1001c,
	0x8fb00018, 0x27bd00b0, 0x03e00008, 0x00000000,
	0x27bdffd0, 0xafbf0018, 0xafb10014, 0xafb00010,
	0xafa40030, 0x00a08821, 0x02202021, 0x0c028794,
	0x00000000, 0x8e240000, 0x00402821, 0x0c028737,
	0x00000000, 0x00408021, 0x8e020004, 0x00000000,
	0xafa20024, 0x96020012, 0x00000000, 0x3042003f,
	0x00021100, 0x00021400, 0x00021403, 0xa7a20028,
	0x96020012, 0x00000000, 0x00021183, 0x00021400,
	0x00021403, 0xa7a2002a, 0x24020010, 0xa7a2002c,
	0x24020018, 0xa7a2002e, 0x8fa50030, 0x27a40028,
	0x0c02516c, 0x00000000, 0x00002021, 0x0c025116,
	0x00000000, 0x8fbf0018, 0x8fb10014, 0x8fb00010,
	0x27bd0030, 0x03e00008, 0x00000000, 0x27bdffe0,
	0xafbf0010, 0xafa40020, 0xa7a00018, 0x240201e8,
	0xa7a2001a, 0x24020010, 0xa7a2001c, 0x24020018,
	0xa7a2001e, 0x8fa50020, 0x27a40018, 0x0c02516c,
	0x00000000, 0x00002021, 0x0c025116, 0x00000000,
	0x8fbf0010, 0x27bd0020, 0x03e00008, 0x00000000,
	0x27bdffe0, 0xafbf0010, 0xafa40020, 0x24020020,
	0xa7a20018, 0x240201e8, 0xa7a2001a, 0x24020030,
	0xa7a2001c, 0x24020018, 0xa7a2001e, 0x8fa50020,
	0x27a40018, 0x0c02516c, 0x00000000, 0x00002021,
	0x0c025116, 0x00000000, 0x8fbf0010, 0x27bd0020,
	0x03e00008, 0x00000000, 0x27bdfff8, 0xafb10004,
	0xafb00000, 0x00808021, 0x32020003, 0x10400005,
	0x00000000, 0x32030003, 0x24020004, 0x00431022,
	0x02028020, 0xaf909694, 0x221002d0, 0x00008821,
	0x1000000a, 0x00000000, 0x2404ffff, 0x00111040,
	0x00511020, 0x000218c0, 0x8f829694, 0x00000000,
	0x00431021, 0xa4440000, 0x22310001, 0x2a21001e,
	0x1420fff5, 0x00000000, 0x02001021, 0x8fb10004,
	0x8fb00000, 0x27bd0008, 0x03e00008, 0x00000000,
	0x27bdfff8, 0xafb00000, 0x00808021, 0x32020003,
	0x10400005, 0x00000000, 0x32030003, 0x24020004,
	0x00431022, 0x02028020, 0xaf909698, 0x8fb00000,
	0x27bd0008, 0x03e00008, 0x00000000, 0x27bdfff8,
	0xafb00000, 0x00008021, 0x10000008, 0x00000000,
	0x2404ffff, 0x00101900, 0x3c028007, 0x24429eac,
	0x00431021, 0xac440000, 0x22100001, 0x2a010064,
	0x1420fff7, 0x00000000, 0x8fb00000, 0x27bd0008,
	0x03e00008, 0x00000000, 0x27bdfff8, 0xafb00000,
	0x00008021, 0x10000008, 0x00000000, 0x2404ffff,
	0x001018c0, 0x3c028007, 0x2442a4ec, 0x00431021,
	0xa4440000, 0x22100001, 0x2a010010, 0x1420fff7,
	0x00000000, 0x8fb00000, 0x27bd0008, 0x03e00008,
	0x00000000, 0x27bdffc0, 0xafbf001c, 0xafb20018,
	0xafb10014, 0xafb00010, 0xafa40040, 0xafa60048,
	0xafa7004c, 0x8fb20050, 0x8fb00040, 0x8fb10048,
	0x0c0244f7, 0x00000000, 0x24030064, 0x0043001a,
	0x00001010, 0x00021400, 0x00021403, 0xa7a2003a,
	0x0c0244f7, 0x00000000, 0x24030064, 0x0043001a,
	0x00001010, 0x00021400, 0x00021403, 0xa7a2003c,
	0x0c0244f7, 0x00000000, 0x24030064, 0x0043001a,
	0x00001010, 0x00021400, 0x00021403, 0xa7a2003e,
	0xafa0002c, 0x10000073, 0x00000000, 0x86020000,
	0x00000000, 0x3042001f, 0x00021400, 0x00021403,
	0xa7a20032, 0x86020000, 0x00000000, 0x00021143,
	0x3042001f, 0x00021400, 0x00021403, 0xa7a20034,
	0x86020000, 0x00000000, 0x00021283, 0x3042001f,
	0x00021400, 0x00021403, 0xa7a20036, 0x02001021,
	0x24500002, 0x84420000, 0x00000000, 0x000213c3,
	0x30420001, 0x00021400, 0x00021403, 0xa7a20038,
	0x8fa30054, 0x8fa2004c, 0x00000000, 0x10620003,
	0x00000000, 0x24020001, 0xa7a20038, 0x87a30032,
	0x8fa20054, 0x00000000, 0x02421022, 0x00620018,
	0x00001812, 0x8fa2004c, 0x00000000, 0x02421022,
	0x0062001a, 0x00001012, 0x00021400, 0x00021403,
	0xa7a20032, 0x87a30034, 0x8fa20054, 0x00000000,
	0x02421022, 0x00620018, 0x00001812, 0x8fa2004c,
	0x00000000, 0x02421022, 0x0062001a, 0x00001012,
	0x00021400, 0x00021403, 0xa7a20034, 0x87a30036,
	0x8fa20054, 0x00000000, 0x02421022, 0x00620018,
	0x00001812, 0x8fa2004c, 0x00000000, 0x02421022,
	0x0062001a, 0x00001012, 0x00021400, 0x00021403,
	0xa7a20036, 0x87a20032, 0x00000000, 0xa6220000,
	0x87a20034, 0x00000000, 0x00021140, 0x00021c00,
	0x00031c03, 0x86220000, 0x00000000, 0x00431020,
	0xa6220000, 0x87a20036, 0x00000000, 0x00021280,
	0x00021c00, 0x00031c03, 0x86220000, 0x00000000,
	0x00431020, 0xa6220000, 0x87a20038, 0x00000000,
	0x000213c0, 0x00022400, 0x00042403, 0x02201821,
	0x24710002, 0x84620000, 0x00000000, 0x00441020,
	0xa4620000, 0x8fa2002c, 0x00000000, 0x20420001,
	0xafa2002c, 0x8fa2002c, 0x00000000, 0x28410180,
	0x1420ff8a, 0x00000000, 0xa7a00024, 0x240201e8,
	0xa7a20026, 0x24020010, 0xa7a20028, 0x24020018,
	0xa7a2002a, 0x27a40024, 0x8fa50048, 0x0c025154,
	0x00000000, 0x8fbf001c, 0x8fb20018, 0x8fb10014,
	0x8fb00010, 0x27bd0040, 0x03e00008, 0x00000000,
	0x27bdffc0, 0xafbf001c, 0xafb20018, 0xafb10014,
	0xafb00010, 0xafa40040, 0xafa60048, 0xafa7004c,
	0x8fb20050, 0x8fb00040, 0x8fb10048, 0x0c0244f7,
	0x00000000, 0x24030064, 0x0043001a, 0x00001010,
	0x00021400, 0x00021403, 0xa7a2003a, 0x0c0244f7,
	0x00000000, 0x24030064, 0x0043001a, 0x00001010,
	0x00021400, 0x00021403, 0xa7a2003c, 0x0c0244f7,
	0x00000000, 0x24030064, 0x0043001a, 0x00001010,
	0x00021400, 0x00021403, 0xa7a2003e, 0xafa0002c,
	0x10000073, 0x00000000, 0x86020000, 0x00000000,
	0x3042001f, 0x00021400, 0x00021403, 0xa7a20032,
	0x86020000, 0x00000000, 0x00021143, 0x3042001f,
	0x00021400, 0x00021403, 0xa7a20034, 0x86020000,
	0x00000000, 0x00021283, 0x3042001f, 0x00021400,
	0x00021403, 0xa7a20036, 0x02001021, 0x24500002,
	0x84420000, 0x00000000, 0x000213c3, 0x30420001,
	0x00021400, 0x00021403, 0xa7a20038, 0x8fa30054,
	0x8fa2004c, 0x00000000, 0x10620003, 0x00000000,
	0x24020001, 0xa7a20038, 0x87a30032, 0x8fa20054,
	0x00000000, 0x02421022, 0x00620018, 0x00001812,
	0x8fa2004c, 0x00000000, 0x02421022, 0x0062001a,
	0x00001012, 0x00021400, 0x00021403, 0xa7a20032,
	0x87a30034, 0x8fa20054, 0x00000000, 0x02421022,
	0x00620018, 0x00001812, 0x8fa2004c, 0x00000000,
	0x02421022, 0x0062001a, 0x00001012, 0x00021400,
	0x00021403, 0xa7a20034, 0x87a30036, 0x8fa20054,
	0x00000000, 0x02421022, 0x00620018, 0x00001812,
	0x8fa2004c, 0x00000000, 0x02421022, 0x0062001a,
	0x00001012, 0x00021400, 0x00021403, 0xa7a20036,
	0x87a20032, 0x00000000, 0xa6220000, 0x87a20034,
	0x00000000, 0x00021140, 0x00021c00, 0x00031c03,
	0x86220000, 0x00000000, 0x00431020, 0xa6220000,
	0x87a20036, 0x00000000, 0x00021280, 0x00021c00,
	0x00031c03, 0x86220000, 0x00000000, 0x00431020,
	0xa6220000, 0x87a20038, 0x00000000, 0x000213c0,
	0x00022400, 0x00042403, 0x02201821, 0x24710002,
	0x84620000, 0x00000000, 0x00441020, 0xa4620000,
	0x8fa2002c, 0x00000000, 0x20420001, 0xafa2002c,
	0x8fa2002c, 0x00000000, 0x28410480, 0x1420ff8a,
	0x00000000, 0x24020020, 0xa7a20024, 0x240201e8,
	0xa7a20026, 0x24020030, 0xa7a20028, 0x24020018,
	0xa7a2002a, 0x27a40024, 0x8fa50048, 0x0c025154,
	0x00000000, 0x8fbf001c, 0x8fb20018, 0x8fb10014,
	0x8fb00010, 0x27bd0040, 0x03e00008, 0x00000000,
	0x27bdfff8, 0xafb10004, 0xafb00000, 0x00808821,
	0x00111600, 0x00021603, 0xa3828e28, 0x1620002f,
	0x00000000, 0x00008021, 0x10000027, 0x00000000,
	0x00101880, 0x3c028014, 0x2442a46c, 0x00431021,
	0x8c430000, 0x3c028017, 0x2442c7b8, 0x10620019,
	0x00000000, 0x00101880, 0x3c028014, 0x2442a46c,
	0x00431021, 0x8c420000, 0x00000000, 0x80420034,
	0x00000000, 0x1040000f, 0x00000000, 0x00101880,
	0x3c028014, 0x2442a46c, 0x00431021, 0x8c420000,
	0x00000000, 0xa0400034, 0x24030001, 0x3c028007,
	0x24429ea0, 0x00501021, 0xa0430000, 0x10000005,
	0x00000000, 0x3c028007, 0x24429ea0, 0x00501021,
	0xa0400000, 0x22100001, 0x2a01000a, 0x1420ffd8,
	0x00000000, 0x1000001c, 0x00000000, 0x00008021,
	0x10000016, 0x00000000, 0x00101880, 0x3c028014,
	0x2442a46c, 0x00431021, 0x8c430000, 0x3c028017,
	0x2442c7b8, 0x1062000c, 0x00000000, 0x3c028007,
	0x24429ea0, 0x00501021, 0x80440000, 0x00101880,
	0x3c028014, 0x2442a46c, 0x00431021, 0x8c420000,
	0x00000000, 0xa0440034, 0x22100001, 0x2a01000a,
	0x1420ffe9, 0x00000000, 0x8fb10004, 0x8fb00000,
	0x27bd0008, 0x03e00008, 0x00000000, 0x27bdff88,
	0xafbf0024, 0xafb20020, 0xafb1001c, 0xafb00018,
	0x00808021, 0x00c08821, 0x2a21011c, 0x1020015a,
	0x00000000, 0x2a210020, 0x142000ee, 0x00000000,
	0x2a210061, 0x102000eb, 0x00000000, 0x24020020,
	0xafa2004c, 0x24120040, 0x24020060, 0xafa20050,
	0x8e020004, 0x00000000, 0x8c420078, 0x00000000,
	0x00021400, 0x00021403, 0xa7a20054, 0x8e020004,
	0x00000000, 0x8c42007c, 0x00000000, 0x00021400,
	0x00021403, 0xa7a20056, 0x8e020004, 0x00000000,
	0x8c420080, 0x00000000, 0x00021400, 0x00021403,
	0xa7a20058, 0x27a40054, 0x27a5005c, 0x0c04649b,
	0x00000000, 0x24020638, 0xaf829688, 0x27828e2c,
	0x84450000, 0x84440002, 0x84430004, 0x84420006,
	0xa7a50060, 0xa7a40062, 0xa7a30064, 0xa7a20066,
	0x8e020004, 0x00000000, 0x84430072, 0x8f829688,
	0x00000000, 0x00431020, 0x00021400, 0x00021403,
	0xa7a20062, 0x8e020000, 0x00000000, 0x00021940,
	0x3c028014, 0x24428b1c, 0x00431021, 0x84440006,
	0x8e020000, 0x00000000, 0x00021940, 0x3c028014,
	0x24428b1c, 0x00431021, 0x84420004, 0x00000000,
	0x0082082a, 0x1020000c, 0x00000000, 0x8e020000,
	0x00000000, 0x00021940, 0x3c028014, 0x24428b1c,
	0x00431021, 0x84420004, 0x00000000, 0xafa20068,
	0x1000000a, 0x00000000, 0x8e020000, 0x00000000,
	0x00021940, 0x3c028014, 0x24428b1c, 0x00431021,
	0x84420006, 0x00000000, 0xafa20068, 0x8fa30068,
	0x00000000, 0x00031080, 0x00431020, 0x204204b0,
	0xafa20068, 0x8fa20068, 0x00000000, 0xafa20010,
	0x8e020000, 0x00000000, 0x00021940, 0x3c028014,
	0x24428b1c, 0x00431021, 0x84420006, 0x00000000,
	0xafa20014, 0x27a40028, 0x27a50038, 0x02003021,
	0x27a70060, 0x0c018b72, 0x00000000, 0x0251082a,
	0x14200033, 0x00000000, 0xafb10010, 0x3c018007,
	0x8c249e5c, 0x8fa50028, 0x8fa6004c, 0x02403821,
	0x0c046187, 0x00000000, 0x3c018017, 0xac224be4,
	0xafb10010, 0x3c018007, 0x8c249e60, 0x8fa5002c,
	0x8fa6004c, 0x02403821, 0x0c046187, 0x00000000,
	0x3c018017, 0xac224be8, 0xafb10010, 0x3c018007,
	0x8c249e64, 0x8fa50030, 0x8fa6004c, 0x02403821,
	0x0c046187, 0x00000000, 0x3c018017, 0xac224bec,
	0x3c018017, 0xac204bf0, 0xafb10010, 0x8f849678,
	0x240500a0, 0x8fa6004c, 0x02403821, 0x0c046187,
	0x00000000, 0xaf8294a4, 0xafb10010, 0x8f849674,
	0x24050078, 0x8fa6004c, 0x02403821, 0x0c046187,
	0x00000000, 0xaf8294a0, 0x10000046, 0x00000000,
	0x8fa20050, 0x00000000, 0x0051082a, 0x14200041,
	0x00000000, 0xafb10010, 0x3c018007, 0x8c249e50,
	0x8fa50038, 0x02403021, 0x8fa70050, 0x0c046187,
	0x00000000, 0x3c018017, 0xac224bd8, 0xafb10010,
	0x3c018007, 0x8c249e54, 0x8fa5003c, 0x02403021,
	0x8fa70050, 0x0c046187, 0x00000000, 0x3c018017,
	0xac224bdc, 0xafb10010, 0x3c018007, 0x8c249e58,
	0x8fa50040, 0x02403021, 0x8fa70050, 0x0c046187,
	0x00000000, 0x3c018017, 0xac224be0, 0x8e020000,
	0x00000000, 0x00021940, 0x3c028014, 0x24428b1c,
	0x00431021, 0x84420006, 0x00000000, 0xafa20010,
	0x00002021, 0x24050014, 0x00003021, 0x240700c8,
	0x0c046187, 0x00000000, 0xafa20048, 0xafb10010,
	0x8fa20048, 0x00000000, 0x20450078, 0x24040078,
	0x02403021, 0x8fa70050, 0x0c046187, 0x00000000,
	0xaf8294a0, 0xafb10010, 0x8f849670, 0x240503e8,
	0x02403021, 0x8fa70050, 0x0c046187, 0x00000000,
	0xaf8294b8, 0x2a210061, 0x14200067, 0x00000000,
	0x8f829688, 0x00000000, 0x20420016, 0xaf829688,
	0x27828e34, 0x84450000, 0x84440002, 0x84430004,
	0x84420006, 0xa7a5006c, 0xa7a4006e, 0xa7a30070,
	0xa7a20072, 0x8e020004, 0x00000000, 0x84430072,
	0x8f829688, 0x00000000, 0x00431020, 0x00021400,
	0x00021403, 0xa7a2006e, 0x8e020000, 0x00000000,
	0x00021940, 0x3c028014, 0x24428b1c, 0x00431021,
	0x84440006, 0x8e020000, 0x00000000, 0x00021940,
	0x3c028014, 0x24428b1c, 0x00431021, 0x84420004,
	0x00000000, 0x0082082a, 0x1020000c, 0x00000000,
	0x8e020000, 0x00000000, 0x00021940, 0x3c028014,
	0x24428b1c, 0x00431021, 0x84420004, 0x00000000,
	0xafa20074, 0x1000000a, 0x00000000, 0x8e020000,
	0x00000000, 0x00021940, 0x3c028014, 0x24428b1c,
	0x00431021, 0x84420006, 0x00000000, 0xafa20074,
	0x8fa30074, 0x00000000, 0x00031080, 0x00431020,
	0x204204b0, 0xafa20074, 0x8fa20074, 0x00000000,
	0xafa20010, 0x8e020000, 0x00000000, 0x00021940,
	0x3c028014, 0x24428b1c, 0x00431021, 0x84420006,
	0x00000000, 0xafa20014, 0x27a40028, 0x27a50038,
	0x02003021, 0x27a7006c, 0x0c018b72, 0x00000000,
	0x8fa20028, 0x3c018017, 0xac224be4, 0x8fa2002c,
	0x3c018017, 0xac224be8, 0x8fa20030, 0x3c018017,
	0xac224bec, 0x8fa20038, 0x3c018017, 0xac224bd8,
	0x8fa2003c, 0x3c018017, 0xac224bdc, 0x8fa20040,
	0x3c018017, 0xac224be0, 0x8fbf0024, 0x8fb20020,
	0x8fb1001c, 0x8fb00018, 0x27bd0078, 0x03e00008,
	0x00000000, 0x27bdffe0, 0xafbf001c, 0xafb20018,
	0xafb10014, 0xafb00010, 0xafa40020, 0x00a09021,
	0x3c108007, 0x26109eac, 0x00008821, 0x10000007,
	0x00000000, 0x8e020000, 0x00000000, 0x04400006,
	0x00000000, 0x26100010, 0x22310001, 0x2a210064,
	0x1420fff8, 0x00000000, 0x24010064, 0x16210004,
	0x00000000, 0x2402ffff, 0x10000029, 0x00000000,
	0xae000000, 0x8fa20020, 0x00000000, 0x8c420000,
	0x00000000, 0x00021400, 0x00021403, 0xa6020004,
	0x8fa20020, 0x00000000, 0x8c420004, 0x00000000,
	0x00021400, 0x00021403, 0xa6020006, 0x8fa20020,
	0x00000000, 0x8c420008, 0x00000000, 0x00021400,
	0x00021403, 0xa6020008, 0x92420000, 0x00000000,
	0xa202000c, 0x92420001, 0x00000000, 0xa202000d,
	0x92420002, 0x00000000, 0xa202000e, 0x24040607,
	0x02202821, 0x3c068006, 0x24c63c84, 0x3c078006,
	0x24e738a0, 0x0c028a8b, 0x00000000, 0x02201021,
	0x8fbf001c, 0x8fb20018, 0x8fb10014, 0x8fb00010,
	0x27bd0020, 0x03e00008, 0x00000000, 0x27bdffc0,
	0xafbf001c, 0xafb20018, 0xafb10014, 0xafb00010,
	0xafa40040, 0xafa50044, 0x00c08821, 0xafa7004c,
	0x8fa40044, 0x0c028794, 0x00000000, 0x8fa30044,
	0x00000000, 0x8c640000, 0x00402821, 0x0c028737,
	0x00000000, 0xafa20020, 0x8fa20020, 0x00000000,
	0x8c420004, 0x00000000, 0xafa20024, 0x8fb00040,
	0x8fa30054, 0x8fa20050, 0x00000000, 0x0043082a,
	0x10200004, 0x00000000, 0x8fa20050, 0x00000000,
	0xafa20054, 0x0c0244f7, 0x00000000, 0x24030064,
	0x0043001a, 0x00001010, 0x00021400, 0x00021403,
	0xa7a2003a, 0x0c0244f7, 0x00000000, 0x24030064,
	0x0043001a, 0x00001010, 0x00021400, 0x00021403,
	0xa7a2003c, 0x0c0244f7, 0x00000000, 0x24030064,
	0x0043001a, 0x00001010, 0x00021400, 0x00021403,
	0xa7a2003e, 0x00009021, 0x100000ae, 0x00000000,
	0x86020000, 0x00000000, 0x3042001f, 0x00021400,
	0x00021403, 0xa7a20032, 0x86020000, 0x00000000,
	0x00021143, 0x3042001f, 0x00021400, 0x00021403,
	0xa7a20034, 0x86020000, 0x00000000, 0x00021283,
	0x3042001f, 0x00021400, 0x00021403, 0xa7a20036,
	0x02001021, 0x24500002, 0x84420000, 0x00000000,
	0x000213c3, 0x30420001, 0x00021400, 0x00021403,
	0xa7a20038, 0x87a20032, 0x00000000, 0x14400009,
	0x00000000, 0x87a20034, 0x00000000, 0x14400005,
	0x00000000, 0x87a20036, 0x00000000, 0x1040005f,
	0x00000000, 0x8fa30054, 0x8fa2004c, 0x00000000,
	0x10620003, 0x00000000, 0x24020001, 0xa7a20038,
	0x87a30032, 0x2402001f, 0x00432022, 0x8fa30054,
	0x8fa2004c, 0x00000000, 0x00621022, 0x00820018,
	0x00002012, 0x8fa30050, 0x8fa2004c, 0x00000000,
	0x00621022, 0x0082001a, 0x00001812, 0x87a2003a,
	0x00000000, 0x00430018, 0x00001812, 0x24020064,
	0x00000000, 0x0062001a, 0x00001012, 0x00021c00,
	0x00031c03, 0x87a20032, 0x00000000, 0x00431020,
	0xa7a20032, 0x87a30034, 0x2402001f, 0x00432022,
	0x8fa30054, 0x8fa2004c, 0x00000000, 0x00621022,
	0x00820018, 0x00002012, 0x8fa30050, 0x8fa2004c,
	0x00000000, 0x00621022, 0x0082001a, 0x00001812,
	0x87a2003c, 0x00000000, 0x00430018, 0x00001812,
	0x24020064, 0x00000000, 0x0062001a, 0x00001012,
	0x00021c00, 0x00031c03, 0x87a20034, 0x00000000,
	0x00431020, 0xa7a20034, 0x87a30036, 0x2402001f,
	0x00432022, 0x8fa30054, 0x8fa2004c, 0x00000000,
	0x00621022, 0x00820018, 0x00002012, 0x8fa30050,
	0x8fa2004c, 0x00000000, 0x00621022, 0x0082001a,
	0x00001812, 0x87a2003e, 0x00000000, 0x00430018,
	0x00001812, 0x24020064, 0x00000000, 0x0062001a,
	0x00001012, 0x00021c00, 0x00031c03, 0x87a20036,
	0x00000000, 0x00431020, 0xa7a20036, 0x87a30032,
	0x00121040, 0x02221021, 0xa4430000, 0x87a20034,
	0x00000000, 0x00021140, 0x00022400, 0x00042403,
	0x00121040, 0x02221821, 0x84620000, 0x00000000,
	0x00441020, 0xa4620000, 0x87a20036, 0x00000000,
	0x00021280, 0x00022400, 0x00042403, 0x00121040,
	0x02221821, 0x84620000, 0x00000000, 0x00441020,
	0xa4620000, 0x87a20038, 0x00000000, 0x000213c0,
	0x00022400, 0x00042403, 0x00121040, 0x02221821,
	0x84620000, 0x00000000, 0x00441020, 0xa4620000,
	0x22520001, 0x2a410180, 0x1420ff51, 0x00000000,
	0x8fa20020, 0x00000000, 0x94420012, 0x00000000,
	0x3042003f, 0x00021100, 0x00021400, 0x00021403,
	0xa7a20028, 0x8fa20020, 0x00000000, 0x94420012,
	0x00000000, 0x00021183, 0x00021400, 0x00021403,
	0xa7a2002a, 0x24020010, 0xa7a2002c, 0x24020018,
	0xa7a2002e, 0x27a40028, 0x02202821, 0x0c025154,
	0x00000000, 0x8fbf001c, 0x8fb20018, 0x8fb10014,
	0x8fb00010, 0x27bd0040, 0x03e00008, 0x00000000,
	0x27bdff30, 0xafbf001c, 0xafb20018, 0xafb10014,
	0xafb00010, 0xafa400d0, 0xafa500d4, 0xafa600d8,
	0x8f919698, 0x8fa200d0, 0x00000000, 0x8c440000,
	0x24050003, 0x0c028737, 0x00000000, 0xafa20020,
	0x8fa20020, 0x00000000, 0x8c420004, 0x00000000,
	0xafa20024, 0x8fa20024, 0x00000000, 0xafa20028,
	0x8fa20028, 0x00000000, 0x2442000c, 0xafa2002c,
	0x8fa300d4, 0x00000000, 0x000310c0, 0x00431022,
	0x00021880, 0x8fa2002c, 0x00000000, 0x00438021,
	0xafa0005c, 0x10000011, 0x00000000, 0x8fa3005c,
	0x00000000, 0x00031040, 0x00431020, 0x000218c0,
	0x8f829694, 0x00000000, 0x00431021, 0x84420000,
	0x00000000, 0x0440000a, 0x00000000, 0x8fa2005c,
	0x00000000, 0x20420001, 0xafa2005c, 0x8fa2005c,
	0x00000000, 0x2841001e, 0x1420ffec, 0x00000000,
	0x8fa2005c, 0x2401001e, 0x14410004, 0x00000000,
	0x2402ffff, 0x1000015a, 0x00000000, 0x8fa400d0,
	0x8fa500d8, 0x27a6003c, 0x0c04621d, 0x00000000,
	0xafb10030, 0x8e020000, 0x00000000, 0xafa20060,
	0x8fa400d0, 0x8fa500d8, 0x27a60068, 0x0c04621d,
	0x00000000, 0xafa00064, 0x10000023, 0x00000000,
	0x8fa50060, 0x00000000, 0x24a20008, 0xafa20060,
	0x27a40068, 0x27a60034, 0x0c026725, 0x00000000,
	0x87a30034, 0x8fa2007c, 0x00000000, 0x00621020,
	0x00021400, 0x00021403, 0xa6220000, 0x87a30036,
	0x8fa20080, 0x00000000, 0x00621020, 0x00021400,
	0x00021403, 0xa6220002, 0x87a30038, 0x8fa20084,
	0x00000000, 0x00621020, 0x00021400, 0x00021403,
	0xa6220004, 0x22310006, 0x8fa20064, 0x00000000,
	0x20420001, 0xafa20064, 0x8fa30064, 0x8e020004,
	0x00000000, 0x0062082b, 0x1420ffd9, 0x00000000,
	0x8fa3005c, 0x00000000, 0x00031040, 0x00431020,
	0x000218c0, 0x8f829694, 0x00000000, 0x00439021,
	0xa6400000, 0x8e020014, 0x00000000, 0x00021400,
	0x00021403, 0xa6420002, 0xae510004, 0x8fa200d0,
	0x00000000, 0xae420008, 0x8fa200d8, 0x00000000,
	0x00021400, 0x00021403, 0xa6420016, 0x8fa20030,
	0x00000000, 0xae42000c, 0x8e020010, 0x00000000,
	0xae420010, 0x8e020014, 0x00000000, 0x00021400,
	0x00021403, 0xa6420014, 0x24040604, 0x8fa5005c,
	0x3c068006, 0x24c6312c, 0x3c078006, 0x24e72f58,
	0x0c028a8b, 0x00000000, 0x8e020010, 0x00000000,
	0xafa20088, 0xafa0008c, 0x100000e8, 0x00000000,
	0x8fa20088, 0x00000000, 0x80420003, 0x2401003e,
	0x1041006e, 0x00000000, 0x2401003c, 0x1041006b,
	0x00000000, 0x24010036, 0x10410004, 0x00000000,
	0x24010034, 0x144100d5, 0x00000000, 0x8fa20088,
	0x00000000, 0xafa200c8, 0x8fa200c8, 0x00000000,
	0x94420010, 0x00000000, 0x000218c0, 0x8e020008,
	0x00000000, 0x00431021, 0xafa20090, 0x8fa200c8,
	0x00000000, 0x94420014, 0x00000000, 0x000218c0,
	0x8e020008, 0x00000000, 0x00431021, 0xafa20094,
	0x8fa200c8, 0x00000000, 0x94420018, 0x00000000,
	0x000218c0, 0x8e020008, 0x00000000, 0x00431021,
	0xafa20098, 0x27a4003c, 0x8fa50090, 0x27a600a0,
	0x0c026725, 0x00000000, 0x27a4003c, 0x8fa50094,
	0x27a600a8, 0x0c026725, 0x00000000, 0x27a4003c,
	0x8fa50098, 0x27a600b0, 0x0c026725, 0x00000000,
	0x87a300a0, 0x87a200a8, 0x00000000, 0x00621820,
	0x87a200b0, 0x00000000, 0x00431820, 0x24020003,
	0x0062001a, 0x00001012, 0x00021400, 0x00021403,
	0xa7a200c0, 0x87a300a2, 0x87a200aa, 0x00000000,
	0x00621820, 0x87a200b2, 0x00000000, 0x00431820,
	0x24020003, 0x0062001a, 0x00001012, 0x00021400,
	0x00021403, 0xa7a200c2, 0x87a300a4, 0x87a200ac,
	0x00000000, 0x00621820, 0x87a200b4, 0x00000000,
	0x00431820, 0x24020003, 0x0062001a, 0x00001012,
	0x00021400, 0x00021403, 0xa7a200c4, 0x87a200c0,
	0x00000000, 0xa6220000, 0x87a200c2, 0x00000000,
	0xa6220002, 0x87a200c4, 0x00000000, 0xa6220004,
	0x22310006, 0x8fa20088, 0x00000000, 0x2042001c,
	0xafa20088, 0x10000071, 0x00000000, 0x8fa20088,
	0x00000000, 0xafa200cc, 0x8fa200cc, 0x00000000,
	0x94420014, 0x00000000, 0x000218c0, 0x8e020008,
	0x00000000, 0x00431021, 0xafa20090, 0x8fa200cc,
	0x00000000, 0x94420018, 0x00000000, 0x000218c0,
	0x8e020008, 0x00000000, 0x00431021, 0xafa20094,
	0x8fa200cc, 0x00000000, 0x9442001c, 0x00000000,
	0x000218c0, 0x8e020008, 0x00000000, 0x00431021,
	0xafa20098, 0x8fa200cc, 0x00000000, 0x94420020,
	0x00000000, 0x000218c0, 0x8e020008, 0x00000000,
	0x00431021, 0xafa2009c, 0x27a4003c, 0x8fa50090,
	0x27a600a0, 0x0c026725, 0x00000000, 0x27a4003c,
	0x8fa50094, 0x27a600a8, 0x0c026725, 0x00000000,
	0x27a4003c, 0x8fa50098, 0x27a600b0, 0x0c026725,
	0x00000000, 0x27a4003c, 0x8fa5009c, 0x27a600b8,
	0x0c026725, 0x00000000, 0x87a300a0, 0x87a200a8,
	0x00000000, 0x00621820, 0x87a200b0, 0x00000000,
	0x00431820, 0x24020003, 0x0062001a, 0x00001012,
	0x00021400, 0x00021403, 0xa7a200c0, 0x87a300a2,
	0x87a200aa, 0x00000000, 0x00621820, 0x87a200b2,
	0x00000000, 0x00431820, 0x24020003, 0x0062001a,
	0x00001012, 0x00021400, 0x00021403, 0xa7a200c2,
	0x87a300a4, 0x87a200ac, 0x00000000, 0x00621820,
	0x87a200b4, 0x00000000, 0x00431820, 0x24020003,
	0x0062001a, 0x00001012, 0x00021400, 0x00021403,
	0xa7a200c4, 0x87a200c0, 0x00000000, 0xa6220000,
	0x87a200c2, 0x00000000, 0xa6220002, 0x87a200c4,
	0x00000000, 0xa6220004, 0x22310006, 0x8fa20088,
	0x00000000, 0x20420024, 0xafa20088, 0x8fa2008c,
	0x00000000, 0x20420001, 0xafa2008c, 0x8fa3008c,
	0x8e020014, 0x00000000, 0x0062082b, 0x1420ff14,
	0x00000000, 0xaf919698, 0x8fa2005c, 0x00000000,
	0x8fbf001c, 0x8fb20018, 0x8fb10014, 0x8fb00010,
	0x27bd00d0, 0x03e00008, 0x00000000, 0x27bdffe0,
	0xafbf0018, 0xafb10014, 0xafb00010, 0xafa40020,
	0xafa50024, 0xafa60028, 0x00008021, 0x1000000a,
	0x00000000, 0x001018c0, 0x3c028007, 0x2442a4ec,
	0x00431021, 0x84420000, 0x2401ffff, 0x10410005,
	0x00000000, 0x22100001, 0x2a010010, 0x1420fff5,
	0x00000000, 0x24010010, 0x16010004, 0x00000000,
	0x2402ffff, 0x10000017, 0x00000000, 0x001018c0,
	0x3c028007, 0x2442a4ec, 0x00438821, 0x87a20024,
	0x00000000, 0xa6220000, 0x8fa20020, 0x00000000,
	0xae220004, 0x87a20028, 0x00000000, 0xa6220002,
	0x24040605, 0x02002821, 0x3c068006, 0x24c6408c,
	0x3c078006, 0x24e73d04, 0x0c028a8b, 0x00000000,
	0x02001021, 0x8fbf0018, 0x8fb10014, 0x8fb00010,
	0x27bd0020, 0x03e00008, 0x00000000, 0x27bdff90,
	0xafbf001c, 0xafb20018, 0xafb10014, 0xafb00010,
	0x00808021, 0x00a08821, 0xafa60078, 0xafa7007c,
	0x8fb20084, 0x8fa40078, 0x00002821, 0x27a60020,
	0x0c04621d, 0x00000000, 0x8fa20034, 0x00000000,
	0xae020000, 0x0012c843, 0x06410003, 0x00000000,
	0x26420001, 0x0002c843, 0x8fa20038, 0x00000000,
	0x00591022, 0xae020004, 0x8fa2003c, 0x00000000,
	0xae020008, 0x8fa4007c, 0x27a50040, 0x0c026a49,
	0x00000000, 0xafa00060, 0xafa00064, 0x8fa20080,
	0x00000000, 0xafa20068, 0x27a40040, 0x27a50060,
	0x02203021, 0x0c0265dd, 0x00000000, 0x8e230000,
	0x8e020000, 0x00000000, 0x00621020, 0xae220000,
	0x8e020004, 0x00000000, 0x2043fe70, 0x00121040,
	0x00621822, 0x8e220004, 0x00000000, 0x00431020,
	0xae220004, 0x8e230008, 0x8e020008, 0x00000000,
	0x00621020, 0xae220008, 0x8fbf001c, 0x8fb20018,
	0x8fb10014, 0x8fb00010, 0x27bd0070, 0x03e00008,
	0x00000000, 0x27bdffe0, 0xafbf0018, 0xafb10014,
	0xafb00010, 0x3c108007, 0x26109eac, 0x00008821,
	0x1000000d, 0x00000000, 0x8e020000, 0x00000000,
	0x04400007, 0x00000000, 0x24040607, 0x02202821,
	0x0c028acd, 0x00000000, 0x2402ffff, 0xae020000,
	0x26100010, 0x22310001, 0x2a210064, 0x1420fff2,
	0x00000000, 0x8fbf0018, 0x8fb10014, 0x8fb00010,
	0x27bd0020, 0x03e00008, 0x00000000, 0x27bdffd0,
	0xafbf0024, 0xafb20020, 0xafb1001c, 0xafb00018,
	0xafa40030, 0x8fa30030, 0x00000000, 0x00031040,
	0x00431020, 0x000218c0, 0x8f829694, 0x00000000,
	0x00438021, 0x8e110004, 0x8e020008, 0x00000000,
	0x8c440000, 0x24050003, 0x0c028737, 0x00000000,
	0x00409021, 0x86020014, 0x00000000, 0xafa2002c,
	0x8e020010, 0x00000000, 0xaf82969c, 0x8e02000c,
	0x00000000, 0xaf8296a8, 0x86030000, 0x2402001f,
	0x00431822, 0x000310c0, 0x00431020, 0x00021080,
	0x00431020, 0x00021840, 0x2402001e, 0x0062001a,
	0x00001012, 0x20420036, 0x00021400, 0x00021403,
	0xa78296a0, 0x878296a0, 0x00000000, 0xa78296a2,
	0x878296a0, 0x00000000, 0xa78296a4, 0x10000033,
	0x00000000, 0x8f82969c, 0x00000000, 0x80420003,
	0x24010034, 0x10410007, 0x00000000, 0x8f82969c,
	0x00000000, 0x80420003, 0x24010036, 0x1441000f,
	0x00000000, 0xafb20010, 0x02202021, 0x00002821,
	0x2406003c, 0x86070000, 0x0c018c6d, 0x00000000,
	0x22310006, 0x8f82969c, 0x00000000, 0x2042001c,
	0xaf82969c, 0x10000019, 0x00000000, 0x8f82969c,
	0x00000000, 0x80420003, 0x2401003c, 0x10410007,
	0x00000000, 0x8f82969c, 0x00000000, 0x80420003,
	0x2401003e, 0x1441000d, 0x00000000, 0xafb20010,
	0x02202021, 0x00002821, 0x2406003c, 0x86070000,
	0x0c018d38, 0x00000000, 0x22310006, 0x8f82969c,
	0x00000000, 0x20420024, 0xaf82969c, 0x8fa3002c,
	0x00000000, 0x2062ffff, 0xafa2002c, 0x1c60ffc9,
	0x00000000, 0x8fbf0024, 0x8fb20020, 0x8fb1001c,
	0x8fb00018, 0x27bd0030, 0x03e00008, 0x00000000,
	0x27bdffe0, 0xafbf0018, 0xafb10014, 0xafb00010,
	0x00808821, 0x00111040, 0x00511020, 0x000218c0,
	0x8f829694, 0x00000000, 0x00438021, 0x86020000,
	0x00000000, 0x2841001f, 0x14200009, 0x00000000,
	0x24040604, 0x02202821, 0x0c028acd, 0x00000000,
	0x2402ffff, 0xa6020000, 0x10000005, 0x00000000,
	0x86020000, 0x00000000, 0x20420001, 0xa6020000,
	0x8fbf0018, 0x8fb10014, 0x8fb00010, 0x27bd0020,
	0x03e00008, 0x00000000, 0x27bdffc0, 0xafbf001c,
	0xafb20018, 0xafb10014, 0xafb00010, 0xafa40040,
	0xafa60048, 0xafa7004c, 0x8f92969c, 0x0c025e27,
	0x00000000, 0x00408021, 0x02002021, 0x0c025565,
	0x00000000, 0x02002021, 0x24050001, 0x0c025559,
	0x00000000, 0x878296a0, 0x00000000, 0x304200ff,
	0xa2020004, 0x878296a2, 0x00000000, 0x304200ff,
	0xa2020005, 0x878296a4, 0x00000000, 0x304200ff,
	0xa2020006, 0x8fa20050, 0x00000000, 0x94420010,
	0x00000000, 0xa6020016, 0x96420006, 0x00000000,
	0xa602000e, 0x92420004, 0x00000000, 0xa202000c,
	0x92420005, 0x00000000, 0xa202000d, 0x92420008,
	0x00000000, 0xa2020014, 0x92420009, 0x00000000,
	0xa2020015, 0x9242000c, 0x00000000, 0xa202001c,
	0x9242000d, 0x00000000, 0xa202001d, 0x8fa20040,
	0x00000000, 0x84430000, 0x87a2004c, 0x00000000,
	0x00620018, 0x00001812, 0x87a20048, 0x00000000,
	0x0062001a, 0x00001012, 0x00021400, 0x00021403,
	0xa7a20038, 0x8fa20040, 0x00000000, 0x84430002,
	0x87a2004c, 0x00000000, 0x00620018, 0x00001812,
	0x87a20048, 0x00000000, 0x0062001a, 0x00001012,
	0x00021400, 0x00021403, 0xa7a2003a, 0x8fa20040,
	0x00000000, 0x84430004, 0x87a2004c, 0x00000000,
	0x00620018, 0x00001812, 0x87a20048, 0x00000000,
	0x0062001a, 0x00001012, 0x00021400, 0x00021403,
	0xa7a2003c, 0x96430012, 0x00000000, 0x00031040,
	0x00431020, 0x00021840, 0x8f8296a8, 0x00000000,
	0x00438821, 0x86230000, 0x87a20038, 0x00000000,
	0x00621020, 0x00021400, 0x00021403, 0xa7a20020,
	0x86230002, 0x87a2003a, 0x00000000, 0x00621020,
	0x00021400, 0x00021403, 0xa7a20022, 0x86230004,
	0x87a2003c, 0x00000000, 0x00621020, 0x00021400,
	0x00021403, 0xa7a20024, 0x96430016, 0x00000000,
	0x00031040, 0x00431020, 0x00021840, 0x8f8296a8,
	0x00000000, 0x00438821, 0x86230000, 0x87a20038,
	0x00000000, 0x00621020, 0x00021400, 0x00021403,
	0xa7a20028, 0x86230002, 0x87a2003a, 0x00000000,
	0x00621020, 0x00021400, 0x00021403, 0xa7a2002a,
	0x86230004, 0x87a2003c, 0x00000000, 0x00621020,
	0x00021400, 0x00021403, 0xa7a2002c, 0x9643001a,
	0x00000000, 0x00031040, 0x00431020, 0x00021840,
	0x8f8296a8, 0x00000000, 0x00438821, 0x86230000,
	0x87a20038, 0x00000000, 0x00621020, 0x00021400,
	0x00021403, 0xa7a20030, 0x86230002, 0x87a2003a,
	0x00000000, 0x00621020, 0x00021400, 0x00021403,
	0xa7a20032, 0x86230004, 0x87a2003c, 0x00000000,
	0x00621020, 0x00021400, 0x00021403, 0xa7a20034,
	0x92020007, 0x00000000, 0x34420002, 0xa2020007,
	0x02002021, 0x27a50020, 0x27a60028, 0x27a70030,
	0x0c046435, 0x00000000, 0x8fbf001c, 0x8fb20018,
	0x8fb10014, 0x8fb00010, 0x27bd0040, 0x03e00008,
	0x00000000, 0x27bdffb0, 0xafbf0024, 0xafb20020,
	0xafb1001c, 0xafb00018, 0xafa40050, 0xafa60058,
	0xafa7005c, 0x8f92969c, 0x0c025e27, 0x00000000,
	0x00408021, 0x02002021, 0x0c025575, 0x00000000,
	0x02002021, 0x24050001, 0x0c025559, 0x00000000,
	0x878296a0, 0x00000000, 0x304200ff, 0xa2020004,
	0x878296a2, 0x00000000, 0x304200ff, 0xa2020005,
	0x878296a4, 0x00000000, 0x304200ff, 0xa2020006,
	0x8fa20060, 0x00000000, 0x94420010, 0x00000000,
	0xa6020016, 0x96420006, 0x00000000, 0xa602000e,
	0x92420004, 0x00000000, 0xa202000c, 0x92420005,
	0x00000000, 0xa202000d, 0x92420008, 0x00000000,
	0xa2020014, 0x92420009, 0x00000000, 0xa2020015,
	0x9242000c, 0x00000000, 0xa202001c, 0x9242000d,
	0x00000000, 0xa202001d, 0x92420010, 0x00000000,
	0xa2020024, 0x92420011, 0x00000000, 0xa2020025,
	0x8fa20050, 0x00000000, 0x84430000, 0x87a2005c,
	0x00000000, 0x00620018, 0x00001812, 0x87a20058,
	0x00000000, 0x0062001a, 0x00001012, 0x00021400,
	0x00021403, 0xa7a20048, 0x8fa20050, 0x00000000,
	0x84430002, 0x87a2005c, 0x00000000, 0x00620018,
	0x00001812, 0x87a20058, 0x00000000, 0x0062001a,
	0x00001012, 0x00021400, 0x00021403, 0xa7a2004a,
	0x8fa20050, 0x00000000, 0x84430004, 0x87a2005c,
	0x00000000, 0x00620018, 0x00001812, 0x87a20058,
	0x00000000, 0x0062001a, 0x00001012, 0x00021400,
	0x00021403, 0xa7a2004c, 0x96430016, 0x00000000,
	0x00031040, 0x00431020, 0x00021840, 0x8f8296a8,
	0x00000000, 0x00438821, 0x86230000, 0x87a20048,
	0x00000000, 0x00621020, 0x00021400, 0x00021403,
	0xa7a20028, 0x86230002, 0x87a2004a, 0x00000000,
	0x00621020, 0x00021400, 0x00021403, 0xa7a2002a,
	0x86230004, 0x87a2004c, 0x00000000, 0x00621020,
	0x00021400, 0x00021403, 0xa7a2002c, 0x9643001a,
	0x00000000, 0x00031040, 0x00431020, 0x00021840,
	0x8f8296a8, 0x00000000, 0x00438821, 0x86230000,
	0x87a20048, 0x00000000, 0x00621020, 0x00021400,
	0x00021403, 0xa7a20030, 0x86230002, 0x87a2004a,
	0x00000000, 0x00621020, 0x00021400, 0x00021403,
	0xa7a20032, 0x86230004, 0x87a2004c, 0x00000000,
	0x00621020, 0x00021400, 0x00021403, 0xa7a20034,
	0x9643001e, 0x00000000, 0x00031040, 0x00431020,
	0x00021840, 0x8f8296a8, 0x00000000, 0x00438821,
	0x86230000, 0x87a20048, 0x00000000, 0x00621020,
	0x00021400, 0x00021403, 0xa7a20038, 0x86230002,
	0x87a2004a, 0x00000000, 0x00621020, 0x00021400,
	0x00021403, 0xa7a2003a, 0x86230004, 0x87a2004c,
	0x00000000, 0x00621020, 0x00021400, 0x00021403,
	0xa7a2003c, 0x96430022, 0x00000000, 0x00031040,
	0x00431020, 0x00021840, 0x8f8296a8, 0x00000000,
	0x00438821, 0x86230000, 0x87a20048, 0x00000000,
	0x00621020, 0x00021400, 0x00021403, 0xa7a20040,
	0x86230002, 0x87a2004a, 0x00000000, 0x00621020,
	0x00021400, 0x00021403, 0xa7a20042, 0x86230004,
	0x87a2004c, 0x00000000, 0x00621020, 0x00021400,
	0x00021403, 0xa7a20044, 0x92020007, 0x00000000,
	0x34420002, 0xa2020007, 0x27a20040, 0xafa20010,
	0x02002021, 0x27a50028, 0x27a60030, 0x27a70038,
	0x0c04645f, 0x00000000, 0x8fbf0024, 0x8fb20020,
	0x8fb1001c, 0x8fb00018, 0x27bd0050, 0x03e00008,
	0x00000000, 0x27bdff90, 0xafbf0024, 0xafb20020,
	0xafb1001c, 0xafb00018, 0xafa40070, 0x8fa20070,
	0x00000000, 0x00021900, 0x3c028007, 0x24429eac,
	0x00438021, 0x8e020000, 0x00000000, 0xafa20010,
	0x24040008, 0x240509c4, 0x00003021, 0x24070056,
	0x0c046187, 0x00000000, 0xafa2002c, 0x86030004,
	0x8fa2002c, 0x00000000, 0x00621020, 0x00021400,
	0x00021403, 0xa7a20030, 0x86030008, 0x8fa2002c,
	0x00000000, 0x00621020, 0x00021400, 0x00021403,
	0xa7a20034, 0x86030004, 0x8fa2002c, 0x00000000,
	0x00621020, 0x00021400, 0x00021403, 0xa7a20038,
	0x86030008, 0x8fa2002c, 0x00000000, 0x00621022,
	0x00021400, 0x00021403, 0xa7a2003c, 0x86030004,
	0x8fa2002c, 0x00000000, 0x00621022, 0x00021400,
	0x00021403, 0xa7a20040, 0x86030008, 0x8fa2002c,
	0x00000000, 0x00621022, 0x00021400, 0x00021403,
	0xa7a20044, 0x86030004, 0x8fa2002c, 0x00000000,
	0x00621022, 0x00021400, 0x00021403, 0xa7a20048,
	0x86030008, 0x8fa2002c, 0x00000000, 0x00621020,
	0x00021400, 0x00021403, 0xa7a2004c, 0x86020006,
	0x00000000, 0xa7a2004a, 0x00021400, 0x00021403,
	0xa7a20042, 0x00021400, 0x00021403, 0xa7a2003a,
	0x00021400, 0x00021403, 0xa7a20032, 0x00009021,
	0x1000000e, 0x00000000, 0x001210c0, 0x03a21821,
	0x00121080, 0x03a21021, 0x24640030, 0x24450050,
	0x0c04649b, 0x00000000, 0x00021903, 0x00121080,
	0x03a21021, 0xac430060, 0x22520001, 0x2a410004,
	0x1420fff1, 0x00000000, 0x0c025e27, 0x00000000,
	0x00408821, 0x00009021, 0x1000007a, 0x00000000,
	0x00121080, 0x03a21021, 0x8c420060, 0x00000000,
	0x28410021, 0x14200072, 0x00000000, 0x00121080,
	0x03a21021, 0x8c420060, 0x00000000, 0x28411000,
	0x1020006b, 0x00000000, 0x22430001, 0x30620003,
	0x04610004, 0x00000000, 0x10400002, 0x00000000,
	0x2442fffc, 0x00021080, 0x03a21021, 0x8c420060,
	0x00000000, 0x28410021, 0x1420005d, 0x00000000,
	0x22430001, 0x30620003, 0x04610004, 0x00000000,
	0x10400002, 0x00000000, 0x2442fffc, 0x00021080,
	0x03a21021, 0x8c420060, 0x00000000, 0x28411000,
	0x1020004f, 0x00000000, 0x02202021, 0x0c02558d,
	0x00000000, 0x8e020000, 0x00000000, 0xafa20010,
	0x9204000c, 0x00002821, 0x00003021, 0x24070056,
	0x0c046187, 0x00000000, 0x304200ff, 0xa2220004,
	0x8e020000, 0x00000000, 0xafa20010, 0x9204000d,
	0x00002821, 0x00003021, 0x24070056, 0x0c046187,
	0x00000000, 0x304200ff, 0xa2220005, 0x8e020000,
	0x00000000, 0xafa20010, 0x9204000e, 0x00002821,
	0x00003021, 0x24070056, 0x0c046187, 0x00000000,
	0x304200ff, 0xa2220006, 0x00121080, 0x03a21021,
	0x84420050, 0x00000000, 0xa6220008, 0x00121080,
	0x03a21021, 0x84420052, 0x00000000, 0xa622000a,
	0x22430001, 0x30620003, 0x04610004, 0x00000000,
	0x10400002, 0x00000000, 0x2442fffc, 0x00021080,
	0x03a21021, 0x84420050, 0x00000000, 0xa622000c,
	0x22430001, 0x30620003, 0x04610004, 0x00000000,
	0x10400002, 0x00000000, 0x2442fffc, 0x00021080,
	0x03a21021, 0x84420052, 0x00000000, 0xa622000e,
	0x8f8294bc, 0x00000000, 0x8c420004, 0x02202821,
	0x24b10010, 0x24443e84, 0x0c025549, 0x00000000,
	0x22520001, 0x2a410004, 0x1420ff85, 0x00000000,
	0x02202021, 0x0c025e23, 0x00000000, 0x8fbf0024,
	0x8fb20020, 0x8fb1001c, 0x8fb00018, 0x27bd0070,
	0x03e00008, 0x00000000, 0x27bdffe0, 0xafbf0018,
	0xafb10014, 0xafb00010, 0x00808821, 0x00111900,
	0x3c028007, 0x24429eac, 0x00438021, 0x8e020000,
	0x00000000, 0x28410056, 0x14200009, 0x00000000,
	0x24040607, 0x02202821, 0x0c028acd, 0x00000000,
	0x2402ffff, 0xae020000, 0x10000005, 0x00000000,
	0x8e020000, 0x00000000, 0x20420001, 0xae020000,
	0x8fbf0018, 0x8fb10014, 0x8fb00010, 0x27bd0020,
	0x03e00008, 0x00000000, 0x27bdffa0, 0xafbf001c,
	0xafb20018, 0xafb10014, 0xafb00010, 0xafa40060,
	0x8fa20060, 0x00000000, 0x000218c0, 0x3c028007,
	0x2442a4ec, 0x00438821, 0x86250000, 0x8e240004,
	0x27a60024, 0x0c04621d, 0x00000000, 0x8fa20038,
	0x00000000, 0x00021400, 0x00021403, 0xa7a20044,
	0x8fa2003c, 0x00000000, 0x00021400, 0x00021403,
	0xa7a20046, 0x8fa20040, 0x00000000, 0x00021400,
	0x00021403, 0xa7a20048, 0x8e240004, 0x24050001,
	0x27a60024, 0x0c04621d, 0x00000000, 0x87a30044,
	0x8fa20038, 0x00000000, 0x00621022, 0x00021400,
	0x00021403, 0xa7a2004c, 0x87a30046, 0x8fa2003c,
	0x00000000, 0x00621022, 0x00021400, 0x00021403,
	0xa7a2004e, 0x87a30048, 0x8fa20040, 0x00000000,
	0x00621022, 0x00021400, 0x00021403, 0xa7a20050,
	0x8fa20038, 0x00000000, 0x00021400, 0x00021403,
	0xa7a20044, 0x8fa2003c, 0x00000000, 0x00021400,
	0x00021403, 0xa7a20046, 0x8fa20040, 0x00000000,
	0x00021400, 0x00021403, 0xa7a20048, 0x87a3004e,
	0x87a2004e, 0x00000000, 0x00620018, 0x00002012,
	0x87a3004c, 0x87a2004c, 0x00000000, 0x00620018,
	0x00001012, 0x00442020, 0x87a30050, 0x87a20050,
	0x00000000, 0x00620018, 0x00001012, 0x00441020,
	0xafa2005c, 0x24040190, 0x240501f4, 0x0c03ffda,
	0x00000000, 0x00409021, 0x02520018, 0x00009012,
	0x87a2004c, 0x00000000, 0x00520018, 0x00001812,
	0x8fa2005c, 0x00000000, 0x0062001a, 0x00001812,
	0x87a20044, 0x00000000, 0x00431020, 0x00021400,
	0x00021403, 0xa7a2004c, 0x87a2004e, 0x00000000,
	0x00520018, 0x00001812, 0x8fa2005c, 0x00000000,
	0x0062001a, 0x00001812, 0x87a20046, 0x00000000,
	0x00431020, 0x00021400, 0x00021403, 0xa7a2004e,
	0x87a20050, 0x00000000, 0x00520018, 0x00001812,
	0x8fa2005c, 0x00000000, 0x0062001a, 0x00001812,
	0x87a20048, 0x00000000, 0x00431020, 0x00021400,
	0x00021403, 0xa7a20050, 0x2404ffb0, 0x24050050,
	0x0c03ffda, 0x00000000, 0x87a3004c, 0x00000000,
	0x00621020, 0x00021400, 0x00021403, 0xa7a20054,
	0x2404ffb0, 0x24050050, 0x0c03ffda, 0x00000000,
	0x87a3004e, 0x00000000, 0x00621020, 0x00021400,
	0x00021403, 0xa7a20056, 0x2404ffb0, 0x24050050,
	0x0c03ffda, 0x00000000, 0x87a30050, 0x00000000,
	0x00621020, 0x00021400, 0x00021403, 0xa7a20058,
	0x0c025e27, 0x00000000, 0x00408021, 0x02002021,
	0x0c025565, 0x00000000, 0x02002021, 0x24050001,
	0x0c025559, 0x00000000, 0x2402003c, 0xa6020016,
	0x24027a4c, 0xa602000e, 0x2402005f, 0xa202000c,
	0x240200a0, 0xa202000d, 0x2402005f, 0xa2020014,
	0x240200a7, 0xa2020015, 0x24020030, 0xa202001c,
	0x240200a0, 0xa202001d, 0x0c0244f7, 0x00000000,
	0x3043007f, 0x04410004, 0x00000000, 0x10600002,
	0x00000000, 0x2463ff80, 0x2062000a, 0x304200ff,
	0xa2020004, 0x92020004, 0x00000000, 0xa2020005,
	0x92020004, 0x00000000, 0xa2020006, 0x02002021,
	0x27a50054, 0x27a60044, 0x27a7004c, 0x0c046435,
	0x00000000, 0x8fbf001c, 0x8fb20018, 0x8fb10014,
	0x8fb00010, 0x27bd0060, 0x03e00008, 0x00000000,
	0x27bdffe0, 0xafbf0018, 0xafb10014, 0xafb00010,
	0x00808821, 0x001118c0, 0x3c028007, 0x2442a4ec,
	0x00438021, 0x86020002, 0x00000000, 0x04410009,
	0x00000000, 0x24040605, 0x02202821, 0x0c028acd,
	0x00000000, 0x2402ffff, 0xa6020000, 0x10000005,
	0x00000000, 0x86020002, 0x00000000, 0x2042ffff,
	0xa6020002, 0x8fbf0018, 0x8fb10014, 0x8fb00010,
	0x27bd0020, 0x03e00008, 0x00000000, 0x27bdff30,
	0xafbf001c, 0xafb20018, 0xafb10014, 0xafb00010,
	0x3c128017, 0x265298c4, 0xafa00020, 0x8e500004,
	0xae400000, 0xa6400008, 0xa640002e, 0x8e020004,
	0x00000000, 0x8c420078, 0x3c018007, 0xac228f3c,
	0x8e020004, 0x00000000, 0x8c42007c, 0x3c018007,
	0xac228f40, 0x8e020004, 0x00000000, 0x8c420080,
	0x3c018007, 0xac228f44, 0x3c048007, 0x24848138,
	0x0c046257, 0x00000000, 0x3c048006, 0x24847df4,
	0x0c04634e, 0x00000000, 0x3c048006, 0x24847af0,
	0x02002821, 0x0c01846f, 0x00000000, 0x3c048006,
	0x248477ec, 0x0c01849e, 0x00000000, 0x3c048006,
	0x24846ee8, 0x0c0184b3, 0x00000000, 0x3c048006,
	0x24846c14, 0x0c0184c9, 0x00000000, 0x3c048006,
	0x248456d8, 0x0c0184eb, 0x00000000, 0x3c048006,
	0x248454f4, 0x0c02c4a2, 0x00000000, 0x0c0184fa,
	0x00000000, 0x0c01850d, 0x00000000, 0x00008821,
	0x10000008, 0x00000000, 0x2404ffff, 0x00111840,
	0x3c028006, 0x244254a4, 0x00431021, 0xa4440000,
	0x22310001, 0x2a210028, 0x1420fff7, 0x00000000,
	0x2404fffe, 0x8e020000, 0x00000000, 0x00021940,
	0x3c028014, 0x24428b1c, 0x00431021, 0x8c420000,
	0x00000000, 0x2042ffff, 0x00021840, 0x3c028006,
	0x244254a4, 0x00431021, 0xa4440000, 0x24110001,
	0x1000000a, 0x00000000, 0x0c0244f7, 0x00000000,
	0x30420fff, 0x00021c00, 0x00031c03, 0x00111040,
	0x03a21021, 0xa4430028, 0x22310001, 0x8e020000,
	0x00000000, 0x00021940, 0x3c028014, 0x24428b1c,
	0x00431021, 0x8c420000, 0x00000000, 0x0222082a,
	0x1420ffed, 0x00000000, 0x24110001, 0x1000003f,
	0x00000000, 0x24020001, 0xafa200cc, 0x87a2002a,
	0x00000000, 0xafa200c8, 0x24020002, 0xafa20024,
	0x10000019, 0x00000000, 0x8fa300c8, 0x8fa20024,
	0x00000000, 0x00021040, 0x03a21021, 0x84420028,
	0x00000000, 0x0043082a, 0x1020000b, 0x00000000,
	0x8fa20024, 0x00000000, 0xafa200cc, 0x8fa20024,
	0x00000000, 0x00021040, 0x03a21021, 0x84420028,
	0x00000000, 0xafa200c8, 0x8fa20024, 0x00000000,
	0x20420001, 0xafa20024, 0x8fa40024, 0x8e020000,
	0x00000000, 0x00021940, 0x3c028014, 0x24428b1c,
	0x00431021, 0x8c420000, 0x00000000, 0x0082082a,
	0x1420ffdd, 0x00000000, 0x8fa200cc, 0x00000000,
	0x00022400, 0x00042403, 0x2222ffff, 0x00021840,
	0x3c028006, 0x244254a4, 0x00431021, 0xa4440000,
	0x24031000, 0x8fa200cc, 0x00000000, 0x00021040,
	0x03a21021, 0xa4430028, 0x22310001, 0x8e020000,
	0x00000000, 0x00021940, 0x3c028014, 0x24428b1c,
	0x00431021, 0x8c420000, 0x00000000, 0x0222082a,
	0x1420ffb8, 0x00000000, 0x2404080a, 0x8fa50020,
	0x3c068006, 0x24c60048, 0x3c078006, 0x24e70040,
	0x0c028a8b, 0x00000000, 0x8fbf001c, 0x8fb20018,
	0x8fb10014, 0x8fb00010, 0x27bd00d0, 0x03e00008,
	0x00000000, 0x27bdff98, 0xafbf002c, 0xafb20028,
	0xafb10024, 0xafb00020, 0xafa40068, 0x00a08021,
	0xafa60070, 0xafa70074, 0x87a30074, 0x00000000,
	0x000310c0, 0x00431022, 0x00021840, 0x3c028013,
	0x24425114, 0x00438821, 0x8622000c, 0x00000000,
	0xafa20038, 0x3c018017, 0x8c22c7b8, 0x00000000,
	0x00021940, 0x3c028014, 0x24428b1c, 0x00431021,
	0x90420009, 0x00000000, 0xa7a20062, 0x87a20074,
	0x00000000, 0x00021940, 0x3c028014, 0x24428b1c,
	0x00431021, 0x90420009, 0x00000000, 0xa7a20060,
	0x87a20074, 0x2401000b, 0x10410017, 0x00000000,
	0x87a20074, 0x24010027, 0x10410013, 0x00000000,
	0x87a20074, 0x24010035, 0x1041000f, 0x00000000,
	0x87a20074, 0x24010006, 0x1041000b, 0x00000000,
	0x3c018017, 0x8c22c7b8, 0x24010027, 0x10410006,
	0x00000000, 0x87a20060, 0x00000000, 0x28410003,
	0x1020000e, 0x00000000, 0x8622000a, 0x00000000,
	0x00022e00, 0x00052e03, 0x02002021, 0x87a60074,
	0x0c0193e9, 0x00000000, 0x8622000c, 0x00000000,
	0xafa20038, 0x100000de, 0x00000000, 0x838293ee,
	0x00000000, 0x144000d7, 0x00000000, 0x86030010,
	0x86220000, 0x00000000, 0x0062082a, 0x1420000d,
	0x00000000, 0x86230000, 0x2402000a, 0x0062001a,
	0x00001012, 0x00021c00, 0x00031c03, 0x86020010,
	0x00000000, 0x00431020, 0xa6020010, 0x1000000d,
	0x00000000, 0x86030010, 0x86220000, 0x00000000,
	0x00431020, 0x0002c843, 0x04410003, 0x00000000,
	0x24420001, 0x0002c843, 0x00191400, 0x00021403,
	0xa6020010, 0x86030012, 0x86220002, 0x00000000,
	0x0062082a, 0x1420000d, 0x00000000, 0x86230002,
	0x2402000a, 0x0062001a, 0x00001012, 0x00021c00,
	0x00031c03, 0x86020012, 0x00000000, 0x00431020,
	0xa6020012, 0x1000000d, 0x00000000, 0x86230002,
	0x86020012, 0x00000000, 0x00621020, 0x0002c843,
	0x04410003, 0x00000000, 0x24420001, 0x0002c843,
	0x00191400, 0x00021403, 0xa6020012, 0x86030000,
	0x86220004, 0x00000000, 0x0062082a, 0x1420000d,
	0x00000000, 0x86230004, 0x2402000a, 0x0062001a,
	0x00001012, 0x00021c00, 0x00031c03, 0x86020000,
	0x00000000, 0x00431020, 0xa6020000, 0x1000000d,
	0x00000000, 0x86230004, 0x86020000, 0x00000000,
	0x00621020, 0x0002c843, 0x04410003, 0x00000000,
	0x24420001, 0x0002c843, 0x00191400, 0x00021403,
	0xa6020000, 0x86030002, 0x86220006, 0x00000000,
	0x0062082a, 0x1420000d, 0x00000000, 0x86230006,
	0x2402000a, 0x0062001a, 0x00001012, 0x00021c00,
	0x00031c03, 0x86020002, 0x00000000, 0x00431020,
	0xa6020002, 0x1000000d, 0x00000000, 0x86230006,
	0x86020002, 0x00000000, 0x00621020, 0x0002c843,
	0x04410003, 0x00000000, 0x24420001, 0x0002c843,
	0x00191400, 0x00021403, 0xa6020002, 0x86030004,
	0x86220008, 0x00000000, 0x0062082a, 0x1420000d,
	0x00000000, 0x86230008, 0x2402000a, 0x0062001a,
	0x00001012, 0x00021c00, 0x00031c03, 0x86020004,
	0x00000000, 0x00431020, 0xa6020004, 0x1000000d,
	0x00000000, 0x86230008, 0x86020004, 0x00000000,
	0x00621020, 0x0002c843, 0x04410003, 0x00000000,
	0x24420001, 0x0002c843, 0x00191400, 0x00021403,
	0xa6020004, 0x86030006, 0x8622000a, 0x00000000,
	0x0062082a, 0x1420000d, 0x00000000, 0x8623000a,
	0x2402000a, 0x0062001a, 0x00001012, 0x00021c00,
	0x00031c03, 0x86020006, 0x00000000, 0x00431020,
	0xa6020006, 0x1000000d, 0x00000000, 0x8623000a,
	0x86020006, 0x00000000, 0x00621020, 0x0002c843,
	0x04410003, 0x00000000, 0x24420001, 0x0002c843,
	0x00191400, 0x00021403, 0xa6020006, 0x0c0194e2,
	0x00000000, 0x8f829348, 0x24010001, 0x1441001d,
	0x00000000, 0x8fa20038, 0x00000000, 0x00021940,
	0x3c028014, 0x24428b1c, 0x00431021, 0x90420009,
	0x24010004, 0x14410005, 0x00000000, 0x24040014,
	0x24050001, 0x0c02bba0, 0x00000000, 0x8fa20038,
	0x00000000, 0x00021940, 0x3c028014, 0x24428b1c,
	0x00431021, 0x90420009, 0x24010005, 0x14410005,
	0x00000000, 0x24040064, 0x24050001, 0x0c02bba0,
	0x00000000, 0x8622000c, 0x00000000, 0xafa20038,
	0x8fa30038, 0x00000000, 0x000310c0, 0x00431022,
	0x00021880, 0x3c028013, 0x24429a2c, 0x00431021,
	0x90430015, 0x8fa20070, 0x00000000, 0xa4430042,
	0x8fa20070, 0x00000000, 0xa4400052, 0x8fa20070,
	0x00000000, 0xa4400054, 0x8fa20038, 0x00000000,
	0x00021940, 0x3c028014, 0x24428b1c, 0x00431021,
	0x90420009, 0x00000000, 0xa7a20060, 0x87a20060,
	0x24010005, 0x1441000b, 0x00000000, 0x838293ee,
	0x00000000, 0x14400007, 0x00000000, 0x8fa30070,
	0x00000000, 0x84620048, 0x00000000, 0x20420060,
	0xa4620048, 0x8fa20038, 0x00000000, 0x00021940,
	0x3c028014, 0x24428b1c, 0x00431021, 0x9042000a,
	0x00000000, 0xa3a20067, 0x93a20067, 0x00000000,
	0x14400004, 0x00000000, 0xa3a00065, 0x1000002f,
	0x00000000, 0x93a20067, 0x24010001, 0x14410005,
	0x00000000, 0x24020028, 0xa3a20065, 0x10000027,
	0x00000000, 0x93a20067, 0x24010002, 0x14410005,
	0x00000000, 0x24020008, 0xa3a20065, 0x1000001f,
	0x00000000, 0x93a20067, 0x24010003, 0x14410005,
	0x00000000, 0x24020020, 0xa3a20065, 0x10000017,
	0x00000000, 0x93a20067, 0x24010004, 0x14410005,
	0x00000000, 0x24020010, 0xa3a20065, 0x1000000f,
	0x00000000, 0x93a20067, 0x24010005, 0x14410005,
	0x00000000, 0x24020018, 0xa3a20065, 0x10000007,
	0x00000000, 0x93a20067, 0x24010006, 0x14410003,
	0x00000000, 0x24020031, 0xa3a20065, 0x8fa20038,
	0x00000000, 0x00021940, 0x3c028014, 0x24428b1c,
	0x00431021, 0x2442000f, 0xafa2004c, 0xafa00050,
	0x00009021, 0x10000022, 0x00000000, 0x93a30065,
	0x8fa2004c, 0x00000000, 0x90420000, 0x00000000,
	0x0043082b, 0x14200015, 0x00000000, 0x8fa2004c,
	0x00000000, 0x90430000, 0x93a20065, 0x00000000,
	0x20420008, 0x0043082a, 0x1420000c, 0x00000000,
	0x8fa2004c, 0x00000000, 0x90430000, 0x8fa20050,
	0x00000000, 0x03a21021, 0xa043003c, 0x8fa20050,
	0x00000000, 0x20420001, 0xafa20050, 0x8fa2004c,
	0x00000000, 0x24420001, 0xafa2004c, 0x22520001,
	0x2a410010, 0x1420ffdd, 0x00000000, 0x240300ff,
	0x8fa20050, 0x00000000, 0x03a21021, 0xa043003c,
	0x93a2003c, 0x00000000, 0xa3a20066, 0xafa00050,
	0x1000002d, 0x00000000, 0x93a20066, 0x00000000,
	0x00021900, 0x3c028013, 0x2442fcb8, 0x00431021,
	0x84440004, 0x8fa20050, 0x00000000, 0x03a21021,
	0x9042003c, 0x00000000, 0x00021900, 0x3c028013,
	0x2442fcb8, 0x00431021, 0x84420004, 0x00000000,
	0x0044082a, 0x10200014, 0x00000000, 0x8fa20050,
	0x00000000, 0x03a21021, 0x9042003c, 0x00000000,
	0x00021900, 0x3c028013, 0x2442fcb8, 0x00431021,
	0x84420004, 0x00000000, 0x10400007, 0x00000000,
	0x8fa20050, 0x00000000, 0x03a21021, 0x9042003c,
	0x00000000, 0xa3a20066, 0x8fa20050, 0x00000000,
	0x20420001, 0xafa20050, 0x8fa20050, 0x00000000,
	0x03a21021, 0x9042003c, 0x240100ff, 0x1441ffce,
	0x00000000, 0x93a40066, 0x0c0405ed, 0x00000000,
	0x8fa20038, 0x00000000, 0x00021940, 0x3c028014,
	0x24428b1c, 0x00431021, 0x2442000f, 0xafa2004c,
	0x00009021, 0x1000000b, 0x00000000, 0x8fa3004c,
	0x00000000, 0x24620001, 0xafa2004c, 0x90630000,
	0x93a20066, 0x00000000, 0x10620005, 0x00000000,
	0x22520001, 0x2a410010, 0x1420fff4, 0x00000000,
	0x2242002e, 0x304200ff, 0x3c018017, 0xa022c7fc,
	0x240200ff, 0x3c018017, 0xa022c7fd, 0x240200ff,
	0x3c018017, 0xa022c7fe, 0x8fa20038, 0x00000000,
	0x00021940, 0x3c028014, 0x24428b1c, 0x00431021,
	0x90420009, 0x00000000, 0x2c410003, 0x10200004,
	0x00000000, 0x2402002e, 0x3c018017, 0xa022c7fc,
	0x2412000f, 0x1000002b, 0x00000000, 0x8fa20038,
	0x00000000, 0x00021940, 0x3c028014, 0x24428b1c,
	0x00431021, 0x02421021, 0x9042000f, 0x240100ff,
	0x1041001f, 0x00000000, 0x8fa20038, 0x00000000,
	0x00021940, 0x3c028014, 0x24428b1c, 0x00431021,
	0x02421021, 0x9042000f, 0x00000000, 0x2c41003a,
	0x14200013, 0x00000000, 0x8fa20038, 0x00000000,
	0x00021940, 0x3c028014, 0x24428b1c, 0x00431021,
	0x02421021, 0x9042000f, 0x00000000, 0x2c410071,
	0x10200007, 0x00000000, 0x2242002e, 0x304200ff,
	0x3c018017, 0xa022c7ff, 0x10000004, 0x00000000,
	0x2252ffff, 0x0641ffd5, 0x00000000, 0x06410004,
	0x00000000, 0x240200ff, 0x3c018017, 0xa022c7ff,
	0x3c018017, 0x8c22c7b8, 0x00000000, 0x00021940,
	0x3c028014, 0x24428b1c, 0x00431021, 0x90420009,
	0x00000000, 0xa7a20060, 0x8fa20068, 0x00000000,
	0x8c420004, 0x00000000, 0x8c420078, 0x00000000,
	0x00021400, 0x00021403, 0xa7a20054, 0x8fa20068,
	0x00000000, 0x8c420004, 0x00000000, 0x8c42007c,
	0x00000000, 0x00021400, 0x00021403, 0xa7a20056,
	0x8fa20068, 0x00000000, 0x8c420004, 0x00000000,
	0x8c420080, 0x00000000, 0x00021400, 0x00021403,
	0xa7a20058, 0x8fa20068, 0x00000000, 0x8c420004,
	0x00000000, 0x84420070, 0x00000000, 0xa7a2005a,
	0x8fa20068, 0x00000000, 0x8c420004, 0x00000000,
	0x84420072, 0x00000000, 0xa7a2005c, 0x8fa20068,
	0x00000000, 0x8c420004, 0x00000000, 0x84420074,
	0x00000000, 0xa7a2005e, 0x3c018017, 0x8c22c7b8,
	0x00000000, 0xafa20034, 0x3c018017, 0x8c24c7b8,
	0x24050001, 0x0c02814d, 0x00000000, 0x3c018014,
	0xac20a470, 0x8fa40034, 0x24050003, 0x0c027f59,
	0x00000000, 0x87a2005a, 0x00000000, 0xafa20010,
	0x87a2005c, 0x00000000, 0xafa20014, 0x87a2005e,
	0x00000000, 0xafa20018, 0x87a50054, 0x87a60056,
	0x87a70058, 0x8fa40038, 0x0c0296d3, 0x00000000,
	0x8fa20038, 0x00000000, 0x3044ffff, 0x0c03f174,
	0x00000000, 0x87a40062, 0x8fa20038, 0x00000000,
	0x00021940, 0x3c028014, 0x24428b1c, 0x00431021,
	0x90420009, 0x00000000, 0x10820004, 0x00000000,
	0x8fa20070, 0x00000000, 0xa4400056, 0x8fbf002c,
	0x8fb20028, 0x8fb10024, 0x8fb00020, 0x27bd0068,
	0x03e00008, 0x00000000, 0x27bdffe0, 0xafbf0018,
	0xafb10014, 0xafb00010, 0x00808021, 0x00a08821,
	0x838293ee, 0x00000000, 0x144000ea, 0x00000000,
	0x3c018017, 0x8c22c7b8, 0x24010027, 0x10410045,
	0x00000000, 0x86020010, 0x00000000, 0x00510018,
	0x00001812, 0x2402000a, 0x00000000, 0x0062001a,
	0x00001012, 0x00021400, 0x00021403, 0xa6020010,
	0x86020012, 0x00000000, 0x00510018, 0x00001812,
	0x2402000a, 0x00000000, 0x0062001a, 0x00001012,
	0x00021400, 0x00021403, 0xa6020012, 0x86020000,
	0x00000000, 0x00510018, 0x00001812, 0x2402000a,
	0x00000000, 0x0062001a, 0x00001012, 0x00021400,
	0x00021403, 0xa6020000, 0x86020002, 0x00000000,
	0x00510018, 0x00001812, 0x2402000a, 0x00000000,
	0x0062001a, 0x00001012, 0x00021400, 0x00021403,
	0xa6020002, 0x86020004, 0x00000000, 0x00510018,
	0x00001812, 0x2402000a, 0x00000000, 0x0062001a,
	0x00001012, 0x00021400, 0x00021403, 0xa6020004,
	0x86020006, 0x00000000, 0x00510018, 0x00001812,
	0x2402000a, 0x00000000, 0x0062001a, 0x00001012,
	0x00021400, 0x00021403, 0xa6020006, 0x1000008d,
	0x00000000, 0x3c018014, 0x8422fa5e, 0x00000000,
	0x0002c843, 0x04410003, 0x00000000, 0x24420001,
	0x0002c843, 0x86020010, 0x00000000, 0x00591022,
	0x0002c843, 0x04410003, 0x00000000, 0x24420001,
	0x0002c843, 0x3c018014, 0x8422fa5e, 0x00000000,
	0x00591020, 0x00021400, 0x00021403, 0xa6020010,
	0x3c018014, 0x8422fa60, 0x00000000, 0x0002c843,
	0x04410003, 0x00000000, 0x24420001, 0x0002c843,
	0x86020012, 0x00000000, 0x00591022, 0x0002c843,
	0x04410003, 0x00000000, 0x24420001, 0x0002c843,
	0x3c018014, 0x8422fa60, 0x00000000, 0x00591020,
	0x00021400, 0x00021403, 0xa6020012, 0x3c018014,
	0x8422fa62, 0x00000000, 0x0002c843, 0x04410003,
	0x00000000, 0x24420001, 0x0002c843, 0x86020000,
	0x00000000, 0x00591022, 0x0002c843, 0x04410003,
	0x00000000, 0x24420001, 0x0002c843, 0x3c018014,
	0x8422fa62, 0x00000000, 0x00591020, 0x00021400,
	0x00021403, 0xa6020000, 0x3c018014, 0x8422fa64,
	0x00000000, 0x0002c843, 0x04410003, 0x00000000,
	0x24420001, 0x0002c843, 0x86020002, 0x00000000,
	0x00591022, 0x0002c843, 0x04410003, 0x00000000,
	0x24420001, 0x0002c843, 0x3c018014, 0x8422fa64,
	0x00000000, 0x00591020, 0x00021400, 0x00021403,
	0xa6020002, 0x3c018014, 0x8422fa66, 0x00000000,
	0x0002c843, 0x04410003, 0x00000000, 0x24420001,
	0x0002c843, 0x86020004, 0x00000000, 0x00591022,
	0x0002c843, 0x04410003, 0x00000000, 0x24420001,
	0x0002c843, 0x3c018014, 0x8422fa66, 0x00000000,
	0x00591020, 0x00021400, 0x00021403, 0xa6020004,
	0x3c018014, 0x8422fa68, 0x00000000, 0x0002c843,
	0x04410003, 0x00000000, 0x24420001, 0x0002c843,
	0x86020006, 0x00000000, 0x00591022, 0x0002c843,
	0x04410003, 0x00000000, 0x24420001, 0x0002c843,
	0x3c018014, 0x8422fa68, 0x00000000, 0x00591020,
	0x00021400, 0x00021403, 0xa6020006, 0x3c018014,
	0xa420fa06, 0x0c0194e2, 0x00000000, 0x86030014,
	0x86020010, 0x00000000, 0x0043082a, 0x10200004,
	0x00000000, 0x86020010, 0x00000000, 0xa6020014,
	0x86030016, 0x86020012, 0x00000000, 0x0043082a,
	0x10200004, 0x00000000, 0x86020012, 0x00000000,
	0xa6020016, 0x8fbf0018, 0x8fb10014, 0x8fb00010,
	0x27bd0020, 0x03e00008, 0x00000000, 0x27bdfff8,
	0xafb00000, 0x3c108017, 0x2610c7f0, 0x86020010,
	0x00000000, 0x28412710, 0x14200003, 0x00000000,
	0x2402270f, 0xa6020010, 0x86020012, 0x00000000,
	0x28412710, 0x14200003, 0x00000000, 0x2402270f,
	0xa6020012, 0x86020000, 0x00000000, 0x284103e8,
	0x14200003, 0x00000000, 0x240203e7, 0xa6020000,
	0x86020002, 0x00000000, 0x284103e8, 0x14200003,
	0x00000000, 0x240203e7, 0xa6020002, 0x86020004,
	0x00000000, 0x284103e8, 0x14200003, 0x00000000,
	0x240203e7, 0xa6020004, 0x86020006, 0x00000000,
	0x284103e8, 0x14200003, 0x00000000, 0x240203e7,
	0xa6020006, 0x8fb00000, 0x27bd0008, 0x03e00008,
	0x00000000, 0x800600dc, 0x800602ec, 0x80060354,
	0x8006100c, 0x8006114c, 0xffffff00, 0xffffffff,
	0xffffffff, 0xffffffff, 0xffffff01, 0xffffffff,
	0xff02ffff, 0xffffffff, 0xff03ffff, 0xff04ffff,
	0x0006ff05, 0x04030201, 0x02030405, 0x00000001,
	0x00000000, 0x00000000, 0x00000000, 0x00000000,
	0x00000000, 0x00000000, 0x00000000, 0x00000000,
	0x00000000, 0x00000000, 0x00000000, 0x00000000,
	0x00000000, 0x00000000, 0x00000000, 0x00000000,
	0x00000000, 0x00000000, 0x00000000, 0x00000000,
	0x00000000, 0x00000000, 0x00000000, 0x00000000,
	0x00000000, 0x00000000, 0x00000000, 0x00000000,
	0x00000000, 0x00000000, 0x00000000, 0x00000000,
	0x00000000, 0x00000000, 0x00000000, 0x00000000,
	0x00000000, 0x00000000, 0x00000000, 0x00000000,
	0x00000000, 0x00000000, 0x00000000, 0x00000000,
	0x00000000, 0x00000000, 0x00000000, 0x00000000,
	0x00000000, 0x00000000, 0x00000000, 0x00000000,
	0x00000000, 0x00000000, 0x00000000, 0x00000000,
	0x00000000, 0x00000000, 0x00000000, 0x00000000,
	0x00000000, 0x00000000, 0x00000000, 0x00000000,
	0x00000000, 0x00000000, 0x00000000, 0x00000000,
	0x00000000, 0x00000000, 0x00000000, 0x00000000,
	0x00000000, 0x00000000, 0x00000000, 0x00000000,
	0x00000000, 0x00000000, 0x00000000, 0x00000000,
	0x00000000, 0x00000000, 0x00000000, 0x00000000,
	0x00000000, 0x00000000, 0x00000000, 0x00000000,
	0x00000000, 0x27bdffe0, 0xafbf0018, 0xafb10014,
	0xafb00010, 0xafa40020, 0x00008821, 0x1000000a,
	0x00000000, 0x00111900, 0x3c028009, 0x244295b8,
	0x00431021, 0x84420000, 0x2401ffff, 0x10410005,
	0x00000000, 0x22310001, 0x2a210004, 0x1420fff5,
	0x00000000, 0x24010004, 0x16210004, 0x00000000,
	0x2402ffff, 0x10000024, 0x00000000, 0x00111900,
	0x3c028009, 0x244295b8, 0x00438021, 0xa6000000,
	0xa6000002, 0xa6000004, 0x8fa20020, 0x00000000,
	0xae02000c, 0x0c0244f7, 0x00000000, 0x00021400,
	0x00021403, 0xa6020006, 0x0c0244f7, 0x00000000,
	0x00021400, 0x00021403, 0xa6020008, 0x0c0244f7,
	0x00000000, 0x00021400, 0x00021403, 0xa602000a,
	0xa6000004, 0x24040806, 0x02202821, 0x3c068008,
	0x24c611bc, 0x3c078008, 0x24e71024, 0x0c028a8b,
	0x00000000, 0x02201021, 0x8fbf0018, 0x8fb10014,
	0x8fb00010, 0x27bd0020, 0x03e00008, 0x00000000,
	0x27bdffe0, 0xafbf0018, 0xafb10014, 0xafb00010,
	0x00808821, 0xafa50024, 0x00111900, 0x3c028009,
	0x244295b8, 0x00438021, 0x0620000f, 0x00000000,
	0x2a210004, 0x1020000c, 0x00000000, 0x8e03000c,
	0x8fa20024, 0x00000000, 0x14620007, 0x00000000,
	0x2402ffff, 0xa6020000, 0x24040806, 0x02202821,
	0x0c028acd, 0x00000000, 0x8fbf0018, 0x8fb10014,
	0x8fb00010, 0x27bd0020, 0x03e00008, 0x00000000,
	0x27bdfff8, 0xafb00000, 0x00008021, 0x10000008,
	0x00000000, 0x2404ffff, 0x001018c0, 0x3c028009,
	0x24429634, 0x00431021, 0xa4440000, 0x22100001,
	0x2a010019, 0x1420fff7, 0x00000000, 0x8fb00000,
	0x27bd0008, 0x03e00008, 0x00000000, 0x27bdffc0,
	0xafbf0024, 0xafb20020, 0xafb1001c, 0xafb00018,
	0xafa40040, 0x8fa30040, 0x00000000, 0x00031040,
	0x00431020, 0x00021880, 0x3c028009, 0x244295f8,
	0x00438021, 0x86020004, 0x24010002, 0x10410023,
	0x00000000, 0x24010001, 0x10410013, 0x00000000,
	0x1440002a, 0x00000000, 0x86030002, 0x86020000,
	0x00000000, 0x00621822, 0x00031080, 0x00431820,
	0x00031080, 0x00621020, 0x00021880, 0x24020014,
	0x0062001a, 0x00009012, 0x24111000, 0xafa0003c,
	0x1000001a, 0x00000000, 0x00009021, 0x24111000,
	0x86030000, 0x00000000, 0x30620001, 0x04610004,
	0x00000000, 0x10400002, 0x00000000, 0x2442fffe,
	0xafa2003c, 0x1000000d, 0x00000000, 0x00009021,
	0x86020000, 0x00000000, 0xafa20010, 0x24041000,
	0x240500cc, 0x00003021, 0x24070005, 0x0c046187,
	0x00000000, 0x00408821, 0xafa0003c, 0x8e020008,
	0x00000000, 0x8c420004, 0x00000000, 0x8c420078,
	0x00000000, 0x00021400, 0x00021403, 0xa7a2002c,
	0x8e020008, 0x00000000, 0x8c420000, 0x00000000,
	0x00021940, 0x3c028014, 0x24428b1c, 0x00431021,
	0x84420006, 0x00000000, 0x00021822, 0x000310c0,
	0x00431022, 0x00021100, 0x00431820, 0x24020064,
	0x0062001a, 0x00001012, 0x00021400, 0x00021403,
	0xa7a2002e, 0x8e020008, 0x00000000, 0x8c420004,
	0x00000000, 0x8c420080, 0x00000000, 0x00021400,
	0x00021403, 0xa7a20030, 0x27a4002c, 0x27a50034,
	0x0c04649b, 0x00000000, 0xafa20038, 0x87a20034,
	0x3c018008, 0xa42248ac, 0x87a20036, 0x3c018008,
	0xa42248ae, 0x00111400, 0x00021403, 0x3c018008,
	0xa42248c4, 0x00111400, 0x00021403, 0x3c018008,
	0xa42248c6, 0x2402000e, 0x3c018008, 0xa42248c0,
	0x240203e8, 0x0242001a, 0x00001812, 0x2402000a,
	0x00000000, 0x0062001a, 0x00001010, 0x000210c0,
	0x304200ff, 0x3c018008, 0xa02248b6, 0x3c048008,
	0x248448a8, 0x8f8594bc, 0x24060022, 0x0c0256f9,
	0x00000000, 0x24020007, 0x3c018008, 0xa42248c0,
	0x24020064, 0x0242001a, 0x00001812, 0x2402000a,
	0x00000000, 0x0062001a, 0x00001010, 0x000210c0,
	0x304200ff, 0x3c018008, 0xa02248b6, 0x3c048008,
	0x248448a8, 0x8f8594bc, 0x24060022, 0x0c0256f9,
	0x00000000, 0x87a20034, 0x3c018008, 0xa42248d0,
	0x87a20036, 0x3c018008, 0xa42248d2, 0x00111400,
	0x00021403, 0x3c018008, 0xa42248e8, 0x00111400,
	0x00021403, 0x3c018008, 0xa42248ea, 0x2402fffe,
	0x3c018008, 0xa42248e4, 0x2402000a, 0x0242001a,
	0x00001812, 0x2402000a, 0x00000000, 0x0062001a,
	0x00001010, 0x00021080, 0x304200ff, 0x3c018008,
	0xa02248da, 0x3c048008, 0x248448cc, 0x8f8594bc,
	0x24060022, 0x0c0256f9, 0x00000000, 0x2402fff8,
	0x3c018008, 0xa42248e4, 0x2402000a, 0x0242001a,
	0x00001010, 0x00021080, 0x304200ff, 0x3c018008,
	0xa02248da, 0x3c048008, 0x248448cc, 0x8f8594bc,
	0x24060022, 0x0c0256f9, 0x00000000, 0x87a20034,
	0x3c018008, 0xa4224864, 0x87a20036, 0x3c018008,
	0xa4224866, 0x8fa2003c, 0x00000000, 0x204201e0,
	0x00021400, 0x00021403, 0x3c018008, 0xa4224872,
	0x00111400, 0x00021403, 0x3c018008, 0xa422487c,
	0x00111400, 0x00021403, 0x3c018008, 0xa422487e,
	0x3c048008, 0x24844860, 0x8f8594bc, 0x24060022,
	0x0c0256f9, 0x00000000, 0x87a20034, 0x3c018008,
	0xa4224888, 0x87a20036, 0x3c018008, 0xa422488a,
	0x8fa2003c, 0x00000000, 0x204201e0, 0x00021400,
	0x00021403, 0x3c018008, 0xa4224896, 0x00111400,
	0x00021403, 0x3c018008, 0xa42248a0, 0x00111400,
	0x00021403, 0x3c018008, 0xa42248a2, 0x3c048008,
	0x24844884, 0x8f8594bc, 0x24060022, 0x0c0256f9,
	0x00000000, 0x8fbf0024, 0x8fb20020, 0x8fb1001c,
	0x8fb00018, 0x27bd0040, 0x03e00008, 0x00000000,
	0x27bdffe0, 0xafbf0018, 0xafb10014, 0xafb00010,
	0x00808821, 0x00111040, 0x00511020, 0x00021880,
	0x3c028009, 0x244295f8, 0x00438021, 0x86020000,
	0x00000000, 0x20420001, 0xa6020000, 0x86020004,
	0x24010002, 0x10410026, 0x00000000, 0x24010001,
	0x10410018, 0x00000000, 0x1440002a, 0x00000000,
	0x86030000, 0x24020006, 0x0062001a, 0x00001010,
	0x14400004, 0x00000000, 0x8e040008, 0x0c020681,
	0x00000000, 0x86030000, 0x86020002, 0x00000000,
	0x0062082a, 0x1420001b, 0x00000000, 0x24020001,
	0xa6020004, 0x24020001, 0xa6020000, 0x10000015,
	0x00000000, 0x86020000, 0x00000000, 0x28410008,
	0x14200010, 0x00000000, 0x24020002, 0xa6020004,
	0x24020001, 0xa6020000, 0x1000000a, 0x00000000,
	0x86020000, 0x00000000, 0x28410005, 0x14200005,
	0x00000000, 0x02202021, 0x8e050008, 0x0c0207be,
	0x00000000, 0x8fbf0018, 0x8fb10014, 0x8fb00010,
	0x27bd0020, 0x03e00008, 0x00000000, 0x27bdffe8,
	0xafbf0014, 0xafb00010, 0x00008021, 0x1000000c,
	0x00000000, 0x2404ffff, 0x001018c0, 0x3c028009,
	0x24429634, 0x00431021, 0xa4440000, 0x24040810,
	0x02002821, 0x0c028acd, 0x00000000, 0x22100001,
	0x2a010019, 0x1420fff3, 0x00000000, 0x8fbf0014,
	0x8fb00010, 0x27bd0018, 0x03e00008, 0x00000000,
	0x27bdffe0, 0xafbf0018, 0xafb10014, 0xafb00010,
	0xafa40020, 0x00008021, 0x1000000a, 0x00000000,
	0x001018c0, 0x3c028009, 0x24429634, 0x00431021,
	0x84420000, 0x2401ffff, 0x10410005, 0x00000000,
	0x22100001, 0x2a010019, 0x1420fff5, 0x00000000,
	0x24010019, 0x16010004, 0x00000000, 0x2402ffff,
	0x10000012, 0x00000000, 0x001018c0, 0x3c028009,
	0x24429634, 0x00438821, 0xa6200000, 0x8fa20020,
	0x00000000, 0xae220004, 0x24040810, 0x02002821,
	0x3c068008, 0x24c61d10, 0x3c078008, 0x24e71ac8,
	0x0c028a8b, 0x00000000, 0x02001021, 0x8fbf0018,
	0x8fb10014, 0x8fb00010, 0x27bd0020, 0x03e00008,
	0x00000000, 0x27bdff50, 0xafbf0028, 0xafb10024,
	0xafb00020, 0xafa400b0, 0x8fa200b0, 0x00000000,
	0x000218c0, 0x3c028009, 0x24429634, 0x00438021,
	0x8e020004, 0x00000000, 0x8c420004, 0x00000000,
	0x8c420078, 0x00000000, 0x00021400, 0x00021403,
	0xa7a20030, 0x86020000, 0x00000000, 0xafa20010,
	0x8e020004, 0x00000000, 0x8c420000, 0x00000000,
	0x00021940, 0x3c028014, 0x24428b1c, 0x00431021,
	0x84420006, 0x00000000, 0x00021822, 0x000310c0,
	0x00431022, 0x00021100, 0x00431820, 0x24020064,
	0x0062001a, 0x00002012, 0x8e020004, 0x00000000,
	0x8c420004, 0x00000000, 0x8c45007c, 0x00003021,
	0x2407000f, 0x0c046187, 0x00000000, 0x00021400,
	0x00021403, 0xa7a20032, 0x8e020004, 0x00000000,
	0x8c420004, 0x00000000, 0x8c420080, 0x00000000,
	0x00021400, 0x00021403, 0xa7a20034, 0x8e020004,
	0x00000000, 0x8c420000, 0x00000000, 0x00021940,
	0x3c028014, 0x24428b1c, 0x00431021, 0x84420004,
	0x00000000, 0x00021b80, 0x2402015e, 0x0062001a,
	0x00008812, 0x86020000, 0x00000000, 0x28410004,
	0x10200010, 0x00000000, 0x86020000, 0x00000000,
	0xafa20010, 0x00111080, 0x00511020, 0x00021840,
	0x24020064, 0x0062001a, 0x00002012, 0x02202821,
	0x00003021, 0x24070004, 0x0c046187, 0x00000000,
	0x00408821, 0x27828d20, 0x84450000, 0x84440002,
	0x84430004, 0x84420006, 0xa7a50098, 0xa7a4009a,
	0xa7a3009c, 0xa7a2009e, 0x3c018008, 0x8c2548f0,
	0x3c018008, 0x8c2448f4, 0x3c018008, 0x8c2348f8,
	0x3c018008, 0x8c2248fc, 0xafa500a0, 0xafa400a4,
	0xafa300a8, 0xafa200ac, 0x87a20030, 0x00000000,
	0xafa20088, 0x87a20032, 0x00000000, 0xafa2008c,
	0x87a20034, 0x00000000, 0xafa20090, 0xafb100a8,
	0xafb100a0, 0x27a20088, 0xafa20010, 0x27a20098,
	0xafa20014, 0x27a200a0, 0xafa20018, 0x8f849658,
	0x00002821, 0x27a60038, 0x00003821, 0x0c04657b,
	0x00000000, 0x8fbf0028, 0x8fb10024, 0x8fb00020,
	0x27bd00b0, 0x03e00008, 0x00000000, 0x27bdffe0,
	0xafbf0018, 0xafb10014, 0xafb00010, 0x00808821,
	0x001118c0, 0x3c028009, 0x24429634, 0x00438021,
	0x86020000, 0x00000000, 0x20420001, 0xa6020000,
	0x86020000, 0x00000000, 0x28410010, 0x14200007,
	0x00000000, 0x2402ffff, 0xa6020000, 0x24040810,
	0x02202821, 0x0c028acd, 0x00000000, 0x8fbf0018,
	0x8fb10014, 0x8fb00010, 0x27bd0020, 0x03e00008,
	0x00000000, 0x27bdffe8, 0xafbf0014, 0xafb00010,
	0xafa40018, 0x00008021, 0x1000000a, 0x00000000,
	0x2404ffff, 0x00101040, 0x00501020, 0x00021880,
	0x3c028009, 0x244295f8, 0x00431021, 0xa4440000,
	0x22100001, 0x2a010005, 0x1420fff5, 0x00000000,
	0x0c0204fd, 0x00000000, 0x8fa20018, 0x00000000,
	0xaf829658, 0x8f829658, 0x00000000, 0x24440004,
	0x0c025b6f, 0x00000000, 0x8fbf0014, 0x8fb00010,
	0x27bd0018, 0x03e00008, 0x00000000, 0x27bdffe0,
	0xafbf0018, 0xafb10014, 0xafb00010, 0xafa40020,
	0xafa50024, 0x00008021, 0x1000000c, 0x00000000,
	0x00101040, 0x00501020, 0x00021880, 0x3c028009,
	0x244295f8, 0x00431021, 0x84420000, 0x2401ffff,
	0x10410005, 0x00000000, 0x22100001, 0x2a010005,
	0x1420fff3, 0x00000000, 0x24010005, 0x16010004,
	0x00000000, 0x2402ffff, 0x10000018, 0x00000000,
	0x00101040, 0x00501020, 0x00021880, 0x3c028009,
	0x244295f8, 0x00438821, 0xa6200000, 0x87a20024,
	0x00000000, 0xa6220002, 0xa6200004, 0x8fa20020,
	0x00000000, 0xae220008, 0x2404080f, 0x02002821,
	0x3c068008, 0x24c61884, 0x3c078008, 0x24e71440,
	0x0c028a8b, 0x00000000, 0x02001021, 0x8fbf0018,
	0x8fb10014, 0x8fb00010, 0x27bd0020, 0x03e00008,
	0x00000000, 0x27bdffe0, 0xafbf0018, 0xafb10014,
	0xafb00010, 0x00808821, 0xafa50024, 0x00111040,
	0x00511020, 0x00021880, 0x3c028009, 0x244295f8,
	0x00438021, 0x0620000f, 0x00000000, 0x2a210005,
	0x1020000c, 0x00000000, 0x8e030008, 0x8fa20024,
	0x00000000, 0x14620007, 0x00000000, 0x2402ffff,
	0xa6020000, 0x2404080f, 0x02202821, 0x0c028acd,
	0x00000000, 0x8fbf0018, 0x8fb10014, 0x8fb00010,
	0x27bd0020, 0x03e00008, 0x00000000, 0x27bdffe8,
	0xafbf0014, 0xafb00010, 0x0c020668, 0x00000000,
	0x00008021, 0x1000000e, 0x00000000, 0x2404ffff,
	0x00101040, 0x00501020, 0x00021880, 0x3c028009,
	0x244295f8, 0x00431021, 0xa4440000, 0x2404080f,
	0x02002821, 0x0c028acd, 0x00000000, 0x22100001,
	0x2a010005, 0x1420fff1, 0x00000000, 0x8fbf0014,
	0x8fb00010, 0x27bd0018, 0x03e00008, 0x00000000,
	0x27bdffe0, 0xafb20008, 0xafb10004, 0xafb00000,
	0xafa40020, 0x00a09021, 0xafa60028, 0x8fa20028,
	0x00000000, 0x2451000c, 0x8fa30020, 0x00000000,
	0x000310c0, 0x00431022, 0x00021080, 0x02228820,
	0x8e220014, 0x00000000, 0xafa20018, 0x8e300010,
	0xafa00014, 0x10000027, 0x00000000, 0x8e020000,
	0x00000000, 0x00021603, 0x304200ff, 0xa3a2001f,
	0x93a2001f, 0x2401002f, 0x10410004, 0x00000000,
	0x2401002d, 0x14410017, 0x00000000, 0x8e420000,
	0x00000000, 0x00021400, 0x00021403, 0x00021600,
	0x00021603, 0xa2020014, 0x8e420004, 0x00000000,
	0x00021400, 0x00021403, 0x00021600, 0x00021603,
	0xa2020015, 0x8e420008, 0x00000000, 0x00021400,
	0x00021403, 0x00021600, 0x00021603, 0xa2020016,
	0x22100020, 0x8fa20014, 0x00000000, 0x20420001,
	0xafa20014, 0x8fa30014, 0x8fa20018, 0x00000000,
	0x0062082a, 0x1420ffd5, 0x00000000, 0x8fb20008,
	0x8fb10004, 0x8fb00000, 0x27bd0020, 0x03e00008,
	0x00000000, 0x27bdff40, 0xafbf002c, 0xafb20028,
	0xafb10024, 0xafb00020, 0xafa400c0, 0x8fa200c0,
	0x00000000, 0x000218c0, 0x3c028009, 0x2442979c,
	0x00438021, 0x8e110004, 0x86020000, 0x00000000,
	0x2841000a, 0x1020001c, 0x00000000, 0x86020000,
	0x00000000, 0xafa20010, 0x00002021, 0x24050080,
	0x00003021, 0x24070009, 0x0c046187, 0x00000000,
	0xafa20034, 0x8fa40034, 0x0c028d64, 0x00000000,
	0x24031000, 0x00621822, 0x24020b34, 0x00620018,
	0x00001012, 0x0002cb03, 0x04410003, 0x00000000,
	0x24420fff, 0x0002cb03, 0x232204cc, 0xafa20030,
	0x10000003, 0x00000000, 0x24021000, 0xafa20030,
	0x8e220000, 0x00000000, 0x00021940, 0x3c028014,
	0x24428b1c, 0x00431021, 0x84430004, 0x8fa20030,
	0x00000000, 0x00430018, 0x00001812, 0x24020096,
	0x00000000, 0x0062001a, 0x00001012, 0xafa20030,
	0x86020000, 0x00000000, 0xafa20010, 0x00002021,
	0x24050200, 0x00003021, 0x24070010, 0x0c046187,
	0x00000000, 0xafa20038, 0x86020000, 0x00000000,
	0x28410005, 0x1020000c, 0x00000000, 0x86020000,
	0x00000000, 0x00021300, 0x0002c883, 0x04410003,
	0x00000000, 0x24420003, 0x0002c883, 0x03209021,
	0x10000002, 0x00000000, 0x24121000, 0x8e220000,
	0x00000000, 0x00021940, 0x3c028014, 0x24428b1c,
	0x00431021, 0x84420006, 0x00000000, 0x02420018,
	0x00001812, 0x2402015e, 0x00000000, 0x0062001a,
	0x00009012, 0x8fa40038, 0x0c028d21, 0x00000000,
	0x00121900, 0x00722022, 0x24030064, 0x0083001a,
	0x00001812, 0x00000000, 0x00000000, 0x00620018,
	0x00001012, 0x0002cb03, 0x04410003, 0x00000000,
	0x24420fff, 0x0002cb03, 0x00121100, 0x00521820,
	0x00031080, 0x00621820, 0x24020064, 0x0062001a,
	0x00001012, 0x00599020, 0x27828d30, 0x84450000,
	0x84440002, 0x84430004, 0x84420006, 0xa7a5008c,
	0xa7a4008e, 0xa7a30090, 0xa7a20092, 0x3c018008,
	0x8c254920, 0x3c018008, 0x8c244924, 0x3c018008,
	0x8c234928, 0x3c018008, 0x8c22492c, 0xafa500a4,
	0xafa400a8, 0xafa300ac, 0xafa200b0, 0x8e220004,
	0x00000000, 0x8c420078, 0x00000000, 0xafa20094,
	0x8e220004, 0x00000000, 0x8c42007c, 0x00000000,
	0xafa20098, 0x8e220004, 0x00000000, 0x8c420080,
	0x00000000, 0xafa2009c, 0x8fa20030, 0x00000000,
	0xafa200ac, 0xafa200a4, 0xafb200a8, 0x27a20094,
	0xafa20010, 0x27a2008c, 0xafa20014, 0x27a200a4,
	0xafa20018, 0x86020000, 0x00000000, 0x0002c843,
	0x04410003, 0x00000000, 0x24420001, 0x0002c843,
	0x24020003, 0x0322001a, 0x00001010, 0x00021840,
	0x27828d28, 0x00431021, 0x84450000, 0x8f84965c,
	0x27a6003c, 0x00003821, 0x0c04657b, 0x00000000,
	0x27a20094, 0xafa20010, 0x27a2008c, 0xafa20014,
	0x27a200a4, 0xafa20018, 0x8f84965c, 0x24050003,
	0x27a6003c, 0x00003821, 0x0c04657b, 0x00000000,
	0x0c0244f7, 0x00000000, 0x00021400, 0x00021403,
	0xa7a2008e, 0x8fa30030, 0x00000000, 0x000310c0,
	0x00431822, 0x00031080, 0x00621020, 0x00021880,
	0x24020064, 0x0062001a, 0x00001012, 0xafa200ac,
	0xafa200a4, 0x27a20094, 0xafa20010, 0x27a2008c,
	0xafa20014, 0x27a200a4, 0xafa20018, 0x8f84965c,
	0x24050004, 0x27a6003c, 0x00003821, 0x0c04657b,
	0x00000000, 0x86020000, 0x00000000, 0x28410007,
	0x1020005e, 0x00000000, 0x27828d38, 0x90440000,
	0x90430001, 0x90420002, 0xa3a400b4, 0xa3a300b5,
	0xa3a200b6, 0x86020000, 0x00000000, 0x00021b00,
	0x24020007, 0x0062001a, 0x00001012, 0xafa200bc,
	0x8e220000, 0x00000000, 0x00021940, 0x3c028014,
	0x24428b1c, 0x00431021, 0x84430004, 0x8fa200bc,
	0x00000000, 0x00430018, 0x00001812, 0x24020096,
	0x00000000, 0x0062001a, 0x00001012, 0xafa200bc,
	0x86030000, 0x24020007, 0x00431822, 0x93a200b4,
	0x00000000, 0x00430018, 0x00001812, 0x24020007,
	0x00000000, 0x0062001b, 0x00001012, 0x304200ff,
	0xa3a200b4, 0x86030000, 0x24020007, 0x00431822,
	0x93a200b5, 0x00000000, 0x00430018, 0x00001812,
	0x24020007, 0x00000000, 0x0062001b, 0x00001012,
	0x304200ff, 0xa3a200b5, 0x86030000, 0x24020007,
	0x00431822, 0x93a200b6, 0x00000000, 0x00430018,
	0x00001812, 0x24020007, 0x00000000, 0x0062001b,
	0x00001012, 0x304200ff, 0xa3a200b6, 0xafa000b8,
	0x10000011, 0x00000000, 0x8e240004, 0x8fa200b8,
	0x00000000, 0x000218c0, 0x3c028009, 0x244296fc,
	0x00433021, 0x24840078, 0x8fa500bc, 0x27a700b4,
	0x0c0209bd, 0x00000000, 0x8fa200b8, 0x00000000,
	0x20420002, 0xafa200b8, 0x8fa200b8, 0x00000000,
	0x28410014, 0x1420ffec, 0x00000000, 0x8fbf002c,
	0x8fb20028, 0x8fb10024, 0x8fb00020, 0x27bd00c0,
	0x03e00008, 0x00000000, 0x27bdffd8, 0xafbf0018,
	0xafb10014, 0xafb00010, 0x00808821, 0x001118c0,
	0x3c028009, 0x2442979c, 0x00438021, 0x8e020004,
	0x00000000, 0xafa20024, 0x86020000, 0x00000000,
	0x20420001, 0xa6020000, 0x86030000, 0x86020002,
	0x00000000, 0x0043082a, 0x10200007, 0x00000000,
	0x2404080d, 0x02202821, 0x0c028acd, 0x00000000,
	0x2402ffff, 0xa6020000, 0x8fbf0018, 0x8fb10014,
	0x8fb00010, 0x27bd0028, 0x03e00008, 0x00000000,
	0x27bdffc8, 0xafbf001c, 0xafb20018, 0xafb10014,
	0xafb00010, 0x00808821, 0xafa5003c, 0x00c09021,
	0xafa70044, 0x0c025e27, 0x00000000, 0x00408021,
	0x02002021, 0x0c025565, 0x00000000, 0x02002021,
	0x24050001, 0x0c025559, 0x00000000, 0x8fa20044,
	0x00000000, 0x90420000, 0x00000000, 0xa2020004,
	0x8fa20044, 0x00000000, 0x90420001, 0x00000000,
	0xa2020005, 0x8fa20044, 0x00000000, 0x90420002,
	0x00000000, 0xa2020006, 0x2402003c, 0xa6020016,
	0x24027a4c, 0xa602000e, 0x24020030, 0xa202000c,
	0x240200a8, 0xa202000d, 0x24020037, 0xa2020014,
	0x240200a8, 0xa2020015, 0x24020030, 0xa202001c,
	0x240200af, 0xa202001d, 0x86430000, 0x8fa2003c,
	0x00000000, 0x00620018, 0x00001012, 0x0002cb03,
	0x04410003, 0x00000000, 0x24420fff, 0x0002cb03,
	0x00191400, 0x00021403, 0xa7a20028, 0x86430002,
	0x8fa2003c, 0x00000000, 0x00620018, 0x00001012,
	0x0002cb03, 0x04410003, 0x00000000, 0x24420fff,
	0x0002cb03, 0x00191400, 0x00021403, 0xa7a2002a,
	0x86430004, 0x8fa2003c, 0x00000000, 0x00620018,
	0x00001012, 0x0002cb03, 0x04410003, 0x00000000,
	0x24420fff, 0x0002cb03, 0x00191400, 0x00021403,
	0xa7a2002c, 0x86430008, 0x8fa2003c, 0x00000000,
	0x00620018, 0x00001012, 0x0002cb03, 0x04410003,
	0x00000000, 0x24420fff, 0x0002cb03, 0x00191400,
	0x00021403, 0xa7a20030, 0x8643000a, 0x8fa2003c,
	0x00000000, 0x00620018, 0x00001012, 0x0002cb03,
	0x04410003, 0x00000000, 0x24420fff, 0x0002cb03,
	0x00191400, 0x00021403, 0xa7a20032, 0x8643000c,
	0x8fa2003c, 0x00000000, 0x00620018, 0x00001012,
	0x0002cb03, 0x04410003, 0x00000000, 0x24420fff,
	0x0002cb03, 0x00191400, 0x00021403, 0xa7a20034,
	0x8e220000, 0x00000000, 0x00021400, 0x00021403,
	0xa7a20020, 0x8e220004, 0x00000000, 0x00021400,
	0x00021403, 0xa7a20022, 0x8e220008, 0x00000000,
	0x00021400, 0x00021403, 0xa7a20024, 0x8e220000,
	0x00000000, 0x00021c00, 0x00031c03, 0x87a20028,
	0x00000000, 0x00431020, 0xa7a20028, 0x8e220004,
	0x00000000, 0x00021c00, 0x00031c03, 0x87a2002a,
	0x00000000, 0x00431020, 0xa7a2002a, 0x8e220008,
	0x00000000, 0x00021c00, 0x00031c03, 0x87a2002c,
	0x00000000, 0x00431020, 0xa7a2002c, 0x8e220000,
	0x00000000, 0x00021c00, 0x00031c03, 0x87a20030,
	0x00000000, 0x00431020, 0xa7a20030, 0x8e220004,
	0x00000000, 0x00021c00, 0x00031c03, 0x87a20032,
	0x00000000, 0x00431020, 0xa7a20032, 0x8e220008,
	0x00000000, 0x00021c00, 0x00031c03, 0x87a20034,
	0x00000000, 0x00431020, 0xa7a20034, 0x92020007,
	0x00000000, 0x34420002, 0xa2020007, 0x02002021,
	0x27a50020, 0x27a60028, 0x27a70030, 0x0c046435,
	0x00000000, 0x8fbf001c, 0x8fb20018, 0x8fb10014,
	0x8fb00010, 0x27bd0038, 0x03e00008, 0x00000000,
	0x27bdff60, 0xafbf001c, 0xafb20018, 0xafb10014,
	0xafb00010, 0xafa400a0, 0xafa500a4, 0x8fa200a0,
	0x00000000, 0xafa20054, 0xafa20058, 0x8fa20054,
	0x00000000, 0x24440004, 0x27a5005c, 0x0c025db3,
	0x00000000, 0x87a20060, 0x00000000, 0xa7a20078,
	0x87a20062, 0x00000000, 0xa7a2007a, 0x97a20064,
	0x00000000, 0x00021400, 0x00021403, 0xa7a2007c,
	0x97a20066, 0x00000000, 0x00021400, 0x00021403,
	0xa7a2007e, 0x27a40078, 0x8fa50068, 0x0c025154,
	0x00000000, 0x8fa2005c, 0x00000000, 0x30440003,
	0x87a60060, 0x87a70062, 0x00002821, 0x0c025531,
	0x00000000, 0x8fa2005c, 0x00000000, 0x000210c2,
	0x30420001, 0x10400019, 0x00000000, 0x87a2006c,
	0x00000000, 0xa7a20078, 0x87a2006e, 0x00000000,
	0xa7a2007a, 0x97a20070, 0x00000000, 0x00021400,
	0x00021403, 0xa7a2007c, 0x97a20072, 0x00000000,
	0x00021400, 0x00021403, 0xa7a2007e, 0x27a40078,
	0x8fa50074, 0x0c025154, 0x00000000, 0x87a4006c,
	0x87a5006e, 0x0c025541, 0x00000000, 0x8fa200a4,
	0x00000000, 0xaf82965c, 0x8f82965c, 0x00000000,
	0x24440004, 0x0c025b6f, 0x00000000, 0x3c018008,
	0x8c254900, 0x3c018008, 0x8c244904, 0x3c018008,
	0x8c234908, 0x3c018008, 0x8c22490c, 0xafa50080,
	0xafa40084, 0xafa30088, 0xafa2008c, 0x3c018008,
	0x8c254910, 0x3c018008, 0x8c244914, 0x3c018008,
	0x8c234918, 0x3c018008, 0x8c22491c, 0xafa50090,
	0xafa40094, 0xafa30098, 0xafa2009c, 0x00002021,
	0x27a50080, 0x8f86965c, 0x0c0207fd, 0x00000000,
	0x24040001, 0x27a50080, 0x8f86965c, 0x0c0207fd,
	0x00000000, 0x24040002, 0x27a50080, 0x8f86965c,
	0x0c0207fd, 0x00000000, 0x24040003, 0x27a50090,
	0x8f86965c, 0x0c0207fd, 0x00000000, 0x24040004,
	0x27a50080, 0x8f86965c, 0x0c0207fd, 0x00000000,
	0x00008021, 0x10000008, 0x00000000, 0x2404ffff,
	0x001018c0, 0x3c028009, 0x2442979c, 0x00431021,
	0xa4440000, 0x22100001, 0x2a010002, 0x1420fff7,
	0x00000000, 0x3c118009, 0x263196fc, 0x00009021,
	0x10000042, 0x00000000, 0x0c0244f7, 0x00000000,
	0x2403001e, 0x0043001a, 0x00001010, 0x2042001e,
	0x00021400, 0x00021403, 0xa7a20044, 0xa7a00046,
	0x0c0244f7, 0x00000000, 0x24030190, 0x0043001a,
	0x00001010, 0x20420320, 0x00021400, 0x00021403,
	0xa7a20048, 0x0c0244f7, 0x00000000, 0x30430fff,
	0x04410004, 0x00000000, 0x10600002, 0x00000000,
	0x2463f000, 0x00031100, 0x00431822, 0x00031080,
	0x00431022, 0x00021880, 0x24020168, 0x0062001a,
	0x00001012, 0x00021400, 0x00021403, 0xa7a2004c,
	0x0c0244f7, 0x00000000, 0x00021400, 0x00021403,
	0xa7a2004e, 0xa7a00050, 0x27a4004c, 0x27a50024,
	0x0c026a49, 0x00000000, 0x02203021, 0x24d10008,
	0x27a40024, 0x27a50044, 0x0c026725, 0x00000000,
	0x87a20044, 0x00000000, 0x00021022, 0xa7a20044,
	0x02203021, 0x24d10008, 0x27a40024, 0x27a50044,
	0x0c026725, 0x00000000, 0x22520001, 0x2a41000a,
	0x1420ffbd, 0x00000000, 0x8fbf001c, 0x8fb20018,
	0x8fb10014, 0x8fb00010, 0x27bd00a0, 0x03e00008,
	0x00000000, 0x27bdffe0, 0xafbf0018, 0xafb10014,
	0xafb00010, 0xafa40020, 0xafa50024, 0x00008021,
	0x1000000a, 0x00000000, 0x001018c0, 0x3c028009,
	0x2442979c, 0x00431021, 0x84420000, 0x00000000,
	0x04400005, 0x00000000, 0x22100001, 0x2a010002,
	0x1420fff5, 0x00000000, 0x24010002, 0x16010004,
	0x00000000, 0x2402ffff, 0x10000017, 0x00000000,
	0x001018c0, 0x3c028009, 0x2442979c, 0x00438821,
	0xa6200000, 0x8fa20024, 0x00000000, 0x00021400,
	0x00021403, 0xa6220002, 0x8fa20020, 0x00000000,
	0xae220004, 0x2404080d, 0x02002821, 0x3c068008,
	0x24c6266c, 0x3c078008, 0x24e72118, 0x0c028a8b,
	0x00000000, 0x02001021, 0x8fbf0018, 0x8fb10014,
	0x8fb00010, 0x27bd0020, 0x03e00008, 0x00000000,
	0x27bdffe8, 0xafbf0014, 0xafb00010, 0x00808021,
	0x2404080d, 0x02002821, 0x0c028acd, 0x00000000,
	0x2404ffff, 0x001018c0, 0x3c028009, 0x2442979c,
	0x00431021, 0xa4440000, 0x8fbf0014, 0x8fb00010,
	0x27bd0018, 0x03e00008, 0x00000000, 0x27bdffe8,
	0xafbf0014, 0xafb00010, 0x00008021, 0x10000005,
	0x00000000, 0x02002021, 0x0c020ba5, 0x00000000,
	0x22100001, 0x2a010002, 0x1420fffa, 0x00000000,
	0x8fbf0014, 0x8fb00010, 0x27bd0018, 0x03e00008,
	0x00000000, 0x27bdff88, 0xafbf0020, 0xafb1001c,
	0xafb00018, 0xafa40078, 0x8fa30078, 0x00000000,
	0x000310c0, 0x00431020, 0x00021880, 0x8f829660,
	0x00000000, 0x00438021, 0x0c025e27, 0x00000000,
	0x00408821, 0x3c018008, 0x8c254f3c, 0x3c018008,
	0x8c244f40, 0x3c018008, 0x8c234f44, 0x3c018008,
	0x8c224f48, 0xafa50048, 0xafa4004c, 0xafa30050,
	0xafa20054, 0x2604000c, 0x27a50028, 0x0c026901,
	0x00000000, 0x27a40028, 0x27858d3c, 0x27a60058,
	0x0c026725, 0x00000000, 0x27a40028, 0x27858d44,
	0x27a60060, 0x0c026725, 0x00000000, 0x27a40028,
	0x27858d4c, 0x27a60068, 0x0c026725, 0x00000000,
	0x27a40028, 0x27858d54, 0x27a60070, 0x0c026725,
	0x00000000, 0x87a30058, 0x86020004, 0x00000000,
	0x00621020, 0xa7a20058, 0x87a3005a, 0x86020006,
	0x00000000, 0x00621020, 0xa7a2005a, 0x87a3005c,
	0x86020008, 0x00000000, 0x00621020, 0xa7a2005c,
	0x87a30060, 0x86020004, 0x00000000, 0x00621020,
	0xa7a20060, 0x87a30062, 0x86020006, 0x00000000,
	0x00621020, 0xa7a20062, 0x87a30064, 0x86020008,
	0x00000000, 0x00621020, 0xa7a20064, 0x87a30068,
	0x86020004, 0x00000000, 0x00621020, 0xa7a20068,
	0x87a3006a, 0x86020006, 0x00000000, 0x00621020,
	0xa7a2006a, 0x87a3006c, 0x86020008, 0x00000000,
	0x00621020, 0xa7a2006c, 0x87a30070, 0x86020004,
	0x00000000, 0x00621020, 0xa7a20070, 0x87a30072,
	0x86020006, 0x00000000, 0x00621020, 0xa7a20072,
	0x87a30074, 0x86020008, 0x00000000, 0x00621020,
	0xa7a20074, 0x02202021, 0x0c025575, 0x00000000,
	0x92220007, 0x00000000, 0x34420002, 0xa2220007,
	0x24020080, 0xa2220006, 0x304200ff, 0xa2220005,
	0x304200ff, 0xa2220004, 0x2402003c, 0xa6220016,
	0x24027b0c, 0xa622000e, 0x8e02001c, 0x00000000,
	0x8442000a, 0x00000000, 0x20420060, 0x304200ff,
	0xa222000c, 0x240200a0, 0xa222000d, 0x8e02001c,
	0x00000000, 0x8442000a, 0x00000000, 0x20420067,
	0x304200ff, 0xa2220014, 0x240200a0, 0xa2220015,
	0x8e02001c, 0x00000000, 0x8442000a, 0x00000000,
	0x20420060, 0x304200ff, 0xa222001c, 0x240200a7,
	0xa222001d, 0x8e02001c, 0x00000000, 0x8442000a,
	0x00000000, 0x20420067, 0x304200ff, 0xa2220024,
	0x240200a7, 0xa2220025, 0x27a20070, 0xafa20010,
	0x02202021, 0x27a50058, 0x27a60060, 0x27a70068,
	0x0c04645f, 0x00000000, 0x8fbf0020, 0x8fb1001c,
	0x8fb00018, 0x27bd0078, 0x03e00008, 0x00000000,
	0x27bdffc8, 0xafbf0024, 0xafb20020, 0xafb1001c,
	0xafb00018, 0xafa40038, 0x8fa30038, 0x00000000,
	0x000310c0, 0x00431020, 0x00021880, 0x8f829660,
	0x00000000, 0x00438021, 0x8e020000, 0x00000000,
	0x20420001, 0xae020000, 0x8e020000, 0x00000000,
	0x2841003a, 0x1420000c, 0x00000000, 0x2402ffff,
	0xae020000, 0x8fa20038, 0x00000000, 0x00022c00,
	0x00052c03, 0x24040179, 0x0c028acd, 0x00000000,
	0x10000054, 0x00000000, 0x86030004, 0x86020014,
	0x00000000, 0x00621020, 0xa6020004, 0x86030006,
	0x86020016, 0x00000000, 0x00621020, 0xa6020006,
	0x86030008, 0x86020018, 0x00000000, 0x00621020,
	0xa6020008, 0x26020004, 0xafa2002c, 0x2402002d,
	0xa7a20030, 0x240200c8, 0xa7a20032, 0x2402002d,
	0xa7a20034, 0x27a4002c, 0x8e050020, 0x24060001,
	0x0c02bda9, 0x00000000, 0x00409021, 0x2401ffff,
	0x10410034, 0x00000000, 0x00121880, 0x3c028014,
	0x2442a46c, 0x00431021, 0x8c420000, 0x00000000,
	0x80420053, 0x00000000, 0x1440002a, 0x00000000,
	0x24110001, 0x1000000b, 0x00000000, 0x00111880,
	0x3c028014, 0x2442a46c, 0x00431021, 0x8c430000,
	0x8e020020, 0x00000000, 0x10620005, 0x00000000,
	0x22310001, 0x2a21000a, 0x1420fff4, 0x00000000,
	0x24040001, 0x00121880, 0x3c028014, 0x2442a46c,
	0x00431021, 0x8c420000, 0x00000000, 0xa0440053,
	0xafa00010, 0xafb10014, 0x02402021, 0x24050001,
	0x26060004, 0x24070179, 0x0c028e95, 0x00000000,
	0x2402ffff, 0xae020000, 0x8fa20038, 0x00000000,
	0x00022c00, 0x00052c03, 0x24040179, 0x0c028acd,
	0x00000000, 0x8fbf0024, 0x8fb20020, 0x8fb1001c,
	0x8fb00018, 0x27bd0038, 0x03e00008, 0x00000000,
	0x27bdfff8, 0xafb10004, 0xafb00000, 0x00808021,
	0x32030003, 0x24020004, 0x00431022, 0x02028020,
	0xaf909660, 0x22100120, 0x00008821, 0x1000000a,
	0x00000000, 0x2404ffff, 0x001110c0, 0x00511020,
	0x00021880, 0x8f829660, 0x00000000, 0x00431021,
	0xac440000, 0x22310001, 0x2a210008, 0x1420fff5,
	0x00000000, 0x02001021, 0x8fb10004, 0x8fb00000,
	0x27bd0008, 0x03e00008, 0x00000000, 0x27bdffd8,
	0xafbf001c, 0xafb20018, 0xafb10014, 0xafb00010,
	0x00808821, 0x8f909660, 0x3c028008, 0x24424930,
	0xafa20020, 0x8e240000, 0x0c046200, 0x00000000,
	0x00021840, 0x00621020, 0x00021880, 0x3c028008,
	0x24424930, 0x00431021, 0xafa20020, 0x00009021,
	0x1000000a, 0x00000000, 0x001210c0, 0x00521020,
	0x00021080, 0x02021021, 0x8c420000, 0x00000000,
	0x04400005, 0x00000000, 0x22520001, 0x2a410008,
	0x1420fff5, 0x00000000, 0x24010008, 0x16410004,
	0x00000000, 0x2402ffff, 0x10000074, 0x00000000,
	0x001210c0, 0x00521020, 0x00021080, 0x02028021,
	0xae000000, 0xae110020, 0x8fa20020, 0x00000000,
	0xae02001c, 0x8e220004, 0x00000000, 0x24420034,
	0xafa20024, 0xa6000004, 0x8e220000, 0x00000000,
	0x00021940, 0x3c028014, 0x24428b1c, 0x00431021,
	0x84420006, 0x00000000, 0x00021822, 0x00031080,
	0x00431820, 0x00031080, 0x00621020, 0x00021840,
	0x24020064, 0x0062001a, 0x00001012, 0x00021400,
	0x00021403, 0xa6020006, 0x8e220000, 0x00000000,
	0x00021940, 0x3c028014, 0x24428b1c, 0x00431021,
	0x84420006, 0x00000000, 0x00021822, 0x00031080,
	0x00431820, 0x00031080, 0x00621020, 0x00021840,
	0x24020064, 0x0062001a, 0x00001012, 0x00021400,
	0x00021403, 0xa6020008, 0x8fa40024, 0x26050004,
	0x26060004, 0x0c026725, 0x00000000, 0x8fa20024,
	0x00000000, 0x8c420014, 0x00000000, 0x00021c00,
	0x00031c03, 0x86020004, 0x00000000, 0x00431020,
	0xa6020004, 0x8fa20024, 0x00000000, 0x8c420018,
	0x00000000, 0x00021c00, 0x00031c03, 0x86020006,
	0x00000000, 0x00431020, 0xa6020006, 0x8fa20024,
	0x00000000, 0x8c42001c, 0x00000000, 0x00021c00,
	0x00031c03, 0x86020008, 0x00000000, 0x00431020,
	0xa6020008, 0xa600000c, 0x8e220004, 0x00000000,
	0x84420072, 0x00000000, 0xa602000e, 0xa6000010,
	0xa6000014, 0xa6000016, 0x2402ffdd, 0xa6020018,
	0x8fa40024, 0x26050014, 0x26060014, 0x0c026725,
	0x00000000, 0x00122c00, 0x00052c03, 0x24040179,
	0x3c068008, 0x24c631f4, 0x3c078008, 0x24e72f28,
	0x0c028a8b, 0x00000000, 0x02401021, 0x8fbf001c,
	0x8fb20018, 0x8fb10014, 0x8fb00010, 0x27bd0028,
	0x03e00008, 0x00000000, 0x27bdffe8, 0xafbf0014,
	0xafb00010, 0x00008021, 0x10000019, 0x00000000,
	0x001010c0, 0x00501020, 0x00021880, 0x8f829660,
	0x00000000, 0x00431021, 0x8c420000, 0x00000000,
	0x0440000e, 0x00000000, 0x2404ffff, 0x001010c0,
	0x00501020, 0x00021880, 0x8f829660, 0x00000000,
	0x00431021, 0xac440000, 0x00102c00, 0x00052c03,
	0x24040179, 0x0c028acd, 0x00000000, 0x22100001,
	0x2a010008, 0x1420ffe6, 0x00000000, 0x8fbf0014,
	0x8fb00010, 0x27bd0018, 0x03e00008, 0x00000000,
	0x80058c08, 0x80058c18, 0x80058c28, 0x80058c38,
	0x80058c48, 0x80058c58, 0x80058c64, 0x8005aff8,
	0x8005b008, 0x8005b018, 0x8005b028, 0x8005b038,
	0x8005b028, 0x8005b038, 0x8005b058, 0x8005b068,
	0x8005b048, 0x8005b078, 0x8005b088, 0x8005d2d0,
	0x8005d350, 0x8005d49c, 0x8005d658, 0x8005d780,
	0x8005d8a0, 0x8005d944, 0x8005dd5c, 0x800615fc,
	0x80061854, 0x80061854, 0x80061854, 0x8006193c,
	0x800607bc, 0x800607bc, 0x800605c4, 0x800605dc,
	0x80060604, 0x8006063c, 0x80060684, 0x800606dc,
	0x8006c9d4, 0x8006c9d4, 0x8006c920, 0x8006c934,
	0x8006c94c, 0x8006c964, 0x8006c97c, 0x8006c994,
	0x8006c9ac, 0x8006c9c4, 0x00960064, 0x00fa00c8,
	0x0000012c, 0x00c800c8, 0x00c800c8, 0x00fa00c8,
	0x00fa00fa, 0x00fa00fa, 0x00fa00fa, 0x00fa00fa,
	0x00fa00fa, 0x0000015e, 0x4454535c, 0x5c544144,
	0x44415247, 0x52475c45, 0x44454441, 0x4d49542e,
	0x00000000, 0x4454535c, 0x5c544144, 0x44415247,
	0x52475c45, 0x43454441, 0x4d49542e, 0x00000000,
	0x4454535c, 0x5c544144, 0x44415247, 0x52475c45,
	0x42454441, 0x4d49542e, 0x00000000, 0x4454535c,
	0x5c544144, 0x44415247, 0x52475c45, 0x41454441,
	0x4d49542e, 0x00000000, 0x4454535c, 0x5c544144,
	0x44415247, 0x52475c45, 0x53454441, 0x4d49542e,
	0x00000000, 0x4454535c, 0x5c544144, 0x44415247,
	0x52475c45, 0x52454441, 0x4d49542e, 0x00000000,
	0x4454535c, 0x5c544144, 0x44415247, 0x41435c45,
	0x2e315650, 0x004d4954, 0x4454535c, 0x5c544144,
	0x44415247, 0x41435c45, 0x2e325650, 0x004d4954,
	0x4454535c, 0x5c544144, 0x44415247, 0x41435c45,
	0x2e335650, 0x004d4954, 0x4454535c, 0x5c544144,
	0x44415247, 0x41435c45, 0x2e345650, 0x004d4954,
	0x4454535c, 0x5c544144, 0x44415247, 0x41435c45,
	0x2e4f5650, 0x004d4954, 0x4454535c, 0x5c544144,
	0x44415247, 0x52465c45, 0x4d49542e, 0x00000000,
	0x4454535c, 0x5c544144, 0x44415247, 0x50475c45,
	0x4d49542e, 0x00000000, 0x4454535c, 0x5c544144,
	0x44415247, 0x57545c45, 0x4d49542e, 0x00000000,
	0x4454535c, 0x5c544144, 0x44415247, 0x4f435c45,
	0x4d49542e, 0x00000000, 0x4454535c, 0x5c544144,
	0x44415247, 0x544e5c45, 0x4d49542e, 0x00000000,
	0x4454535c, 0x5c544144, 0x44415247, 0x544d5c45,
	0x4d49542e, 0x00000000, 0x4454535c, 0x5c544144,
	0x44415247, 0x54445c45, 0x4d49542e, 0x00000000,
	0x4454535c, 0x5c544144, 0x44415247, 0x59445c45,
	0x4d49542e, 0x00000000, 0x4454535c, 0x5c544144,
	0x44415247, 0x49575c45, 0x4d49542e, 0x00000000,
	0x4454535c, 0x5c544144, 0x44415247, 0x4e415c45,
	0x4d49542e, 0x00000000, 0x4454535c, 0x5c544144,
	0x44415247, 0x55485c45, 0x4d49542e, 0x00000000,
	0x4454535c, 0x5c544144, 0x44415247, 0x54425c45,
	0x4d49542e, 0x00000000, 0x8008387c, 0x80083898,
	0x800838b4, 0x800838d0, 0x800838ec, 0x80083908,
	0x80083924, 0x8008393c, 0x80083954, 0x8008396c,
	0x80083984, 0x8008399c, 0x800839b4, 0x800839cc,
	0x800839e4, 0x800839fc, 0x80083a14, 0x80083a2c,
	0x80083a44, 0x80083a5c, 0x80083a74, 0x80083a8c,
	0x80083aa4, 0x4454535c, 0x5c544144, 0x54445453,
	0x422e4d49, 0x00004e49, 0x4454535c, 0x5c544144,
	0x454d4954, 0x4d49542e, 0x00000000, 0x4354455c,
	0x5c544144, 0x594f4253, 0x4d49542e, 0x00000000,
	0x4454535c, 0x5c544144, 0x4f545f54, 0x542e4947,
	0x0000444d, 0x4454535c, 0x5c544144, 0x4f545f42,
	0x542e4947, 0x0000444d, 0x80083b54, 0x80083b68,
	0x00000000, 0x4454535c, 0x5c544144, 0x4f545f54,
	0x542e4947, 0x00004d49, 0x4454535c, 0x5c544144,
	0x4f545f42, 0x542e4947, 0x00004d49, 0x80083b88,
	0x80083b9c, 0x00000000, 0x4454535c, 0x5c544144,
	0x4f545f42, 0x412e4947, 0x00005254, 0x80083bbc,
	0x80083bbc, 0x00000000, 0x270f270f, 0x03e703e7,
	0x03e703e7, 0xc8808080, 0xff1e3264, 0x501ed01e,
	0xc880801e, 0xb43200c8, 0x000000c8, 0x00000000,
	0x00000000, 0x014000e0, 0x00000000, 0x05dc00c8,
	0x0ec000e0, 0x00000000, 0x05dc00c8, 0x01400fa0,
	0x00000000, 0x04b00104, 0x0ec00fa0, 0x00000000,
	0x04b00104, 0x080000e0, 0x00000000, 0x05dc0104,
	0x00000000, 0x00000000, 0x05dc00c8, 0x014000e0,
	0x00000000, 0x0bb80190, 0x0ec000e0, 0x00000000,
	0x0bb80190, 0x080000e0, 0x00000000, 0x0bb80208,
	0xfe00fe00, 0x0200fb50, 0xfb50fe00, 0xfe00fe00,
	0x020004b0, 0x04b0fe00, 0xfa240bb8, 0x00000bb8,
	0xffffffff, 0x00000000, 0x0000001e, 0x0000002d,
	0x0000003c, 0x00000050, 0x00000064, 0x00000078,
	0x0000008c, 0x000000a0, 0x000000b4, 0x000000c8,
	0x000000dc, 0x000000f0, 0x00000104, 0x00000118,
	0x0000012c, 0x00000140, 0x00000154, 0x00000168,
	0x00000000, 0x00000000, 0x01000000, 0x04030201,
	0x08070605, 0x100e0c0a, 0x1a171412, 0x1a181718,
	0x0001001b, 0xffe70001, 0xffcdffe7, 0xffb8ffcd,
	0x00000000, 0x01030101, 0x01010000, 0x00000000,
	0x00000200, 0x00020000, 0x00000100, 0x00000200,
	0x02010000, 0x00000000, 0x00000003, 0x03020201,
	0x00000303, 0x00000000, 0x00000001, 0x03020104,
	0x00030306, 0x02040003, 0x03010301, 0x00000103,
	0x02020401, 0x04020200, 0x03030402, 0x00020204,
	0x03050402, 0x02030302, 0x00030302, 0x00010000,
	0x03000000, 0x05060204, 0x09050602, 0x0f080701,
	0x0204030f, 0x06020506, 0x07010905, 0x030f0f0a,
	0x05060204, 0x09050602, 0x0f0a0701, 0x0204030f,
	0x06020506, 0x0701090d, 0x0c0e050b, 0x060b050c,
	0x0c0b0801, 0x03080306, 0x02040906, 0x050d0901,
	0x0403060d, 0x04030603, 0x050c0603, 0x02060506,
	0x09030d03, 0x0d0c0306, 0x06050206, 0x0c050506,
	0x00000003, 0x02030002, 0x03030200, 0x00020300,
	0x50051432, 0x555f0f32, 0x00000032, 0xff7fff7f,
	0xff92ff92, 0xffb4ffb4, 0xfff9fff9, 0x01010101,
	0x01010101, 0xffa4ffa4, 0xff92ff92, 0xffb4ffb4,
	0xfff9fff9, 0x01010000, 0x01010101, 0xffc3ffc3,
	0xffd5ffd5, 0xffb4ffb4, 0xfff9fff9, 0x00000101,
	0x01010101, 0xffe8ffe8, 0xffd5ffd5, 0xffb4ffb4,
	0xfff9fff9, 0x00000000, 0x01010101, 0x00090009,
	0x001c001c, 0x003d003d, 0xfff9fff9, 0x01010101,
	0x00000000, 0x002e002e, 0x001c001c, 0x003d003d,
	0xfff9fff9, 0x01010000, 0x00000000, 0x004d004d,
	0x005f005f, 0x003d003d, 0xfff9fff9, 0x00000101,
	0x00000000, 0x00720072, 0x005f005f, 0x003d003d,
	0xfff9fff9, 0x00000000, 0x00000000, 0x81826682,
	0x85829682, 0x00000000, 0x81826382, 0x81828d82,
	0x85828782, 0x00000000, 0x94826082, 0x81829482,
	0x8b828382, 0x00000000, 0x95826082, 0x8f829482,
	0x00000000, 0x8f826c82, 0x85828482, 0x81829282,
	0x85829482, 0x00000000, 0x89826382, 0x94829382,
	0x8e828182, 0x85828382, 0x00000000, 0x85826382,
	0x85828682, 0x93828e82, 0x96828982, 0x00008582,
	0x88826282, 0x8e828182, 0x85828782, 0x94824081,
	0x92828182, 0x85828782, 0x00009482, 0x8013b860,
	0x80083eec, 0x80083efc, 0x80083f08, 0x80083f1c,
	0x80083f30, 0x80083f44, 0x00000000, 0xffff0400,
	0xffffffff, 0x0100ffff, 0xffffff03, 0xffffffff,
	0x04020100, 0xffffffff, 0x0100ffff, 0xff030102,
	0xffffffff, 0x01020100, 0xffff0402, 0x0100ffff,
	0x01020102, 0xffffff03, 0x01020100, 0x04020102,
	0x0100ffff, 0x01020102, 0xff030102, 0xc020c000,
	0xc060c040, 0xc0a0c080, 0x0000c0c0, 0xd020d000,
	0xd060d040, 0xd0a0d080, 0x0000d0c0, 0x0000100a,
	0x00000000, 0xf29908e4, 0x0d5e0000, 0x000008e9,
	0x00000000, 0xfffffffe, 0x000002d4, 0xffd0ff54,
	0xffd0ff5c, 0xffd0ff64, 0xffd0ff6c, 0xffd0ff74,
	0xffdcff54, 0xffdcff5c, 0xffdcff74, 0xffdcff7c,
	0xffe8ff54, 0xffe8ff5c, 0xffe8ff74, 0xffe8ff7c,
	0xfff4ff54, 0xfff4ff5c, 0xfff4ff64, 0xfff4ff6c,
	0xfff4ff74, 0x0000ff54, 0x0000ff5c, 0x0000ff74,
	0x0000ff7c, 0x000cff54, 0x000cff5c, 0x000cff74,
	0x000cff7c, 0x0018ff54, 0x0018ff5c, 0x0018ff74,
	0x0018ff7c, 0x0024ff54, 0x0024ff5c, 0x0024ff64,
	0x0024ff6c, 0x0024ff74, 0xffd0ffa4, 0xffd0ffac,
	0xffdcffa4, 0xffdcffac, 0xffe8ff9c, 0xffe8ffa4,
	0xffe8ffac, 0xffe8ffb4, 0xfff4ff94, 0xfff4ff9c,
	0xfff4ffb4, 0xfff4ffbc, 0x0000ff94, 0x0000ff9c,
	0x0000ffb4, 0x0000ffbc, 0x000cff8c, 0x000cff94,
	0x000cff9c, 0x000cffa4, 0x000cffac, 0x000cffb4,
	0x000cffbc, 0x000cffc4, 0x0018ff8c, 0x0018ff94,
	0x0018ffbc, 0x0018ffc4, 0x0024ff8c, 0x0024ff94,
	0x0024ffbc, 0x0024ffc4, 0xffd0ffd4, 0xffd0ffdc,
	0xffd0ffe4, 0xffd0ffec, 0xffd0fff4, 0xffd0fffc,
	0xffdcffe4, 0xffdcffec, 0xffe8ffe4, 0xffe8ffec,
	0xfff4ffe4, 0xfff4ffec, 0x0000ffe4, 0x0000ffec,
	0x000cffe4, 0x000cffec, 0x0018ffe4, 0x0018ffec,
	0x0024ffe4, 0x0024ffec, 0xffd00014, 0xffd0001c,
	0xffd00024, 0xffd0002c, 0xffd00034, 0xffd0003c,
	0xffdc0024, 0xffdc002c, 0xffe80024, 0xffe8002c,
	0xfff40024, 0xfff4002c, 0x00000024, 0x0000002c,
	0x000c0024, 0x000c002c, 0x00180024, 0x0018002c,
	0x00240024, 0x0024002c, 0xffd0004c, 0xffd00054,
	0xffdc004c, 0xffdc0054, 0xffe8004c, 0xffe80054,
	0xfff4004c, 0xfff40054, 0x0000004c, 0x00000054,
	0x000c004c, 0x000c0054, 0x0018004c, 0x00180054,
	0x0024004c, 0x00240054, 0x0024005c, 0x00240064,
	0x0024006c, 0x00240074, 0xffd00084, 0xffd0008c,
	0xffd00094, 0xffd0009c, 0xffd000a4, 0xffd000ac,
	0xffdc0084, 0xffdc008c, 0xffe80084, 0xffe8008c,
	0xfff40084, 0xfff4008c, 0xfff40094, 0xfff4009c,
	0xfff400a4, 0xfff400ac, 0x00000084, 0x0000008c,
};

GsOT KAR_D_800638CC[2] = {
	{
		0x000c0084, (GsOT_TAG *)0x000c008c,
		0x00180084, 0x0018008c,
		(GsOT_TAG *)0x00240084,
	},
	{
		0x0024008c, (GsOT_TAG *)0x00240094,
		0x0024009c, 0x002400a4,
		(GsOT_TAG *)0x002400ac,
	},
};

GsOT_TAG KAR_D_800637CC[32] = {
	{ 0x000020, 0x00 },
	{ 0x000040, 0x00 },
	{ 0x000060, 0x00 },
	{ 0x000080, 0x00 },
	{ 0x0000a0, 0x00 },
	{ 0x0000c0, 0x00 },
	{ 0x0000e0, 0x00 },
	{ 0x0000ff, 0x00 },
	{ 0x0000e0, 0x00 },
	{ 0x0000c0, 0x00 },
	{ 0x0000a0, 0x00 },
	{ 0x000080, 0x00 },
	{ 0x8001ec, 0xa8 },
	{ 0x000868, 0x00 },
	{ 0xeb0000, 0x01 },
	{ 0x0bb090, 0x0b },
	{ 0xfe0003, 0xff },
	{ 0x8001eb, 0xb0 },
	{ 0x120202, 0x00 },
	{ 0xec0003, 0x01 },
	{ 0x68a880, 0x08 },
	{ 0x000000, 0x00 },
	{ 0x9b01eb, 0xb0 },
	{ 0x030b0b, 0x00 },
	{ 0xebfffe, 0x01 },
	{ 0x02b084, 0x02 },
	{ 0x030012, 0x00 },
	{ 0x001004, 0x00 },
	{ 0x000000, 0x00 },
	{ 0x001000, 0x00 },
	{ 0x000000, 0x00 },
	{ 0x001004, 0x00 },
};

GsOT_TAG KAR_D_8006384C[32] = {
	{ 0x000000, 0x00 },
	{ 0x000000, 0x00 },
	{ 0x0003e8, 0x00 },
	{ 0xfbfe90, 0xfd },
	{ 0x0efd7b, 0xfd },
	{ 0x70fcb6, 0xfc },
	{ 0x18fc21, 0xfc },
	{ 0x4cfd44, 0xfd },
	{ 0x8cfd64, 0xfd },
	{ 0x0cfdc4, 0xfe },
	{ 0xccfe64, 0xfe },
	{ 0xccff44, 0xff },
	{ 0x430064, 0x00 },
	{ 0x1f002c, 0x00 },
	{ 0x1f001c, 0x00 },
	{ 0x43002c, 0x00 },
	{ 0x560064, 0x00 },
	{ 0x560052, 0x00 },
	{ 0x000064, 0x00 },
	{ 0x140005, 0x00 },
	{ 0x53002f, 0x00 },
	{ 0xbc0082, 0x00 },
	{ 0x4e0100, 0x01 },
	{ 0x0a01a7, 0x02 },
	{ 0xf00278, 0x02 },
	{ 0x000372, 0x04 },
	{ 0x010000, 0x00 },
	{ 0x0b0005, 0x00 },
	{ 0x1f0014, 0x00 },
	{ 0x3d002d, 0x00 },
	{ 0x650050, 0x00 },
	{ 0x97007d, 0x00 },
};

KarStoneRaw KAR_D_80063914 = {
	{
		0x00d300b4, 0x011900f5, 0x00000140, 0x4454535c,
		0x5c544144, 0x57415244, 0x444d542e, 0x00000000,
		0x4454535c, 0x5c544144, 0x5f4e4957, 0x45534f4c,
		0x444d542e, 0x00000000, 0x4454535c, 0x5c544144,
		0x4d414843, 0x4d542e50, 0x00000044, 0x4454535c,
		0x5c544144, 0x41445f42, 0x4d542e49, 0x00000044,
		0x4454535c, 0x5c544144, 0x41445f54, 0x4d542e49,
		0x00000044, 0x00000000, 0x8007ee64, 0x00000001,
		0x8007ecd4, 0x00000002, 0x8007ec68, 0x00000003,
		0x8007ea38, 0x00000005, 0x8007e954, 0x00000007,
		0x800b1178, 0x00000004, 0x8007e838,
	},
};

VECTOR KAR_D_800638F4 = {
	0x00000008,
	0x8007e6ac,
	0x00000009,
	0x8007e534,
};

VECTOR KAR_D_80063904 = {
	0x00000006,
	0x8007e4fc,
	0x0000000a,
	0x8007e348,
};

KarStone *KAR_D_800639C0[10] = {
	(KarStone *)0x0000000b, (KarStone *)0x8007e300,
	(KarStone *)0x0000000c, (KarStone *)0x8007e1c8,
	(KarStone *)0x0000000d, (KarStone *)0x8007df1c,
	(KarStone *)0x0000000e, (KarStone *)0x8007dea8,
	(KarStone *)0x0000000f, (KarStone *)0x8007dd50,
};
// clang-format on
