#include <libgs.h>

#include <dw/kar.h>
#include <dw/types.h>

// clang-format off
KarStoneRowRaw KAR_D_8005B5A0[3] = {
	{
		{
			0x00, 0x00, 0x00, 0x00, 0x00, 0x00, 0x00, 0x00,
			0x00, 0x00, 0x00, 0x00, 0x00, 0x00, 0x00, 0x00,
			0x00, 0x00, 0x00, 0x00, 0x00, 0x00, 0x00, 0x00,
			0x00, 0x00, 0x00, 0x00, 0x00, 0x00, 0x00, 0x00,
			0x00, 0x00, 0x00, 0x00, 0x00, 0x00, 0x00, 0x00,
			0x00, 0x00, 0x00, 0x00, 0x00, 0x00, 0x00, 0x00,
			0x00, 0x00, 0x00, 0x00, 0x00, 0x00, 0x00, 0x00,
			0x00, 0x00, 0x00, 0x00, 0x00, 0x00, 0x00, 0x00,
			0x00, 0x00, 0x00, 0x00, 0x00, 0x00, 0x00, 0x00,
			0x00, 0x00, 0x00, 0x00, 0x00, 0x00, 0x00, 0x00,
			0x00, 0x00, 0x00, 0x00, 0x00, 0x00, 0x00, 0x00,
			0x00, 0x00, 0x00, 0x00, 0x00, 0x00, 0x00, 0x00,
			0x00, 0x00, 0x00, 0x00, 0x00, 0x00, 0x00, 0x00,
			0x00, 0x00, 0x00, 0x00, 0x00, 0x00, 0x00, 0x00,
			0x00, 0x00, 0x00, 0x00, 0x00, 0x00, 0x00, 0x00,
			0x00, 0x00, 0x00, 0x00, 0x00, 0x00, 0x00, 0x00,
			0x00, 0x00, 0x00, 0x00, 0x00, 0x00, 0x00, 0x00,
			0x00, 0x00, 0x00, 0x00, 0x00, 0x00, 0x00, 0x00,
			0x00, 0x00, 0x00, 0x00, 0x00, 0x00, 0x00, 0x00,
			0x00, 0x00, 0x00, 0x00, 0x00, 0x00, 0x00, 0x00,
			0x39, 0x2e, 0x47, 0x41, 0x4d, 0x00, 0x60, 0x00,
			0x00, 0x00, 0x29, 0x06, 0x00, 0x00, 0x26, 0x00,
			0x32, 0x00, 0xe5, 0x03, 0x00, 0x00, 0xb5, 0x24,
			0xa2, 0x75, 0x20, 0x00, 0x47, 0x52, 0x45, 0x59,
			0x31, 0x31, 0x39, 0x2e, 0x6b, 0x65, 0x66, 0x00,
			0x47, 0x52, 0x45, 0x59, 0x31, 0x31, 0x39, 0x2e,
			0x4b, 0x45, 0x46, 0x00, 0xab, 0x00, 0x00, 0x00,
			0x29, 0x06, 0x00, 0x00, 0x26, 0x00, 0x32, 0x00,
			0x77, 0x58, 0x00, 0x00, 0xa5, 0x24, 0xbb, 0x76,
			0x20, 0x00, 0x67, 0x72, 0x65, 0x79, 0x31, 0x31,
			0x39, 0x2e, 0x6c, 0x63, 0x61, 0x00, 0x47, 0x52,
			0x45, 0x59, 0x31, 0x31, 0x39, 0x2e, 0x4c, 0x43,
			0x41, 0x00, 0xf6, 0x00, 0x00, 0x00, 0x29, 0x06,
			0x00, 0x00, 0x26, 0x00, 0x32, 0x00, 0x84, 0x0a,
			0x00, 0x00, 0xb6, 0x24, 0x4e, 0x0b, 0x20, 0x00,
			0x67, 0x72, 0x65, 0x79, 0x31, 0x31, 0x39, 0x2e,
			0x6d, 0x74, 0x6e, 0x00, 0x47, 0x52, 0x45, 0x59,
			0x31, 0x31, 0x39, 0x2e, 0x4d, 0x54, 0x4e, 0x00,
			0x15, 0x00, 0x00, 0x00, 0x74, 0x06, 0x00, 0x00,
			0x26, 0x00, 0x32, 0x00, 0x14, 0x8d, 0x00, 0x00,
			0xb5, 0x24, 0xbc, 0x6c, 0x20, 0x00, 0x67, 0x72,
			0x65, 0x79, 0x31, 0x32, 0x31, 0x2e, 0x67, 0x61,
			0x6d, 0x00, 0x47, 0x52, 0x45, 0x59, 0x31, 0x32,
			0x31, 0x2e, 0x47, 0x41, 0x4d, 0x00, 0x60, 0x00,
			0x00, 0x00, 0x74, 0x06, 0x00, 0x00, 0x26, 0x00,
			0x32, 0x00, 0xf0, 0x02, 0x00, 0x00, 0xb5, 0x24,
			0xa2, 0x75, 0x20, 0x00, 0x47, 0x52, 0x45, 0x59,
			0x31, 0x32, 0x31, 0x2e, 0x6b, 0x65, 0x66, 0x00,
			0x47, 0x52, 0x45, 0x59, 0x31, 0x32, 0x31, 0x2e,
			0x4b, 0x45, 0x46, 0x00, 0xab, 0x00, 0x00, 0x00,
			0x74, 0x06, 0x00, 0x00, 0x26, 0x00, 0x32, 0x00,
			0x77, 0x57, 0x00, 0x00, 0xa4, 0x24, 0xa6, 0x3b,
			0x20, 0x00, 0x67, 0x72, 0x65, 0x79, 0x31, 0x32,
			0x31, 0x2e, 0x6c, 0x63, 0x61, 0x00, 0x47, 0x52,
			0x45, 0x59, 0x31, 0x32, 0x31, 0x2e, 0x4c, 0x43,
			0x41, 0x00, 0xf6, 0x00, 0x00, 0x00, 0x74, 0x06,
			0x00, 0x00, 0x26, 0x00, 0x32, 0x00, 0xa0, 0x08,
			0x00, 0x00, 0xb6, 0x24, 0x54, 0x0b, 0x20, 0x00,
			0x67, 0x72, 0x65, 0x79, 0x31, 0x32, 0x31, 0x2e,
			0x6d, 0x74, 0x6e, 0x00, 0x47, 0x52, 0x45, 0x59,
			0x31, 0x32, 0x31, 0x2e, 0x4d, 0x54, 0x4e, 0x00,
			0x15, 0x00, 0x00, 0x00, 0xbf, 0x06, 0x00, 0x00,
			0x26, 0x00, 0x32, 0x00, 0x01, 0xb4, 0x00, 0x00,
			0xb5, 0x24, 0xcf, 0x6c, 0x20, 0x00, 0x67, 0x72,
			0x65, 0x79, 0x31, 0x32, 0x35, 0x2e, 0x67, 0x61,
			0x6d, 0x00, 0x47, 0x52, 0x45, 0x59, 0x31, 0x32,
			0x35, 0x2e, 0x47, 0x41, 0x4d, 0x00, 0x60, 0x00,
			0x00, 0x00, 0xbf, 0x06, 0x00, 0x00, 0x26, 0x00,
			0x32, 0x00, 0xf5, 0x02, 0x00, 0x00, 0xb5, 0x24,
			0xa2, 0x75, 0x20, 0x00, 0x47, 0x52, 0x45, 0x59,
			0x31, 0x32, 0x35, 0x2e, 0x6b, 0x65, 0x66, 0x00,
			0x47, 0x52, 0x45, 0x59, 0x31, 0x32, 0x35, 0x2e,
			0x4b, 0x45, 0x46, 0x00, 0xab, 0x00, 0x00, 0x00,
			0xbf, 0x06, 0x00, 0x00, 0x26, 0x00, 0x32, 0x00,
			0xdc, 0x53, 0x00, 0x00, 0xa8, 0x24, 0xf6, 0x2c,
			0x20, 0x00, 0x67, 0x72, 0x65, 0x79, 0x31, 0x32,
			0x35, 0x2e, 0x6c, 0x63, 0x61, 0x00, 0x47, 0x52,
			0x45, 0x59, 0x31, 0x32, 0x35, 0x2e, 0x4c, 0x43,
			0x41, 0x00, 0xf6, 0x00, 0x00, 0x00, 0xbf, 0x06,
			0x00, 0x00, 0x26, 0x00, 0x32, 0x00, 0x16, 0x08,
			0x00, 0x00, 0xb6, 0x24, 0x66, 0x0b, 0x20, 0x00,
			0x67, 0x72, 0x65, 0x79, 0x31, 0x32, 0x35, 0x2e,
			0x6d, 0x74, 0x6e, 0x00, 0x47, 0x52, 0x45, 0x59,
			0x31, 0x32, 0x35, 0x2e, 0x4d, 0x54, 0x4e, 0x00,
			0x15, 0x00, 0x00, 0x00, 0x0a, 0x07, 0x00, 0x00,
			0x26, 0x00, 0x32, 0x00, 0x85, 0xbc, 0x00, 0x00,
			0xb5, 0x24, 0xd3, 0x6c, 0x20, 0x00, 0x67, 0x72,
			0x65, 0x79, 0x31, 0x38, 0x32, 0x2e, 0x67, 0x61,
			0x6d, 0x00, 0x47, 0x52, 0x45, 0x59, 0x31, 0x38,
			0x32, 0x2e, 0x47, 0x41, 0x4d, 0x00, 0x60, 0x00,
			0x00, 0x00, 0x0a, 0x07, 0x00, 0x00, 0x26, 0x00,
			0x32, 0x00, 0x81, 0x03, 0x00, 0x00, 0xb5, 0x24,
			0xa2, 0x75, 0x20, 0x00, 0x47, 0x52, 0x45, 0x59,
			0x31, 0x38, 0x32, 0x2e, 0x6b, 0x65, 0x66, 0x00,
			0x47, 0x52, 0x45, 0x59, 0x31, 0x38, 0x32, 0x2e,
			0x4b, 0x45, 0x46, 0x00, 0xab, 0x00, 0x00, 0x00,
			0x0a, 0x07, 0x00, 0x00, 0x26, 0x00, 0x32, 0x00,
			0xc7, 0x56, 0x00, 0x00, 0xa4, 0x24, 0x89, 0x3b,
			0x20, 0x00, 0x67, 0x72, 0x65, 0x79, 0x31, 0x38,
			0x32, 0x2e, 0x6c, 0x63, 0x61, 0x00, 0x47, 0x52,
			0x45, 0x59, 0x31, 0x38, 0x32, 0x2e, 0x4c, 0x43,
			0x41, 0x00, 0xf6, 0x00, 0x00, 0x00, 0x0a, 0x07,
			0x00, 0x00, 0x26, 0x00, 0x32, 0x00, 0x22, 0x09,
			0x00, 0x00, 0xb6, 0x24, 0x6e, 0x0b, 0x20, 0x00,
			0x67, 0x72, 0x65, 0x79, 0x31, 0x38, 0x32, 0x2e,
			0x6d, 0x74, 0x6e, 0x00, 0x47, 0x52, 0x45, 0x59,
			0x31, 0x38, 0x32, 0x2e, 0x4d, 0x54, 0x4e, 0x00,
			0xf6, 0x00, 0x00, 0x00, 0x0a, 0x07, 0x00, 0x00,
			0x00, 0x00, 0x00, 0x00,
		},
	},
	{
		{
			0x00, 0x67, 0x72, 0x65, 0x79, 0x31, 0x38, 0x32,
			0x2e, 0x6c, 0x63, 0x61, 0x00, 0x47, 0x52, 0x45,
			0x59, 0x31, 0x38, 0x32, 0x2e, 0x4c, 0x43, 0x41,
			0x00, 0xf6, 0x00, 0x00, 0x00, 0x0a, 0x07, 0x00,
			0x00, 0x26, 0x00, 0x32, 0x00, 0x22, 0x09, 0x00,
			0x00, 0xb6, 0x24, 0x6e, 0x0b, 0x20, 0x00, 0x67,
			0x72, 0x65, 0x79, 0x31, 0x38, 0x32, 0x2e, 0x6d,
			0x74, 0x6e, 0x00, 0x47, 0x52, 0x45, 0x59, 0x31,
			0x38, 0x32, 0x2e, 0x4d, 0x54, 0x4e, 0x00, 0xf6,
			0x00, 0x00, 0x00, 0x0a, 0x07, 0x00, 0x00, 0x00,
			0x00, 0x00, 0x00, 0x00, 0xf0, 0x00, 0x00, 0x82,
			0x24, 0x34, 0x12, 0x20, 0x00, 0x6d, 0x74, 0x6e,
			0x63, 0x6e, 0x76, 0x2e, 0x65, 0x78, 0x65, 0x00,
			0x4d, 0x54, 0x4e, 0x43, 0x4e, 0x56, 0x2e, 0x45,
			0x58, 0x45, 0x00, 0x60, 0x00, 0x00, 0x00, 0x55,
			0x07, 0x00, 0x00, 0x00, 0x00, 0x00, 0x00, 0x28,
			0x00, 0x00, 0x00, 0xa7, 0x00, 0x02, 0x00, 0x1b,
			0x00, 0x00, 0x00, 0x07, 0x00, 0x00, 0x00, 0x00,
			0x00, 0x00, 0x00, 0x57, 0x72, 0x61, 0x70, 0x70,
			0x65, 0x72, 0x01, 0x00, 0x00, 0x00, 0x00, 0x00,
			0x00, 0x00, 0x0b, 0x00, 0x00, 0x00, 0x4c, 0x34,
			0x01, 0x00, 0x00, 0xc0, 0x00, 0x02, 0x00, 0x34,
			0x01, 0x00, 0x00, 0x0d, 0x00, 0x01, 0x00, 0x00,
			0x00, 0x00, 0x00, 0x46, 0x69, 0x6c, 0x65, 0x4e,
			0x65, 0x77, 0x47, 0x72, 0x6f, 0x75, 0x70, 0x73,
			0x03, 0x00, 0x00, 0x00, 0x00, 0x00, 0x00, 0x00,
			0x53, 0x00, 0xb4, 0x00, 0x2a, 0x2e, 0x64, 0x6f,
			0x63, 0x3b, 0x2a, 0x2e, 0x64, 0x6f, 0x74, 0x3b,
			0x2a, 0x2e, 0x77, 0x69, 0x7a, 0x3b, 0x2a, 0x2e,
			0x70, 0x70, 0x74, 0x3b, 0x2a, 0x2e, 0x70, 0x6f,
			0x74, 0x3b, 0x2a, 0x2e, 0x70, 0x77, 0x7a, 0x3b,
			0x2a, 0x2e, 0x6d, 0x64, 0x62, 0x3b, 0x2a, 0x2e,
			0x6d, 0x64, 0x7a, 0x3b, 0x2a, 0x2e, 0x78, 0x6c,
			0x73, 0x3b, 0x2a, 0x2e, 0x78, 0x6c, 0x74, 0x3b,
			0x2a, 0x2e, 0x6f, 0x62, 0x64, 0x3b, 0x2a, 0x2e,
			0x6f, 0x62, 0x74, 0x3b, 0x2a, 0x2e, 0x6f, 0x62,
			0x7a, 0x3b, 0x2a, 0x2e, 0x6d, 0x64, 0x6e, 0x19,
			0x6a, 0x96, 0x6e, 0x00, 0x00, 0x8c, 0xff, 0x9f,
			0xff, 0x9a, 0xff, 0x7e, 0xff, 0x9e, 0xff, 0x9d,
			0xff, 0x83, 0xff, 0x70, 0xff, 0x7c, 0xff, 0x6e,
			0xff, 0x9d, 0xff, 0x20, 0x00, 0x83, 0xff, 0x9e,
			0xff, 0x7b, 0xff, 0x9e, 0xff, 0x72, 0xff, 0x9d,
			0xff, 0x00, 0x00, 0x3e, 0x79, 0x16, 0x59, 0x87,
			0x65, 0xf8, 0x66, 0x00, 0x00, 0x3e, 0x79, 0x85,
			0x51, 0x87, 0x65, 0xf8, 0x66, 0x00, 0x00, 0x5d,
			0x30, 0x6e, 0x30, 0xd6, 0x4e, 0x6e, 0x30, 0x87,
			0x65, 0xf8, 0x66, 0x00, 0x00, 0x08, 0x8a, 0x97,
			0x7b, 0xf8, 0x66, 0x00, 0x00, 0x8c, 0xff, 0x9f,
			0xff, 0x9a, 0xff, 0x7e, 0xff, 0x9e, 0xff, 0x9d,
			0xff, 0x83, 0xff, 0x70, 0xff, 0x7c, 0xff, 0x6e,
			0xff, 0x9d, 0xff, 0x00, 0x00, 0x57, 0x00, 0x65,
			0x00, 0x62, 0x00, 0x20, 0x00, 0x8d, 0xff, 0x9f,
			0xff, 0x70, 0xff, 0x7c, 0xff, 0x9e, 0xff, 0x00,
			0x00, 0x83, 0xff, 0x9e, 0xff, 0x70, 0xff, 0x80,
			0xff, 0x8d, 0xff, 0x9e, 0xff, 0x70, 0xff, 0x7d,
			0xff, 0x00, 0x00, 0xd6, 0x8a, 0x87, 0x65, 0x65,
			0xff, 0x31, 0x58, 0x4a, 0x54, 0xf8, 0x66, 0x00,
			0x00, 0x8a, 0xff, 0x9e, 0xff, 0x72, 0xff, 0x9d,
			0xff, 0x80, 0xff, 0x9e, 0xff, 0x70, 0xff, 0x00,
			0x00, 0x00, 0x00, 0x6a, 0x00, 0x00, 0x00, 0xc2,
			0x00, 0x02, 0x00, 0x6a, 0x00, 0x00, 0x00, 0x07,
			0x00, 0x04, 0x00, 0x00, 0x00, 0x00, 0x00, 0x46,
			0x69, 0x6c, 0x65, 0x4e, 0x65, 0x77, 0x01, 0x00,
			0x00, 0x00, 0x00, 0x00, 0x00, 0x00, 0x05, 0x00,
			0x08, 0x00, 0x50, 0x6c, 0x61, 0x63, 0x65, 0x8e,
			0xd0, 0x8a, 0x4f, 0x95, 0xb6, 0x8f, 0x91, 0x04,
			0x00, 0x00, 0x00, 0x00, 0x00, 0x00, 0x00, 0x01,
			0x00, 0x04, 0x00, 0x58, 0x00, 0x02, 0x00, 0x00,
			0x04, 0x00, 0x00, 0x00, 0x00, 0x00, 0x00, 0x00,
			0x01, 0x00, 0x04, 0x00, 0x59, 0x80, 0x01, 0x00,
			0x00, 0x04, 0x00, 0x00, 0x00, 0x00, 0x00, 0x00,
			0x00, 0x04, 0x00, 0x04, 0x00, 0x56, 0x69, 0x65,
			0x77, 0xc0, 0x00, 0x00, 0x00, 0x43, 0x00, 0x00,
			0x00, 0xc3, 0x00, 0x02, 0x00, 0x43, 0x00, 0x00,
			0x00, 0x07, 0x00, 0x01, 0x00, 0x00, 0x00, 0x00,
			0x00, 0x57, 0x69, 0x7a, 0x61, 0x72, 0x64, 0x73,
			0x01, 0x00, 0x00, 0x00, 0x00, 0x00, 0x00, 0x00,
			0x0a, 0x00, 0x12, 0x00, 0x54, 0x69, 0x6d, 0x65,
			0x20, 0x53, 0x74, 0x61, 0x6d, 0x70, 0x39, 0x38,
			0x2f, 0x30, 0x35, 0x2f, 0x32, 0x32, 0x20, 0x31,
			0x36, 0x3a, 0x31, 0x39, 0x3a, 0x35, 0x34, 0x20,
			0xfd, 0x00, 0x00, 0x00, 0xc4, 0x00, 0x02, 0x00,
			0xfd, 0x00, 0x00, 0x00, 0x0a, 0x00, 0x07, 0x00,
			0x00, 0x00, 0x00, 0x00, 0x46, 0x61, 0x78, 0x20,
			0x57, 0x69, 0x7a, 0x61, 0x72, 0x64, 0x01, 0x00,
			0x00, 0x00, 0x00, 0x00, 0x00, 0x00, 0x0e, 0x00,
			0x01, 0x00, 0x41, 0x73, 0x73, 0x69, 0x73, 0x74,
			0x61, 0x6e, 0x74, 0x20, 0x48, 0x65, 0x6c, 0x70,
			0x30, 0x01, 0x00, 0x00, 0x00, 0x00, 0x00, 0x00,
			0x00, 0x0a, 0x00, 0x01, 0x00, 0x46, 0x61, 0x78,
			0x20, 0x4f, 0x70, 0x74, 0x69, 0x6f, 0x6e, 0x32,
			0x01, 0x00, 0x00, 0x00, 0x00, 0x00, 0x00, 0x00,
			0x0a, 0x00, 0x0c, 0x00, 0x53, 0x65, 0x6e, 0x64,
			0x65, 0x72, 0x20, 0x46, 0x61, 0x78, 0x30, 0x33,
			0x2d, 0x35, 0x33, 0x38, 0x38, 0x2d, 0x35, 0x33,
			0x35, 0x33, 0x01, 0x00, 0x00, 0x00, 0x00, 0x00,
			0x00, 0x00, 0x0c, 0x00, 0x0c, 0x00, 0x53, 0x65,
			0x6e, 0x64, 0x65, 0x72, 0x20, 0x50, 0x68, 0x6f,
			0x6e, 0x65, 0x30, 0x33, 0x2d, 0x35, 0x33, 0x38,
			0x38, 0x2d, 0x35, 0x31, 0x35, 0x31, 0x01, 0x00,
			0x00, 0x00, 0x00, 0x00, 0x00, 0x00, 0x10, 0x00,
			0x01, 0x00, 0x43, 0x6f, 0x76, 0x65, 0x72, 0x73,
			0x68, 0x65, 0x65, 0x74, 0x20, 0x53, 0x74, 0x79,
			0x6c, 0x65, 0x30, 0x01, 0x00, 0x00, 0x00, 0x00,
			0x00, 0x00, 0x00, 0x15, 0x00, 0x04, 0x00, 0x4e,
			0x75, 0x6d, 0x62, 0x65, 0x72, 0x20, 0x6f, 0x66,
			0x20, 0x72, 0x65, 0x63, 0x69, 0x70, 0x69, 0x65,
			0x6e, 0x74, 0x23, 0x31, 0x30, 0x30, 0x30, 0x30,
			0x01, 0x00, 0x00, 0x00,
		},
	},
	{
		{
			0x00, 0x00, 0x00, 0x00, 0x13, 0x00, 0x06, 0x00,
			0x4e, 0x61, 0x6d, 0x65, 0x20, 0x6f, 0x66, 0x20,
			0x72, 0x65, 0x63, 0x69, 0x70, 0x69, 0x65, 0x6e,
			0x74, 0x23, 0x31, 0x82, 0xa0, 0x82, 0xa0, 0x82,
			0xa0, 0x4a, 0x00, 0x00, 0x00, 0xc1, 0x00, 0x02,
			0x00, 0x4a, 0x00, 0x00, 0x00, 0x06, 0x00, 0x02,
			0x00, 0x00, 0x00, 0x00, 0x00, 0x4f, 0x66, 0x66,
			0x69, 0x63, 0x65, 0x01, 0x00, 0x00, 0x00, 0x00,
			0x00, 0x00, 0x00, 0x0c, 0x00, 0x01, 0x00, 0x4d,
			0x64, 0x69, 0x4d, 0x61, 0x78, 0x69, 0x6d, 0x69,
			0x7a, 0x65, 0x64, 0x30, 0x01, 0x00, 0x00, 0x00,
			0x00, 0x00, 0x00, 0x00, 0x0a, 0x00, 0x01, 0x00,
			0x46, 0x6f, 0x6c, 0x64, 0x65, 0x72, 0x56, 0x69,
			0x65, 0x77, 0x31, 0x1a, 0x01, 0x00, 0x00, 0xc5,
			0x00, 0x02, 0x00, 0x1a, 0x01, 0x00, 0x00, 0x07,
			0x00, 0x09, 0x00, 0x00, 0x00, 0x00, 0x00, 0x54,
			0x61, 0x73, 0x6b, 0x6d, 0x61, 0x6e, 0x03, 0x00,
			0x00, 0x00, 0x00, 0x00, 0x00, 0x00, 0x02, 0x00,
			0x2c, 0x00, 0x57, 0x50, 0x2c, 0x00, 0x00, 0x00,
			0x00, 0x00, 0x00, 0x00, 0x01, 0x00, 0x00, 0x00,
			0xff, 0xff, 0xff, 0xff, 0xff, 0xff, 0xff, 0xff,
			0xff, 0xff, 0xff, 0xff, 0xff, 0xff, 0xff, 0xff,
			0x0a, 0x00, 0x00, 0x00, 0x0a, 0x00, 0x00, 0x00,
			0x88, 0x01, 0x00, 0x00, 0x24, 0x01, 0x00, 0x00,
			0x04, 0x00, 0x00, 0x00, 0x00, 0x00, 0x00, 0x00,
			0x07, 0x00, 0x04, 0x00, 0x54, 0x6f, 0x70, 0x4d,
			0x6f, 0x73, 0x74, 0x01, 0x00, 0x00, 0x00, 0x04,
			0x00, 0x00, 0x00, 0x00, 0x00, 0x00, 0x00, 0x07,
			0x00, 0x04, 0x00, 0x41, 0x75, 0x74, 0x6f, 0x4d,
			0x69, 0x6e, 0x00, 0x00, 0x00, 0x00, 0x04, 0x00,
			0x00, 0x00, 0x00, 0x00, 0x00, 0x00, 0x07, 0x00,
			0x04, 0x00, 0x4d, 0x65, 0x6e, 0x75, 0x42, 0x61,
			0x72, 0x01, 0x00, 0x00, 0x00, 0x04, 0x00, 0x00,
			0x00, 0x00, 0x00, 0x00, 0x00, 0x0b, 0x00, 0x04,
			0x00, 0x41, 0x75, 0x74, 0x6f, 0x41, 0x72, 0x72,
			0x61, 0x6e, 0x67, 0x65, 0x00, 0x00, 0x00, 0x00,
			0x04, 0x00, 0x00, 0x00, 0x00, 0x00, 0x00, 0x00,
			0x0a, 0x00, 0x04, 0x00, 0x42, 0x75, 0x74, 0x74,
			0x6f, 0x6e, 0x54, 0x65, 0x78, 0x74, 0x01, 0x00,
			0x00, 0x00, 0x04, 0x00, 0x00, 0x00, 0x00, 0x00,
			0x00, 0x00, 0x08, 0x00, 0x04, 0x00, 0x4d, 0x69,
			0x6e, 0x4f, 0x6e, 0x55, 0x73, 0x65, 0x01, 0x00,
			0x00, 0x00, 0x04, 0x00, 0x00, 0x00, 0x00, 0x00,
			0x00, 0x00, 0x0a, 0x00, 0x04, 0x00, 0x53, 0x6d,
			0x61, 0x6c, 0x6c, 0x49, 0x63, 0x6f, 0x6e, 0x73,
			0x00, 0x00, 0x00, 0x00, 0x04, 0x00, 0x00, 0x00,
			0x00, 0x00, 0x00, 0x00, 0x09, 0x00, 0x04, 0x00,
			0x53, 0x74, 0x61, 0x74, 0x75, 0x73, 0x42, 0x61,
			0x72, 0x01, 0x00, 0x00, 0x00, 0x26, 0x00, 0x00,
			0x00, 0x00, 0x00, 0x02, 0x00, 0x19, 0x00, 0x00,
			0x00, 0x05, 0x00, 0x00, 0x00, 0x00, 0x00, 0x00,
			0x00, 0x49, 0x6e, 0x74, 0x65, 0x6c, 0x72, 0x74,
			0x43, 0x6f, 0x6d, 0x6d, 0x61, 0x6e, 0x64, 0x73,
			0x03, 0x00, 0x00, 0x26, 0x00, 0x00, 0x00, 0xc6,
			0x00, 0x02, 0x00, 0x19, 0x00, 0x00, 0x00, 0x05,
			0x00, 0x00, 0x00, 0x00, 0x00, 0x00, 0x00, 0x49,
			0x6e, 0x64, 0x65, 0x6f, 0x00, 0x1f, 0x00, 0xe0,
			0x4f, 0xd0, 0x20, 0xea, 0x3a, 0x69, 0x10, 0xa2,
			0xd8, 0xb1, 0x00, 0x00, 0x00, 0xc8, 0x00, 0x02,
			0x00, 0xb1, 0x00, 0x00, 0x00, 0x07, 0x00, 0x05,
			0x00, 0x00, 0x00, 0x00, 0x00, 0x44, 0x65, 0x63,
			0x6f, 0x64, 0x65, 0x72, 0x04, 0x00, 0x00, 0x00,
			0x00, 0x00, 0x00, 0x00, 0x12, 0x00, 0x04, 0x00,
			0x53, 0x63, 0x61, 0x6c, 0x61, 0x62, 0x69, 0x6c,
			0x69, 0x74, 0x79, 0x20, 0x4c, 0x65, 0x76, 0x65,
			0x6c, 0x73, 0xb4, 0x62, 0x01, 0x10, 0x04, 0x00,
			0x00, 0x00, 0x00, 0x00, 0x00, 0x00, 0x13, 0x00,
			0x04, 0x00, 0x44, 0x65, 0x6c, 0x74, 0x61, 0x20,
			0x66, 0x72, 0x61, 0x6d, 0x65, 0x73, 0x20, 0x6f,
			0x6e, 0x2f, 0x6f, 0x66, 0x66, 0x01, 0x00, 0x00,
			0x00, 0x04, 0x00, 0x00, 0x00, 0x00, 0x00, 0x00,
			0x00, 0x0c, 0x00, 0x04, 0x00, 0x54, 0x72, 0x61,
			0x6e, 0x73, 0x70, 0x61, 0x72, 0x65, 0x6e, 0x63,
			0x79, 0xa8, 0xea, 0x08, 0x10, 0x04, 0x00, 0x00,
			0x00, 0x00, 0x00, 0x00, 0x00, 0x0a, 0x00, 0x04,
			0x00, 0x54, 0x69, 0x6c, 0x65, 0x20, 0x57, 0x69,
			0x64, 0x74, 0x68, 0x04, 0x14, 0x48, 0x00, 0x04,
			0x00, 0x00, 0x00, 0x00, 0x00, 0x00, 0x00, 0x0b,
			0x00, 0x04, 0x00, 0x54, 0x69, 0x6c, 0x65, 0x20,
			0x48, 0x65, 0x69, 0x67, 0x68, 0x74, 0x30, 0x1e,
			0x42, 0x00, 0xe5, 0x00, 0x00, 0x00, 0xc7, 0x00,
			0x02, 0x00, 0xe5, 0x00, 0x00, 0x00, 0x03, 0x00,
			0x07, 0x00, 0x00, 0x00, 0x00, 0x00, 0x35, 0x2e,
			0x30, 0x04, 0x00, 0x00, 0x00, 0x00, 0x00, 0x00,
			0x00, 0x10, 0x00, 0x04, 0x00, 0x45, 0x6e, 0x61,
			0x62, 0x6c, 0x65, 0x64, 0x41, 0x63, 0x63, 0x65,
			0x73, 0x73, 0x4b, 0x65, 0x79, 0x00, 0x00, 0x00,
			0x00, 0x04, 0x00, 0x00, 0x00, 0x00, 0x00, 0x00,
			0x00, 0x09, 0x00, 0x04, 0x00, 0x41, 0x63, 0x63,
			0x65, 0x73, 0x73, 0x4b, 0x65, 0x79, 0x00, 0x00,
			0x00, 0x00, 0x04, 0x00, 0x00, 0x00, 0x00, 0x00,
			0x00, 0x00, 0x10, 0x00, 0x04, 0x00, 0x4d, 0x69,
			0x6e, 0x56, 0x69, 0x65, 0x77, 0x70, 0x6f, 0x72,
			0x74, 0x57, 0x69, 0x64, 0x74, 0x68, 0x00, 0x00,
			0x00, 0x00, 0x04, 0x00, 0x00, 0x00, 0x00, 0x00,
			0x00, 0x00, 0x11, 0x00, 0x04, 0x00, 0x4d, 0x69,
			0x6e, 0x56, 0x69, 0x65, 0x77, 0x70, 0x6f, 0x72,
			0x74, 0x48, 0x65, 0x69, 0x67, 0x68, 0x74, 0x00,
			0x00, 0x00, 0x00, 0x04, 0x00, 0x00, 0x00, 0x00,
			0x00, 0x00, 0x00, 0x0c, 0x00, 0x04, 0x00, 0x54,
			0x72, 0x61, 0x6e, 0x73, 0x70, 0x61, 0x72, 0x65,
			0x6e, 0x63, 0x79, 0x01, 0x00, 0x00, 0x00, 0x04,
			0x00, 0x00, 0x00, 0x00, 0x00, 0x00, 0x00, 0x0d,
			0x00, 0x04, 0x00, 0x51, 0x75, 0x69, 0x63, 0x6b,
			0x43, 0x6f, 0x6d, 0x70, 0x72, 0x65, 0x73, 0x73,
			0x00, 0x00, 0x00, 0x00, 0x04, 0x00, 0x00, 0x00,
			0x00, 0x00, 0x00, 0x00, 0x0b, 0x00, 0x04, 0x00,
			0x53, 0x63, 0x61, 0x6c, 0x61, 0x62, 0x69, 0x6c,
			0x69, 0x74, 0x79, 0x00,
		},
	},
};

u_long KAR_D_8005BFCC[7680] = {
	0x92000000, 0xa6000000, 0x92000200, 0x1e000000,
	0x00000300, 0x2e000000, 0x412f2e2f, 0x4159494b,
	0x5327414d, 0x2e435020, 0x97a48b2f, 0x8374834c,
	0x838b8348, 0x0000045f, 0x00000000, 0x04000e00,
	0x6e6f4300, 0x7463656e, 0x546e6f69, 0x01657079,
	0x01000000, 0x00000000, 0x08000000, 0x55000500,
	0x4e726573, 0x41656d61, 0x36313154, 0x00000001,
	0x00000000, 0x0011000c, 0x766f7250, 0x72656469,
	0x656d614e, 0x7263694d, 0x666f736f, 0x654e2074,
	0x726f7774, 0x0010a76b, 0x02001300, 0x00009900,
	0x02000200, 0x00000000, 0x03373200, 0x00000000,
	0x07000000, 0x43004000, 0x69566261, 0x00407765,
	0x00000000, 0x00010000, 0xffff0000, 0xffffffff,
	0xffffffff, 0xffffffff, 0x00c5ffff, 0x007d0000,
	0x03530000, 0x027e0000, 0x00030000, 0x00000000,
	0x00c00000, 0x00000000, 0xd5840000, 0x0003815f,
	0x00000000, 0x00080000, 0x6956001c, 0x69567765,
	0x001c7765, 0x0003815f, 0x00000000, 0x00000000,
	0x0000001c, 0x00010000, 0xffff0000, 0x1546ffff,
	0xe3000000, 0x14000000, 0x42001f00, 0xf0fbf23b,
	0x84101be3, 0x00aa0088, 0x15f8563e, 0x2e000000,
	0x14000001, 0x40001f00, 0x81645ff0, 0x9f101b50,
	0x00aa0008, 0x154e952f, 0x79000000, 0x14000001,
	0x75001f00, 0x0000020d, 0xc0000000, 0x00000000,
	0x15460000, 0xc4000000, 0x2f000001, 0x00003100,
	0x1b000000, 0x10432823, 0x74654e00, 0x616e614d,
	0x43206567, 0x656d6168, 0x6e6f656c, 0x53464e20,
	0x54454e00, 0x7e4e414d, 0x00150031, 0x025a0000,
	0x00300000, 0x000000b1, 0x22a60000, 0x8011451d,
	0xb0d8decc, 0xbdb0b9cc, 0xd8decc00, 0xb0b9ccb0,
	0xd92000bd, 0x42a085bb, 0xe4a21069, 0x302b0008,
	0x00159d30, 0x02a50000, 0x00180000, 0x00000031,
	0x24950000, 0x00103f68, 0x4c97a48b, 0x97a48b00,
	0x0060004c, 0x00020000, 0x00340000, 0x01f70032,
	0x24b10000, 0x002082e9, 0x65646f43, 0x72726157,
	0x20726f69, 0x75626544, 0x72656767, 0x6b6e6c2e,
	0x444f4300, 0x7e415745, 0x4e4c2e32, 0x0060004b,
	0x004d0000, 0x002f0000, 0x01e70032, 0x24950000,
	0x002042c2, 0x65646f43, 0x72726157, 0x20726f69,
	0x2e454449, 0x006b6e6c, 0x45444f43, 0x317e4157,
	0x4b4e4c2e, 0x00006000, 0x00009800, 0x32002900,
	0x00015a00, 0xcb239800, 0x4900201b, 0x7865646e,
	0x6d74682e, 0x6b6e6c2e, 0x444e4900, 0x7e485845,
	0x4e4c2e32, 0x0060004b, 0x00e30000, 0x003a0000,
	0x013b0032, 0x22d20000, 0x002029e7, 0x7263694d,
	0x666f736f, 0x65442074, 0x6f6c6576, 0x20726570,
	0x64757453, 0x6c2e6f69, 0x4d006b6e, 0x4f524349,
	0x2e317e53, 0x004b4e4c, 0x00000060, 0x00000179,
	0x0032002e, 0x00000183, 0x28cd2364, 0x694d0020,
	0x736f7263, 0x2074666f, 0x64726f57, 0x6b6e6c2e,
	0x43494d00, 0x7e534f52, 0x4e4c2e33, 0x0060004b,
	0x01c40000, 0x00490000, 0x01220032, 0x23640000,
	0x002028d4, 0x7263694d, 0x666f736f, 0xddb22074,
	0xafc8b0c0, 0xb8b420c4, 0xdbdfccbd, 0x3320d7b0,
	0x2031302e, 0xafbecc82, 0xccafb1c4, 0x6e6c2edf,
	0x494d006b, 0x534f5243, 0x4c2e327e, 0x60004b4e,
	0x5a000000, 0x38000002, 0xd5003200, 0xb1000001,
	0x20894b24, 0x43535000, 0x74556d6f, 0x652e6c69,
	0xd6826578, 0xaebccc82, 0xafb6c4b0, 0x6e6c2ec4,
	0x5350006b, 0x554d4f43, 0x4c2e317e, 0xab004b4e,
	0x5a000000, 0x2b000002, 0x35003200, 0xd1000001,
	0x20186624, 0x6d695400, 0x6c697475, 0x6578652e,
	0x6b6e6c2e, 0x4d495400, 0x7e495455, 0x4e4c2e32,
	0x00ab004b, 0x025a0000, 0x00000000, 0xc4af0000,
	0x6b6e6c2e, 0x43535000, 0x7e554d4f, 0x4e4c2e31,
	0x00ab004b, 0x025a0000, 0x002b0000, 0x01350032,
	0x24d10000, 0x00201866, 0x756d6954, 0x2e6c6974,
	0x2e657865, 0x006b6e6c, 0x554d4954, 0x327e4954,
	0x4b4e4c2e, 0x0000ab00, 0x00025a00, 0x00000000,
	0x004e4f00, 0x000000a5, 0x0000029d, 0x00000000,
	0x24cf0000, 0x00202775, 0x616d5f67, 0x652e6863,
	0x47006566, 0x43414d5f, 0x46452e48, 0x00150045,
	0x00e30000, 0x00240000, 0x3ab40032, 0x24cd0000,
	0x00206163, 0x756d5f67, 0x652e6373, 0x47006566,
	0x53554d5f, 0x46452e43, 0x00600045, 0x00e30000,
	0x00240000, 0x4d000032, 0x24ce0000, 0x00207ac1,
	0x756a5f74, 0x652e7473, 0x54006566, 0x53554a5f,
	0x46452e54, 0x00ab0045, 0x00e30000, 0x00200000,
	0x07e40032, 0x24ce0001, 0x0020bb02, 0x6d756761,
	0x6e746d2e, 0x55474100, 0x544d2e4d, 0x00f6004e,
	0x00e30000, 0x00200000, 0x20200032, 0x24b40000,
	0x002068ee, 0x73796f62, 0x6e746d2e, 0x594f4200,
	0x544d2e53, 0x0141004e, 0x00e30000, 0x00200000,
	0x6d5e0032, 0x24b90001, 0x00203863, 0x79657267,
	0x6e746d2e, 0x45524700, 0x544d2e59, 0x018c004e,
	0x00e30000, 0x00200000, 0x01080032, 0x24cd0001,
	0x00204a0f, 0x7a6e6f6d, 0x6e746d2e, 0x4e4f4d00,
	0x544d2e5a, 0x01d7004e, 0x00e30000, 0x00200000,
	0x40800032, 0x24610000, 0x00200980, 0x6d756761,
	0x6d69742e, 0x55474100, 0x49542e4d, 0x0222004d,
	0x00e30000, 0x00220000, 0x21000032, 0x24b90000,
	0x002031b4, 0x695f6962, 0x69742e6e, 0x4942006d,
	0x2e4e495f, 0x004d4954, 0x00000015, 0x0000012e,
	0x00320020, 0x000040a0, 0x1260245a, 0x6f620020,
	0x742e7379, 0x42006d69, 0x2e53594f, 0x004d4954,
	0x00000060, 0x0000012e, 0x00320024, 0x00001880,
	0x610324b8, 0x65640020, 0x66666566, 0x6d69742e,
	0x46454400, 0x2e464645, 0x004d4954, 0x000000ab,
	0x0000012e, 0x0032001b, 0x00002220, 0x83b524ad,
	0x69468020, 0x666e695f, 0x69742e6f, 0xf600006d,
	0x2e000000, 0x20000001, 0x20003200, 0xa1000042,
	0x20136824, 0x65726700, 0x69742e79, 0x5247006d,
	0x542e5945, 0x41004d49, 0x2e000001, 0x20000001,
	0x40003200, 0xa5000040, 0x205bda24, 0x65746900,
	0x69742e6d, 0x5449006d, 0x542e4d45, 0x8c004d49,
	0x2e000001, 0x20000001, 0x20003200, 0xca000042,
	0x2033ac24, 0x6e6f6d00, 0x69742e7a, 0x4f4d006d,
	0x542e5a4e, 0xd7004d49, 0x2e000001, 0x26000001,
	0x20003200, 0xab000042, 0x20a5ca24, 0x6f707300,
	0x36353274, 0x6d69742e, 0x4f505300, 0x36353254,
	0x4d49542e, 0x00022200, 0x00012e00, 0x32002000,
	0x00545000, 0x7824cd00, 0x6100205f, 0x2e6d7567,
	0x00646d74, 0x4d554741, 0x444d542e, 0x00001500,
	0x00017900, 0x32002000, 0x003d7c00, 0x99245a00,
	0x62002016, 0x2e73796f, 0x00646d74, 0x53594f42,
	0x444d542e, 0x00006000, 0x00017900, 0x32002400,
	0x00194000, 0xc424bf00, 0x64002064, 0x66656665,
	0x6d742e66, 0x45440064, 0x46464546, 0x444d542e,
	0x0000ab00, 0x00017900, 0x32002000, 0x006fb000,
	0x13248600, 0x67002051, 0x2e796572, 0x00646d74,
	0x59455247, 0x444d542e, 0x0000f600, 0x00017900,
	0x32002000, 0x00372400, 0x1b249400, 0x6d00203b,
	0x2e7a6e6f, 0x00646d74, 0x5a4e4f4d, 0x444d542e,
	0x00014100, 0x00017900, 0x32002400, 0x00004200,
	0xbc24b200, 0x73002035, 0x65747379, 0x6e632e6d,
	0x59530066, 0x4d455453, 0x464e432e, 0x00014100,
	0x00017900, 0x00000000, 0x00003700, 0x3b1b2494,
	0x6f6d0020, 0x742e7a6e, 0x4d00646d, 0x2e5a4e4f,
	0x00444d54, 0x00000141, 0x00000179, 0x00320024,
	0x00000042, 0x35bc24b2, 0x79730020, 0x6d657473,
	0x666e632e, 0x53595300, 0x2e4d4554, 0x00464e43,
	0x00000141, 0x00000179, 0x00000000, 0x00012e00,
	0x32002600, 0x0001bb00, 0x2024cd00, 0x4d002039,
	0x315a4e4f, 0x6b2e3632, 0x4d006665, 0x315a4e4f,
	0x4b2e3632, 0xd7004645, 0x2e000001, 0x26000001,
	0x06003200, 0xcd000002, 0x20392024, 0x4e4f4d00,
	0x3732315a, 0x66656b2e, 0x4e4f4d00, 0x3732315a,
	0x46454b2e, 0x00022200, 0x00012e00, 0x32002600,
	0x00018a00, 0xb324cd00, 0x4d00203b, 0x315a4e4f,
	0x6b2e3139, 0x4d006665, 0x315a4e4f, 0x4b2e3139,
	0x6d004645, 0x2e000002, 0x26000001, 0x4e003200,
	0xc4000026, 0x206f4624, 0x6e6f6d00, 0x3733307a,
	0x61636c2e, 0x4e4f4d00, 0x3733305a, 0x41434c2e,
	0x00001500, 0x00017900, 0x32002600, 0x0026f300,
	0x4f24c400, 0x6d00206f, 0x307a6e6f, 0x6c2e3833,
	0x4d006163, 0x305a4e4f, 0x4c2e3833, 0x60004143,
	0x79000000, 0x26000001, 0x54003200, 0xc4000026,
	0x206f5724, 0x6e6f6d00, 0x3933307a, 0x61636c2e,
	0x4e4f4d00, 0x3933305a, 0x41434c2e, 0x0000ab00,
	0x00017900, 0x32002600, 0x002c8b00, 0x6224c400,
	0x6d00206f, 0x307a6e6f, 0x6c2e3034, 0x4d006163,
	0x305a4e4f, 0x4c2e3034, 0xf6004143, 0x79000000,
	0x26000001, 0x25003200, 0xc400002c, 0x206f6824,
	0x6e6f6d00, 0x3134307a, 0x61636c2e, 0x4e4f4d00,
	0x3134305a, 0x41434c2e, 0x00014100, 0x00017900,
	0x32002600, 0x002b5d00, 0x7124c400, 0x6d00206f,
	0x307a6e6f, 0x6c2e3234, 0x4d006163, 0x305a4e4f,
	0x4c2e3234, 0x8c004143, 0x79000001, 0x26000001,
	0x34003200, 0xc4000028, 0x206f7a24, 0x6e6f6d00,
	0x3334307a, 0x61636c2e, 0x4e4f4d00, 0x3334305a,
	0x41434c2e, 0x0001d700, 0x00017900, 0x32002600,
	0x00285a00, 0x0524c400, 0x6d002070, 0x307a6e6f,
	0x6c2e3434, 0x4d006163, 0x305a4e4f, 0x4c2e3434,
	0x22004143, 0x79000002, 0x26000001, 0xb7003200,
	0xc800002b, 0x20472a24, 0x6e6f6d00, 0x3031317a,
	0x61636c2e, 0x4e4f4d00, 0x3031315a, 0x41434c2e,
	0x00026d00, 0x00017900, 0x32002600, 0x002dd100,
	0x3624c800, 0x6d002047, 0x317a6e6f, 0x6c2e3131,
	0x4d006163, 0x315a4e4f, 0x4c2e3131, 0x15004143,
	0xc4000000, 0x26000001, 0x6f003200, 0xc8000028,
	0x20566c24, 0x6e6f6d00, 0x3231317a, 0x61636c2e,
	0x4e4f4d00, 0x3231315a, 0x41434c2e, 0x00006000,
	0x0001c400, 0x32002600, 0x0029dd00, 0x4624c800,
	0x6d002047, 0x317a6e6f, 0x6c2e3331, 0x4d006163,
	0x315a4e4f, 0x4c2e3331, 0xab004143, 0xc4000000,
	0x26000001, 0x2c003200, 0xc800002d, 0x204d9324,
	0x6e6f6d00, 0x3531317a, 0x61636c2e, 0x4e4f4d00,
	0x3531315a, 0x41434c2e, 0x0000f600, 0x0001c400,
	0x32002600, 0x002ae000, 0x4924c800, 0x6d002067,
	0x317a6e6f, 0x6c2e3631, 0x4d006163, 0x315a4e4f,
	0x4c2e3631, 0x41004143, 0xc4000001, 0x26000001,
	0x38003200, 0xc800002c, 0x20475924, 0x6e6f6d00,
	0x3831317a, 0x61636c2e, 0x4e4f4d00, 0x3831315a,
	0x41434c2e, 0x00018c00, 0x0001c400, 0x32002600,
	0x00285b00, 0x6124c800, 0x6d002047, 0x317a6e6f,
	0x6c2e3931, 0x4d006163, 0x315a4e4f, 0x4c2e3931,
	0xd7004143, 0xc4000001, 0x26000001, 0x39003200,
	0xc8000028, 0x20476624, 0x6e6f6d00, 0x3032317a,
	0x61636c2e, 0x4e4f4d00, 0x3032315a, 0x41434c2e,
	0x00022200, 0x0001c400, 0x32002600, 0x0028be00,
	0x6a24c800, 0x6d002047, 0x317a6e6f, 0x6c2e3132,
	0x4d006163, 0x315a4e4f, 0x4c2e3132, 0x6d004143,
	0xc4000002, 0x26000001, 0xd9003200, 0xc8000027,
	0x20476f24, 0x6e6f6d00, 0x3332317a, 0x61636c2e,
	0x4e4f4d00, 0x3332315a, 0x41434c2e, 0x00001500,
	0x00020f00, 0x32002600, 0x002a7a00, 0x1924c800,
	0x6d002048, 0x317a6e6f, 0x6c2e3632, 0x4d006163,
	0x315a4e4f, 0x4c2e3632, 0x60004143, 0x0f000000,
	0x26000002, 0x90003200, 0xc800002c, 0x20482124,
	0x6e6f6d00, 0x3732317a, 0x61636c2e, 0x4e4f4d00,
	0x3732315a, 0x41434c2e, 0x0000ab00, 0x00020f00,
	0x32002600, 0x0029a300, 0x3624c800, 0x6d002062,
	0x317a6e6f, 0x6c2e3139, 0x4d006163, 0x315a4e4f,
	0x4c2e3139, 0xf7004143, 0x0e000000, 0x2a000002,
	0x00003200, 0xcc0000f0, 0x204d6824, 0x72657600,
	0x90438f33, 0x2e5182b3, 0x00657865, 0x33524556,
	0x317e438f, 0x4558452e, 0x00014100, 0x00020f00,
	0x32002600, 0x0001e600, 0x1b24cd00, 0x6d002047,
	0x307a6e6f, 0x6d2e3733, 0x4d006e74, 0x305a4e4f,
	0x4d2e3733, 0x8c004e54, 0x0f000001, 0x26000002,
	0xe2003200, 0xcd000002, 0x20472524, 0x6e6f6d00,
	0x3833307a, 0x6e746d2e, 0x4e4f4d00, 0x3833305a,
	0x4e544d2e, 0x0001d700, 0x00020f00, 0x32002600,
	0x00029000, 0x2d24cd00, 0x6d002047, 0x307a6e6f,
	0x6d2e3933, 0x4d006e74, 0x305a4e4f, 0x4d2e3933,
	0x22004e54, 0x0f000002, 0x26000002, 0x7c003200,
	0xcd000005, 0x20473924, 0x6e6f6d00, 0x3034307a,
	0x6e746d2e, 0x4e4f4d00, 0x3034305a, 0x4e544d2e,
	0x00026d00, 0x00020f00, 0x32002600, 0x00057c00,
	0x4324cd00, 0x6d002047, 0x307a6e6f, 0x6d2e3134,
	0x4d006e74, 0x305a4e4f, 0x4d2e3134, 0x15004e54,
	0x5a000000, 0x26000002, 0xbe003200, 0xcd000004,
	0x20474924, 0x6e6f6d00, 0x3234307a, 0x6e746d2e,
	0x4e4f4d00, 0x3234305a, 0x4e544d2e, 0x00006000,
	0x00025a00, 0x32002600, 0x00031800, 0x5024cd00,
	0x6d002047, 0x307a6e6f, 0x6d2e3334, 0x4d006e74,
	0x305a4e4f, 0x4d2e3334, 0xab004e54, 0x5a000000,
	0x26000002, 0xf4003200, 0xcd000002, 0x20475624,
	0x6e6f6d00, 0x3434307a, 0x6e746d2e, 0x4e4f4d00,
	0x3434305a, 0x4e544d2e, 0x0000f600, 0x00025a00,
	0x32002600, 0x00048c00, 0x6824cd00, 0x6d002047,
	0x317a6e6f, 0x6d2e3031, 0x4d006e74, 0x315a4e4f,
	0x4d2e3031, 0x41004e54, 0x5a000001, 0x26000002,
	0x22003200, 0xcd000006, 0x20476d24, 0x6e6f6d00,
	0x3131317a, 0x6e746d2e, 0x4e4f4d00, 0x3131315a,
	0x4e544d2e, 0x00018c00, 0x00025a00, 0x32002600,
	0x00034000, 0x7224cd00, 0x6d002047, 0x317a6e6f,
	0x6d2e3231, 0x4d006e74, 0x315a4e4f, 0x4d2e3231,
	0xd7004e54, 0x5a000001, 0x26000002, 0x86003200,
	0xcd000004, 0x20477924, 0x6e6f6d00, 0x3331317a,
	0x6e746d2e, 0x4e4f4d00, 0x3331315a, 0x4e544d2e,
	0x00022200, 0x00025a00, 0x32002600, 0x00063e00,
	0x0024cd00, 0x6d002048, 0x317a6e6f, 0x6d2e3531,
	0x4d006e74, 0x315a4e4f, 0x4d2e3531, 0x6d004e54,
	0x5a000002, 0x26000002, 0x48003200, 0xcd000005,
	0x20480524, 0x6e6f6d00, 0x3631317a, 0x6e746d2e,
	0x4e4f4d00, 0x3631315a, 0x4e544d2e, 0x00001500,
	0x0002a500, 0x32002600, 0x00062200, 0x0b24cd00,
	0x6d002048, 0x317a6e6f, 0x6d2e3831, 0x4d006e74,
	0x315a4e4f, 0x4d2e3831, 0x60004e54, 0xa5000000,
	0x26000002, 0x58003200, 0xcd000004, 0x20481024,
	0x6e6f6d00, 0x3931317a, 0x6e746d2e, 0x4e4f4d00,
	0x3931315a, 0x4e544d2e, 0x0000ab00, 0x0002a500,
	0x32002600, 0x00032800, 0x1624cd00, 0x6d002048,
	0x317a6e6f, 0x6d2e3032, 0x4d006e74, 0x315a4e4f,
	0x4d2e3032, 0xf6004e54, 0xa5000000, 0x26000002,
	0xd8003200, 0xcd000003, 0x20481b24, 0x6e6f6d00,
	0x3132317a, 0x6e746d2e, 0x4e4f4d00, 0x3132315a,
	0x4e544d2e, 0x00014100, 0x0002a500, 0x32002600,
	0x00035400, 0x2224cd00, 0x6d002048, 0x317a6e6f,
	0x6d2e3332, 0x4d006e74, 0x315a4e4f, 0x4d2e3332,
	0x8c004e54, 0xa5000001, 0x26000002, 0xb8003200,
	0xcd000004, 0x20482724, 0x6e6f6d00, 0x3632317a,
	0x6e746d2e, 0x4e4f4d00, 0x3632315a, 0x4e544d2e,
	0x0001d700, 0x0002a500, 0x32002600, 0x00060800,
	0x2f24cd00, 0x6d002048, 0x317a6e6f, 0x6d2e3732,
	0x4d006e74, 0x315a4e4f, 0x4d2e3732, 0x22004e54,
	0xa5000002, 0x26000002, 0x40003200, 0xcd000004,
	0x20483524, 0x6e6f6d00, 0x3139317a, 0x6e746d2e,
	0x4e4f4d00, 0x3139315a, 0x4e544d2e, 0x00022200,
	0x0002a500, 0x00000000, 0x6f6d0000, 0x32317a6e,
	0x746d2e37, 0x4f4d006e, 0x32315a4e, 0x544d2e37,
	0x0222004e, 0x02a50000, 0x00260000, 0x04400032,
	0x24cd0000, 0x00204835, 0x7a6e6f6d, 0x2e313931,
	0x006e746d, 0x5a4e4f4d, 0x2e313931, 0x004e544d,
	0x00000222, 0x000002a5, 0x00000000, 0x00000d8d,
	0x000200a4, 0x00000099, 0x00020002, 0x00000000,
	0x00033731, 0x00000000, 0x00070000, 0x61430040,
	0x65695662, 0x00004077, 0x00000000, 0x00000100,
	0xffffff00, 0xffffffff, 0xffffffff, 0xffffffff,
	0x0000b0ff, 0x0000b000, 0x00033e00, 0x0002b100,
	0x00000300, 0x00000000, 0x0000c000, 0x00000000,
	0x5fd58400, 0x00000381, 0x00000000, 0x1c000800,
	0x65695600, 0x65695677, 0x5f001c77, 0x00000381,
	0x00000000, 0x1c000000, 0x00000000, 0x00000100,
	0xffffff00, 0x000200ff, 0x00180000, 0x03640032,
	0x24b30000, 0x80202442, 0x79626d38, 0x6f2e6574,
	0x00f60000, 0x00020000, 0x00280000, 0x04390032,
	0x24ea0000, 0x002063ba, 0x59424d38, 0x4f2e4554,
	0x62696c2e, 0x424d3800, 0x7e455459, 0x494c2e31,
	0x01410042, 0x00020000, 0x00180000, 0x6b000032,
	0x24b30001, 0x80202438, 0x6162694c, 0x612e6970,
	0x00150000, 0x004d0000, 0x00280000, 0x4f420032,
	0x24ea0001, 0x002063ba, 0x4142494c, 0x412e4950,
	0x62696c2e, 0x42494c00, 0x7e495041, 0x494c2e31,
	0x00600042, 0x004d0000, 0x00160000, 0xd60e0032,
	0x24b30000, 0x80202438, 0x6362694c, 0x0000612e,
	0x000000ab, 0x0000004d, 0x00320025, 0x0000cc17,
	0x63ba24ea, 0x494c0020, 0x412e4342, 0x62696c2e,
	0x42494c00, 0x317e4143, 0x42494c2e, 0x0000f600,
	0x00004d00, 0x32001700, 0x00c95600, 0x3824b300,
	0x4c802024, 0x32636269, 0x0000612e, 0x00000141,
	0x0000004d, 0x00320027, 0x0000dc42, 0x63ba24ea,
	0x494c0020, 0x2e324342, 0x696c2e41, 0x494c0062,
	0x41324342, 0x4c2e317e, 0x15004249, 0x98000000,
	0x19000000, 0xea003200, 0xb3000050, 0x20243924,
	0x62694c80, 0x64726163, 0x0000612e, 0x00000060,
	0x00000098, 0x00320029, 0x00004a5f, 0x63ba24ea,
	0x494c0020, 0x52414342, 0x2e412e44, 0x0062696c,
	0x4342494c, 0x327e5241, 0x42494c2e, 0x0000ab00,
	0x00009800, 0x32001700, 0x012cbc00, 0x3924b300,
	0x4c802024, 0x64636269, 0x0000612e, 0x000000f6,
	0x00000098, 0x00320027, 0x0001133a, 0x63bb24ea,
	0x494c0020, 0x2e444342, 0x696c2e41, 0x494c0062,
	0x41444342, 0x4c2e317e, 0x41004249, 0x98000001,
	0x19000000, 0x76003200, 0xb300002a, 0x20243924,
	0x62694c80, 0x626d6f63, 0x0000612e, 0x00000015,
	0x000000e3, 0x00320029, 0x00002399, 0x63bb24ea,
	0x494c0020, 0x4d4f4342, 0x2e412e42, 0x0062696c,
	0x4342494c, 0x317e4d4f, 0x42494c2e, 0x00006000,
	0x0000e300, 0x32001700, 0x00f24200, 0x3a24b300,
	0x4c802024, 0x73646269, 0x0000612e, 0x000000ab,
	0x000000e3, 0x00320027, 0x0000c8d3, 0x63bb24ea,
	0x494c0020, 0x2e534442, 0x696c2e41, 0x494c0062,
	0x41534442, 0x4c2e317e, 0xf6004249, 0xe3000000,
	0x18000000, 0xfe003200, 0xb3000053, 0x20243a24,
	0x62694c80, 0x2e637465, 0x41000061, 0xe3000001,
	0x28000000, 0x56003200, 0xea00004a, 0x2063bb24,
	0x42494c00, 0x2e435445, 0x696c2e41, 0x494c0062,
	0x43544542, 0x4c2e317e, 0x15004249, 0x2e000000,
	0x18000001, 0x82003200, 0xb30001a5, 0x20243a24,
	0x62694c80, 0x2e757067, 0x60000061, 0x2e000000,
	0x28000001, 0xc5003200, 0xea000186, 0x2063bb24,
	0x42494c00, 0x2e555047, 0x696c2e41, 0x494c0062,
	0x55504742, 0x4c2e317e, 0xab004249, 0x2e000000,
	0x17000001, 0xfe003200, 0xb300068b, 0x20243b24,
	0x62694c80, 0x612e7367, 0x00f60000, 0x012e0000,
	0x00270000, 0x324a0032, 0x24ea0006, 0x002063bb,
	0x4742494c, 0x2e412e53, 0x0062696c, 0x4742494c,
	0x317e4153, 0x42494c2e, 0x00014100, 0x00012e00,
	0x32001800, 0x09da3c00, 0x3b24b300, 0x4c802024,
	0x74676269, 0x00612e65, 0x00001500, 0x00017900,
	0x32002800, 0x09282f00, 0xbc24ea00, 0x4c002063,
	0x54474249, 0x2e412e45, 0x0062696c, 0x4742494c,
	0x317e4554, 0x42494c2e, 0x00006000, 0x00017900,
	0x32001800, 0x0039f000, 0x3c24b300, 0x4c802024,
	0x75676269, 0x00612e6e, 0x0000ab00, 0x00017900,
	0x32002800, 0x002a9000, 0xbc24ea00, 0x4c002063,
	0x55474249, 0x2e412e4e, 0x0062696c, 0x4742494c,
	0x317e4e55, 0x42494c2e, 0x0000f600, 0x00017900,
	0x32001800, 0x0ef0b800, 0x3c24b300, 0x4c802024,
	0x6d686269, 0x00612e64, 0x00014100, 0x00017900,
	0x32002800, 0x0ec01500, 0xbd24ea00, 0x4c002063,
	0x4d484249, 0x2e412e44, 0x0062696c, 0x4842494c,
	0x317e444d, 0x42494c2e, 0x00001500, 0x0001c400,
	0x32001900, 0x012cf400, 0x3d24b300, 0x4c802024,
	0x616d6269, 0x612e6874, 0x00600000, 0x01c40000,
	0x00290000, 0x3b470032, 0x24ea0001, 0x002063c0,
	0x4d42494c, 0x2e485441, 0x696c2e41, 0x494c0062,
	0x54414d42, 0x4c2e317e, 0xab004249, 0xc4000000,
	0x19000001, 0x18003200, 0xb300006c, 0x20243d24,
	0x62694c80, 0x6472636d, 0x0000612e, 0x000000f6,
	0x000001c4, 0x00320029, 0x00005338, 0x63c024ea,
	0x494c0020, 0x52434d42, 0x2e412e44, 0x0062696c,
	0x4d42494c, 0x317e5243, 0x42494c2e, 0x00014100,
	0x0001c400, 0x32001800, 0x00d88800, 0x3d24b300,
	0x4c802024, 0x61706269, 0x00612e64, 0x00001500,
	0x00020f00, 0x32002800, 0x00b25a00, 0xc024ea00,
	0x4c002063, 0x41504249, 0x2e412e44, 0x0062696c,
	0x5042494c, 0x317e4441, 0x42494c2e, 0x00006000,
	0x00020f00, 0x32001a00, 0x01628400, 0x4024b300,
	0x4c802024, 0x72706269, 0x2e737365, 0xab000061,
	0x0f000000, 0x2a000002, 0x68003200, 0xea000156,
	0x2063c024, 0x42494c00, 0x53455250, 0x2e412e53,
	0x0062696c, 0x5042494c, 0x317e4552, 0x42494c2e,
	0x0000f600, 0x00020f00, 0x32001800, 0x00295e00,
	0x4024b300, 0x4c802024, 0x69736269, 0x00612e6f,
	0x00014100, 0x00020f00, 0x32002800, 0x00259e00,
	0xc024ea00, 0x4c002063, 0x49534249, 0x2e412e4f,
	0x0062696c, 0x5342494c, 0x317e4f49, 0x42494c2e,
	0x00001500, 0x00025a00, 0x32001700, 0x00204000,
	0x4124b300, 0x4c802024, 0x6e736269, 0x0000612e,
	0x00000060, 0x0000025a, 0x00320027, 0x0000252c,
	0x63c024ea, 0x494c0020, 0x2e4e5342, 0x696c2e41,
	0x494c0062, 0x414e5342, 0x4c2e317e, 0xab004249,
	0x5a000000, 0x18000002, 0xc0003200, 0xb30003df,
	0x20244024, 0x62694c80, 0x2e646e73, 0xf6000061,
	0x5a000000, 0x28000002, 0x79003200, 0xea0003e7,
	0x2063c024, 0x42494c00, 0x2e444e53, 0x696c2e41,
	0x494c0062, 0x444e5342, 0x4c2e317e, 0x41004249,
	0x5a000001, 0x18000002, 0x46003200, 0xb30002bc,
	0x20244124, 0x62694c80, 0x2e757073, 0x15000061,
	0xa5000000, 0x28000002, 0xf8003200, 0xea0002d9,
	0x2063c124, 0x42494c00, 0x2e555053, 0x696c2e41,
	0x494c0062, 0x55505342, 0x4c2e317e, 0x60004249,
	0xa5000000, 0x18000002, 0x2e003200, 0xb3000027,
	0x20244124, 0x62694c80, 0x2e706174, 0xab000061,
	0xa5000000, 0x28000002, 0x5c003200, 0xea00001e,
	0x2063c124, 0x42494c00, 0x2e504154, 0x696c2e41,
	0x494c0062, 0x50415442, 0x4c2e317e, 0xf6004249,
	0xa5000000, 0x32000002, 0x78003200, 0x2a00002a,
	0x21485d23, 0x74614d00, 0x53492d68, 0x6e2d3141,
	0x5550466f, 0x2e454c2d, 0x0062696c, 0x4854414d,
	0x317e492d, 0x42494c2e, 0x00014100, 0x0002a500,
	0x32002900, 0x001de400, 0x94233e00, 0x4d00202c,
	0x62654457, 0x4f496775, 0x62696c2e, 0x44574d00,
	0x7e554245, 0x494c2e31, 0x00150042, 0x02f00000,
	0x00260000, 0x0c080032, 0x23260000, 0x0020282d,
	0x7455574d, 0x2e736c69, 0x0062696c, 0x5455574d,
	0x2e534c49, 0x0042494c, 0x00000060, 0x000002f0,
	0x00320017, 0x00000330, 0x244224b3, 0x6f4e8020,
	0x2e33656e, 0xab00006f, 0xf0000000, 0x27000002,
	0x05003200, 0xea000004, 0x2063c124, 0x4e4f4e00,
	0x4f2e3345, 0x62696c2e, 0x4e4f4e00, 0x7e4f3345,
	0x494c2e31, 0x00ab0042, 0x02f00000, 0x00000000,
	0x17000000, 0x30003200, 0xb3000003, 0x20244224,
	0x6e6f4e80, 0x6f2e3365, 0x00ab0000, 0x02f00000,
	0x00270000, 0x04050032, 0x24ea0000, 0x002063c1,
	0x454e4f4e, 0x2e4f2e33, 0x0062696c, 0x454e4f4e,
	0x317e4f33, 0x42494c2e, 0x0000ab00, 0x0002f000,
	0x00000000, 0x025a0000, 0x001b0000, 0x39b70032,
	0x24d70001, 0x0020408e, 0x6172656d, 0x2e333031,
	0x006d6167, 0x00006000, 0x00025a00, 0x32001b00,
	0x004ba100, 0x9a24d700, 0x6d002040, 0x31617265,
	0x6c2e3330, 0x00006163, 0x000000ab, 0x0000025a,
	0x0032001b, 0x000128b8, 0x409a24d7, 0x656d0020,
	0x30316172, 0x61672e34, 0xf600006d, 0x5a000000,
	0x1b000002, 0xca003200, 0xd7000045, 0x20409a24,
	0x72656d00, 0x34303161, 0x61636c2e, 0x01410000,
	0x025a0000, 0x001b0000, 0x28d90032, 0x24d70001,
	0x0020409b, 0x6172656d, 0x2e363031, 0x006d6167,
	0x00018c00, 0x00025a00, 0x32001b00, 0x0041e200,
	0xa324d700, 0x6d002040, 0x31617265, 0x6c2e3630,
	0x00006163, 0x000001d7, 0x0000025a, 0x0032001b,
	0x000129f4, 0x40a324d7, 0x656d0020, 0x30316172,
	0x61672e37, 0x2200006d, 0x5a000002, 0x1b000002,
	0xde003200, 0xd700004a, 0x2040a324, 0x72656d00,
	0x37303161, 0x61636c2e, 0x00150000, 0x02a50000,
	0x001b0000, 0x9e8a0032, 0x24d70000, 0x002040a3,
	0x6172656d, 0x2e313131, 0x006d6167, 0x00006000,
	0x0002a500, 0x32001b00, 0x00418c00, 0xaa24d700,
	0x6d002040, 0x31617265, 0x6c2e3131, 0x00006163,
	0x000000ab, 0x000002a5, 0x0032001b, 0x0000ddc4,
	0x3eb624d7, 0x656d0020, 0x31316172, 0x61672e33,
	0xf600006d, 0xa5000000, 0x1b000002, 0x02003200,
	0xd7000047, 0x202c0c24, 0x72656d00, 0x33313161,
	0x61636c2e, 0x01410000, 0x02a50000, 0x001b0000,
	0x241e0032, 0x24d70001, 0x002040aa, 0x6172656d,
	0x2e383131, 0x006d6167, 0x00018c00, 0x0002a500,
	0x32001b00, 0x00450b00, 0xaa24d700, 0x6d002040,
	0x31617265, 0x6c2e3831, 0x00006163, 0x000001d7,
	0x000002a5, 0x0032001b, 0x0000f15f, 0x40aa24d7,
	0x656d0020, 0x38316172, 0x61672e35, 0x2200006d,
	0xa5000002, 0x1b000002, 0x70003200, 0xd7000046,
	0x2040aa24, 0x72656d00, 0x35383161, 0x61636c2e,
	0x02220000, 0x02a50000, 0x00000000, 0xd7000000,
	0xa5000001, 0x1b000002, 0x5f003200, 0xd70000f1,
	0x2040aa24, 0x72656d00, 0x35383161, 0x6d61672e,
	0x02220000, 0x02a50000, 0x001b0000, 0x46700032,
	0x24d70000, 0x002040aa, 0x6172656d, 0x2e353831,
	0x0061636c, 0x00022200, 0x0002a500, 0x00000000,
	0x004e5400, 0x00000222, 0x0000020f, 0x00320026,
	0x000007f6, 0x16d924d7, 0x6f670020, 0x30317262,
	0x746d2e33, 0x4f47006e, 0x30315242, 0x544d2e33,
	0x0015004e, 0x025a0000, 0x00260000, 0x066c0032,
	0x24d70000, 0x002016e0, 0x72626f67, 0x2e303131,
	0x006e746d, 0x52424f47, 0x2e303131, 0x004e544d,
	0x00000060, 0x0000025a, 0x00320026, 0x000007f6,
	0x16e524d7, 0x6f670020, 0x31317262, 0x746d2e32,
	0x4f47006e, 0x31315242, 0x544d2e32, 0x00ab004e,
	0x025a0000, 0x00260000, 0x0a420032, 0x24d70000,
	0x002016e9, 0x72626f67, 0x2e383131, 0x006e746d,
	0x52424f47, 0x2e383131, 0x004e544d, 0x000000f6,
	0x0000025a, 0x00320026, 0x0000096c, 0x16f124d7,
	0x6f670020, 0x34317262, 0x746d2e31, 0x4f47006e,
	0x34315242, 0x544d2e31, 0x0141004e, 0x025a0000,
	0x00260000, 0x0a280032, 0x24d70000, 0x002016f6,
	0x72626f67, 0x2e353431, 0x006e746d, 0x52424f47,
	0x2e353431, 0x004e544d, 0x0000018c, 0x0000025a,
	0x0032001e, 0x0000fa00, 0x5cb424d1, 0x746d0020,
	0x78652e6e, 0x544d0065, 0x58452e4e, 0x01d70045,
	0x025a0000, 0x00260000, 0x01a10032, 0x24d70000,
	0x00202668, 0x52424f47, 0x2e343330, 0x0066656b,
	0x52424f47, 0x2e343330, 0x0046454b, 0x00000222,
	0x0000025a, 0x00320026, 0x000003a0, 0x268124d7,
	0x6f670020, 0x33307262, 0x746d2e34, 0x4f47006e,
	0x33305242, 0x544d2e34, 0x0222004e, 0x025a0000,
	0x00000000, 0x47000000, 0x3052424f, 0x6b2e3433,
	0x47006665, 0x3052424f, 0x4b2e3433, 0x22004645,
	0x5a000002, 0x26000002, 0xa0003200, 0xd7000003,
	0x20268124, 0x626f6700, 0x34333072, 0x6e746d2e,
	0x424f4700, 0x34333052, 0x4e544d2e, 0x00022200,
	0x00025a00, 0x00000000, 0x000bc800, 0x02000e00,
	0x00009900, 0x02000200, 0x00000000, 0x03323200,
	0x00000000, 0x07000000, 0x43004000, 0x69566261,
	0x00407765, 0x00000000, 0x00010000, 0xffff0000,
	0xffffffff, 0xffffffff, 0xffffffff, 0x002cffff,
	0x002c0000, 0x01550000, 0x016e0000, 0x00010000,
	0x00000000, 0x00c00000, 0x00000000, 0x12540000,
	0x00038160, 0x00000000, 0x00080000, 0x6956001c,
	0x69567765, 0x001c7765, 0x0001815f, 0x00000000,
	0x00000000, 0x0000001c, 0x00010000, 0xffff0000,
	0x3052ffff, 0x472e3433, 0xab004d41, 0x02000000,
	0x26000000, 0x84003200, 0xc4000046, 0x2040aa24,
	0x626f6700, 0x37333072, 0x6d61672e, 0x424f4700,
	0x37333052, 0x4d41472e, 0x0000f600, 0x00000200,
	0x32002600, 0x00a80000, 0x9724d700, 0x67002014,
	0x3072626f, 0x672e3034, 0x47006d61, 0x3052424f,
	0x472e3034, 0x41004d41, 0x02000001, 0x26000000,
	0x0c003200, 0xd700008f, 0x20149924, 0x626f6700,
	0x31343072, 0x6d61672e, 0x424f4700, 0x31343052,
	0x4d41472e, 0x00018c00, 0x00000200, 0x32002600,
	0x00573c00, 0xa024d700, 0x67002014, 0x3072626f,
	0x672e3334, 0x47006d61, 0x3052424f, 0x472e3334,
	0xd7004d41, 0x02000001, 0x26000000, 0x91003200,
	0xd70000a2, 0x20152024, 0x626f6700, 0x34343072,
	0x6d61672e, 0x424f4700, 0x34343052, 0x4d41472e,
	0x00022200, 0x00000200, 0x32002600, 0x0056e200,
	0xa824d700, 0x67002014, 0x3172626f, 0x672e3030,
	0x47006d61, 0x3152424f, 0x472e3030, 0x6d004d41,
	0x02000002, 0x26000000, 0xf4003200, 0xd70000ad,
	0x2014ab24, 0x626f6700, 0x33303172, 0x6d61672e,
	0x424f4700, 0x33303152, 0x4d41472e, 0x00001500,
	0x00004d00, 0x32002600, 0x00867700, 0x1024c400,
	0x67002067, 0x3172626f, 0x672e3031, 0x47006d61,
	0x3152424f, 0x472e3031, 0x60004d41, 0x4d000000,
	0x26000000, 0x44003200, 0xc40000a8, 0x20671424,
	0x626f6700, 0x32313172, 0x6d61672e, 0x424f4700,
	0x32313152, 0x4d41472e, 0x0000ab00, 0x00004d00,
	0x32002600, 0x01304000, 0x1824c400, 0x67002067,
	0x3172626f, 0x672e3831, 0x47006d61, 0x3152424f,
	0x472e3831, 0xf6004d41, 0x4d000000, 0x26000000,
	0x65003200, 0xd70000a7, 0x2014b524, 0x626f6700,
	0x31343172, 0x6d61672e, 0x424f4700, 0x31343152,
	0x4d41472e, 0x00014100, 0x00004d00, 0x32002600,
	0x00a71000, 0xb824d700, 0x67002014, 0x3172626f,
	0x672e3534, 0x47006d61, 0x3152424f, 0x472e3534,
	0x8c004d41, 0x4d000001, 0x26000000, 0x96003200,
	0xd7000001, 0x2015e924, 0x424f4700, 0x33333052,
	0x66656b2e, 0x424f4700, 0x33333052, 0x46454b2e,
	0x0001d700, 0x00004d00, 0x32002600, 0x00019c00,
	0x7124d700, 0x47002026, 0x3052424f, 0x6b2e3433,
	0x47006665, 0x3052424f, 0x4b2e3433, 0x22004645,
	0x4d000002, 0x26000000, 0xb9003200, 0xdb000001,
	0x20504724, 0x424f4700, 0x37333052, 0x66656b2e,
	0x424f4700, 0x37333052, 0x46454b2e, 0x00026d00,
	0x00004d00, 0x32002600, 0x0002f900, 0x2e24d700,
	0x47002015, 0x3052424f, 0x6b2e3034, 0x47006665,
	0x3052424f, 0x4b2e3034, 0x15004645, 0x98000000,
	0x26000000, 0x01003200, 0xd7000003, 0x20152e24,
	0x424f4700, 0x31343052, 0x66656b2e, 0x424f4700,
	0x31343052, 0x46454b2e, 0x00006000, 0x00009800,
	0x32002600, 0x00023700, 0xa124d700, 0x47002015,
	0x3052424f, 0x6b2e3334, 0x47006665, 0x3052424f,
	0x4b2e3334, 0xab004645, 0x98000000, 0x26000000,
	0x67003200, 0xd7000002, 0x2015d124, 0x424f4700,
	0x34343052, 0x66656b2e, 0x424f4700, 0x34343052,
	0x46454b2e, 0x0000f600, 0x00009800, 0x32002600,
	0x0002a800, 0x3524d700, 0x47002016, 0x3152424f,
	0x6b2e3030, 0x47006665, 0x3152424f, 0x4b2e3030,
	0x41004645, 0x98000001, 0x26000000, 0xd4003200,
	0xd7000002, 0x20152f24, 0x424f4700, 0x33303152,
	0x66656b2e, 0x424f4700, 0x33303152, 0x46454b2e,
	0x00018c00, 0x00009800, 0x32002600, 0x00026a00,
	0x5224db00, 0x47002050, 0x3152424f, 0x6b2e3031,
	0x47006665, 0x3152424f, 0x4b2e3031, 0xd7004645,
	0x98000001, 0x26000000, 0xc0003200, 0xdb000002,
	0x20505a24, 0x424f4700, 0x32313152, 0x66656b2e,
	0x424f4700, 0x32313152, 0x46454b2e, 0x00022200,
	0x00009800, 0x32002600, 0x00037b00, 0x6324db00,
	0x47002050, 0x3152424f, 0x6b2e3831, 0x47006665,
	0x3152424f, 0x4b2e3831, 0x6d004645, 0x98000002,
	0x26000000, 0x4e003200, 0xd7000003, 0x20164c24,
	0x424f4700, 0x31343152, 0x66656b2e, 0x424f4700,
	0x31343152, 0x46454b2e, 0x00001500, 0x0000e300,
	0x32002600, 0x00037700, 0x5824d700, 0x47002016,
	0x3152424f, 0x6b2e3534, 0x47006665, 0x3152424f,
	0x4b2e3534, 0x60004645, 0xe3000000, 0x26000000,
	0x4c003200, 0xc4000040, 0x2040aa24, 0x626f6700,
	0x33333072, 0x61636c2e, 0x424f4700, 0x33333052,
	0x41434c2e, 0x0000ab00, 0x0000e300, 0x32002600,
	0x0040de00, 0x6b24d700, 0x6700201b, 0x3072626f,
	0x6c2e3433, 0x47006163, 0x3052424f, 0x4c2e3433,
	0xf6004143, 0xe3000000, 0x26000000, 0x92003200,
	0xc4000047, 0x2040aa24, 0x626f6700, 0x37333072,
	0x61636c2e, 0x424f4700, 0x37333052, 0x41434c2e,
	0x00014100, 0x0000e300, 0x32002600, 0x0049a300,
	0xa924c400, 0x67002040, 0x3072626f, 0x6c2e3034,
	0x47006163, 0x3052424f, 0x4c2e3034, 0x8c004143,
	0xe3000001, 0x26000000, 0x1d003200, 0xc400004d,
	0x2040a924, 0x626f6700, 0x31343072, 0x61636c2e,
	0x424f4700, 0x31343052, 0x41434c2e, 0x0001d700,
	0x0000e300, 0x32002600, 0x00500900, 0xa924c400,
	0x67002040, 0x3072626f, 0x6c2e3334, 0x47006163,
	0x3052424f, 0x4c2e3334, 0x22004143, 0xe3000002,
	0x26000000, 0xc0003200, 0xc4000049, 0x20670b24,
	0x626f6700, 0x30303172, 0x61636c2e, 0x424f4700,
	0x30303152, 0x41434c2e, 0x00026d00, 0x0000e300,
	0x32002600, 0x004b7f00, 0x8224d700, 0x67002012,
	0x3172626f, 0x6c2e3330, 0x47006163, 0x3152424f,
	0x4c2e3330, 0x15004143, 0x2e000000, 0x26000001,
	0x1f003200, 0xc400004a, 0x20671024, 0x626f6700,
	0x30313172, 0x61636c2e, 0x424f4700, 0x30313152,
	0x41434c2e, 0x00006000, 0x00012e00, 0x32002600,
	0x004d4f00, 0x1424c400, 0x67002067, 0x3172626f,
	0x6c2e3231, 0x47006163, 0x3152424f, 0x4c2e3231,
	0xab004143, 0x2e000000, 0x26000001, 0x7b003200,
	0xc400004e, 0x20671824, 0x626f6700, 0x38313172,
	0x61636c2e, 0x424f4700, 0x38313152, 0x41434c2e,
	0x0000f600, 0x00012e00, 0x32002600, 0x004eab00,
	0x2f24d700, 0x67002010, 0x3172626f, 0x6c2e3134,
	0x47006163, 0x3152424f, 0x4c2e3134, 0x41004143,
	0x2e000001, 0x26000001, 0x6c003200, 0xd7000050,
	0x20102c24, 0x626f6700, 0x35343172, 0x61636c2e,
	0x424f4700, 0x35343152, 0x41434c2e, 0x00018c00,
	0x00012e00, 0x32002600, 0x00028a00, 0x9024db00,
	0x67002053, 0x3072626f, 0x6d2e3333, 0x47006e74,
	0x3052424f, 0x4d2e3333, 0xd7004e54, 0x2e000001,
	0x26000001, 0x7a003200, 0xdb000002, 0x20539224,
	0x626f6700, 0x34333072, 0x6e746d2e, 0x424f4700,
	0x34333052, 0x4e544d2e, 0x00022200, 0x00012e00,
	0x32002600, 0x0002d600, 0xa424db00, 0x67002050,
	0x3072626f, 0x6d2e3733, 0x47006e74, 0x3052424f,
	0x4d2e3733, 0x6d004e54, 0x2e000002, 0x26000001,
	0xea003200, 0xdb000006, 0x2050d924, 0x626f6700,
	0x30343072, 0x6e746d2e, 0x424f4700, 0x30343052,
	0x4e544d2e, 0x00001500, 0x00017900, 0x32002600,
	0x0006da00, 0xdc24db00, 0x67002050, 0x3072626f,
	0x6d2e3134, 0x47006e74, 0x3052424f, 0x4d2e3134,
	0x60004e54, 0x79000000, 0x26000001, 0xce003200,
	0xdb000004, 0x2050e124, 0x626f6700, 0x33343072,
	0x6e746d2e, 0x424f4700, 0x33343052, 0x4e544d2e,
	0x0000ab00, 0x00017900, 0x32002600, 0x00040400,
	0xe424db00, 0x67002050, 0x3072626f, 0x6d2e3434,
	0x47006e74, 0x3052424f, 0x4d2e3434, 0xf6004e54,
	0x79000000, 0x26000001, 0x34003200, 0xdb000006,
	0x2050e624, 0x626f6700, 0x30303172, 0x6e746d2e,
	0x424f4700, 0x30303152, 0x4e544d2e, 0x00014100,
	0x00017900, 0x32002600, 0x0006ac00, 0xe824db00,
	0x67002050, 0x3172626f, 0x6d2e3330, 0x47006e74,
	0x3152424f, 0x4d2e3330, 0x8c004e54, 0x79000001,
	0x26000001, 0x26003200, 0xdb000005, 0x2050ea24,
	0x626f6700, 0x30313172, 0x6e746d2e, 0x424f4700,
	0x30313152, 0x4e544d2e, 0x0001d700, 0x00017900,
	0x32002600, 0x00069c00, 0xed24db00, 0x67002050,
	0x3172626f, 0x6d2e3231, 0x47006e74, 0x3152424f,
	0x4d2e3231, 0x22004e54, 0x79000002, 0x26000001,
	0xca003200, 0xdb000008, 0x2050f024, 0x626f6700,
	0x38313172, 0x6e746d2e, 0x424f4700, 0x38313152,
	0x4e544d2e, 0x00026d00, 0x00017900, 0x32002600,
	0x00082e00, 0xf224db00, 0x67002050, 0x3172626f,
	0x6d2e3134, 0x47006e74, 0x3152424f, 0x4d2e3134,
	0x15004e54, 0xc4000000, 0x26000001, 0xea003200,
	0xdb000008, 0x2050f524, 0x626f6700, 0x35343172,
	0x6e746d2e, 0x424f4700, 0x35343152, 0x4e544d2e,
	0x00001500, 0x0001c400, 0x00000000, 0x6f670000,
	0x34317262, 0x746d2e31, 0x4f47006e, 0x34315242,
	0x544d2e31, 0x0015004e, 0x01c40000, 0x00260000,
	0x08ea0032, 0x24db0000, 0x002050f5, 0x72626f67,
	0x2e353431, 0x006e746d, 0x52424f47, 0x2e353431,
	0x004e544d, 0x00000015, 0x000001c4, 0x00000000,
	0x0000fa00, 0x486b24da, 0x746d0020, 0x78652e6e,
	0x544d0065, 0x58452e4e, 0x00600045, 0x01c40000,
	0x00000000, 0x50530000, 0x45544952, 0x00482e34,
	0x000001d7, 0x0000025a, 0x00320022, 0x00001180,
	0x330f24d6, 0x79740020, 0x65646570, 0x00682e66,
	0x45505954, 0x2e464544, 0x02220048, 0x025a0000,
	0x00200000, 0x0baa0032, 0x24d80000, 0x00207ee9,
	0x646e6977, 0x682e776f, 0x4e495700, 0x2e574f44,
	0x00150048, 0x00e30000, 0x00280000, 0x58140032,
	0x24da0002, 0x0020539c, 0x68735f73, 0x3030746f,
	0x6d69742e, 0x535f5300, 0x30544f48, 0x49542e30,
	0x0060004d, 0x00e30000, 0x00280000, 0x58140032,
	0x24da0002, 0x0020539c, 0x68735f73, 0x3130746f,
	0x6d69742e, 0x535f5300, 0x30544f48, 0x49542e31,
	0x0060004d, 0x00e30000, 0x00000000, 0x6f680000,
	0x2e303074, 0x006d6974, 0x48535f53, 0x3030544f,
	0x4d49542e, 0x00006000, 0x0000e300, 0x32002800,
	0x02581400, 0x9c24da00, 0x73002053, 0x6f68735f,
	0x2e313074, 0x006d6974, 0x48535f53, 0x3130544f,
	0x4d49542e, 0x00006000, 0x0000e300, 0x00000000,
	0x00005f00, 0x02000300, 0x00005f00, 0x01000900,
	0x00000000, 0x70704100, 0x646e6957, 0x0003776f,
	0x00000000, 0x000a0000, 0x6957002c, 0x776f646e,
	0x657a6953, 0x0000002c, 0x00000000, 0x00000001,
	0xffffffff, 0xffffffff, 0xffffffff, 0xffffffff,
	0x00000000, 0x00000000, 0x00000400, 0x0000004f,
	0x00000082, 0x000200c9, 0x00000082, 0x0003000e,
	0x00000000, 0x2f2e2f2e, 0x39385441, 0x414e2f2e,
	0x00044542, 0x00000000, 0x000e0000, 0x6f430004,
	0x63656e6e, 0x6e6f6974, 0x65707954, 0x00000001,
	0x00000001, 0x00000000, 0x00050008, 0x72657355,
	0x656d614e, 0x31315441, 0x00000136, 0x00000000,
	0x11000c00, 0x6f725000, 0x65646976, 0x6d614e72,
	0x63694d65, 0x6f736f72, 0x4e207466, 0x6f777465,
	0x01c56b72, 0x00970000, 0x01c50002, 0x00090000,
	0x00000004, 0x6f570000, 0x70736b72, 0x01656361,
	0x00000000, 0x0b000000, 0x4c000000, 0x50747361,
	0x656a6f72, 0x00037463, 0x00000000, 0x00070000,
	0x72420011, 0x6573776f, 0x03000f72, 0x00000100,
	0x00000000, 0x00010000, 0x00030000, 0x00000000,
	0x00080000, 0x65440060, 0x67677562, 0x005e7265,
	0x00030006, 0x00000000, 0x5dcb0000, 0x00000000,
	0x00000000, 0x01000000, 0x00000000, 0x00000002,
	0x00000300, 0xffff0000, 0x0000ffff, 0x00040000,
	0xb3050000, 0x31c1afab, 0xb3050000, 0x32c1afab,
	0xb3050000, 0x33c1afab, 0xb3050000, 0x34c1afab,
	0x00000000, 0x00000000, 0x4c4a4c4d, 0x00030000,
	0x00000000, 0x00090000, 0x6f4400e4, 0x656d7563,
	0xe273746e, 0x01000500, 0x00000100, 0x00030004,
	0x00007400, 0x00000000, 0x00000000, 0x43000000,
	0x2b2b432f, 0x00000100, 0x00000000, 0x00000000,
	0x00000000, 0x00000000, 0x00000000, 0x00000000,
	0x00000000, 0x00000000, 0x00000000, 0x00000000,
	0x00003900, 0x6f2d00a0, 0x6f202000, 0x837d8300,
	0x95768362, 0x8c588dcf, 0x00cc82e3, 0x00000000,
	0x00000000, 0x00000000, 0x00000000, 0x00000000,
	0x00000000, 0x1d000000, 0x645c3a43, 0x6d696769,
	0x905c6e6f, 0x82b58256, 0xd9abcca2, 0x6e5cdec0,
	0x2e616b61, 0x10ffff63, 0x65544300, 0x6f447478,
	0x6d655463, 0x74616c70, 0x2cffff65, 0x02000000,
	0x03000000, 0xff000000, 0xffffffff, 0xfcffffff,
	0xe9ffffff, 0x00ffffff, 0x00000000, 0x57000000,
	0xf6000002, 0x4f000001, 0x0d000000, 0x4f000200,
	0x06000000, 0x00000200, 0x52000000, 0x524d6e75,
	0x00000155, 0x00000000, 0x14000100, 0x69706100,
	0x3120676e, 0x312e3239, 0x312e3836, 0x342e3030,
	0x0001315c, 0x00000000, 0x00070000, 0x524d0001,
	0x73694c55, 0x29466174, 0xffff0000, 0xffffffff,
	0x000fffff, 0x00000004, 0x65520000, 0x72617473,
	0x6d6f4374, 0x646e616d, 0x00000373, 0x00000000,
	0x24000100, 0xffff3000, 0x00018001, 0x00020000,
	0x00160000, 0x001f0014, 0x20d04fe0, 0x10693aea,
	0x0008d8a2, 0x9d30302b, 0x00030000, 0x00000000,
	0x00050000, 0x6f430004, 0x03746e75, 0x03000000,
	0x00000000, 0x01000000, 0x31005b00, 0x8001ffff,
	0x00000001, 0x00000002, 0x0014004d, 0x4fe0001f,
	0x3aea20d0, 0xd8a21069, 0x302b0008, 0x00199d30,
	0x5c3a4323, 0x00000000, 0x00000000, 0x00000000,
	0x00000000, 0x1e477100, 0x00003100, 0xea000000,
	0x10694f24, 0x67696400, 0x6e6f6d69, 0x47494400,
	0x4e4f4d49, 0x03000000, 0x00000000, 0x01000000,
	0x32003d00, 0x8001ffff, 0x00000001, 0x00000002,
	0x0014002f, 0x4fe0001f, 0x3aea20d0, 0xd8a21069,
	0x302b0008, 0x00199d30, 0x5c3a4323, 0xaf600000,
	0x00000080, 0xaaa00000, 0x0000000b, 0x00477100,
	0x00282b00, 0xffffff00, 0xffffffff, 0x000000ff,
	0x00000000, 0x1e477100, 0x00003100, 0xea000000,
	0x10694f24, 0x67696400, 0x6e6f6d69, 0x47494400,
	0x4e4f4d49, 0xf5000000, 0xff000027, 0xffffffff,
	0x00ffffff, 0x00027700, 0x00014a00, 0x00005300,
	0x00006400, 0x00000400, 0xfffffe00, 0xffffff7f,
	0x0000ecff, 0x00005300, 0x02800300, 0x01174690,
	0x00040000, 0x00030004, 0x7504ffff, 0x00000230,
	0x00000156, 0x00000277, 0x000001cd, 0x00000053,
	0x00000064, 0x00000004, 0x7ffffffe, 0x000000eb,
	0x0000007d, 0x00000053, 0xc3088003, 0x20c4bdb7,
	0x17d9b0c2, 0x04000004, 0x03000000, 0x05ffff00,
	0x00019275, 0x00006400, 0x00022800, 0x0000c800,
	0x00006400, 0x00006400, 0x04800300, 0x578fd295,
	0x0000002e, 0x00000003, 0xffff0002, 0xcdcd75ff,
	0xcdcdcdcd, 0xcdcdcdcd, 0xcdcdcdcd, 0x0064cdcd,
	0x00640000, 0x80030000, 0xcadec307, 0xdeb8afde,
	0x00000036, 0x00000003, 0xffff0002, 0x00147600,
	0x00700000, 0x01650000, 0x008e0000, 0x00640000,
	0x00640000, 0x80030000, 0x8f518e04, 0x00003ec6,
	0x00000300, 0xff000200, 0xcd7601ff, 0xcdcdcdcd,
	0xcdcdcdcd, 0xcdcdcdcd, 0x64cdcdcd, 0x64000000,
	0x03000000, 0x4c8b0480, 0x00165e98, 0x00030000,
	0x00020000, 0x7602ffff, 0x0000002b, 0x0000009f,
	0x00000067, 0x000000bd, 0x00000064, 0x00000064,
	0xbf078003, 0xc78abdb0, 0x001e9d97, 0x00030000,
	0x00050000, 0x77100001, 0xcdcdcdcd, 0xcdcdcdcd,
	0xcdcdcdcd, 0xcdcdcdcd, 0x00000064, 0x00000064,
	0x490a8003, 0x566f666e, 0x65776569, 0x00002672,
	0x00000300, 0xff000600, 0x6b7740ff, 0xfe000001,
	0xe9000000, 0x1c000002, 0x64000001, 0x64000000,
	0x03000000, 0x6e491180, 0x69566f66, 0x72657765,
	0x96cc8220, 0x269f8eda, 0x03000021, 0x06000300,
	0x41ffff00, 0x0000da77, 0x00007000, 0x0001a700,
	0x00008e00, 0x0000cd00, 0x00006400, 0x00000300,
	0xfffffe00, 0xffffff7f, 0x00001eff, 0x0000cd00,
	0x6f27d400, 0x01ffff00, 0x43000800, 0x6b636f44,
	0x01646e57, 0x00000000, 0xfffffd80, 0xff00027f,
	0xfffffeff, 0x1d00007f, 0xffffff00, 0x3b00007f,
	0xcdcdcd00, 0x780000cd, 0x1d006f28, 0xff000280,
	0xfd7fffff, 0x007fffff, 0xcdffff00, 0x00cdcdcd,
	0x6f28f400, 0x03801d00, 0xffffff00, 0xfffffd7f,
	0xff00007f, 0xcdcdcdff, 0x700000cd, 0x1d006f29,
	0xff000480, 0xfd7fffff, 0x007fffff, 0xcdffff00,
	0x00cdcdcd, 0x00000300, 0x00000000, 0x9d000700,
	0x79614c06, 0x3174756f, 0xffff069b, 0x000c0001,
	0x636f4443, 0x6e614d6b, 0x72656761, 0xffff0019,
	0x000b0001, 0x636f4443, 0x726f576b, 0x0772656b,
	0xccc4b3b1, 0x26c4afdf, 0x05000001, 0x02000200,
	0x00000500, 0x0000b472, 0x0000b400, 0x00021200,
	0x00014a00, 0x00006400, 0x00006400, 0x00000200,
	0xfffffe00, 0xffffff7f, 0x000322ff, 0x00006400,
	0x04800300, 0xc1afabb3, 0x00000337, 0x00020005,
	0x00040002, 0x00647201, 0x00640000, 0x01c20000,
	0x00fa0000, 0x00640000, 0x00940000, 0x00000000,
	0x01870000, 0x00040000, 0x02f90000, 0x00980000,
	0x00020000, 0xfffd0000, 0x01877fff, 0x01720000,
	0x00940000, 0x80030000, 0x90cf9504, 0x00033794,
	0x02000500, 0x03000200, 0x78720200, 0x78000000,
	0xd6000000, 0x0e000001, 0x64000001, 0x94000000,
	0x00000000, 0xff000000, 0x04ffffff, 0x83000000,
	0x98000001, 0x02000000, 0xfd000000, 0xff7fffff,
	0x84ffffff, 0x94000001, 0x03000000, 0xbcda0580,
	0x36c0bdde, 0x05000000, 0x02000000, 0x03000200,
	0x00006472, 0x00006400, 0x0001c200, 0x0000fa00,
	0x00006400, 0x00006400, 0x03800300, 0x36d8d3d2,
	0x05000000, 0x02000000, 0x04000600, 0x00007872,
	0x00007800, 0x0001d600, 0x00010e00, 0x00006400,
	0x00006400, 0x07800300, 0xbdd9b0ba, 0x36b8afc0,
	0x05000000, 0x02000000, 0x05000700, 0x00008c72,
	0x00008c00, 0x0001ea00, 0x00012200, 0x00006400,
	0x00006400, 0x08800300, 0x878dac8d, 0xdec4b0d3,
	0x00000076, 0x00000005, 0x00080002, 0x00a07207,
	0x00a00000, 0x01fe0000, 0x01360000, 0x00640000,
	0x00640000, 0x80030000, 0xdbdfcc11, 0xb8aadebc,
	0xb0dc20c4, 0xdfcdbdb8, 0x0926bdb0, 0x00050000,
	0x00050003, 0x73100001, 0x00000064, 0x00000078,
	0x000001c2, 0x000000fa, 0x000000cd, 0x00000064,
	0x00000003, 0x7ffffffe, 0xffffffff, 0x000001d0,
	0x000000cd, 0x49108003, 0x566f666e, 0x65776569,
	0xcbc42072, 0xe6b8afdf, 0x05000008, 0x06000000,
	0x20000100, 0x00006473, 0x00007800, 0x00038400,
	0x0001f400, 0x00006400, 0x00006400, 0x6d2c4400,
	0x00002c00, 0x00000200, 0x00000300, 0xffffff00,
	0xffffffff, 0xfffffcff, 0xffffe9ff, 0x000000ff,
	0x00000000, 0x0001a100, 0x00011500, 0x08800300,
	0xc0ddc0bd, 0xdec4b0de, 0x0000032f, 0x00010003,
	0xffff0001, 0xcdcd7400, 0xcdcdcdcd, 0xcdcdcdcd,
	0xcdcdcdcd, 0x0064cdcd, 0x001e0000, 0x00000000,
	0xffff0000, 0xffffffff, 0x0281ffff, 0x001d0000,
	0x00010000, 0xfffe0000, 0xffff7fff, 0x0282ffff,
	0x001e0000, 0x80030000, 0xdbdfcc08, 0xb8aadebc,
	0x00032fc4, 0x01000300, 0xff000400, 0xcd7401ff,
	0xcdcdcdcd, 0xcdcdcdcd, 0xcdcdcdcd, 0x64cdcdcd,
	0x1e000000, 0x00000000, 0xff000000, 0x1dffffff,
	0x85000000, 0x3b000002, 0x01000000, 0xff000000,
	0xff7fffff, 0x86ffffff, 0x1e000002, 0x03000000,
	0xd9cc0880, 0xd8b8bd20, 0x0016ddb0, 0x00030000,
	0x00010000, 0x7402ffff, 0x0000000e, 0x0000001b,
	0x00000033, 0x00000039, 0x00000064, 0x00000064,
	0xd8048003, 0x2ebdb0bf, 0x03000000, 0x03000000,
	0x00ffff00, 0xcdcdcd75, 0xcdcdcdcd, 0xcdcdcdcd,
	0xcdcdcdcd, 0x000064cd, 0x00006400, 0x07800300,
	0xb1b2dec0, 0x1fdeb8db, 0x03000000, 0x03000200,
	0x01ffff00, 0xcdcdcd75, 0xcdcdcdcd, 0xcdcdcdcd,
	0xcdcdcdcd, 0x000064cd, 0x00006400, 0x06800300,
	0xdbc4ddba, 0x0017d9b0, 0x00040000, 0x00030000,
	0x7502ffff, 0x00000230, 0x00000096, 0x00000278,
	0x00000145, 0x00000064, 0x00000064, 0xb8088003,
	0xa8ccd7de, 0x15bdb8af, 0x04000001, 0x03000400,
	0x03ffff00, 0x00023075, 0x00006400, 0x00027700,
	0x00014a00, 0x00005300, 0x00006400, 0x00000400,
	0xfffffe00, 0xffffff7f, 0x0000ecff, 0x00005300,
	0x02800300, 0x01174690, 0x00040000, 0x00030004,
	0x7504ffff, 0x00000230, 0x00000156, 0x00000277,
	0x000001cd, 0x00000053, 0x00000064, 0x00000004,
	0x7ffffffe, 0x000000eb, 0x0000007d, 0x00000053,
	0xc3088003, 0x20c4bdb7, 0x17d9b0c2, 0x04000004,
	0x03000000, 0x05ffff00, 0x00019275, 0x00006400,
	0x00022800, 0x0000c800, 0x00006400, 0x00006400,
	0x04800300, 0x578fd295, 0x0000002e, 0x00000003,
	0xffff0001, 0xcdcd75ff, 0xcdcdcdcd, 0xcdcdcdcd,
	0xcdcdcdcd, 0x0064cdcd, 0x00640000, 0x80030000,
	0xcadec307, 0xdeb8afde, 0x00000027, 0x00000003,
	0xffff0002, 0x00147600, 0x00700000, 0x01650000,
	0x008e0000, 0x00640000, 0x00640000, 0x80030000,
	0x8f518e04, 0x00002ec6, 0x00000300, 0xff000200,
	0xcd7601ff, 0xcdcdcdcd, 0xcdcdcdcd, 0xcdcdcdcd,
	0x64cdcdcd, 0x64000000, 0x03000000, 0x4c8b0480,
	0x001f5e98, 0x00030000, 0x00020000, 0x7602ffff,
	0xcdcdcdcd, 0xcdcdcdcd, 0xcdcdcdcd, 0xcdcdcdcd,
	0x00000064, 0x00000064, 0xbf078003, 0xc78abdb0,
	0x001e9d97, 0x00030000, 0x00050000, 0x77100001,
	0xcdcdcdcd, 0xcdcdcdcd, 0xcdcdcdcd, 0xcdcdcdcd,
	0x00000064, 0x00000064, 0x490a8003, 0x566f666e,
	0x65776569, 0x00002e72, 0x00000300, 0xff000600,
	0x6b7740ff, 0xfe000001, 0xe9000000, 0x1c000002,
	0x64000001, 0x64000000, 0x03000000, 0x6e491180,
	0x69566f66, 0x72657765, 0x96cc8220, 0x269f8eda,
	0x03000021, 0x06000300, 0x41ffff00, 0x0000da77,
	0x00007000, 0x0001a700, 0x00008e00, 0x0000cd00,
	0x00006400, 0x00000300, 0xfffffe00, 0xffffff7f,
	0x00001eff, 0x0000cd00, 0x766bf000, 0x01ffff00,
	0x43000800, 0x6b636f44, 0x01646e57, 0x00000000,
	0xfffffd80, 0xff00027f, 0xfffffeff, 0x1d00007f,
	0xffffff00, 0x3b00007f, 0xcdcdcd00, 0x940000cd,
	0x1d00766c, 0xff000280, 0xfc7fffff, 0x017fffff,
	0xfdffff00, 0x017fffff, 0xcd009800, 0x00cdcdcd,
	0x766d2400, 0x03801d00, 0xffffff00, 0xfffffd7f,
	0xff00007f, 0xcdcdcdff, 0xa00000cd, 0x1d00766d,
	0xff000480, 0xfd7fffff, 0x007fffff, 0xcdffff00,
	0x00cdcdcd, 0x00000300, 0x00000000, 0x0d000700,
	0x79614c06, 0x3274756f, 0xffff060b, 0x000c0001,
	0x636f4443, 0x6e614d6b, 0x72656761, 0xffff0019,
	0x000b0001, 0x636f4443, 0x726f576b, 0x0772656b,
	0xccc4b3b1, 0x26c4afdf, 0x05000001, 0x02000200,
	0x00000500, 0x0000b472, 0x0000b400, 0x00021200,
	0x00014a00, 0x00006400, 0x00006400, 0x00000200,
	0xfffffe00, 0xffffff7f, 0x000322ff, 0x00006400,
	0x04800300, 0xc1afabb3, 0x00000016, 0x00000005,
	0x00040002, 0x00647201, 0x00640000, 0x01c20000,
	0x00fa0000, 0x00640000, 0x00940000, 0x80030000,
	0x90cf9504, 0x00001694, 0x00000500, 0x03000200,
	0x78720200, 0x78000000, 0xd6000000, 0x0e000001,
	0x64000001, 0x94000000, 0x03000000, 0xbcda0580,
	0x16c0bdde, 0x05000000, 0x02000000, 0x03000200,
	0x00006472, 0x00006400, 0x0001c200, 0x0000fa00,
	0x00006400, 0x00006400, 0x03800300, 0x16d8d3d2,
	0x05000000, 0x02000000, 0x04000600, 0x00007872,
	0x00007800, 0x0001d600, 0x00010e00, 0x00006400,
	0x00006400, 0x07800300, 0xbdd9b0ba, 0x16b8afc0,
	0x05000000, 0x02000000, 0x05000700, 0x00008c72,
	0x00008c00, 0x0001ea00, 0x00012200, 0x00006400,
	0x00006400, 0x08800300, 0x878dac8d, 0xdec4b0d3,
	0x00000056, 0x00000005, 0x00080002, 0x00a07207,
	0x00a00000, 0x01fe0000, 0x01360000, 0x00640000,
	0x00640000, 0x80030000, 0xdbdfcc11, 0xb8aadebc,
	0xb0dc20c4, 0xdfcdbdb8, 0x0926bdb0, 0x00050000,
	0x00050003, 0x73100001, 0x00000064, 0x00000078,
	0x000001c2, 0x000000fa, 0x00000047, 0x00000064,
	0x00000003, 0x7ffffffe, 0xffffffff, 0x0000021b,
	0x000000cd, 0x49108003, 0x566f666e, 0x65776569,
	0xcbc42072, 0xe6b8afdf, 0x05000008, 0x06000000,
	0x20000100, 0x00006473, 0x00007800, 0x00038400,
	0x0001f400, 0x00006400, 0x00006400, 0x6d2c4400,
	0x00002c00, 0x00000200, 0x00000300, 0xffffff00,
	0xffffffff, 0xfffffcff, 0xffffe9ff, 0x000000ff,
	0x00000000, 0x0001a100, 0x00011500, 0x08800300,
	0xc0ddc0bd, 0xdec4b0de, 0x0000012e, 0x00010003,
	0xffff0001, 0xcdcd7400, 0xcdcdcdcd, 0xcdcdcdcd,
	0xcdcdcdcd, 0x0064cdcd, 0x001e0000, 0x00010000,
	0xfffe0000, 0xffff7fff, 0x0282ffff, 0x001e0000,
	0x80030000, 0xdbdfcc08, 0xb8aadebc, 0x00012ec4,
	0x01000300, 0xff000400, 0xcd7401ff, 0xcdcdcdcd,
	0xcdcdcdcd, 0xcdcdcdcd, 0x64cdcdcd, 0x1e000000,
	0x01000000, 0xff000000, 0xff7fffff, 0x82ffffff,
	0x1e000002, 0x03000000, 0xd9cc0880, 0xd8b8bd20,
	0x0037ddb0, 0x00030000, 0x00010000, 0x7402ffff,
	0x0000000e, 0x0000001b, 0x00000033, 0x00000039,
	0x00000064, 0x00000064, 0xd8048003, 0x2ebdb0bf,
	0x03000000, 0x03000000, 0x00ffff00, 0xcdcdcd75,
	0xcdcdcdcd, 0xcdcdcdcd, 0xcdcdcdcd, 0x000064cd,
	0x00006400, 0x07800300, 0xb1b2dec0, 0x1fdeb8db,
	0x03000000, 0x03000200, 0x01ffff00, 0xcdcdcd75,
	0xcdcdcdcd, 0xcdcdcdcd, 0xcdcdcdcd, 0x000064cd,
	0x00006400, 0x06800300, 0xdbc4ddba, 0x0017d9b0,
	0x00040000, 0x00030000, 0x7502ffff, 0x00000230,
	0x00000096, 0x00000278, 0x00000145, 0x00000064,
	0x00000064, 0xb8088003, 0xa8ccd7de, 0x15bdb8af,
	0x04000001, 0x03000400, 0x03ffff00, 0x00023075,
	0x00006400, 0x00027700, 0x00014a00, 0x00005300,
	0x00006400, 0x00000400, 0xfffffe00, 0xffffff7f,
	0x0000ecff, 0x00005300, 0x02800300, 0x01174690,
	0x00040000, 0x00030004, 0x7504ffff, 0x00000230,
	0x00000156, 0x00000277, 0x000001cd, 0x00000053,
	0x00000064, 0x00000004, 0x7ffffffe, 0x000000eb,
	0x0000007d, 0x00000053, 0xc3088003, 0x20c4bdb7,
	0x17d9b0c2, 0x04000004, 0x03000000, 0x05ffff00,
	0x00019275, 0x00006400, 0x00022800, 0x0000c800,
	0x00006400, 0x00006400, 0x04800300, 0x578fd295,
	0x0000002e, 0x00000003, 0xffff0001, 0xcdcd75ff,
	0xcdcdcdcd, 0xcdcdcdcd, 0xcdcdcdcd, 0x0064cdcd,
	0x00640000, 0x80030000, 0xcadec307, 0xdeb8afde,
	0x0000002e, 0x00000003, 0xffff0002, 0x00147600,
	0x00700000, 0x01650000, 0x008e0000, 0x00640000,
	0x00640000, 0x80030000, 0x8f518e04, 0x00002ec6,
	0x00000300, 0xff000200, 0xcd7601ff, 0xcdcdcdcd,
	0xcdcdcdcd, 0xcdcdcdcd, 0x64cdcdcd, 0x64000000,
	0x03000000, 0x4c8b0480, 0x001f5e98, 0x00030000,
	0x00020000, 0x7602ffff, 0xcdcdcdcd, 0xcdcdcdcd,
	0xcdcdcdcd, 0xcdcdcdcd, 0x00000064, 0x00000064,
	0xbf078003, 0xc78abdb0, 0x001e9d97, 0x00030000,
	0x00050000, 0x77100001, 0xcdcdcdcd, 0xcdcdcdcd,
	0xcdcdcdcd, 0xcdcdcdcd, 0x00000064, 0x00000064,
	0x490a8003, 0x566f666e, 0x65776569, 0x00002e72,
	0x00000300, 0xff000600, 0x6b7740ff, 0xfe000001,
	0xe9000000, 0x1c000002, 0x64000001, 0x64000000,
	0x03000000, 0x6e491180, 0x69566f66, 0x72657765,
	0x96cc8220, 0x269f8eda, 0x03000021, 0x06000300,
	0x41ffff00, 0x0000da77, 0x00007000, 0x0001a700,
	0x00008e00, 0x0000cd00, 0x00006400, 0x00000300,
	0xfffffe00, 0xffffff7f, 0x00001eff, 0x0000cd00,
	0x70ebcc00, 0x01ffff00, 0x43000800, 0x6b636f44,
	0x01646e57, 0x00000000, 0xfffffd80, 0xff00007f,
	0xcdcdcdff, 0x480000cd, 0x1d0070ec, 0xff000280,
	0xfd7fffff, 0x007fffff, 0xcdffff00, 0x00cdcdcd,
	0x70ecc400, 0x03801d00, 0xffffff00, 0xfffffd7f,
	0xff00007f, 0xcdcdcdff, 0x400000cd, 0x1d0070ed,
	0xff000480, 0xfd7fffff, 0x007fffff, 0xcdffff00,
	0x00cdcdcd, 0x00000400, 0x00000000, 0x04000900,
	0x61745300, 0x62737574, 0x00017261, 0x00040000,
	0x00000000, 0x00050000, 0x6c430004, 0x006b636f,
	0x04000000, 0x00000000, 0x0d000000, 0x52000400,
	0x616f6c65, 0x6f725064, 0x7463656a, 0x00000000,
	0x00000003, 0x00000000, 0x0046000a, 0x6c6c7546,
	0x65726353, 0x00446e65, 0xfffffc68, 0xffffd6ff,
	0x000404ff, 0x00030500, 0x00002c00, 0x00000000,
	0x00000100, 0xffffff00, 0xffffffff, 0xffffffff,
	0xffffffff, 0x000099ff, 0x00000000, 0x00034c00,
	0x0002b200, 0xb4000000, 0x12000000, 0x00000001,
	0x00000000, 0x00030017, 0x7074754f, 0x69577475,
	0x776f646e, 0x696c7053, 0x72657474, 0x33736f50,
	0x00043538, 0x00000000, 0x00140000, 0x69540004,
	0x54656c74, 0x54737069, 0x6c67676f, 0x61745365,
	0x00016574, 0x005f0000, 0x00030000, 0x005f0002,
	0x00090000, 0x00000001, 0x70410000, 0x6e695770,
	0x03776f64, 0x00000000, 0x0a000000, 0x57002c00,
	0x6f646e69, 0x7a695377, 0x00002c65, 0x00000000,
	0x00000100, 0xffffff00, 0xffffffff, 0xffffffff,
	0xffffffff, 0x000000ff, 0x00000000, 0x00040000,
	0x00002c00, 0x00174700, 0xffffff00, 0xffffffff,
	0x03000fff, 0x00000000, 0x73655200, 0x74726174,
	0x6d6d6f43, 0x73646e61, 0x00000003, 0x00000000,
	0x003d0001, 0x01ffff30, 0x00000180, 0x00000200,
	0x14002f00, 0xe0001f00, 0xea20d04f, 0xa210693a,
	0x2b0008d8, 0x199d3030, 0x3a432300, 0x6000005c,
	0x000080af, 0x30000000, 0x00000c3d, 0x47710000,
	0x00030000, 0x00000000, 0x00050000, 0x6f430004,
	0x02746e75, 0x03000000, 0x00000000, 0x01000000,
	0x31005b00, 0x8001ffff, 0x00000001, 0x00000002,
	0x0014004d, 0x4fe0001f, 0x3aea20d0, 0xd8a21069,
	0x302b0008, 0x00199d30, 0x5c3a4323, 0x00000000,
	0x00000000, 0x00000000, 0x00000000, 0x1e477100,
	0x00003100, 0xea000000, 0x10694f24, 0x67696400,
	0x6e6f6d69, 0x47494400, 0x4e4f4d49, 0x5d000000,
	0xff000016, 0xffffffff, 0xffffffff, 0xffffffff,
	0x2f000000, 0x1f001400, 0xd04fe000, 0x693aea20,
	0x08d8a210, 0x30302b00, 0x2300199d, 0x005c3a43,
	0x80af6000, 0x00000000, 0x15746000, 0x00000000,
	0x00004771, 0x00001618, 0xffffffff, 0xffffffff,
	0x00310022, 0x00000000, 0x3ee7237b, 0x654d0010,
	0x776f7274, 0x736b7265, 0x54454d00, 0x7e574f52,
	0x00230031, 0x00000031, 0x237b0000, 0x00103ee7,
	0x65646f43, 0x72726157, 0x00726f69, 0x45444f43,
	0x317e4157, 0x31002800, 0x00000000, 0xee237b00,
	0x4300103e, 0x65522057, 0x7361656c, 0x6f4e2065,
	0x00736574, 0x45525743, 0x317e454c, 0x31002400,
	0x00000000, 0xee237b00, 0x5200103e, 0x73696765,
	0x74617274, 0x006e6f69, 0x49474552, 0x317e5453,
	0x03000000, 0x00000000, 0x01000000, 0x63010b00,
	0x001f0014, 0x20d04fe0, 0x10693aea, 0x0008d8a2,
	0x9d30302b, 0x43230019, 0x00005c3a, 0x00000000,
	0x00000000, 0x00000000, 0x71000000, 0x31002547,
	0x00000000, 0x22229600, 0x5000113f, 0x72676f72,
	0x46206d61, 0x73656c69, 0x4f525000, 0x7e415247,
	0x00220031, 0x00000031, 0x237b0000, 0x00103ee7,
	0x7274654d, 0x7265776f, 0x4d00736b, 0x4f525445,
	0x00317e57, 0x00310023, 0x00000000, 0x3ee7237b,
	0x6f430010, 0x61576564, 0x6f697272, 0x4f430072,
	0x41574544, 0x2200317e, 0x00003100, 0x7b000000,
	0x103ef623, 0x61745300, 0x6e6f6974, 0x00797265,
	0x54415453, 0x317e4f49, 0x31002600, 0x00000000,
	0xf6237b00, 0x5000103e, 0x5379616c, 0x69746174,
	0x72506e6f, 0x4c50006f, 0x54535941, 0x2a00317e,
	0x00003100, 0x7b000000, 0x103ef623, 0x616c5000,
	0x61745379, 0x6e6f6974, 0x6f725020, 0x002b2b43,
	0x59414c50, 0x327e5453, 0x03000000, 0x00000000,
	0x01000000, 0x64007800, 0x001f0014, 0x20d04fe0,
	0x10693aea, 0x0008d8a2, 0x9d30302b, 0x43230019,
	0x00005c3a, 0x00000000, 0x00000000, 0x00000000,
	0x71000000, 0x31001447, 0x00000000, 0x4d24ea00,
	0x53801013, 0x00796e6f, 0x31001e00, 0x00000000,
	0x5124ea00, 0x44001013, 0x31696365, 0x4400342e,
	0x31494345, 0x1700342e, 0x00003100, 0xea000000,
	0x10135124, 0x74615080, 0x30326863, 0x00000000,
	0x00000003, 0x00000000, 0x00de0001, 0x1f001465,
	0xd04fe000, 0x693aea20, 0x08d8a210, 0x30302b00,
	0x2300199d, 0x005c3a43, 0x00000000, 0x00000000,
	0x00000000, 0x00000000, 0x00254771, 0x00000031,
	0x22960000, 0x00113f22, 0x676f7250, 0x206d6172,
	0x656c6946, 0x52500073, 0x4152474f, 0x2200317e,
	0x00003100, 0x7b000000, 0x103ee723, 0x74654d00,
	0x65776f72, 0x00736b72, 0x5254454d, 0x317e574f,
	0x31002300, 0x00000000, 0xe7237b00, 0x4300103e,
	0x5765646f, 0x69727261, 0x4300726f, 0x5745444f,
	0x00317e41, 0x0031002f, 0x00000000, 0x3ef2237b,
	0x6c500011, 0x74537961, 0x6f697461, 0x7250206e,
	0x7553206f, 0x726f7070, 0x4c500074, 0x54535941,
	0x1600317e, 0x00003100, 0x7b000000, 0x113ef223,
	0x62694c00, 0x42494c00, 0x03000000, 0x00000000,
	0x01000000, 0x6600bd00, 0x001f0014, 0x20d04fe0,
	0x10693aea, 0x0008d8a2, 0x9d30302b, 0x43230019,
	0x00005c3a, 0x00000000, 0x00000000, 0x00000000,
	0x71000000, 0x31002547, 0x00000000, 0x22229600,
	0x5000113f, 0x72676f72, 0x46206d61, 0x73656c69,
	0x4f525000, 0x7e415247, 0x00220031, 0x00000031,
	0x237b0000, 0x00103ee7, 0x7274654d, 0x7265776f,
	0x4d00736b, 0x4f525445, 0x00317e57, 0x00310023,
	0x00000000, 0x3ee7237b, 0x6f430010, 0x61576564,
	0x6f697272, 0x4f430072, 0x41574544, 0x2400317e,
	0x00003100, 0x7b000000, 0x103ef223, 0x6d615300,
	0x53656c70, 0x70697263, 0x41530074, 0x454c504d,
	0x0000317e, 0x00000300, 0x00000000, 0xbd000100,
	0x00146700, 0x4fe0001f, 0x3aea20d0, 0xd8a21069,
	0x302b0008, 0x00199d30, 0x5c3a4323, 0x00000000,
	0x00000000, 0x00000000, 0x00000000, 0x25477100,
	0x00003100, 0x96000000, 0x113f2222, 0x6f725000,
	0x6d617267, 0x6c694620, 0x50007365, 0x52474f52,
	0x00317e41, 0x00310022, 0x00000000, 0x3ee7237b,
	0x654d0010, 0x776f7274, 0x736b7265, 0x54454d00,
	0x7e574f52, 0x00230031, 0x00000031, 0x237b0000,
	0x00103ee7, 0x65646f43, 0x72726157, 0x00726f69,
	0x45444f43, 0x317e4157, 0x31002400, 0x00000000,
	0xf2237b00, 0x4d00103e, 0x20535049, 0x70707553,
	0x0074726f, 0x5350494d, 0x317e5553, 0x03000000,
	0x00000000, 0x01000000, 0x6800eb00, 0x001f0014,
	0x20d04fe0, 0x10693aea, 0x0008d8a2, 0x9d30302b,
	0x43230019, 0x00005c3a, 0x00000000, 0x00000000,
	0x00000000, 0x71000000, 0x31002547, 0x00000000,
	0x22229600, 0x5000113f, 0x72676f72, 0x46206d61,
	0x73656c69, 0x4f525000, 0x7e415247, 0x00220031,
	0x00000031, 0x237b0000, 0x00103ee7, 0x7274654d,
	0x7265776f, 0x4d00736b, 0x4f525445, 0x00317e57,
	0x00310023, 0x00000000, 0x3ee7237b, 0x6f430010,
	0x61576564, 0x6f697272, 0x4f430072, 0x41574544,
	0x2800317e, 0x00003100, 0x7b000000, 0x103eee23,
	0x20574300, 0x656c6552, 0x20657361, 0x65746f4e,
	0x57430073, 0x454c4552, 0x2a00317e, 0x00003100,
	0x7b000000, 0x103eee23, 0x616d6500, 0x52206c69,
	0x726f7065, 0x6f462074, 0x00736d72, 0x49414d45,
	0x317e524c, 0x03000000, 0x00000000, 0x01000000,
	0x6900c500, 0x001f0014, 0x20d04fe0, 0x10693aea,
	0x0008d8a2, 0x9d30302b, 0x43230019, 0x00005c3a,
	0x00000000, 0x00000000, 0x00000000, 0x71000000,
	0x31002547, 0x00000000, 0x22229600, 0x5000113f,
	0x72676f72, 0x46206d61, 0x73656c69, 0x4f525000,
	0x7e415247, 0x00220031, 0x00000031, 0x237b0000,
	0x00103ee7, 0x7274654d, 0x7265776f, 0x4d00736b,
	0x4f525445, 0x00317e57, 0x00310023, 0x00000000,
	0x3ee7237b, 0x6f430010, 0x61576564, 0x6f697272,
	0x4f430072, 0x41574544, 0x2c00317e, 0x00003100,
	0x7b000000, 0x103ef723, 0x646f4300, 0x72615765,
	0x726f6972, 0x61784520, 0x656c706d, 0x4f430073,
	0x41574544, 0x0000327e, 0x00000300, 0x00000000,
	0x78000100, 0x00146a00, 0x4fe0001f, 0x3aea20d0,
	0xd8a21069, 0x302b0008, 0x00199d30, 0x5c3a4323,
	0x00000000, 0x00000000, 0x00000000, 0x00000000,
	0x14477100, 0x00003100, 0xea000000, 0x10134d24,
	0x6e6f5380, 0x1e000079, 0x00003100, 0xea000000,
	0x10135124, 0x63654400, 0x342e3169, 0x43454400,
	0x342e3149, 0x31001700, 0x00000000, 0x5224ea00,
	0x46801013, 0x6873616c, 0x00003732, 0x00030000,
	0x00000000, 0x00010000, 0x146b00bb, 0xe0001f00,
	0xea20d04f, 0xa210693a, 0x2b0008d8, 0x199d3030,
	0x3a432300, 0x0000005c, 0x00000000, 0x00000000,
	0x00000000, 0x47710000, 0x00310025, 0x00000000,
	0x3f222296, 0x72500011, 0x6172676f, 0x6946206d,
	0x0073656c, 0x474f5250, 0x317e4152, 0x31002200,
	0x00000000, 0xe7237b00, 0x4d00103e, 0x6f727465,
	0x6b726577, 0x454d0073, 0x574f5254, 0x2300317e,
	0x00003100, 0x7b000000, 0x103ee723, 0x646f4300,
	0x72615765, 0x726f6972, 0x444f4300, 0x7e415745,
	0x00220031, 0x00000031, 0x237b0000, 0x00103ef6,
	0x74617453, 0x656e6f69, 0x53007972, 0x49544154,
	0x00317e4f, 0x00030000, 0x00000000, 0x00010000,
	0x146c00c1, 0xe0001f00, 0xea20d04f, 0xa210693a,
	0x2b0008d8, 0x199d3030, 0x3a432300, 0x0000005c,
	0x00000000, 0x00000000, 0x00000000, 0x47710000,
	0x00310025, 0x00000000, 0x3f222296, 0x72500011,
	0x6172676f, 0x6946206d, 0x0073656c, 0x474f5250,
	0x317e4152, 0x31002200, 0x00000000, 0xe7237b00,
	0x4d00103e, 0x6f727465, 0x6b726577, 0x454d0073,
	0x574f5254, 0x2300317e, 0x00003100, 0x7b000000,
	0x103ee723, 0x646f4300, 0x72615765, 0x726f6972,
	0x444f4300, 0x7e415745, 0x00280031, 0x00000031,
	0x237b0000, 0x00103eee, 0x52205743, 0x61656c65,
	0x4e206573, 0x7365746f, 0x52574300, 0x7e454c45,
	0x00000031, 0x00000003, 0x00000000, 0x00b90001,
	0x1f00146d, 0xd04fe000, 0x693aea20, 0x08d8a210,
	0x30302b00, 0x2300199d, 0x005c3a43, 0x00000000,
	0x00000000, 0x00000000, 0x00000000, 0x00254771,
	0x00000031, 0x22960000, 0x00113f22, 0x676f7250,
	0x206d6172, 0x656c6946, 0x52500073, 0x4152474f,
	0x2200317e, 0x00003100, 0x7b000000, 0x103ee723,
	0x74654d00, 0x65776f72, 0x00736b72, 0x5254454d,
	0x317e574f, 0x31002300, 0x00000000, 0xe7237b00,
	0x4300103e, 0x5765646f, 0x69727261, 0x4300726f,
	0x5745444f, 0x00317e41, 0x00310020, 0x00000000,
	0x4b28247b, 0x494d0010, 0x4d205350, 0x4d004c53,
	0x4d535049, 0x00317e53, 0x00030000, 0x00000000,
	0x00010000, 0x146e00c4, 0xe0001f00, 0xea20d04f,
	0xa210693a, 0x2b0008d8, 0x199d3030, 0x3a432300,
	0x0000005c, 0x00000000, 0x00000000, 0x00000000,
	0x47710000, 0x00310025, 0x00000000, 0x3f222296,
	0x72500011, 0x6172676f, 0x6946206d, 0x0073656c,
	0x474f5250, 0x317e4152, 0x31002200, 0x00000000,
	0xe7237b00, 0x4d00103e, 0x6f727465, 0x6b726577,
	0x454d0073, 0x574f5254, 0x2300317e, 0x00003100,
	0x7b000000, 0x103ee723, 0x646f4300, 0x72615765,
	0x726f6972, 0x444f4300, 0x7e415745, 0x002b0031,
	0x00000031, 0x237b0000, 0x00103ef4, 0x79616c50,
	0x74617453, 0x206e6f69, 0x76697244, 0x00737265,
	0x59414c50, 0x327e5453, 0x03000000, 0x00000000,
	0x01000000, 0x6f006100, 0x001f0014, 0x20d04fe0,
	0x10693aea, 0x0008d8a2, 0x9d30302b, 0x43230019,
	0x00005c3a, 0x00000000, 0x00000000, 0x00000000,
	0x71000000, 0x31001447, 0x00000000, 0x4d24ea00,
	0x53801013, 0x00796e6f, 0x31001e00, 0x00000000,
	0x5124ea00, 0x44001013, 0x31696365, 0x4400342e,
	0x31494345, 0x0000342e, 0x00000300, 0x00000000,
	0xe1000100, 0x00147000, 0x4fe0001f, 0x3aea20d0,
	0xd8a21069, 0x302b0008, 0x00199d30, 0x5c3a4323,
	0x00000000, 0x00000000, 0x00000000, 0x00000000,
	0x25477100, 0x00003100, 0x96000000, 0x113f2222,
	0x6f725000, 0x6d617267, 0x6c694620, 0x50007365,
	0x52474f52, 0x00317e41, 0x00310022, 0x00000000,
	0x3ee7237b, 0x654d0010, 0x776f7274, 0x736b7265,
	0x54454d00, 0x7e574f52, 0x00230031, 0x00000031,
	0x237b0000, 0x00103ee7, 0x65646f43, 0x72726157,
	0x00726f69, 0x45444f43, 0x317e4157, 0x31002800,
	0x00000000, 0xee237b00, 0x4300103e, 0x65522057,
	0x7361656c, 0x6f4e2065, 0x00736574, 0x45525743,
	0x317e454c, 0x31002000, 0x00000000, 0xee237b00,
	0x4c00103e, 0x6e656369, 0x00736573, 0x4543494c,
	0x5345534e, 0x03000000, 0x00000000, 0x01000000,
	0x71007900, 0x001f0014, 0x20d04fe0, 0x10693aea,
	0x0008d8a2, 0x9d30302b, 0x43230019, 0x00005c3a,
	0x00000000, 0x00000000, 0x00000000, 0x71000000,
	0x31001447, 0x00000000, 0x4d24ea00, 0x53801013,
	0x00796e6f, 0x31001e00, 0x00000000, 0x5124ea00,
	0x44001013, 0x31696365, 0x4400342e, 0x31494345,
	0x1800342e, 0x00003100, 0xea000000, 0x10135124,
	0x78735080, 0x6370746e, 0x00000069, 0x00000300,
	0x00000000, 0xeb000100, 0x00147200, 0x4fe0001f,
	0x3aea20d0, 0xd8a21069, 0x302b0008, 0x00199d30,
	0x5c3a4323, 0x00000000, 0x00000000, 0x00000000,
	0x00000000, 0x25477100, 0x00003100, 0x96000000,
	0x113f2222, 0x6f725000, 0x6d617267, 0x6c694620,
	0x50007365, 0x52474f52, 0x00317e41, 0x00310022,
	0x00000000, 0x3ee7237b, 0x654d0010, 0x776f7274,
	0x736b7265, 0x54454d00, 0x7e574f52, 0x00230031,
	0x00000031, 0x237b0000, 0x00103ee7, 0x65646f43,
	0x72726157, 0x00726f69, 0x45444f43, 0x317e4157,
	0x31002800, 0x00000000, 0xee237b00, 0x4300103e,
	0x65522057, 0x7361656c, 0x6f4e2065, 0x00736574,
	0x45525743, 0x317e454c, 0x31002a00, 0x00000000,
	0xee237b00, 0x4300103e, 0x61746e6f, 0x4d207463,
	0x6f727465, 0x6b726577, 0x4f430073, 0x4341544e,
	0x0000317e, 0x00000300, 0x00000000, 0xf2000100,
	0x00147300, 0x4fe0001f, 0x3aea20d0, 0xd8a21069,
	0x302b0008, 0x00199d30, 0x5c3a4323, 0x00000000,
	0x00000000, 0x00000000, 0x00000000, 0x25477100,
	0x00003100, 0x96000000, 0x113f2222, 0x6f725000,
	0x6d617267, 0x6c694620, 0x50007365, 0x52474f52,
	0x00317e41, 0x00310022, 0x00000000, 0x3ee7237b,
	0x654d0010, 0x776f7274, 0x736b7265, 0x54454d00,
	0x7e574f52, 0x00230031, 0x00000031, 0x237b0000,
	0x00103ee7, 0x65646f43, 0x72726157, 0x00726f69,
	0x45444f43, 0x317e4157, 0x31002f00, 0x00000000,
	0xf2237b00, 0x5000113e, 0x5379616c, 0x69746174,
	0x50206e6f, 0x53206f72, 0x6f707075, 0x50007472,
	0x5359414c, 0x00317e54, 0x0031002a, 0x00000000,
	0x49fd247b, 0x72500011, 0x6c69666f, 0x694c2065,
	0x6f532062, 0x65637275, 0x4f525000, 0x7e4c4946,
	0x00000031, 0x00000003, 0x00000000, 0x00790001,
	0x1f001474, 0xd04fe000, 0x693aea20, 0x08d8a210,
	0x30302b00, 0x2300199d, 0x005c3a43, 0x00000000,
	0x00000000, 0x00000000, 0x00000000, 0x00144771,
	0x00000031, 0x24ea0000, 0x8010134d, 0x796e6f53,
	0x001e0000, 0x00000031, 0x24ea0000, 0x00101351,
	0x69636544, 0x00342e31, 0x49434544, 0x00342e31,
	0x00310018, 0x00000000, 0x135124ea, 0x73508010,
	0x69353978, 0x00006173, 0x00030000, 0x00000000,
	0x00010000, 0x147500df, 0xe0001f00, 0xea20d04f,
	0xa210693a, 0x2b0008d8, 0x199d3030, 0x3a432300,
	0x0000005c, 0x00000000, 0x00000000, 0x00000000,
	0x47710000, 0x00310025, 0x00000000, 0x3f222296,
	0x72500011, 0x6172676f, 0x6946206d, 0x0073656c,
	0x474f5250, 0x317e4152, 0x31002200, 0x00000000,
	0xe7237b00, 0x4d00103e, 0x6f727465, 0x6b726577,
	0x454d0073, 0x574f5254, 0x2300317e, 0x00003100,
	0x7b000000, 0x103ee723, 0x646f4300, 0x72615765,
	0x726f6972, 0x444f4300, 0x7e415745, 0x002f0031,
	0x00000031, 0x237b0000, 0x00113ef2, 0x79616c50,
	0x74617453, 0x206e6f69, 0x206f7250, 0x70707553,
	0x0074726f, 0x59414c50, 0x317e5453, 0x31001700,
	0x00000000, 0xf2237b00, 0x4980103e, 0x756c636e,
	0x00006564, 0x00030000, 0x00000000, 0x00010000,
	0x14760079, 0xe0001f00, 0xea20d04f, 0xa210693a,
	0x2b0008d8, 0x199d3030, 0x3a432300, 0x0000005c,
	0x00000000, 0x00000000, 0x00000000, 0x47710000,
	0x00310014, 0x00000000, 0x134d24ea, 0x6f538010,
	0x0000796e, 0x0031001e, 0x00000000, 0x135124ea,
	0x65440010, 0x2e316963, 0x45440034, 0x2e314943,
	0x00180034, 0x00000031, 0x24ea0000, 0x80101351,
	0x6e787350, 0x61736974, 0x00000000, 0x00000003,
	0x00000000, 0x00790001, 0x1f001477, 0xd04fe000,
	0x693aea20, 0x08d8a210, 0x30302b00, 0x2300199d,
	0x005c3a43, 0x00000000, 0x00000000, 0x00000000,
	0x00000000, 0x00144771, 0x00000031, 0x24ea0000,
	0x8010134d, 0x796e6f53, 0x001e0000, 0x00000031,
	0x24ea0000, 0x00101351, 0x69636544, 0x00342e31,
	0x49434544, 0x00342e31, 0x00310018, 0x00000000,
	0x135124ea, 0x73508010, 0x70353978, 0x00006963,
	0x00030000, 0x00000000, 0x00010000, 0x147800ca,
	0xe0001f00, 0xea20d04f, 0xa210693a, 0x2b0008d8,
	0x199d3030, 0x3a432300, 0x0000005c, 0x00000000,
	0x00000000, 0x00000000, 0x47710000, 0x00310025,
	0x00000000, 0x3f222296, 0x72500011, 0x6172676f,
	0x6946206d, 0x0073656c, 0x474f5250, 0x317e4152,
	0x31002200, 0x00000000, 0xe7237b00, 0x4d00103e,
	0x6f727465, 0x6b726577, 0x454d0073, 0x574f5254,
	0x2300317e, 0x00003100, 0x7b000000, 0x103ee723,
	0x646f4300, 0x72615765, 0x726f6972, 0x444f4300,
	0x7e415745, 0x00310031, 0x00000031, 0x237b0000,
	0x00103eee, 0x65646f43, 0x72726157, 0x20726f69,
	0x75636f44, 0x746e656d, 0x6f697461, 0x4f43006e,
	0x41574544, 0x0000317e, 0x00000300, 0x00000000,
	0x10000100, 0x00147901, 0x4fe0001f, 0x3aea20d0,
	0xd8a21069, 0x302b0008, 0x00199d30, 0x5c3a4323,
	0x00000000, 0x00000000, 0x00000000, 0x00000000,
	0x25477100, 0x00003100, 0x96000000, 0x113f2222,
	0x6f725000, 0x6d617267, 0x6c694620, 0x50007365,
	0x52474f52, 0x00317e41, 0x00310022, 0x00000000,
	0x3ee7237b, 0x654d0010, 0x776f7274, 0x736b7265,
	0x54454d00, 0x7e574f52, 0x00230031, 0x00000031,
	0x237b0000, 0x00103ee7, 0x65646f43, 0x72726157,
	0x00726f69, 0x45444f43, 0x317e4157, 0x31002200,
	0x00000000, 0xf6237b00, 0x5300103e, 0x69746174,
	0x72656e6f, 0x54530079, 0x4f495441, 0x2600317e,
	0x00003100, 0x7b000000, 0x103ef623, 0x616c5000,
	0x61745379, 0x6e6f6974, 0x006f7250, 0x59414c50,
	0x317e5453, 0x31002f00, 0x00000000, 0xf6237b00,
	0x5000103e, 0x5379616c, 0x69746174, 0x50206e6f,
	0x2d436f72, 0x616d6f6e, 0x50006e69, 0x5359414c,
	0x00337e54, 0x00030000, 0x00000000, 0x00010000,
	0x147a00bb, 0xe0001f00, 0xea20d04f, 0xa210693a,
	0x2b0008d8, 0x199d3030, 0x3a432300, 0x0000005c,
	0x00000000, 0x00000000, 0x00000000, 0x47710000,
	0x00310025, 0x00000000, 0x3f222296, 0x72500011,
	0x6172676f, 0x6946206d, 0x0073656c, 0x474f5250,
	0x317e4152, 0x31002200, 0x00000000, 0xe7237b00,
	0x4d00103e, 0x6f727465, 0x6b726577, 0x454d0073,
	0x574f5254, 0x2300317e, 0x00003100, 0x7b000000,
	0x103ee723, 0x646f4300, 0x72615765, 0x726f6972,
	0x444f4300, 0x7e415745, 0x00220031, 0x00000031,
	0x237b0000, 0x00103ef2, 0x72657250, 0x61656c65,
	0x50006573, 0x45524552, 0x00317e4c, 0x00030000,
	0x00000000, 0x00010000, 0x147b0078, 0xe0001f00,
	0xea20d04f, 0xa210693a, 0x2b0008d8, 0x199d3030,
	0x3a432300, 0x0000005c, 0x00000000, 0x00000000,
	0x00000000, 0x47710000, 0x00310014, 0x00000000,
	0x134d24ea, 0x6f538010, 0x0000796e, 0x0031001e,
	0x00000000, 0x135124ea, 0x65440010, 0x2e316963,
	0x45440034, 0x2e314943, 0x00170034, 0x00000031,
	0x24ea0000, 0x80101352, 0x73616c46, 0x00353268,
	0x03000000, 0x00000000, 0x01000000, 0x7c00ea00,
	0x001f0014, 0x20d04fe0, 0x10693aea, 0x0008d8a2,
	0x9d30302b, 0x43230019, 0x00005c3a, 0x00000000,
	0x00000000, 0x00000000, 0x71000000, 0x31002547,
	0x00000000, 0x22229600, 0x5000113f, 0x72676f72,
	0x46206d61, 0x73656c69, 0x4f525000, 0x7e415247,
	0x00220031, 0x00000031, 0x237b0000, 0x00103ee7,
	0x7274654d, 0x7265776f, 0x4d00736b, 0x4f525445,
	0x00317e57, 0x00310023, 0x00000000, 0x3ee7237b,
	0x6f430010, 0x61576564, 0x6f697272, 0x4f430072,
	0x41574544, 0x2800317e, 0x00003100, 0x7b000000,
	0x103eee23, 0x20574300, 0x656c6552, 0x20657361,
	0x65746f4e, 0x57430073, 0x454c4552, 0x2900317e,
	0x00003100, 0x7b000000, 0x103ef223, 0x646f4300,
	0x72615765, 0x726f6972, 0x6f6f5420, 0x4300736c,
	0x5745444f, 0x00317e41, 0x00030000, 0x00000000,
	0x00010000, 0x147d0107, 0xe0001f00, 0xea20d04f,
	0xa210693a, 0x2b0008d8, 0x199d3030, 0x3a432300,
	0x0000005c, 0x00000000, 0x00000000, 0x00000000,
	0x47710000, 0x00310025, 0x00000000, 0x3f222296,
	0x72500011, 0x6172676f, 0x6946206d, 0x0073656c,
	0x474f5250, 0x317e4152, 0x31002200, 0x00000000,
	0xe7237b00, 0x4d00103e, 0x6f727465, 0x6b726577,
	0x454d0073, 0x574f5254, 0x2300317e, 0x00003100,
	0x7b000000, 0x103ee723, 0x646f4300, 0x72615765,
	0x726f6972, 0x444f4300, 0x7e415745, 0x00220031,
	0x00000031, 0x237b0000, 0x00103ef6, 0x74617453,
	0x656e6f69, 0x53007972, 0x49544154, 0x00317e4f,
	0x00310026, 0x00000000, 0x3ef6237b, 0x6c500010,
	0x74537961, 0x6f697461, 0x6f72506e, 0x414c5000,
	0x7e545359, 0x00260031, 0x00000031, 0x24ea0000,
	0x001012c0, 0x79616c50, 0x74617453, 0x206e6f69,
	0x50004e53, 0x5359414c, 0x00347e54, 0x003e0000,
	0xffff0000, 0xffffffff, 0x0000ffff, 0x00477100,
	0x00002b00, 0xffffff00, 0xffffffff, 0x676544ff,
	0x6e6f6d69, 0x44007347, 0x4d494745, 0x00397e4f,
	0x4c4d0000, 0x00004c4a, 0x00000000, 0x42444752,
	0x0000fcd4, 0x00000c51, 0x0003000d, 0x0000f083,
	0x0006000b, 0xc537d5a4, 0x97afdab8, 0x00002069,
	0x00030000, 0x00001f86, 0x00020004, 0x00000000,
	0x61746144, 0x00000003, 0x00000000, 0x0ea00008,
	0x74746553, 0x73676e69, 0x0254007f, 0x00000110,
	0x00000086, 0x00000004, 0x00000008, 0x00000008,
	0x00000008, 0x00000008, 0x00000008, 0x00000006,
	0x00000adc, 0x00000006, 0x00000004, 0x00000004,
	0x00000000, 0x00000004, 0x00000013, 0x00000000,
	0x00000000, 0x00000000, 0x00000000, 0x00000000,
	0x00000000, 0x00000000, 0x00000000, 0x00000000,
	0x00000000, 0x00000012, 0x00000020, 0x00000008,
	0x00000002, 0x00000000, 0x00000000, 0x00000000,
	0x00000048, 0x00000004, 0x00000004, 0x00000000,
	0x00000000, 0x00000000, 0x00000000, 0x00000000,
	0x00000000, 0x00000000, 0x00000000, 0x00000000,
	0x00000000, 0x00000000, 0x00000000, 0x00000000,
	0x00000000, 0x00000000, 0x00000000, 0x00000000,
	0x00000000, 0x00000000, 0x00000000, 0x00000000,
	0x00000000, 0x00000000, 0x00000000, 0x00000000,
	0x00000000, 0x00000000, 0x00000000, 0x00000000,
	0x00000000, 0x00000000, 0x00000000, 0x00000004,
	0x1b08ee6b, 0x00048e44, 0x10ac09b4, 0x000002f9,
	0x80306304, 0x00880000, 0x002d000a, 0x00000055,
	0x00000000, 0x000003a5, 0x000002c7, 0x01030000,
	0x00000003, 0x00010100, 0x00000000, 0x00000000,
	0x01a70400, 0x00330000, 0x049800c8, 0x00000018,
	0x0000000c, 0x00000000, 0x00000000, 0x00000000,
	0x00000000, 0x20740000, 0x00000000, 0x00000000,
	0x00000000, 0x00090001, 0x000b0000, 0x00020000,
	0x00120000, 0x63630000, 0x00000023, 0x00000001,
	0x00000000, 0x00000000, 0x00000000, 0x00000000,
	0x00642000, 0x63630000, 0x004b2000, 0x63630000,
	0x00232100, 0x63630000, 0x00642000, 0x63630000,
	0x00646000, 0x01630000, 0x00000290, 0xffff0000,
	0x027a0004, 0x0043001c, 0x005c003a, 0x00490044,
	0x00490047, 0x004f004d, 0x005c004e, 0x305765b0,
	0x007e3044, 0x005c0031, 0x00690068, 0x00750067,
	0x00680063, 0x002e0069, 0x006f0064, 0x00000063,
	0x00000000, 0x3072b799, 0x00000000, 0x00000000,
	0x0000000f, 0x00103d84, 0x00000000, 0xa8ec0000,
	0xffff79e5, 0xa9002957, 0x16973dcb, 0x2957ffff,
	0x00000000, 0x00ac2957, 0xa94290c8, 0x00030000,
	0x3072b799, 0x175f9015, 0x00000000, 0x07be0000,
	0xda740000, 0x00020062, 0x57fea934, 0x03aa07be,
	0x4f4df38a, 0x000006e7, 0x00020144, 0xa94406e7,
	0x03eeaa3c, 0x00000273, 0xf38a0000, 0x0765a950,
	0xf38a0a2c, 0x07be0000, 0xa9620000, 0x07be1e7f,
	0x014407be, 0x079606e7, 0x00000000, 0x1cdda974,
	0x0000051f, 0x1cee0144, 0x296c296c, 0xa9881677,
	0x174747e6, 0x07be07c2, 0x18df1677, 0x0000013f,
	0xa994bff7, 0x17474366, 0x07be0000, 0x13e2013f,
	0x0137bff7, 0x436d0000, 0xff44bff7, 0xff440002,
	0x29990002, 0xda00bff7, 0xd9e40062, 0xd9ec0062,
	0x00400062, 0x00010000, 0xc4650000, 0x17c83006,
	0x1fa10000, 0x3000bff6, 0x13e20062, 0x0137bff7,
	0x42f30000, 0x2c00bff7, 0x69f60000, 0x0920bff7,
	0x0000bffc, 0x00010000, 0xda0c0000, 0x33f60062,
	0xd9fc3008, 0x07ce0062, 0x00050007, 0x000e0003,
	0x00340026, 0xda7401e0, 0x33970062, 0xda1c3008,
	0xda240062, 0x07ce0062, 0x170f4b2f, 0x4fac013f,
	0x013f0002, 0x18ef0000, 0xaa400000, 0x00016de3,
	0x00024fac, 0x000018df, 0xaa4c0137, 0x00016d92,
	0x13e24fac, 0x0137bff7, 0x436d0000, 0xff44bff7,
	0xff440002, 0x29990002, 0xda74bff7, 0x00000062,
	0x000c0000, 0x02d00000, 0x0000009c, 0x00000000,
	0xa1800000, 0xafc400a0, 0x00003006, 0x00000000,
	0x23c80000, 0x00003008, 0xa1800000, 0x39fc00a0,
	0xa1803003, 0x02d000a0, 0x0000009c, 0x00000000,
	0x57660000, 0x00013003, 0x00100000, 0x000100ab,
	0x00000000, 0x00000000, 0x00000000, 0x00000000,
	0x00000000, 0x03fc0000, 0x00000000, 0x03fc0000,
	0x00060000, 0x03fc0000, 0x00060000, 0x03fc0000,
	0x023a0000, 0x00000000, 0x00000000, 0x00000000,
	0x00000000, 0x00100000, 0x1a2800ab, 0xafc400ab,
	0x00003006, 0x00000000, 0x23c80000, 0x00003008,
	0x1a280000, 0xd2bc00ab, 0x1a283003, 0x001300ab,
	0x00100000, 0x1a2800ab, 0x000000ab, 0xdb540000,
	0xd28f0062, 0x00003003, 0x0043001f, 0x005c003a,
	0x00690064, 0x00690067, 0x006f006d, 0x005c006e,
	0x305765b0, 0xff8c3044, 0xff99ff6b, 0xff9eff80,
	0x0068005c, 0x00670069, 0x00630075, 0x00690068,
	0x0064002e, 0x0063006f, 0x00000000, 0x00000001,
	0x00000000, 0x00000000, 0x0062cb44, 0x0062cb84,
	0x00000000, 0x80090402, 0x00000001, 0x00000000,
	0x00000000, 0x00000000, 0x00000001, 0x00000000,
	0x00000000, 0x00ad2598, 0x0062cb68, 0x3006c7d0,
	0x0062cbac, 0x0000000a, 0x000007ba, 0x0062cc98,
	0xab58a1d4, 0x07ba57fe, 0xf49603aa, 0x06e74f4d,
	0x01440000, 0x06e70002, 0xaa3cab68, 0x027303ee,
	0x00000000, 0xab74f496, 0x0adc0765, 0x0000f496,
	0x000007ba, 0x1e7fab86, 0x07ba07ba, 0x06e70144,
	0x00000796, 0xab980000, 0x051f1cdd, 0x01440000,
	0x29541cee, 0x16772954, 0x47e6abac, 0x07c21747,
	0x167707ba, 0x013f18ef, 0x00000000, 0x4366abb8,
	0x00001747, 0x013f07ba, 0x0a9dabc6, 0x07ba1747,
	0x0002abb0, 0xac100aa2, 0x016f0028, 0xbff72999,
	0x3006c72c, 0x000002f9, 0x3006c491, 0x64200342,
	0x00000401, 0x000007ba, 0x00000000, 0xbff61fa1,
	0x00622000, 0xbff713e2, 0x00000137, 0xbff742f3,
	0x00002c00, 0xbff769f6, 0xbffc0920, 0x00000000,
	0x00000001, 0x0062cc30, 0x300833f6, 0x0062cc20,
	0x000707ce, 0x00030005, 0x0025000e, 0x02260039,
	0x0062cc98, 0x30083397, 0x0062cc40, 0x0062cc48,
	0x4b2f07ce, 0x013f170f, 0x0002500c, 0x0000013f,
	0x0000123f, 0x6de3ac64, 0x500c0001, 0x18ef0002,
	0x00030000, 0x6d92ac70, 0x500c0001, 0x013f0002,
	0x0bd0ac7c, 0x500c1747, 0x0bd50002, 0x0028acc4,
	0xbff72999, 0x0062cc98, 0x00000000, 0x0000000c,
	0x009c02e8, 0x00000000, 0x00000000, 0x00a0a148,
	0x3006afc4, 0x00000000, 0x00000000, 0x300823c8,
	0x00000000, 0x00a0a148, 0x300339fc, 0x00a0a148,
	0x009c02e8, 0x00000000, 0x00000000, 0x30035766,
	0x00000001, 0x00ad1398, 0x00000001, 0x00000000,
	0x00000000, 0x00000000, 0x00000000, 0x00000000,
	0x000003fc, 0x00000000, 0x000003fc, 0x00000006,
	0x000003fc, 0x00000006, 0x000003fc, 0x0000023a,
	0x00000000, 0x00000000, 0x00000000, 0x00000000,
	0x00ad1398, 0x00ad2000, 0x3006afc4, 0x00000000,
	0x00000000, 0x300823c8, 0x00000000, 0x00ad2000,
	0x3003d2bc, 0x00ad2000, 0x00000013, 0x00ad1398,
	0x00ad2000, 0x00000000, 0x0062cd78, 0x3003d28f,
	0x00200000, 0x003a0043, 0x0044005c, 0x00670065,
	0x006d0069, 0x006e006f, 0x00730047, 0x005f0032,
	0x00320031, 0x0061005c, 0x0069006e, 0x0065006d,
	0x006f0046, 0x006d0072, 0x00740061, 0x0064002e,
	0x0063006f, 0x00000000, 0x00000001, 0x00000000,
	0x00000000, 0x0062cb44, 0x0062cb84, 0x00000000,
	0x80290402, 0x00000001, 0x00000000, 0x00000000,
	0x00000000, 0x00000001, 0x00000000, 0x00000000,
	0x01192c4c, 0x0062cb68, 0x3006c7d0, 0x0062cbac,
	0x0000000a, 0x00001afe, 0x0062cc98, 0x9b58a1d4,
	0x1afe57fe, 0x7f6203aa, 0x06e74f4d, 0x01440000,
	0x06e70002, 0xaa3c9b68, 0x027303ee, 0x00000000,
	0x9b747f62, 0x19b80765, 0x00007f62, 0x00001afe,
	0x1e7f9b86, 0x1afe1afe, 0x06e70144, 0x00000796,
	0x9b980000, 0x051f1cdd, 0x01440000, 0x767c1cee,
	0x1677767c, 0x47e69bac, 0x07c21747, 0x16771afe,
	0x013f1b57, 0x00000000, 0x43669bb8, 0x00001747,
	0x013f1afe, 0x0a9d9bc6, 0x1afe1747, 0x0002bbc8,
	0x9c100aa2, 0x016f0028, 0xbff72999, 0x3006c72c,
	0x000002f9, 0x3006c491, 0x64200342, 0x00000001,
	0x3006c465, 0x000017c8, 0xbff61fa1, 0x00623000,
	0xbff713e2, 0x00000137, 0xbff742f3, 0x00002c00,
	0xbff769f6, 0xbffc0920, 0x00000000, 0x00000001,
	0x0062cc30, 0x300833f6, 0x0062cc20, 0x000607ce,
	0x00120004, 0x00090010, 0x030c0030, 0x0062cc98,
	0x30083397, 0x0062cc40, 0x0062cc48, 0x4b2f07ce,
	0x013f170f, 0x00029c68, 0x0000013f, 0x00000f77,
	0x6de39c64, 0x9c680001, 0x1b570002, 0x00030000,
	0x6d929c70, 0x9c680001, 0x013f0002, 0x0bd09c7c,
	0x30066b96, 0x30541060, 0x00000004, 0x30541060,
	0x3019eccc, 0x3019ecd2, 0x30541060, 0x009c030c,
	0x00000000, 0x00018001, 0x00000491, 0x00000491,
	0x01191c38, 0x00010001, 0x00000491, 0x00000002,
	0x00000491, 0x7bc00e1b, 0x00000000, 0x00000000,
	0x00000000, 0x00000000, 0x30035766, 0x00000001,
	0x01191750, 0x00000001, 0x00000000, 0x01bd1b4b,
	0xc48e64a0, 0x01bd0000, 0x995e1800, 0x000003fc,
	0x00000000, 0x000003fc, 0x00000006, 0x000003fc,
	0x00000006, 0x000003fc, 0x0000023a, 0x00000000,
	0x04290000, 0x82f8dcdc, 0x00000000, 0x01191750,
	0x01191c38, 0x3006afc4, 0x00000000, 0x00000000,
	0x300823c8, 0x00000000, 0x01191c38, 0x3003d2bc,
	0x01191c38, 0x00000013, 0x01191750, 0x01191c38,
	0x00000000, 0x0062cd78, 0x3003d28f, 0x00180000,
	0x003a0043, 0x0044005c, 0x006f004d, 0x005c006e,
	0x95d86226, 0x520690e8, 0x724803b1, 0x30b130b9,
	0x30e530b8, 0x30eb30fc, 0x0064002e, 0x0063006f,
	0x00000000, 0x004e1774, 0xbff782e4, 0x000004e2,
	0xffffffff, 0x00000040, 0x004e1774, 0x00400000,
	0x00000001, 0x0040000c, 0x000004e1, 0x00000000,
	0x00000000, 0xbff78485, 0x00000001, 0xbff7849c,
	0x00400000, 0x00000001, 0x19e75d80, 0x00000000,
	0x00000001, 0x0062dcec, 0x0062dcec, 0xbff79402,
	0x00400000, 0xbff79440, 0x81611194, 0x19e75d90,
	0x19e75d90, 0x0062dcec, 0x19e75d90, 0x19e75d90,
	0x19e062b5, 0x0062dc44, 0x0062dc54, 0x19e75d80,
	0x0062dc44, 0x0062dcec, 0x19e03d74, 0x0062dc44,
	0x19e75d80, 0x0062dcec, 0x0062dc54, 0x0062dd28,
	0x00000000, 0x19e03d3b, 0x0062dc44, 0x19e75d80,
	0x0062dcec, 0x0062dcb8, 0x00400000, 0x00000001,
	0x000308d0, 0x0062dcc8, 0x00400000, 0x0062dcd0,
	0x00400000, 0x00000001, 0x000308d0, 0xbff79288,
	0x00000001, 0xbff7928f, 0x00000128, 0x00c30000,
	0x00002005, 0x309dbf08, 0x307328c8, 0x00000008,
	0x00c50000, 0x0062de08, 0x000003ef, 0x307327de,
	0x00ab0e90, 0x00000001, 0x0062de08, 0x00c30bbe,
	0x0000003c, 0x00000002, 0x000003ef, 0x00000000,
	0x309dcef4, 0x0062ddf4, 0x00000001, 0x00000000,
	0x00000001, 0x0062df90, 0x00ab0010, 0x00000678,
	0x00000002, 0x00400000, 0x00000000, 0x0046d924,
	0x0062de20, 0x00000001, 0xbff7928f, 0x00400000,
	0x00000001, 0x0062dd54, 0x0046da70, 0x00000000,
	0x000308d0, 0x0046d91c, 0xbff7986a, 0x00400000,
	0xbff7987f, 0x81611194, 0x0046da70, 0x00000000,
	0x000308d0, 0x0040004c, 0x00400000, 0x00000000,
	0x0062dd6c, 0x0062dd20, 0x0047dd8c, 0x0062fe28,
	0xbffb9a34, 0xbffb9d00, 0x19e717b0, 0x00000001,
	0x00000078, 0x00000078, 0x00000200, 0x0046e53c,
	0x00000000, 0x34255500, 0x01bd680c, 0x0046daf8,
	0x00470000, 0x0048d33c, 0x0062dda8, 0x3003333e,
	0x0046dad8, 0x00000000, 0x00ad0148, 0x30033349,
	0x0046dad8, 0x00ad00c8, 0x00ad0148, 0x0046dad8,
	0x00ab0010, 0xbff798cf, 0x8160ca4c, 0x00000001,
	0x307323c4, 0x309db710, 0xbff798cf, 0x8160ca4c,
	0x00000001, 0x307323c4, 0x309db710, 0x00000036,
	0x00c57a74, 0x00c30bbe, 0x300867c9, 0x00000036,
	0x00ab0e90, 0x009c046c, 0xfffff8c1, 0x027a0000,
	0x000c0000, 0x00010000, 0x00010000, 0x0001ffff,
	0x00050001, 0xff33ff2d, 0x660e0020, 0x4800671d,
	0x72006900, 0x6b006f00, 0x7a006100, 0x00007500,
	0x69004800, 0x6f007200, 0x61006b00, 0x75007a00,
	0x54002000, 0x6e006100, 0x6b006100, 0x00006100,
	0x45004200, 0x00004300, 0x87000000, 0x0003fffb,
	0x01010101, 0x01000101, 0x00010101, 0x01010101,
	0x01000101, 0x01010100, 0x00120001, 0x00030003,
	0x00030003, 0x00030000, 0x00030003, 0x00030003,
	0x00000003, 0x01010123, 0x01010101, 0x21010101,
	0x01010101, 0x01010101, 0x01210101, 0x01111101,
	0x01010101, 0x01010101, 0x01010101, 0x01010101,
	0x01010101, 0x01010101, 0x01010101, 0x01011101,
	0x11510101, 0x01410111, 0x0101f201, 0x01010101,
	0x11f10101, 0x01010101, 0x01010101, 0x01010101,
	0x01010101, 0x01010101, 0x01010101, 0x510191a1,
	0x01110100, 0xf3010101, 0x01111100, 0x01010101,
	0x01410101, 0x003e0000, 0x00000202, 0x00090006,
	0x00000034, 0x00900000, 0x00000090, 0x000f0000,
	0xffff0000, 0x000000ff, 0x00000000, 0x00140014,
	0x00000000, 0x63020000, 0x00c80078, 0x00000000,
	0x00000014, 0x00900000, 0x00800090, 0x00080000,
	0x00080000, 0xffcfffff, 0x00000009, 0x80000001,
	0x80000001, 0x00000006, 0x80000001, 0x80000001,
	0x0000002a, 0x80000001, 0x80000001, 0x000000f3,
	0x80000001, 0x80000001, 0x0000010a, 0x80000001,
	0x80000001, 0x0000013c, 0x80000001, 0x80000001,
	0x00000149, 0x80000001, 0x80000001, 0x000001ba,
	0x80000001, 0x80000001, 0x000007d0, 0x80000001,
	0x80000001, 0x00001770, 0x00000003, 0x00000000,
	0x10a60008, 0x6c6f6f54, 0x73726162, 0x00000047,
	0x000000db, 0x00000022, 0xffff0102, 0x00000009,
	0x00000000, 0x00040000, 0x01010100, 0x16000002,
	0x30028000, 0x6f001e00, 0x6f016400, 0x01000100,
	0x00000001, 0x00000000, 0x6f001e00, 0x6f016400,
	0x01000100, 0x00000001, 0x00000000, 0x6f001e00,
	0x6f016400, 0x01000100, 0x00000001, 0x00000000,
	0x6f001e00, 0x6f016400, 0x01000100, 0x00000001,
	0x00000000, 0x6f001e00, 0x6f016400, 0x00000000,
	0x00000000, 0xff010230, 0x00000aff, 0x00000000,
	0x00000000, 0x01010000, 0x00000301, 0x02800030,
	0x001e004a, 0x0164006f, 0x0001006f, 0x00000201,
	0x00000000, 0x001e0000, 0x0164006f, 0x0001006f,
	0x00000201, 0x00000000, 0x001e0000, 0x0164006f,
	0x0001006f, 0x00000201, 0x00000000, 0x001e0000,
	0x0164006f, 0x0001006f, 0x00000201, 0x00000000,
	0x001e0000, 0x0164006f, 0x0001006f, 0x00000000,
	0x01023000, 0x01eeffff, 0x00000000, 0x00030000,
	0x01000004, 0x00040102, 0x80004a00, 0x34006402,
	0x74007100, 0x0400dc01, 0x00fe0100, 0x00000000,
	0x1e000000, 0x7b006f00, 0x04006f01, 0x00fe0100,
	0x00000000, 0x1e000000, 0x7b006f00, 0x04006f01,
	0x00fe0100, 0x00000000, 0x1e000000, 0x7b006f00,
	0x04006f01, 0x00fe0100, 0x00000000, 0x1e000000,
	0x7b006f00, 0x02006f01, 0x00000000, 0x02300000,
	0x0cffff01, 0x00000000, 0x00000000, 0x00000000,
	0xfe010201, 0x00000000, 0x00000000, 0x006f001e,
	0x006f0067, 0xfe010201, 0x00000000, 0x00000000,
	0x006f001e, 0x006f0067, 0xfe010201, 0x00000000,
	0x00000000, 0x006f001e, 0x006f0067, 0xfe010201,
	0x00000000, 0x00000000, 0x006f001e, 0x006f0067,
	0xfe010201, 0x00000000, 0x00000000, 0x006f001e,
	0x006f0067, 0x00000003, 0x30000001, 0xffff0102,
	0x0000000d, 0x00000000, 0x00000000, 0x03010300,
	0x00000000, 0x1a027700, 0x5f003500, 0x5f030202,
	0x03020302, 0x000000fe, 0x00000000, 0x63001e00,
	0x6302eb02, 0x03020302, 0x000000fe, 0x00000000,
	0x63001e00, 0x6302eb02, 0x03020302, 0x000000fe,
	0x00000000, 0x63001e00, 0x6302eb02, 0x03020302,
	0x000000fe, 0x00000000, 0x63001e00, 0x6302eb02,
	0x00000402, 0x00000000, 0xff010230, 0x00000fff,
	0x00000000, 0x00000000, 0x00040000, 0x0000fe01,
	0x00000000, 0x001e0000, 0x0164006f, 0x0004006f,
	0x0000fe01, 0x00000000, 0x001e0000, 0x0164006f,
	0x0004006f, 0x0000fe01, 0x00000000, 0x001e0000,
	0x0164006f, 0x0004006f, 0x0000fe01, 0x00000000,
	0x001e0000, 0x0164006f, 0x0004006f, 0x0000fe01,
	0x00000000, 0x001e0000, 0x0164006f, 0x0005006f,
	0x00010000, 0x01023000, 0x000effff, 0x01080000,
	0x00000000, 0x04000000, 0x00fe0100, 0x00000000,
	0x9c000000, 0xe2026302, 0x04026303, 0x00fe0100,
	0x00000000, 0x9c000000, 0xe2026302, 0x04026303,
	0x00fe0101, 0x00000000, 0x9c000000, 0xe2026302,
	0x04026303, 0x00fe0101, 0x00000000, 0x9c000000,
	0xe2026302, 0x04026303, 0x00fe0101, 0x00000000,
	0x9c000000, 0xe2026302, 0x06026303, 0x01000000,
	0x02300000, 0x10ffff01, 0x00000000, 0x00000000,
	0x00000000, 0xfe010204, 0x00000000, 0x00000000,
	0x006f001e, 0x006f0164, 0xfe010204, 0x00000000,
	0x00000000, 0x006f001e, 0x006f0164, 0xfe010204,
	0x00000000, 0x00000000, 0x006f001e, 0x006f0164,
	0xfe010204, 0x00000000, 0x00000000, 0x006f001e,
	0x006f0164, 0xfe010204, 0x00000000, 0x00000000,
	0x006f001e, 0x006f0164, 0x00000007, 0x30000001,
	0xffff0102, 0x00000064, 0x00000000, 0x00000000,
	0x01000400, 0x000000fe, 0x00000000, 0x6f001e00,
	0x6f016400, 0x01000400, 0x000000fe, 0x00000000,
	0x6f001e00, 0x6f016400, 0x01000400, 0x000000fe,
	0x00000000, 0x6f001e00, 0x6f016400, 0x01000400,
	0x000000fe, 0x00000000, 0x6f001e00, 0x6f016400,
	0x01000400, 0x000000fe, 0x00000000, 0x6f001e00,
	0x6f016400, 0x00000800, 0x00000100, 0xff010230,
	0x000065ff, 0x00000000, 0x00000000, 0x02040000,
	0x0000fe01, 0x00000000, 0x001e0000, 0x016400a1,
	0x020400a1, 0x0000fe01, 0x00000000, 0x001e0000,
	0x016400a1, 0x020400a1, 0x0000fe01, 0x00000000,
	0x001e0000, 0x016400a1, 0x020400a1, 0x0000fe01,
	0x00000000, 0x001e0000, 0x016400a1, 0x020400a1,
	0x0000fe01, 0x00000000, 0x001e0000, 0x016400a1,
	0x000900a1, 0x00010000, 0x01023000, 0x0013ffff,
	0x00000000, 0x00000000, 0x01000000, 0x00fe0102,
	0x00000000, 0x1e000000, 0x64006f00, 0x01006f01,
	0x00fe0102, 0x00000000, 0x1e000000, 0x64006f00,
	0x01006f01, 0x00fe0102, 0x00000000, 0x1e000000,
	0x64006f00, 0x01006f01, 0x00fe0102, 0x00000000,
	0x1e000000, 0x64006f00, 0x01006f01, 0x00fe0102,
	0x00000000, 0x1e000000, 0x64006f00, 0x0a006f01,
	0x01000000, 0x02300000, 0x16ffff01, 0x00000000,
	0x00000000, 0x00000000, 0xfe010201, 0x00000000,
	0x00000000, 0x006f001e, 0x006f0164, 0xfe010201,
	0x00000000, 0x00000000, 0x006f001e, 0x006f0164,
	0xfe010201, 0x00000000, 0x00000000, 0x006f001e,
	0x006f0164, 0xfe010201, 0x00000000, 0x00000000,
	0x006f001e, 0x006f0164, 0xfe010201, 0x00000000,
	0x00000000, 0x006f001e, 0x006f0164, 0x0000000b,
	0x30000001, 0xffff0102, 0x00000015, 0x00000100,
	0x00000000, 0x01000400, 0x000000fe, 0x00000000,
	0x6f001e00, 0x6f016400, 0x01000400, 0x000000fe,
	0x00000000, 0x6f001e00, 0x6f016400, 0x01000400,
	0x000000fe, 0x00000000, 0x6f001e00, 0x6f016400,
	0x01000400, 0x000000fe, 0x00000000, 0x6f001e00,
	0x6f016400, 0x01000400, 0x000000fe, 0x00000000,
	0x6f001e00, 0x6f016400, 0x00000c00, 0x00000100,
	0xff010230, 0x00001fff, 0x00010800, 0x00000000,
	0x02040000, 0x0000fe01, 0x00000000, 0x00990000,
	0x0366016d, 0x0204016d, 0x0000fe01, 0x00000000,
	0x00990000, 0x0366016d, 0x0204016d, 0x0000fe01,
	0x00000000, 0x00990000, 0x0366016d, 0x0204016d,
	0x0000fe01, 0x00000000, 0x00990000, 0x0366016d,
	0x0204016d, 0x0000fe01, 0x00000000, 0x00990000,
	0x0366016d, 0x000d016d, 0x00010000, 0x01023000,
	0x0017ffff, 0x00000000, 0x00000000, 0x01000000,
	0x00050102, 0xde006600, 0x5d008001, 0xa3008700,
	0x01008701, 0x00fe0102, 0x00000000, 0x1e000000,
	0x64006f00, 0x01006f01, 0x00fe0102, 0x00000000,
	0x1e000000, 0x64006f00, 0x01006f01, 0x00fe0102,
	0x00000000, 0x1e000000, 0x64006f00, 0x01006f01,
	0x00fe0102, 0x00000000, 0x1e000000, 0x64006f00,
	0x0e006f01, 0x00000000, 0x02300000, 0x18ffff01,
	0x00000000, 0x00000000, 0x00000000, 0xfe010201,
	0x00000000, 0x00000000, 0x006f001e, 0x006f0164,
	0x01010101, 0x00160000, 0x00300165, 0x0087005d,
	0x008701a3, 0xfe010201, 0x00000000, 0x00000000,
	0x006f001e, 0x006f0164, 0xfe010101, 0x00000000,
	0x00000000, 0x006f001e, 0x006f0164, 0xfe010201,
	0x00000000, 0x00000000, 0x006f001e, 0x006f0164,
	0x0000000f, 0x30000000, 0xffff0102, 0x00000019,
	0x00000000, 0x00000000, 0x01000100, 0x000000fe,
	0x00000000, 0x6f001e00, 0x6f016400, 0x01000100,
	0x000000fe, 0x00000000, 0x6f001e00, 0x6f016400,
	0x01000100, 0x000000fe, 0x00000000, 0x6f001e00,
	0x6f016400, 0x01000100, 0x000000fe, 0x00000000,
	0x6f001e00, 0x6f016400, 0x01000100, 0x000000fe,
	0x00000000, 0x6f001e00, 0x6f016400, 0x00001000,
	0x00000100, 0xff010230, 0x000023ff, 0x00000000,
	0x00000000, 0x02010000, 0x00000101, 0x00000000,
	0x001e0000, 0x0164006f, 0x0201006f, 0x00000101,
	0x00000000, 0x001e0000, 0x0164006f, 0x0201006f,
	0x00000101, 0x00000000, 0x001e0000, 0x0164006f,
	0x0201006f, 0x00000101, 0x00000000, 0x001e0000,
	0x0164006f, 0x0201006f, 0x00000101, 0x00000000,
	0x001e0000, 0x0164006f, 0x0014006f, 0x00010000,
	0x01023000, 0x0024ffff, 0x00000000, 0x00000000,
	0x01000000, 0x00010102, 0x00000000, 0x1e000000,
	0x64006f00, 0x01006f01, 0x00010102, 0x00000000,
	0x1e000000, 0x64006f00, 0x01006f01, 0x00010102,
	0x00000000, 0x1e000000, 0x64006f00, 0x01006f01,
	0x00010102, 0x00000000, 0x1e000000, 0x64006f00,
	0x01006f01, 0x00010102, 0x00000000, 0x1e000000,
	0x64006f00, 0x15006f01, 0x01000000, 0x02300000,
	0x18ffff01, 0x00000002, 0x00000000, 0x00000000,
	0xfe010001, 0x00000000, 0x00000000, 0x006f001e,
	0x006f0164, 0xfe010001, 0x00000000, 0x00000000,
	0x006f001e, 0x006f0164, 0xfe010001, 0x00000000,
	0x00000000, 0x006f001e, 0x006f0164, 0xfe010001,
	0x00000000, 0x00000000, 0x006f001e, 0x006f0164,
	0xfe010001, 0x00000000, 0x00000000, 0x006f001e,
	0x006f0164, 0x00000016, 0x30000001, 0xffff0102,
	0x00000084, 0x00000000, 0x00000000, 0x01000100,
	0x000000fe, 0x00000000, 0x6f001e00, 0x6f016400,
	0x01000100, 0x000000fe, 0x00000000, 0x6f001e00,
	0x6f016400, 0x01000100, 0x000000fe, 0x00000000,
	0x6f001e00, 0x6f016400, 0x01000100, 0x000000fe,
	0x00000000, 0x6f001e00, 0x6f016400, 0x01000100,
	0x000000fe, 0x00000000, 0x6f001e00, 0x6f016400,
	0x00001a00, 0x00000100, 0xff010230, 0x0000bdff,
	0x00000000, 0x00000000, 0x02010000, 0x0000fe01,
	0x00000000, 0x001e0000, 0x0164006f, 0x0201006f,
	0x0000fe01, 0x00000000, 0x001e0000, 0x0164006f,
	0x0201006f, 0x0000fe01, 0x00000000, 0x001e0000,
	0x0164006f, 0x0201006f, 0x0000fe01, 0x00000000,
	0x001e0000, 0x0164006f, 0x0101006f, 0x0000fe01,
	0x00000000, 0x001e0000, 0x0164006f, 0x001b006f,
	0x00010000, 0x01023000, 0x008bffff, 0x00000000,
	0x00000000, 0x04000000, 0x00fe0302, 0x00000000,
	0x82000000, 0x69025900, 0x04025902, 0x00fe0302,
	0x00000000, 0x82000000, 0x69025900, 0x04025902,
	0x00fe0302, 0x00000000, 0x82000000, 0x69025900,
	0x04025902, 0x00fe0302, 0x00000000, 0x82000000,
	0x69025900, 0x04025902, 0x00fe0302, 0x00000000,
	0x82000000, 0x69025900, 0x1c025902, 0x01000000,
	0x02300000, 0xa9ffff01, 0x00000000, 0x00000001,
	0x00000000, 0xfe030004, 0x00000000, 0x00000000,
	0x02590172, 0x025902b8, 0xfe030004, 0x00000000,
	0x00000000, 0x02590172, 0x025902b8, 0xfe030004,
	0x00000000, 0x00000000, 0x02590172, 0x025902b8,
	0xfe030004, 0x00000000, 0x00000000, 0x02590172,
	0x025902b8, 0xfe030004, 0x00000000, 0x00000000,
	0x02590172, 0x025902b8, 0x0000001d, 0x30000001,
	0xffff0102, 0x000000a7, 0x00000100, 0x00000000,
	0x03000400, 0x000000fe, 0x00000000, 0x1d017200,
	0x1d02b802, 0x03000402, 0x000000fe, 0x00000000,
	0x1d017200, 0x1d02b802, 0x03000402, 0x000000fe,
	0x00000000, 0x1d017200, 0x1d02b802, 0x03000402,
	0x000000fe, 0x00000000, 0x1d017200, 0x1d02b802,
	0x03000402, 0x000000fe, 0x00000000, 0x1d017200,
	0x1d02b802, 0x00001e02, 0x00000100, 0xff010230,
	0x00008cff, 0x00000000, 0x00000000, 0x02040000,
	0x0000fe03, 0x00000000, 0x029c0000, 0x03e2006f,
	0x0204006f, 0x0000fe03, 0x00000000, 0x029c0000,
	0x03e2006f, 0x0204006f, 0x0000fe03, 0x00000000,
	0x029c0000, 0x03e2006f, 0x0204006f, 0x0000fe03,
	0x00000000, 0x029c0000, 0x03e2006f, 0x0204006f,
	0x0000fe03, 0x00000000, 0x029c0000, 0x03e2006f,
	0x001f006f, 0x00010000, 0x01023000, 0x008effff,
	0x00000000, 0x00000000, 0x01000000, 0x00fe0100,
	0x00000000, 0x1e000000, 0x05006f00, 0x01006f02,
	0x00fe0100, 0x00000000, 0x1e000000, 0x05006f00,
	0x01006f02, 0x00fe0100, 0x00000000, 0x1e000000,
	0x05006f00, 0x01006f02, 0x00fe0100, 0x00000000,
	0x1e000000, 0x05006f00, 0x01006f02, 0x00fe0100,
	0x00000000, 0x1e000000, 0x05006f00, 0x20006f02,
	0x01000000, 0x02300000, 0x19ffff01, 0x08000002,
	0x00000001, 0x00000000, 0xfe010204, 0x00000000,
	0x00000000, 0x006f02e1, 0x006f03e2, 0xfe010204,
	0x00000000, 0x00000000, 0x006f02e1, 0x006f03e2,
	0xfe010204, 0x00000000, 0x00000000, 0x006f02e1,
	0x006f03e2, 0xfe010204, 0x00000000, 0x00000000,
	0x006f02e1, 0x006f03e2, 0xfe010204, 0x00000000,
	0x00000000, 0x006f02e1, 0x006f03e2, 0x00000021,
	0x30000001, 0xffff0102, 0x000001f6, 0x00000100,
	0x00000000, 0x01020400, 0x000000fe, 0x00000000,
	0x63038200, 0x6303e202, 0x01020402, 0x000000fe,
	0x00000000, 0x63038200, 0x6303e202, 0x01020402,
	0x000000fe, 0x00000000, 0x63038200, 0x6303e202,
	0x01020402, 0x000000fe, 0x00000000, 0x63038200,
	0x6303e202, 0x01020402, 0x000000fe, 0x00000000,
	0x63038200, 0x6303e202, 0x00002202, 0x00000100,
	0xff010230, 0x0000f4ff, 0x00000000, 0x00000000,
	0x00040000, 0x0000fe01, 0x00000000, 0x001e0000,
	0x0067006f, 0x0004006f, 0x0000fe01, 0x00000000,
	0x001e0000, 0x0067006f, 0x0004006f, 0x0000fe01,
	0x00000000, 0x001e0000, 0x0067006f, 0x0004006f,
	0x0000fe01, 0x00000000, 0x001e0000, 0x0067006f,
	0x0004006f, 0x0000fe01, 0x00000000, 0x001e0000,
	0x0067006f, 0x0023006f, 0x00010000, 0x01023000,
	0x0212ffff, 0x00000000, 0x00010000, 0x04000000,
	0x00fe0302, 0x00000000, 0x9c000000, 0x08006f02,
	0x0400a003, 0x00fe0302, 0x00000000, 0x9c000000,
	0xe2006f02, 0x04006f03, 0x00fe0302, 0x00000000,
	0x9c000000, 0xe2006f02, 0x04006f03, 0x00fe0302,
	0x00000000, 0x9c000000, 0xe2006f02, 0x04006f03,
	0x00fe0302, 0x00000000, 0x9c000000, 0xe2006f02,
	0x25006f03, 0x00000000, 0x02300000, 0x4dffff01,
	0x00000002, 0x00000000, 0x00000000, 0x01010201,
	0x00000000, 0x00000000, 0x006f001e, 0x006f0164,
	0x01010201, 0x00000000, 0x00000000, 0x006f001e,
	0x006f0164, 0x01010201, 0x00000000, 0x00000000,
	0x006f001e, 0x006f0164, 0x01010201, 0x00000000,
	0x00000000, 0x006f001e, 0x006f0164, 0x01010201,
	0x00000000, 0x00000000, 0x006f001e, 0x006f0164,
	0x00000026, 0x30000001, 0xffff0102, 0x0000024c,
	0x00000000, 0x00000000, 0x01020100, 0x00000001,
	0x00000000, 0x6f001e00, 0x6f016400, 0x01020100,
	0x00000001, 0x00000000, 0x6f001e00, 0x6f016400,
	0x01020100, 0x00000001, 0x00000000, 0x6f001e00,
	0x6f016400, 0x01020100, 0x00000001, 0x00000000,
	0x6f001e00, 0x6f016400, 0x01020100, 0x00000001,
	0x00000000, 0x6f001e00, 0x6f016400, 0x00002700,
	0x00000100, 0xff010230, 0x000025ff, 0x00010800,
	0x04000001, 0x02010000, 0x00000001, 0x04000000,
	0x001e0016, 0x0164006f, 0x0201006f, 0x00000001,
	0x03890000, 0x001e0016, 0x0164006f, 0x0001006f,
	0x00000001, 0x00000000, 0x001e0000, 0x0164006f,
	0x0001006f, 0x00000001, 0x00000000, 0x001e0000,
	0x0164006f, 0x0201006f, 0x00000001, 0x00000000,
	0x001e0000, 0x0164006f, 0x0028006f, 0x00000000,
	0x00013000, 0x00000000, 0x00090000, 0x704f0035,
	0x69466e65, 0x4332656c, 0x72505c3a, 0x6172676f,
	0x6946206d, 0x5c73656c, 0x7263694d, 0x666f736f,
	0x664f2074, 0x65636966, 0x6d65545c, 0x74616c70,
	0x6f4e5c65, 0x6c616d72, 0x746f642e, 0x6c70636f,
	0x5c657461, 0x4f8ad08e, 0x918fb695, 0x5841465c,
	0x74959791, 0x3120f38f, 0x746f642e, 0xbba8b320,
	0xdec4b0de, 0x7a69772e, 0x52455453, 0x434f442e,
	0x5c73476e, 0x65686373, 0x656c7564, 0x636f642e,
	0x4665746f, 0x616d726f, 0x6f642e74, 0x445c5863,
	0x4a5c434f, 0x4f575c50, 0x4f5c4452, 0x56524556,
	0x5c574549, 0x2e444150, 0x4f434f44, 0x682e6143,
	0x8252825c, 0x93822084, 0x95829482, 0x89828482,
	0x82208f82, 0x8281828d, 0x8c832098, 0xc42d7c83,
	0x74722e32, 0x001b3b66, 0x03000200, 0x001b3900,
	0x05001400, 0x00000000, 0x73694c00, 0x61472074,
	0x72656c6c, 0x72502079, 0x74657365, 0x00000373,
	0x00000000, 0x9a000600, 0x74614404, 0x01312061,
	0x00040900, 0x00000000, 0x00000000, 0x00000000,
	0x00000000, 0x00000000, 0x00000000, 0x00000000,
	0x00000000, 0x00000000, 0x01000000, 0x00000000,
	0xa0000000, 0x03011aaa, 0x00040900, 0x00000000,
	0x00000000, 0x00000000, 0x00000000, 0x00000000,
	0x00000000, 0x00000000, 0x00000000, 0x00000000,
	0x01000000, 0x00000000, 0xc8000000, 0x05011aaa,
};

GsOT KAR_D_800638CC[2] = {
	{ 0x00040900, (GsOT_TAG *)0x00000000, 0x00000000, 0x00000000, (GsOT_TAG *)0x00000000 },
	{
		0x00000000,
		(GsOT_TAG *)0x00000000,
		0x00000000,
		0x00000000,
		(GsOT_TAG *)0x00000000,
	},
};

GsOT_TAG KAR_D_800637CC[32] = {
	{ 0x000000, 0x01 },
	{ 0x000000, 0x00 },
	{ 0x000000, 0xf0 },
	{ 0x011aaa, 0x07 },
	{ 0x040900, 0x00 },
	{ 0x000000, 0x00 },
	{ 0x000000, 0x00 },
	{ 0x000000, 0x00 },
	{ 0x000000, 0x00 },
	{ 0x000000, 0x00 },
	{ 0x000000, 0x00 },
	{ 0x000000, 0x00 },
	{ 0x000000, 0x00 },
	{ 0x000000, 0x00 },
	{ 0x000000, 0x01 },
	{ 0x000000, 0x00 },
	{ 0x000000, 0x18 },
	{ 0x011aab, 0x09 },
	{ 0x040900, 0x00 },
	{ 0x000000, 0x00 },
	{ 0x000000, 0x00 },
	{ 0x000000, 0x00 },
	{ 0x000000, 0x00 },
	{ 0x000000, 0x00 },
	{ 0x000000, 0x00 },
	{ 0x000000, 0x00 },
	{ 0x000000, 0x00 },
	{ 0x000000, 0x00 },
	{ 0x000000, 0x01 },
	{ 0x000000, 0x00 },
	{ 0x000000, 0x40 },
	{ 0x011aab, 0x0b },
};

GsOT_TAG KAR_D_8006384C[32] = {
	{ 0x040900, 0x00 },
	{ 0x000000, 0x00 },
	{ 0x000000, 0x00 },
	{ 0x000000, 0x00 },
	{ 0x000000, 0x00 },
	{ 0x000000, 0x00 },
	{ 0x000000, 0x00 },
	{ 0x000000, 0x00 },
	{ 0x000000, 0x00 },
	{ 0x000000, 0x00 },
	{ 0x000000, 0x01 },
	{ 0x000000, 0x00 },
	{ 0x000000, 0x68 },
	{ 0x011aab, 0x0d },
	{ 0x040900, 0x00 },
	{ 0x000000, 0x00 },
	{ 0x000000, 0x00 },
	{ 0x000000, 0x00 },
	{ 0x000000, 0x00 },
	{ 0x000000, 0x00 },
	{ 0x000000, 0x00 },
	{ 0x000000, 0x00 },
	{ 0x000000, 0x00 },
	{ 0x000000, 0x00 },
	{ 0x000000, 0x01 },
	{ 0x000000, 0x00 },
	{ 0x000000, 0x90 },
	{ 0x011aab, 0x0f },
	{ 0x040900, 0x00 },
	{ 0x000000, 0x00 },
	{ 0x000000, 0x00 },
	{ 0x000000, 0x00 },
};

VECTOR KAR_D_800638F4 = { 0x00000000, 0x00000000, 0x00000000, 0x00000000 };

VECTOR KAR_D_80063904 = { 0x00000000, 0x00000000, 0x01000000, 0x00000000 };

KarStoneRaw KAR_D_80063914 = {
	{
		0xb8000000, 0x11011aab, 0x00040900, 0x00000000,
		0x00000000, 0x00000000, 0x00000000, 0x00000000,
		0x00000000, 0x00000000, 0x00000000, 0x00000000,
		0x01000000, 0x00000000, 0xe0000000, 0x13011aab,
		0x00040900, 0x00000000, 0x00000000, 0x00000000,
		0x00000000, 0x00000000, 0x00000000, 0x00000000,
		0x00000000, 0x00000000, 0x01000000, 0x00000000,
		0x08000000, 0x15011aac, 0x00040900, 0x00000000,
		0x00000000, 0x00000000, 0x00000000, 0x00000000,
		0x00000000, 0x00000000, 0x00000000, 0x00000000,
		0x01000000, 0x00000000, 0x30000000,
	},
};

KarStone *KAR_D_800639C0[10] = {
	(KarStone *)0x17011aac,
	(KarStone *)0x00040900,
	(KarStone *)0x00000000,
	(KarStone *)0x00000000,
	(KarStone *)0x00000000,
	(KarStone *)0x00000000,
	(KarStone *)0x00000000,
	(KarStone *)0x00000000,
	(KarStone *)0x00000000,
	(KarStone *)0x00000000,
};
// clang-format on
