#include <sys/types.h>

#include <dw/doo2.h>

// clang-format off
Doo2ShardSet DOO2_SHARD_SETS[6] = {
	{ 0, 0, 0, 0, 0, 0, { 0, 0 } },
	{ 4, 0, 105, 1179668, 102377, 56, { 114, 101 } },
	{ 26998, 25971, 1634885968, 1768903789, 7628140, 273, { 248, 182 } },
	{ 32778, 289, 2148186016, 1314652422, 44236800, 12, { 2, 29 } },
	{ 0, 1024, 16, 538117639, 486604811, 0, { 0, 4 } },
	{ 0x0018, 0x0000, 0x64202207, 0x22000169, 0x0168f720, 0x2200, { 0x20, 0xb9 } },
};

u_long DOO2_D_80071B5C[33] = {
	0x2200014c, 0x015e4820, 0x00006c00, 0x12001400,
	0x01905500, 0x72003800, 0x73697665, 0x72615065,
	0x69466d61, 0x44646c65, 0x00676e75, 0xb8540111,
	0x0121800a, 0x800ab914, 0x4eb40106, 0x02a30000,
	0x1d02000c, 0x04000000, 0x00000010, 0x20130607,
	0x1d01000b, 0x04000000, 0x00000018, 0x64202207,
	0x22000169, 0x0168f720, 0xb9202200, 0x2200014c,
	0x015e4820, 0x00006500, 0x12001400, 0x01910900,
	0x64003800,
};

u_long DOO2_D_80071BE0[193] = {
	0x65576365, 0x74686769, 0xa0011100, 0x21800ab7,
	0x0ab85401, 0x16010680, 0x4300004f, 0x02000c20,
	0x0000001d, 0x00001004, 0xa3060700, 0x02000c02,
	0x0000001d, 0x00001404, 0x13060700, 0x01000b20,
	0x0000001d, 0x00001804, 0x20220700, 0x000168f7,
	0x4cb92022, 0x00290001, 0x00050000, 0x90e30012,
	0x00380001, 0x65646f6d, 0x0044496c, 0x000b0023,
	0x00001d02, 0x00180400, 0x55070000, 0x22000a00,
	0x0c000000, 0x05001200, 0x38000191, 0x6e617200,
	0x006f4e64, 0x00050023, 0x00001001, 0x07005500,
	0x00000400, 0x0000a000, 0x12001400, 0x0192a300,
	0x73003800, 0x75447465, 0x6f50676e, 0x00746e69,
	0x9a600111, 0x0121800a, 0x800aa088, 0x4f5a0106,
	0x20430000, 0x1d02000c, 0x04000000, 0x00000010,
	0x20530607, 0x1d02000c, 0x04000000, 0x00000014,
	0x20630607, 0x1d02000c, 0x04000000, 0x00000018,
	0x02a30607, 0x1d02000c, 0x04000000, 0x0000001c,
	0x20130607, 0x1d01000b, 0x04000000, 0x00000030,
	0x48202207, 0x2200015e, 0x014e5b20, 0xf7202200,
	0x22000168, 0x018dd620, 0xb9202200, 0x2200014c,
	0x018df920, 0x00001d00, 0x12000500, 0x0191c600,
	0x77003800, 0x05002300, 0x00120100, 0x00550000,
	0x001d0004, 0x00050000, 0x91e30012, 0x00380001,
	0x00230068, 0x11010005, 0x55000000, 0x28000400,
	0x0c000000, 0x0b001200, 0x38000192, 0x6e617200,
	0x006f4e64, 0x000b0023, 0x00001d02, 0x00280400,
	0x55070000, 0x21000700, 0x0c000000, 0x2c001200,
	0x38000192, 0x635f6400, 0x2300746e, 0x01000500,
	0x00000010, 0x00040055, 0x00000028, 0x0012000c,
	0x00019254, 0x616d0038, 0x746e4370, 0x0b002300,
	0x001d0200, 0x2e040000, 0x07000000, 0x00040055,
	0x00000024, 0x0012000c, 0x00019278, 0x79610038,
	0x0b002300, 0x001d0200, 0x2c040000, 0x07000000,
	0x00040055, 0x00000027, 0x0012000c, 0x0001929f,
	0x65760038, 0x00230063, 0x1d02000b, 0x04000000,
	0x00000020, 0xde007207, 0x04000150, 0x9a000000,
	0x14000000, 0xb0001200, 0x38000193, 0x76657200,
	0x50657369, 0x6d617261, 0x44746547, 0x00676e75,
	0xb9140111, 0x0121800a, 0x800abca4, 0x51a60106,
	0x20430000, 0x1d02000c, 0x04000000, 0x00000010,
	0x20530607, 0x1d02000c, 0x04000000, 0x00000014,
	0x20630607, 0x1d02000c, 0x04000000, 0x00000018,
	0x02a30607, 0x1d02000c, 0x04000000, 0x0000001c,
	0x20130607, 0x1d01000b, 0x04000000, 0x00000020,
	0xd6202207, 0x2200018d, 0x018cf920, 0xf7202200,
	0x22000168, 0x015e4820, 0x00002700, 0x12000c00,
	0x01936400, 0x70003800, 0x61626f72, 0x696c6962,
	0x23007974, 0x01000500, 0x00000011, 0x00040055,
	0x00000022,
};

u_long DOO2_D_80071EE4[9730] = {
	0x0012000c, 0x00019386, 0x61720038, 0x6f4e646e,
	0x05002300, 0x00120100, 0x00550000, 0x00260004,
	0x000c0000, 0x93ac0012, 0x00380001, 0x61726170,
	0x0023006d, 0x10010005, 0x83000000, 0x01000500,
	0x00015b1d, 0x00000004, 0x00000020, 0x00120001,
	0x000193d0, 0x001000a3, 0x00000a00, 0x18000000,
	0x08000000, 0x00010055, 0x0000002a, 0x00120007,
	0x000193fa, 0x62670038, 0x6f636544, 0x69466564,
	0x6873696e, 0x05002300, 0xd19c0300, 0x00558013,
	0x00b50007, 0x00140000, 0x95370012, 0x00380001,
	0x63656863, 0x6369536b, 0x0111006b, 0x800abca4,
	0xc1e40121, 0x0106800a, 0x00005334, 0x000c2043,
	0x00001d02, 0x00100400, 0x06070000, 0x000c2053,
	0x00001d02, 0x00140400, 0x06070000, 0x000c2063,
	0x00001d02, 0x00180400, 0x06070000, 0x000c02a3,
	0x00001d02, 0x001c0400, 0x06070000, 0x000b2013,
	0x00001d01, 0x00280400, 0x22070000, 0x0168f720,
	0x48202200, 0x2200015e, 0x0193d020, 0xbb202200,
	0x22000179, 0x01778620, 0x1c202200, 0x2200014f,
	0x014f4220, 0x2d202200, 0x2200017b, 0x017b5820,
	0xcf202200, 0x25000184, 0x0c000000, 0xd4001200,
	0x38000194, 0x6e656c00, 0x0b002300, 0x001d0200,
	0x24040000, 0x07000000, 0x00070055, 0x0000001d,
	0x0012000c, 0x000194f1, 0x006b0038, 0x00050023,
	0x00001201, 0x03005500, 0x00002200, 0x12000c00,
	0x01951300, 0x72003800, 0x4e646e61, 0x0023006f,
	0x11010005, 0x55000000, 0x20000400, 0x0c000000,
	0x33001200, 0x38000195, 0x616c6600, 0x00230067,
	0x10010005, 0x55000000, 0x04000a00, 0x74000000,
	0x14000000, 0xab001200, 0x38000195, 0x65686300,
	0x754a6b63, 0x006f796d, 0xc1e40111, 0x0121800a,
	0x800ac298, 0x55620106, 0x02a30000, 0x1d02000c,
	0x04000000, 0x00000010, 0x20130607, 0x1d01000b,
	0x04000000, 0x00000018, 0xf7202207, 0x22000168,
	0x014de320, 0xd0202200, 0x22000193, 0x0179bb20,
	0x86202200, 0x22000177, 0x014f1c20, 0x42202200,
	0x7a00014f, 0x14000000, 0x49001200, 0x38000196,
	0x64646100, 0x4a6f7645, 0x6f796d75, 0x76456e49,
	0x00746e65, 0xc2980111, 0x0121800a, 0x800ac644,
	0x55ce0106, 0x20430000, 0x1d02000c, 0x04000000,
	0x00000010, 0x02a30607, 0x1d02000c, 0x04000000,
	0x00000014, 0x20130607, 0x1d01000b, 0x04000000,
	0x00000018, 0xf7202207, 0x22000168, 0x014cb920,
	0x48202200, 0x2200015e, 0x01778620, 0x00002000,
	0x12000500, 0x01964500, 0x74003800, 0x00656d69,
	0x00050023, 0x00001001, 0x01005500, 0x00000400,
	0x00006200, 0x12001400, 0x0196cd00, 0x72003800,
	0x73697665, 0x72615065, 0x66416d61, 0x42726574,
	0x6c747461, 0x01110065, 0x800ac644, 0xc7440121,
	0x0106800a, 0x0000572a, 0x000c2043, 0x00001d02,
	0x00000400, 0x06070000, 0x000b2013, 0x00001d01,
	0x00080400, 0x22070000, 0x0168f720, 0x48202200,
	0x1e00015e, 0x0c000000, 0xc9001200, 0x38000196,
	0x00706d00, 0x00050023, 0x00001001, 0x04005500,
	0x00000400, 0x00002900, 0x12000700, 0x0196f600,
	0x67003800, 0x50746f4e, 0x65737561, 0x67616c46,
	0x05002300, 0xcfe40300, 0x00558013, 0x002b0007,
	0x00070000, 0x97210012, 0x00380001, 0x6d695467,
	0x6e4f7265, 0x4666664f, 0x0067616c, 0x00050023,
	0x13d14e03, 0x01005580, 0x00002600, 0x12000700,
	0x01974700, 0x67003800, 0x45564f4d, 0x444f4d5f,
	0x00230045, 0x46030005, 0x558013d3, 0xd1000100,
	0x14000000, 0x87001200, 0x38000198, 0x65686300,
	0x61456b63, 0x6e496863, 0x11006f66, 0x0ac74401,
	0xfc012180, 0x06800acb, 0x00579601, 0x0c204300,
	0x001d0200, 0x10040000, 0x07000000, 0x0c205306,
	0x001d0200, 0x14040000, 0x07000000, 0x0c206306,
	0x001d0200, 0x18040000, 0x07000000, 0x0c02a306,
	0x001d0200, 0x1c040000, 0x07000000, 0x0b201306,
	0x001d0100, 0x20040000, 0x07000000, 0x79bb2022,
	0x20220001, 0x00014e33, 0x68f72022, 0x20220001,
	0x00015e48, 0x69642022, 0x20220001, 0x00017b2d,
	0x7b582022, 0x20220001, 0x00016070, 0x4f1c2022,
	0x20220001, 0x00014f42, 0x77862022, 0x20220001,
	0x000196cd, 0x96f62022, 0x20220001, 0x00019721,
	0x00000026, 0x0012000c, 0x0001983e, 0x65670038,
	0x6172656e, 0x6e6f6974, 0x05002300, 0x00110100,
	0x00550000, 0x00220003, 0x000c0000, 0x98600012,
	0x00380001, 0x41796f62, 0x23007463, 0x01000500,
	0x00000012, 0x00040055, 0x00000023, 0x0012000c,
	0x00019883, 0x76650038, 0x6d69546f, 0x00230065,
	0x10010005, 0x55000000, 0x04000400, 0x20000000,
	0x01000000, 0xa7001200, 0xa3000198, 0x00001000,
	0x0000000a, 0x000f0000, 0x55080000, 0x26000100,
	0x0c000000, 0xcd001200, 0x38000198, 0x75446700,
	0x624f676e, 0x0023006a, 0x40030005, 0x72801449,
	0x0152f600, 0x00002800, 0x12000c00, 0x0198f500,
	0x67003800, 0x676e7544, 0x726f6f43, 0x00230064,
	0x50030005, 0x72801449, 0x0151f400, 0x00002000,
	0x12000100, 0x01991500, 0x1000a300, 0x000a0000,
	0x00000000, 0x000007ff, 0x01005508, 0x00002600,
	0x12000c00, 0x01993b00, 0x67003800, 0x676e7544,
	0x00646d54, 0x00050023, 0x1449a003, 0xf5007280,
	0x6e000198, 0x14000000, 0xd3001200, 0x38000199,
	0x616f6c00, 0x6e754464, 0x74614467, 0x01110061,
	0x800a6e14, 0x6ea00121, 0x0106800a, 0x00005a1e,
	0x000c2043, 0x00001d02, 0x00100400, 0x06070000,
	0x000c02a3, 0x00001d02, 0x00140400, 0x06070000,
	0x000b2013, 0x00001d01, 0x00180400, 0x22070000,
	0x0198a720, 0xcd202200, 0x22000198, 0x01991520,
	0x00002600, 0x12000c00, 0x0199cf00, 0x74003800,
	0x6441646d, 0x23007264, 0x01000500, 0x00000010,
	0x00030063, 0x04000c01, 0x12000000, 0x13000000,
	0x3b001200, 0xb600019a, 0x00000400, 0x00002800,
	0x12000d00, 0x019a0d00, 0x70003800, 0x09005500,
	0x0000c500, 0x1800d600, 0x23000000, 0x04000600,
	0x00000000, 0x00002a07, 0x12000d00, 0x019a3700,
	0x6e003800, 0x55006d75, 0xc5000300, 0xd6000000,
	0x00000800, 0x06002300, 0x00030400, 0x04070000,
	0x12000000, 0x13000000, 0x03001200, 0xb600019b,
	0x00001400, 0x00002300, 0x12000d00, 0x019a7000,
	0x6c003800, 0x74676e65, 0x00550068, 0x0023000c,
	0x00040006, 0x07000000, 0x00000025, 0x0012000d,
	0x00019a95, 0x726f0038, 0x00830067, 0xd3010005,
	0x23000199, 0x04000600, 0x00000004, 0x00002307,
	0x12000d00, 0x019ab800, 0x6f003800, 0x65736666,
	0x00550074, 0x0023000c, 0x08040006, 0x07000000,
	0x00000022, 0x0012000d, 0x00019ada, 0x6f700038,
	0x00746e69, 0x000c0055, 0x00060023, 0x00000c04,
	0x00250700, 0x000d0000, 0x9aff0012, 0x00380001,
	0x00676174, 0x00050083, 0x0199d301, 0x06002300,
	0x00100400, 0x04070000, 0x22000000, 0x01000000,
	0x25001200, 0xa300019b, 0x00001200, 0x0000000a,
	0x00010000, 0x72080000, 0x019a3b00, 0x00002100,
	0x12000700, 0x019b4600, 0x67003800, 0x2300544f,
	0x03000500, 0x8016f2e4, 0x9b030072, 0x00230001,
	0x00070000, 0x9b690012, 0x00380001, 0x54434167,
	0x00455649, 0x00050023, 0x13d30803, 0x0a005580,
	0x00002900, 0x12000700, 0x019b9200, 0x67003800,
	0x415f544f, 0x00705443, 0x00050023, 0x13d31c03,
	0x05008380, 0x9a3b0100, 0x00280001, 0x00070000,
	0x9bba0012, 0x00380001, 0x53577347, 0x5254414d,
	0x23005849, 0x03000500, 0x801436dc, 0x4ff50072,
	0x00270001, 0x00070000, 0x9be10012, 0x00380001,
	0x4a424f67, 0x5f4e4f5f, 0x0046464f, 0x00050023,
	0x13d2fc03, 0x03005580, 0x0000b900, 0x12001400,
	0x019de700, 0x64003800, 0x46776172, 0x646c6569,
	0x676e7544, 0xa0011100, 0x21800a6e, 0x0a70ec01,
	0x8a010680, 0x4300005a, 0x02000c20, 0x0000001d,
	0x00001004, 0x53060700, 0x02000c20, 0x0000001d,
	0x00001404, 0x63060700, 0x02000c20, 0x0000001d,
	0x00001804, 0xa3060700, 0x02000c02, 0x0000001d,
	0x00001c04, 0x13060700, 0x01000b20, 0x0000001d,
	0x00005004, 0x20220700, 0x00019b25, 0x9b462022,
	0x20220001, 0x000198a7, 0x98cd2022, 0x20220001,
	0x00018dd6, 0x5e482022, 0x20220001, 0x00018df9,
	0x9b692022, 0x20220001, 0x00019b92, 0x9bba2022,
	0x00210001, 0x000c0000, 0x9cbb0012, 0x00380001,
	0x6e635f64, 0x00230074, 0x10010005, 0x55000000,
	0x20000700, 0x0c000000, 0xdb001200, 0x3800019c,
	0x7a697300, 0x00230065, 0x11010005, 0x55000000,
	0x24000400, 0x0c000000, 0xff001200, 0x3800019c,
	0x007a6400, 0x000b0023, 0x00001d02, 0x004e0400,
	0x55070000, 0x24000400, 0x0c000000, 0x23001200,
	0x3800019d, 0x00796400, 0x000b0023, 0x00001d02,
	0x004c0400, 0x55070000, 0x1e000400, 0x0c000000,
	0x41001200, 0x3800019d, 0x00786400, 0x00050023,
	0x00001201, 0x04005500, 0x00002700, 0x12000c00,
	0x019d6800, 0x6f003800, 0x00230074, 0x1d02000b,
	0x04000000, 0x00000048, 0x03006307, 0x000a0100,
	0x00000029, 0x0012000c, 0x00019d91, 0x6e610038,
	0x00656c67, 0x000b0023, 0x00001d02, 0x00400400,
	0x72070000, 0x0150de00, 0x00002900, 0x12000c00,
	0x019dba00, 0x73003800, 0x656c6163, 0x0b002300,
	0x001d0200, 0x30040000, 0x07000000, 0x504b0072,
	0x00290001, 0x000c0000, 0x9de30012, 0x00380001,
	0x6e617274, 0x00230073, 0x1d02000b, 0x04000000,
	0x00000020, 0x4b007207, 0x04000150, 0x28000000,
	0x07000000, 0x0f001200, 0x3800019e, 0x6e496700,
	0x746e6574, 0x496e6f69, 0x00230044, 0x9c030005,
	0x558013cf, 0x2a000a00, 0x07000000, 0x39001200,
	0x3800019e, 0x6e496700, 0x746e6574, 0x546e6f69,
	0x00656d69, 0x00050023, 0x13cfa003, 0x0a005580,
	0x00002b00, 0x12000700, 0x019e6400, 0x67003800,
	0x65746e49, 0x6f69746e, 0x444e496e, 0x23005845,
	0x03000500, 0x8013cfa4, 0x000a0055, 0x000000a2,
	0x00120014, 0x00019f48, 0x65730038, 0x746e4974,
	0x69746e65, 0x11006e6f, 0x0aaeec01, 0x34012180,
	0x06800ab1, 0x005b5001, 0x0c204300, 0x001d0200,
	0x10040000, 0x07000000, 0x0c205306, 0x001d0200,
	0x14040000, 0x07000000, 0x0c02a306, 0x001d0200,
	0x18040000, 0x07000000, 0x0b201306, 0x001d0100,
	0x20040000, 0x07000000, 0x9de72022, 0x20220001,
	0x00019e0f, 0x9e392022, 0x20220001, 0x00016964,
	0x5e482022, 0x20220001, 0x000168f7, 0x4e7e2022,
	0x20220001, 0x00017ce6, 0x79bb2022, 0x001e0001,
	0x000c0000, 0x9f240012, 0x00380001, 0x23006469,
	0x01000500, 0x00000010, 0x000a0055, 0x00000020,
	0x0012000c, 0x00019f44, 0x6c660038, 0x23006761,
	0x01000500, 0x00000011, 0x000a0055, 0x00000004,
	0x00000029, 0x00120007, 0x00019f71, 0x52670038,
	0x494c4145, 0x545f5954, 0x00454d49, 0x00050023,
	0x13d33c03, 0x06005580, 0x00009600, 0x12001400,
	0x01a13600, 0x64003800, 0x4d776172, 0x44646f6f,
	0x61427369, 0x01110072, 0x800acbfc, 0xd17c0121,
	0x0106800a, 0x00005d1a, 0x000c2043, 0x00001d02,
	0x00280400, 0x06070000, 0x000c2053, 0x00001d02,
	0x002c0400, 0x06070000, 0x000c2063, 0x00001d02,
	0x00300400, 0x06070000, 0x000c02a3, 0x00001d02,
	0x00340400, 0x06070000, 0x000b2013, 0x00001d01,
	0x00480400, 0x22070000, 0x014d9020, 0xf7202200,
	0x22000168, 0x0184cf20, 0x48202200, 0x2700019f,
	0x05000000, 0x2e001200, 0x380001a0, 0x6d697400,
	0x23004665, 0x02000b00, 0x0000001d, 0x00004804,
	0x00550700, 0x00280001, 0x000c0000, 0xa0560012,
	0x00380001, 0x43736964, 0x2300746e, 0x02000b00,
	0x0000001d, 0x00004004, 0x00550700, 0x00290007,
	0x000c0000, 0xa07f0012, 0x00380001, 0x646f6f6d,
	0x00746e43, 0x000b0023, 0x00001d02, 0x003c0400,
	0x55070000, 0x21000700, 0x0c000000, 0xa0001200,
	0x380001a0, 0x635f6700, 0x2300746e, 0x01000500,
	0x00000010, 0x00070055, 0x00000027, 0x0012000c,
	0x0001a0c7, 0x69640038, 0x00595473, 0x000b0023,
	0x00001d02, 0x00470400, 0x55070000, 0x27000300,
	0x0c000000, 0xee001200, 0x380001a0, 0x73696400,
	0x23005854, 0x02000b00, 0x0000001d, 0x00004604,
	0x00550700, 0x00220003, 0x000c0000, 0xa1100012,
	0x00380001, 0x646f6f6d, 0x23005954, 0x01000500,
	0x00000012, 0x00030055, 0x00000022, 0x0012000c,
	0x0001a132, 0x6f6d0038, 0x5854646f, 0x05002300,
	0x00110100, 0x00550000, 0x00040003, 0x00450000,
	0x00140000, 0xa17b0012, 0x00380001, 0x61656863,
	0x6f76456b, 0x65746641, 0x656c5372, 0x11007065,
	0x0ad17c01, 0xa0012180, 0x06800ad1, 0x005ea801,
	0x1c202200, 0x2200014f, 0x01778620, 0x42202200,
	0x0400014f, 0x5c000000, 0x11000000, 0xb4001200,
	0x58000201, 0x20574d02, 0x334e4957, 0x494d2032,
	0x43205350, 0x6d6f432d, 0x656c6970, 0x00380072,
	0x645c3a43, 0x6d696769, 0x4e5c6e6f, 0x54414b41,
	0x5c414b55, 0x6f726568, 0x3600632e, 0x00000201,
	0xa0011100, 0x21800ad1, 0x0b132001, 0xe2010680,
	0x1200005e, 0x13000000, 0x83001200, 0xb60001a2,
	0x00000800, 0x00002500, 0x12000d00, 0x01a21200,
	0x62003800, 0x6c696f54, 0x00587465, 0x00040055,
	0x00060023, 0x00000004, 0x00250700, 0x000d0000,
	0xa2370012, 0x00380001, 0x696f5462, 0x5a74656c,
	0x04005500, 0x06002300, 0x00020400, 0x24070000,
	0x0d000000, 0x5b001200, 0x380001a2, 0x696f7400,
	0x5874656c, 0x04005500, 0x06002300, 0x00040400,
	0x24070000, 0x0d000000, 0x7f001200, 0x380001a2,
	0x696f7400, 0x5a74656c, 0x04005500, 0x06002300,
	0x00060400, 0x04070000, 0x22000000, 0x01000000,
	0xa5001200, 0xa30001a2, 0x00001200, 0x0000000a,
	0x00090000, 0x72080000, 0x01a1db00, 0x00002800,
	0x12000700, 0x01a2cd00, 0x67003800, 0x5470614d,
	0x656c696f, 0x00230074, 0x58030005, 0x728012d8,
	0x01a28300, 0x00002000, 0x12000100, 0x01a2ed00,
	0x1000a300, 0x000a0000, 0x00000000, 0x00000005,
	0x01005508, 0x00002000, 0x12000100, 0x01a30d00,
	0x1000a300, 0x000a0000, 0x00000000, 0x00000005,
	0x04005508, 0x00002000, 0x12000100, 0x01a32d00,
	0x1000a300, 0x000a0000, 0x00000000, 0x00000005,
	0x04005508, 0x00002000, 0x12000100, 0x01a34d00,
	0x1000a300, 0x000a0000, 0x00000000, 0x00000005,
	0x04005508, 0x00002000, 0x12000100, 0x01a36d00,
	0x1000a300, 0x000a0000, 0x00000000, 0x00000005,
	0x04005508, 0x00001200, 0x12001300, 0x01a42a00,
	0x3600b600, 0x23000000, 0x0d000000, 0xa2001200,
	0x380001a3, 0x70797400, 0x00720065, 0x0001a2cd,
	0x00060023, 0x00000004, 0x00210700, 0x000d0000,
	0xa3c30012, 0x00380001, 0x72007870, 0x01a2ed00,
	0x06002300, 0x00060400, 0x21070000, 0x0d000000,
	0xe4001200, 0x380001a3, 0x00797000, 0xa30d0072,
	0x00230001, 0x12040006, 0x07000000, 0x00000021,
	0x0012000d, 0x0001a405, 0x7a700038, 0x2d007200,
	0x230001a3, 0x04000600, 0x0000001e, 0x00002107,
	0x12000d00, 0x01a42600, 0x61003800, 0x00720079,
	0x0001a34d, 0x00060023, 0x00002a04, 0x00040700,
	0x00220000, 0x00010000, 0xa44c0012, 0x00a30001,
	0x0a000012, 0x00000000, 0x00001700, 0x00720800,
	0x0001a36d, 0x00000026, 0x00120007, 0x0001a472,
	0x4d670038, 0x6f447061, 0x2300726f, 0x03000500,
	0x8012d8a8, 0xa42a0072, 0x00270001, 0x000c0000,
	0xa4990012, 0x00380001, 0x796f4267, 0x6576654c,
	0x0070556c, 0x00050023, 0x13cfa803, 0x01005580,
	0x00002600, 0x12000700, 0x01a4bf00, 0x67003800,
	0x4e4f4349, 0x444f4d5f, 0x00230045, 0x2c030005,
	0x558013d3, 0x29000700, 0x0c000000, 0xe8001200,
	0x380001a4, 0x654d6700, 0x4d6c6164, 0x6c467365,
	0x23006761, 0x03000500, 0x8013cfac, 0x00070055,
	0x00000029, 0x0012000c, 0x0001a511, 0x4c670038,
	0x6c657665, 0x4673654d, 0x0067616c, 0x00050023,
	0x13cfb003, 0x07005580, 0x00001200, 0x12001300,
	0x01a5a400, 0x1000b600, 0x1f000000, 0x0d000000,
	0x42001200, 0x380001a5, 0x00787600, 0x000a0055,
	0x00060023, 0x00000004, 0x001f0700, 0x000d0000,
	0xa5610012, 0x00380001, 0x55007976, 0x23000a00,
	0x04000600, 0x00000004, 0x00001f07, 0x12000d00,
	0x01a58000, 0x76003800, 0x0055007a, 0x0023000a,
	0x08040006, 0x07000000, 0x00000020, 0x0012000d,
	0x0001a5a0, 0x61700038, 0x00550064, 0x0023000a,
	0x0c040006, 0x07000000, 0x00000004, 0x00000028,
	0x00120007, 0x0001a5cc, 0x4f670038, 0x6f42646c,
	0x736f5079, 0x05002300, 0x54600300, 0x00728014,
	0x0001a511, 0x00000020, 0x00120001, 0x0001a5ec,
	0x001000a3, 0x00000a00, 0x02000000, 0x08000000,
	0x00040055, 0x00000022, 0x00120001, 0x0001a60e,
	0x001200a3, 0x00000a00, 0x02000000, 0x08000000,
	0xa5cc0072, 0x00200001, 0x00010000, 0xa62e0012,
	0x00a30001, 0x0a000010, 0x00000000, 0x00000200,
	0x00550800, 0x0012000a, 0x00130000, 0xa6840012,
	0x00b60001, 0x00000020, 0x00000020, 0x0012000d,
	0x0001a660, 0x006d0038, 0xa5ec0072, 0x00230001,
	0x00040006, 0x07000000, 0x00000020, 0x0012000d,
	0x0001a680, 0x00740038, 0xa60e0072, 0x00230001,
	0x14040006, 0x07000000, 0x00000004, 0x00000012,
	0x00120013, 0x0001a717, 0x000800b6, 0x001f0000,
	0x000d0000, 0xa6b50012, 0x00380001, 0x55007876,
	0x23000400, 0x04000600, 0x00000000, 0x00001f07,
	0x12000d00, 0x01a6d400, 0x76003800, 0x00550079,
	0x00230004, 0x02040006, 0x07000000, 0x0000001f,
	0x0012000d, 0x0001a6f3, 0x7a760038, 0x04005500,
	0x06002300, 0x00040400, 0x20070000, 0x0d000000,
	0x13001200, 0x380001a7, 0x64617000, 0x04005500,
	0x06002300, 0x00060400, 0x04070000, 0x12000000,
	0x13000000, 0x9a001200, 0xb60001a7, 0x00002800,
	0x00002400, 0x12000d00, 0x01a74d00, 0x73003800,
	0x656c6163, 0x11007200, 0x230001a5, 0x04000600,
	0x00000000, 0x00002507, 0x12000d00, 0x01a77200,
	0x72003800, 0x7461746f, 0x00720065, 0x0001a684,
	0x00060023, 0x00001004, 0x00240700, 0x000d0000,
	0xa7960012, 0x00380001, 0x6e617274, 0x00720073,
	0x0001a511, 0x00060023, 0x00001804, 0x00040700,
	0x00230000, 0x00130000, 0xa89c0012, 0x00380001,
	0x4373475f, 0x44524f4f, 0x54414e49, 0xb6003245,
	0x00005000, 0x00002000, 0x12000d00, 0x01a7dd00,
	0x66003800, 0x5500676c, 0x23000c00, 0x04000600,
	0x00000000, 0x00002407, 0x12000d00, 0x01a80100,
	0x63003800, 0x64726f6f, 0x2e007200, 0x230001a6,
	0x04000600, 0x00000004, 0x00002407, 0x12000d00,
	0x01a82500, 0x77003800, 0x6d6b726f, 0x2e007200,
	0x230001a6, 0x04000600, 0x00000024, 0x00002707,
	0x12000d00, 0x01a84c00, 0x70003800, 0x6d617261,
	0x05008300, 0xa7170100, 0x00230001, 0x44040006,
	0x07000000, 0x00000027, 0x0012000d, 0x0001a873,
	0x75730038, 0x00726570, 0x00050083, 0x01a79a01,
	0x06002300, 0x00480400, 0x25070000, 0x0d000000,
	0x98001200, 0x380001a8, 0x62757300, 0x05008300,
	0xa79a0100, 0x00230001, 0x4c040006, 0x07000000,
	0x00000004, 0x00000012, 0x00120013, 0x0001a942,
	0x001000b6, 0x00260000, 0x000d0000, 0xa8d40012,
	0x00380001, 0x72747461, 0x74756269, 0x00550065,
	0x0023000c, 0x00040006, 0x07000000, 0x00000028,
	0x0012000d, 0x0001a8fc, 0x6f630038, 0x3264726f,
	0x05008300, 0xa79a0100, 0x00230001, 0x04040006,
	0x07000000, 0x00000023, 0x0012000d, 0x0001a91f,
	0x6d740038, 0x00630064, 0x0c010003, 0x06002300,
	0x00080400, 0x1f070000, 0x0d000000, 0x3e001200,
	0x380001a9, 0x00646900, 0x000c0055, 0x00060023,
	0x00000c04, 0x00040700, 0x00120000, 0x00130000,
	0xaa0d0012, 0x00b60001, 0x00000088, 0x00000025,
	0x0012000d, 0x0001a979, 0x626f0038, 0x7463656a,
	0x9c007200, 0x230001a8, 0x04000600, 0x00000000,
	0x00002407, 0x12000d00, 0x01a99d00, 0x63003800,
	0x64726f6f, 0x9a007200, 0x230001a7, 0x04000600,
	0x00000010, 0x00002407, 0x12000d00, 0x01a9c100,
	0x73003800, 0x656c6163, 0x11007200, 0x230001a5,
	0x04000600, 0x00000060, 0x00002407, 0x12000d00,
	0x01a9e500, 0x61003800, 0x656c676e, 0x84007200,
	0x230001a6, 0x04000600, 0x00000070, 0x00002407,
	0x12000d00, 0x01aa0900, 0x74003800, 0x736e6172,
	0x11007200, 0x230001a5, 0x04000600, 0x00000078,
	0x00000407, 0x00001200, 0x12001300, 0x01aa7d00,
	0x0600b600, 0x1e000000, 0x0d000000, 0x3d001200,
	0x380001aa, 0x55007800, 0x23000400, 0x04000600,
	0x00000000, 0x00001e07, 0x12000d00, 0x01aa5b00,
	0x79003800, 0x04005500, 0x06002300, 0x00020400,
	0x1e070000, 0x0d000000, 0x79001200, 0x380001aa,
	0x55007a00, 0x23000400, 0x04000600, 0x00000004,
	0x00000407, 0x00001200, 0x12001300, 0x01aaed00,
	0x0300b600, 0x1e000000, 0x0d000000, 0xad001200,
	0x380001aa, 0x55007800, 0x23000200, 0x04000600,
	0x00000000, 0x00001e07, 0x12000d00, 0x01aacb00,
	0x79003800, 0x02005500, 0x06002300, 0x00010400,
	0x1e070000, 0x0d000000, 0xe9001200, 0x380001aa,
	0x55007a00, 0x23000200, 0x04000600, 0x00000002,
	0x00000407, 0x00001200, 0x12001300, 0x01ad3b00,
	0x5200b600, 0x28000000, 0x0d000000, 0x27001200,
	0x380001ab, 0x61637300, 0x6544656c, 0x72006f6e,
	0x01aa0d00, 0x06002300, 0x00000400, 0x26070000,
	0x0d000000, 0x4d001200, 0x380001ab, 0x676e6100,
	0x6f6e6544, 0x0d007200, 0x230001aa, 0x04000600,
	0x00000006, 0x00002607, 0x12000d00, 0x01ab7300,
	0x70003800, 0x6544736f, 0x72006f6e, 0x01aa0d00,
	0x06002300, 0x000c0400, 0x28070000, 0x0d000000,
	0x9b001200, 0x380001ab, 0x61637300, 0x754e656c,
	0x7200656d, 0x01aa0d00, 0x06002300, 0x00120400,
	0x26070000, 0x0d000000, 0xc1001200, 0x380001ab,
	0x676e6100, 0x656d754e, 0x0d007200, 0x230001aa,
	0x04000600, 0x00000018, 0x00002607, 0x12000d00,
	0x01abe700, 0x70003800, 0x754e736f, 0x7200656d,
	0x01aa0d00, 0x06002300, 0x001e0400, 0x27070000,
	0x0d000000, 0x0e001200, 0x380001ac, 0x61637300,
	0x6e49656c, 0x00720074, 0x0001aa0d, 0x00060023,
	0x00002404, 0x00250700, 0x000d0000, 0xac330012,
	0x00380001, 0x49676e61, 0x7200746e, 0x01aa0d00,
	0x06002300, 0x002a0400, 0x25070000, 0x0d000000,
	0x58001200, 0x380001ac, 0x736f7000, 0x00746e49,
	0xaa0d0072, 0x00230001, 0x30040006, 0x07000000,
	0x00000028, 0x0012000d, 0x0001ac80, 0x63730038,
	0x57656c61, 0x006b726f, 0xaa0d0072, 0x00230001,
	0x36040006, 0x07000000, 0x00000026, 0x0012000d,
	0x0001aca6, 0x6e610038, 0x726f5767, 0x0072006b,
	0x0001aa0d, 0x00060023, 0x00003c04, 0x00260700,
	0x000d0000, 0xaccc0012, 0x00380001, 0x57736f70,
	0x006b726f, 0xaa0d0072, 0x00230001, 0x42040006,
	0x07000000, 0x00000025, 0x0012000d, 0x0001acf1,
	0x63730038, 0x44656c61, 0x7d007200, 0x230001aa,
	0x04000600, 0x00000048, 0x00002307, 0x12000d00,
	0x01ad1400, 0x61003800, 0x0044676e, 0xaa7d0072,
	0x00230001, 0x4b040006, 0x07000000, 0x00000023,
	0x0012000d, 0x0001ad37, 0x6f700038, 0x72004473,
	0x01aa7d00, 0x06002300, 0x004e0400, 0x04070000,
	0x12000000, 0x13000000, 0x4e001200, 0xb60001af,
	0x00002800, 0x00002a00, 0x12000d00, 0x01ad7700,
	0x6b003800, 0x72467965, 0x00656d61, 0x00050083,
	0x01aaed01, 0x06002300, 0x00000400, 0x26070000,
	0x0d000000, 0x9d001200, 0x380001ad, 0x6f6f7200,
	0x726f5774, 0x5500586b, 0x23000a00, 0x04000600,
	0x00000004, 0x00002607, 0x12000d00, 0x01adc300,
	0x72003800, 0x57746f6f, 0x596b726f, 0x0a005500,
	0x06002300, 0x00080400, 0x26070000, 0x0d000000,
	0xe9001200, 0x380001ad, 0x6f6f7200, 0x726f5774,
	0x55005a6b, 0x23000a00, 0x04000600, 0x0000000c,
	0x00002507, 0x12000d00, 0x01ae0e00, 0x66003800,
	0x656d6172, 0x00746e43, 0x00040055, 0x00060023,
	0x00001004, 0x00230700, 0x000d0000, 0xae310012,
	0x00380001, 0x6172466e, 0x5500656d, 0x23000400,
	0x04000600, 0x00000012, 0x00002407, 0x12000d00,
	0x01ae5500, 0x64003800, 0x00617461, 0x00030063,
	0x23000401, 0x04000600, 0x00000014, 0x00002607,
	0x12000d00, 0x01ae7b00, 0x73003800, 0x6f6f4c74,
	0x00630070, 0x04010003, 0x06002300, 0x00180400,
	0x28070000, 0x0d000000, 0xa3001200, 0x380001ae,
	0x78656e00, 0x72666b74, 0x4e656d61, 0x04005500,
	0x06002300, 0x001c0400, 0x1f070000, 0x0d000000,
	0xc2001200, 0x380001ae, 0x00787000, 0x00040055,
	0x00060023, 0x00001e04, 0x001f0700, 0x000d0000,
	0xaee10012, 0x00380001, 0x55007970, 0x23000400,
	0x04000600, 0x00000020, 0x00002407, 0x12000d00,
	0x01af0500, 0x6d003800, 0x6f69746f, 0x55004e6e,
	0x23000300, 0x04000600, 0x00000022, 0x00002407,
	0x12000d00, 0x01af2900, 0x6c003800, 0x43706f6f,
	0x5500746e, 0x23000300, 0x04000600, 0x00000023,
	0x00002107, 0x12000d00, 0x01af4a00, 0x66003800,
	0x0067616c, 0x00030055, 0x00060023, 0x00002404,
	0x00040700, 0x00120000, 0x00130000, 0xb0830012,
	0x00b60001, 0x00000038, 0x0000001f, 0x0012000d,
	0x0001af7f, 0x64690038, 0x0a005500, 0x06002300,
	0x00000400, 0x27070000, 0x0d000000, 0xa6001200,
	0x380001af, 0x72617000, 0x83007074, 0x01000500,
	0x0001a942, 0x00060023, 0x00000404, 0x00240700,
	0x000d0000, 0xafca0012, 0x00380001, 0x706e746d,
	0x03006300, 0x000c0100, 0x00060023, 0x00000804,
	0x00250700, 0x000d0000, 0xafef0012, 0x00380001,
	0x69746f6d, 0x72006e6f, 0x01ad3b00, 0x06002300,
	0x000c0400, 0x24070000, 0x0d000000, 0x13001200,
	0x380001b0, 0x73697600, 0x656c6269, 0x01005500,
	0x06002300, 0x00340400, 0x26070000, 0x0d000000,
	0x39001200, 0x380001b0, 0x5f6e6f00, 0x65726373,
	0x55006e65, 0x23000100, 0x04000600, 0x00000035,
	0x00002307, 0x12000d00, 0x01b05c00, 0x6c003800,
	0x74705f63, 0x0055006e, 0x00230002, 0x36040006,
	0x07000000, 0x00000023, 0x0012000d, 0x0001b07f,
	0x636c0038, 0x746e635f, 0x02005500, 0x06002300,
	0x00370400, 0x04070000, 0x12000000, 0x13000000,
	0x01001200, 0xb60001b1, 0x00003c00, 0x00002400,
	0x12000d00, 0x01b0b900, 0x6d003800, 0x6c65646f,
	0x4e007200, 0x230001af, 0x04000600, 0x00000000,
	0x00002207, 0x12000d00, 0x01b0db00, 0x6c003800,
	0x6c657665, 0x01005500, 0x06002300, 0x00380400,
	0x22070000, 0x0d000000, 0xfd001200, 0x380001b0,
	0x6d676400, 0x55006e6f, 0x23000300, 0x04000600,
	0x00000039, 0x00000407, 0x00002200, 0x12000700,
	0x01b12300, 0x67003800, 0x00594f42, 0x00050023,
	0x16eed003, 0x83007280, 0x290001b0, 0x0c000000,
	0x4c001200, 0x380001b1, 0x72446700, 0x7449706f,
	0x6c466d65, 0x23006761, 0x03000500, 0x8013cfb4,
	0x00070055, 0x00000025, 0x0012000c, 0x0001b171,
	0x4d670038, 0x5365766f, 0x00706574, 0x00050023,
	0x13cfb803, 0x01005580, 0x00002000, 0x12000100,
	0x01b19100, 0x1000a300, 0x000a0000, 0x00000000,
	0x00000009, 0x01005508, 0x00002b00, 0x12000c00,
	0x01b1bc00, 0x67003800, 0x65766f4d, 0x6d617246,
	0x746e4365, 0x05002300, 0x53d40300, 0x00728014,
	0x0001b171, 0x00000020, 0x00120001, 0x0001b1dc,
	0x001000a3, 0x00000a00, 0x07000000, 0x08000000,
	0x00010055, 0x00000027, 0x0012000c, 0x0001b203,
	0x54670038, 0x536e7275, 0x00706574, 0x00050023,
	0x13cfbc03, 0xbc007280, 0x250001b1, 0x01000000,
	0x28001200, 0xa30001b2, 0x00001500, 0x0000000a,
	0xffff0000, 0x8308ffff, 0x01000500, 0x0001af4e,
	0x00000025, 0x00120007, 0x0001b24d, 0x4d670038,
	0x4c45444f, 0x00230070, 0xb0030005, 0x728013be,
	0x01b20300, 0x00002600, 0x12000700, 0x01b27300,
	0x67003800, 0x45564f4d, 0x444f4d5f, 0x00230045,
	0x46030005, 0x558013d3, 0x23000100, 0x07000000,
	0x96001200, 0x380001b2, 0x766f6d00, 0x796f4265,
	0x05002300, 0xd1a00300, 0x0055800a, 0x002b0014,
	0x00070000, 0xb2c10012, 0x00380001, 0x67616c66,
	0x6172445f, 0x61685377, 0x00776f64, 0x00050023,
	0x13bee803, 0x07005580, 0x0000cf00, 0x12001400,
	0x01b4ab00, 0x73003800, 0x65487465, 0x61446f72,
	0x11006174, 0x0ad27001, 0x34012180, 0x06800ad4,
	0x005ee201, 0x0c204300, 0x001d0200, 0x10040000,
	0x07000000, 0x0c205306, 0x001d0200, 0x14040000,
	0x07000000, 0x0c206306, 0x001d0200, 0x18040000,
	0x07000000, 0x0c02a306, 0x001d0200, 0x1c040000,
	0x07000000, 0x0b201306, 0x001d0100, 0x20040000,
	0x07000000, 0xa4722022, 0x20220001, 0x0001a499,
	0xa4bf2022, 0x20220001, 0x0001a4e8, 0xa5a42022,
	0x20220001, 0x0001b101, 0xb1232022, 0x20220001,
	0x0001b14c, 0xb1912022, 0x20220001, 0x0001b1dc,
	0xb2282022, 0x20220001, 0x0001b24d, 0xb2732022,
	0x20220001, 0x0001b296, 0x0000002a, 0x00120005,
	0x0001b3ba, 0x6f6d0038, 0x5f6c6564, 0x23004449,
	0x02000b00, 0x0000001d, 0x00002004, 0x00550700,
	0x0024000a, 0x00050000, 0xb3de0012, 0x00380001,
	0x23007874, 0x02000b00, 0x0000001d, 0x00002404,
	0x00550700, 0x001e000a, 0x00050000, 0xb3fc0012,
	0x00380001, 0x23007974, 0x01000500, 0x00000012,
	0x000a0055, 0x0000001e, 0x00120005, 0x0001b41a,
	0x7a740038, 0x05002300, 0x00110100, 0x00550000,
	0x0024000a, 0x00050000, 0xb43e0012, 0x00380001,
	0x23007861, 0x02000b00, 0x0000001d, 0x00003004,
	0x00550700, 0x0024000a, 0x00050000, 0xb4620012,
	0x00380001, 0x23007961, 0x02000b00, 0x0000001d,
	0x00003404, 0x00550700, 0x0024000a, 0x00050000,
	0xb4860012, 0x00380001, 0x23007a61, 0x02000b00,
	0x0000001d, 0x00003804, 0x00550700, 0x0021000a,
	0x000c0000, 0xb4a70012, 0x00380001, 0x6e635f74,
	0x00230074, 0x10010005, 0x55000000, 0x04000700,
	0x20000000, 0x01000000, 0xcb001200, 0xa30001b4,
	0x00001000, 0x0000000a, 0x00090000, 0x55080000,
	0x20000400, 0x01000000, 0xeb001200, 0xa30001b4,
	0x00001000, 0x0000000a, 0x00090000, 0x55080000,
	0x20000400, 0x01000000, 0x0b001200, 0xa30001b5,
	0x00001000, 0x0000000a, 0x00090000, 0x55080000,
	0x20000400, 0x01000000, 0x2b001200, 0xa30001b5,
	0x00001000, 0x0000000a, 0x00090000, 0x55080000,
	0x20000400, 0x01000000, 0x4b001200, 0xa30001b5,
	0x00001000, 0x0000000a, 0x00090000, 0x55080000,
	0x20000400, 0x01000000, 0x6b001200, 0xa30001b5,
	0x00001000, 0x0000000a, 0x00090000, 0x55080000,
	0x12000400, 0x13000000, 0x4b001200, 0xb60001b6,
	0x00007800, 0x00002000, 0x12000d00, 0x01b59d00,
	0x78003800, 0xab007200, 0x230001b4, 0x04000600,
	0x00000000, 0x00002007, 0x12000d00, 0x01b5bd00,
	0x79003800, 0xcb007200, 0x230001b4, 0x04000600,
	0x00000014, 0x00002007, 0x12000d00, 0x01b5dd00,
	0x7a003800, 0xeb007200, 0x230001b4, 0x04000600,
	0x00000028, 0x00002107, 0x12000d00, 0x01b5fe00,
	0x61003800, 0x00720079, 0x0001b50b, 0x00060023,
	0x00003c04, 0x00240700, 0x000d0000, 0xb6220012,
	0x00380001, 0x4e70616d, 0x0072006f, 0x0001b52b,
	0x00060023, 0x00005004, 0x00250700, 0x000d0000,
	0xb6470012, 0x00380001, 0x64616f72, 0x72006f4e,
	0x01b54b00, 0x06002300, 0x00640400, 0x04070000,
	0x25000000, 0x07000000, 0x70001200, 0x380001b6,
	0x614d6700, 0x736f5070, 0x05002300, 0x54700300,
	0x00728014, 0x0001b56b, 0x00000092, 0x00120014,
	0x0001b7fc, 0x65730038, 0x61684374, 0x74636172,
	0x61447265, 0x11006174, 0x0ad43401, 0x70012180,
	0x06800ad6, 0x005fda01, 0x0c204300, 0x001d0200,
	0x10040000, 0x07000000, 0x0c205306, 0x001d0200,
	0x14040000, 0x07000000, 0x0c206306, 0x001d0200,
	0x18040000, 0x07000000, 0x0c02a306, 0x001d0200,
	0x1c040000, 0x07000000, 0x0b201306, 0x001d0100,
	0x28040000, 0x07000000, 0xa5a42022, 0x20220001,
	0x0001b101, 0xb64b2022, 0x002c0001, 0x00050000,
	0xb72e0012, 0x00380001, 0x41616863, 0x00726464,
	0x000b0023, 0x00001d02, 0x00280400, 0x63070000,
	0x01000300, 0x00270004, 0x00050000, 0xb7550012,
	0x00380001, 0x4e70616d, 0x0023006f, 0x1d02000b,
	0x04000000, 0x0000002c, 0x04005507, 0x00002800,
	0x12000500, 0x01b77d00, 0x72003800, 0x4e64616f,
	0x0023006f, 0x1d02000b, 0x04000000, 0x00000030,
	0x04005507, 0x00001e00, 0x12000c00, 0x01b79b00,
	0x61003800, 0x00230079, 0x10010005, 0x55000000,
	0x1d000400, 0x0c000000, 0xb8001200, 0x380001b7,
	0x23007a00, 0x01000500, 0x00000012, 0x00040055,
	0x00000023, 0x0012000c, 0x0001b7db, 0x00790038,
	0x000b0023, 0x00001d02, 0x00260400, 0x55070000,
	0x1d000400, 0x0c000000, 0xf8001200, 0x380001b7,
	0x23007800, 0x01000500, 0x00000011, 0x00040055,
	0x00000004, 0x00000061, 0x00120014, 0x0001b8f1,
	0x65730038, 0x72654874, 0x7461446f, 0x61684361,
	0x4165676e, 0x00616572, 0xd6700111, 0x0121800a,
	0x800ad700, 0x608c0106, 0x02a30000, 0x1d02000c,
	0x04000000, 0x00000010, 0x20130607, 0x1d01000b,
	0x04000000, 0x00000018, 0x28202207, 0x220001b2,
	0x01b10120, 0x00002400, 0x12000500, 0x01b88100,
	0x70003800, 0x00230078, 0x1d02000b, 0x04000000,
	0x00000018, 0x04005507, 0x00002400, 0x12000500,
	0x01b8a500, 0x70003800, 0x00230079, 0x1d02000b,
	0x04000000, 0x0000001c, 0x04005507, 0x00002400,
	0x12000500, 0x01b8c900, 0x70003800, 0x0023007a,
	0x1d02000b, 0x04000000, 0x00000020, 0x04005507,
	0x00002400, 0x12000500, 0x01b8ed00, 0x61003800,
	0x00230079, 0x1d02000b, 0x04000000, 0x00000024,
	0x04005507, 0x00000400, 0x00002000, 0x12000100,
	0x01b91100, 0x1000a300, 0x000a0000, 0x00000000,
	0x00000005, 0x0d005508, 0x00002500, 0x12000700,
	0x01b93600, 0x67003800, 0x696e6553, 0x4449656c,
	0x05002300, 0xcf880300, 0x00558013, 0x0028000a,
	0x00070000, 0xb95e0012, 0x00380001, 0x6e655367,
	0x49656c69, 0x5845444e, 0x05002300, 0xcf900300,
	0x00558013, 0x0023000a, 0x000c0000, 0xb9810012,
	0x00380001, 0x63414267, 0x006f4e74, 0x00050023,
	0x13cfc403, 0x01005580, 0x00006f00, 0x12001400,
	0x01ba1500, 0x6d003800, 0x4265766f, 0x1100796f,
	0x0ad1a001, 0x70012180, 0x06800ad2, 0x0060da01,
	0x0c204300, 0x001d0200, 0x10040000, 0x07000000,
	0x0c02a306, 0x001d0200, 0x14040000, 0x07000000,
	0x0b201306, 0x001d0100, 0x18040000, 0x07000000,
	0xb24d2022, 0x20220001, 0x0001b911, 0xb9362022,
	0x20220001, 0x0001b95e, 0x00000021, 0x00120005,
	0x0001ba11, 0x6e690038, 0x00786564, 0x00050023,
	0x00001001, 0x04005500, 0x00000400, 0x00002000,
	0x12000100, 0x01ba3500, 0x1000a300, 0x000a0000,
	0x00000000, 0x00000014, 0x01005508, 0x00002000,
	0x12000100, 0x01ba5500, 0x1000a300, 0x000a0000,
	0x00000000, 0x0000000e, 0x01005508, 0x00002000,
	0x12000100, 0x01ba7500, 0x1000a300, 0x000a0000,
	0x00000000, 0x00000013, 0x01005508, 0x00002000,
	0x12000100, 0x01ba9500, 0x1000a300, 0x000a0000,
	0x00000000, 0x00000014, 0x0d005508, 0x00002000,
	0x12000100, 0x01bab500, 0x1000a300, 0x000a0000,
	0x00000000, 0x00000003, 0x03005508, 0x00002000,
	0x12000100, 0x01bad500, 0x1000a300, 0x000a0000,
	0x00000000, 0x00000003, 0x03005508, 0x00001200,
	0x12001300, 0x01bcf500, 0x2000b600, 0x24000000,
	0x0d000000, 0x0b001200, 0x380001bb, 0x66666f00,
	0x65736e65, 0x04005500, 0x06002300, 0x00000400,
	0x24070000, 0x0d000000, 0x2f001200, 0x380001bb,
	0x66656400, 0x65736e65, 0x04005500, 0x06002300,
	0x00020400, 0x22070000, 0x0d000000, 0x51001200,
	0x380001bb, 0x65707300, 0x55006465, 0x23000400,
	0x04000600, 0x00000004, 0x00002107, 0x12000d00,
	0x01bb7200, 0x77003800, 0x00657369, 0x00040055,
	0x00060023, 0x00000604, 0x00270700, 0x000d0000,
	0xbb990012, 0x00380001, 0x617a6177, 0x626f7250,
	0x95007200, 0x230001ba, 0x04000600, 0x00000008,
	0x00002707, 0x12000d00, 0x01bbc000, 0x77003800,
	0x4c617a61, 0x00747369, 0xbab50072, 0x00230001,
	0x0c040006, 0x07000000, 0x00000022, 0x0012000d,
	0x0001bbe2, 0x616d0038, 0x00706878, 0x00040055,
	0x00060023, 0x00001004, 0x00220700, 0x000d0000,
	0xbc040012, 0x00380001, 0x6d78616d, 0x00550070,
	0x00230004, 0x12040006, 0x07000000, 0x0000001f,
	0x0012000d, 0x0001bc23, 0x70680038, 0x04005500,
	0x06002300, 0x00140400, 0x1f070000, 0x0d000000,
	0x42001200, 0x380001bc, 0x00706d00, 0x00040055,
	0x00060023, 0x00001604, 0x00210700, 0x000d0000,
	0xbc630012, 0x00380001, 0x617a6177, 0x04005500,
	0x06002300, 0x00180400, 0x22070000, 0x0d000000,
	0x85001200, 0x380001bc, 0x646e6900, 0x55007865,
	0x23000100, 0x04000600, 0x0000001a, 0x00002107,
	0x12000d00, 0x01bca600, 0x66003800, 0x0067616c,
	0x00010055, 0x00060023, 0x00001b04, 0x00250700,
	0x000d0000, 0xbccb0012, 0x00380001, 0x6e756f73,
	0x64695f64, 0x04005500, 0x06002300, 0x001c0400,
	0x26070000, 0x0d000000, 0xf1001200, 0x380001bc,
	0x69687400, 0x79546b6e, 0x55006570, 0x23000300,
	0x04000600, 0x0000001e, 0x00000407, 0x00002000,
	0x12000100, 0x01bd1500, 0x1000a300, 0x000a0000,
	0x00000000, 0x00000003, 0x0a005508, 0x00002000,
	0x12000100, 0x01bd3500, 0x1000a300, 0x000a0000,
	0x00000000, 0x00000013, 0x01005508, 0x00001200,
	0x12001300, 0x01be0000, 0x8000b600, 0x24000000,
	0x0d000000, 0x6b001200, 0x380001bd, 0x646f6d00,
	0x72006c65, 0x01af4e00, 0x06002300, 0x00000400,
	0x24070000, 0x0d000000, 0x8f001200, 0x380001bd,
	0x72617000, 0x72006d61, 0x01bad500, 0x06002300,
	0x00380400, 0x29070000, 0x0d000000, 0xb8001200,
	0x380001bd, 0x7a617700, 0x73614d61, 0x00726574,
	0xbcf50072, 0x00230001, 0x58040006, 0x07000000,
	0x00000023, 0x0012000d, 0x0001bddb, 0x616e0038,
	0x7200656d, 0x01bd1500, 0x06002300, 0x00680400,
	0x21070000, 0x0d000000, 0xfc001200, 0x380001bd,
	0x66696c00, 0x00550065, 0x00230001, 0x7c040006,
	0x07000000, 0x00000004, 0x00000026, 0x00120007,
	0x0001be26, 0x50670038, 0x4e545241, 0x23005245,
	0x03000500, 0x8016ef0c, 0xbd350072, 0x005e0001,
	0x00140000, 0xbeaf0012, 0x00380001, 0x65766f6d,
	0x49796f42, 0x70614d6e, 0x00011100, 0x21800ad7,
	0x0ad8ec01, 0xaa010680, 0xa3000061, 0x02000c02,
	0x0000001d, 0x00001004, 0x13060700, 0x01000b20,
	0x0000001d, 0x00001804, 0x20220700, 0x0001be00,
	0xb1012022, 0x20220001, 0x0001b95e, 0x00000027,
	0x00120005, 0x0001beab, 0x6e690038, 0x00786564,
	0x000b0023, 0x00001d02, 0x00180400, 0x55070000,
	0x04000400, 0x25000000, 0x07000000, 0xd4001200,
	0x380001be, 0x41506700, 0x41445f44, 0x23004154,
	0x03000500, 0x8013d328, 0x000c0055, 0x0000002b,
	0x00120007, 0x0001beff, 0x44670038, 0x69637369,
	0x6e696c70, 0x616c4665, 0x00230067, 0x84030005,
	0x558013cf, 0x12000100, 0x13000000, 0x8d001200,
	0xb60001bf, 0x00000800, 0x00001e00, 0x12000d00,
	0x01bf2f00, 0x78003800, 0x04005500, 0x06002300,
	0x00000400, 0x1e070000, 0x0d000000, 0x4d001200,
	0x380001bf, 0x55007900, 0x23000400, 0x04000600,
	0x00000002, 0x00001e07, 0x12000d00, 0x01bf6b00,
	0x77003800, 0x04005500, 0x06002300, 0x00040400,
	0x1e070000, 0x0d000000, 0x89001200, 0x380001bf,
	0x55006800, 0x23000400, 0x04000600, 0x00000006,
	0x00000407, 0x00001200, 0x12001300, 0x01c13300,
	0x2400b600, 0x23000000, 0x0d000000, 0xc2001200,
	0x380001bf, 0x63657200, 0x00720074, 0x0001beff,
	0x00060023, 0x00000004, 0x00260700, 0x000d0000,
	0xbfe80012, 0x00380001, 0x526e6977, 0x00746365,
	0xbeff0072, 0x00230001, 0x08040006, 0x07000000,
	0x00000022, 0x0012000d, 0x0001c00a, 0x5f660038,
	0x00746e63, 0x00040055, 0x00060023, 0x00001004,
	0x00210700, 0x000d0000, 0xc02b0012, 0x00380001,
	0x65646f6d, 0x04005500, 0x06002300, 0x00120400,
	0x22070000, 0x0d000000, 0x4d001200, 0x380001c0,
	0x6e696c00, 0x55004e65, 0x23000400, 0x04000600,
	0x00000014, 0x00002207, 0x12000d00, 0x01c06f00,
	0x6e003800, 0x656e694c, 0x04005500, 0x06002300,
	0x00160400, 0x25070000, 0x0d000000, 0x94001200,
	0x380001c0, 0x78616d00, 0x6e694c4e, 0x00550065,
	0x00230004, 0x18040006, 0x07000000, 0x00000021,
	0x0012000d, 0x0001c0b5, 0x74610038, 0x55007274,
	0x23000300, 0x04000600, 0x0000001a, 0x00002407,
	0x12000d00, 0x01c0d900, 0x63003800, 0x695f6c6f,
	0x55007864, 0x23000300, 0x04000600, 0x0000001b,
	0x00002b07, 0x12000d00, 0x01c10400, 0x6d003800,
	0x5f65766f, 0x636e7566, 0x05008300, 0xa1930100,
	0x00230001, 0x1c040006, 0x07000000, 0x0000002b,
	0x0012000d, 0x0001c12f, 0x72640038, 0x665f7761,
	0x00636e75, 0x00050083, 0x01a19301, 0x06002300,
	0x00200400, 0x04070000, 0x22000000, 0x01000000,
	0x55001200, 0xa30001c1, 0x00001200, 0x0000000a,
	0x00050000, 0x72080000, 0x01bf8d00, 0x00002500,
	0x12000700, 0x01c17a00, 0x67003800, 0x444e4957,
	0x2300574f, 0x03000500, 0x8014a0d0, 0xc1330072,
	0x00290001, 0x00070000, 0xc1a30012, 0x00380001,
	0x746f4e67, 0x73756150, 0x616c4665, 0x00230067,
	0xe4030005, 0x558013cf, 0x2a000700, 0x07000000,
	0xcd001200, 0x380001c1, 0x44626700, 0x646f6365,
	0x6e694665, 0x00687369, 0x00050023, 0x13d19c03,
	0x07005580, 0x00009900, 0x12001400, 0x01c2aa00,
	0x62003800, 0x6341796f, 0x70614d74, 0xec011100,
	0x21800ad8, 0x0add6801, 0xec010680, 0x43000063,
	0x02000c20, 0x0000001d, 0x00001004, 0x53060700,
	0x02000c20, 0x0000001d, 0x00001404, 0xa3060700,
	0x02000c02, 0x0000001d, 0x00001804, 0x13060700,
	0x01000b20, 0x0000001d, 0x00002004, 0x20220700,
	0x0001a5a4, 0xb1012022, 0x20220001, 0x0001beaf,
	0xbed42022, 0x20220001, 0x0001a499, 0xc1552022,
	0x20220001, 0x0001c17a, 0xc1a32022, 0x00200001,
	0x000c0000, 0xc2860012, 0x00380001, 0x676e4161,
	0x05002300, 0x00110100, 0x00550000, 0x00200004,
	0x000c0000, 0xc2a60012, 0x00380001, 0x676e4163,
	0x05002300, 0x00100100, 0x00550000, 0x00040004,
	0x00200000, 0x00010000, 0xc2ca0012, 0x00a30001,
	0x0a000010, 0x00000000, 0x00000e00, 0x00550800,
	0x00200001, 0x00010000, 0xc2ea0012, 0x00a30001,
	0x0a000010, 0x00000000, 0x00002800, 0x00550800,
	0x00200001, 0x00010000, 0xc30a0012, 0x00a30001,
	0x0a000010, 0x00000000, 0x00000400, 0x00550800,
	0x0027000d, 0x000c0000, 0xc3310012, 0x00380001,
	0x65744967, 0x6e69576d, 0x00746e43, 0x00050023,
	0x13cfc503, 0x01005580, 0x00002700, 0x12000c00,
	0x01c35800, 0x67003800, 0x706f7244, 0x6d657449,
	0x23006f4e, 0x03000500, 0x8013cfc6, 0x00030055,
	0x00000024, 0x0012000c, 0x0001c37c, 0x53670038,
	0x6f4d7274, 0x23006564, 0x03000500, 0x8013cfc7,
	0x00010055, 0x00000025, 0x0012000c, 0x0001c3a1,
	0x42670038, 0x53746341, 0x00706574, 0x00050023,
	0x13cfc803, 0x01005580, 0x00001200, 0x12001300,
	0x01c44400, 0x1000b600, 0x24000000, 0x0d000000,
	0xd7001200, 0x380001c3, 0x61727400, 0x7200736e,
	0x01a68400, 0x06002300, 0x00000400, 0x23070000,
	0x0d000000, 0xfa001200, 0x380001c3, 0x65746900,
	0x006f4e6d, 0x000a0055, 0x00060023, 0x00000804,
	0x00230700, 0x000d0000, 0xc41d0012, 0x00380001,
	0x65646e69, 0x55005878, 0x23000400, 0x04000600,
	0x0000000c, 0x00002307, 0x12000d00, 0x01c44000,
	0x69003800, 0x7865646e, 0x0055005a, 0x00230004,
	0x0e040006, 0x07000000, 0x00000004, 0x00000022,
	0x00120001, 0x0001c466, 0x001200a3, 0x00000a00,
	0x0a000000, 0x08000000, 0xc3a10072, 0x00280001,
	0x00070000, 0xc48e0012, 0x00380001, 0x4f524467,
	0x54495f50, 0x23004d45, 0x03000500, 0x8014a210,
	0xc4440072, 0x002b0001, 0x00070000, 0xc4b90012,
	0x00380001, 0x77617264, 0x6d657449, 0x7373654d,
	0x00656761, 0x00050023, 0x0af9fc03, 0x14005580,
	0x00002a00, 0x12000c00, 0x01c4e300, 0x67003800,
	0x77617244, 0x49727453, 0x4e6d6574, 0x0023006f,
	0xc9030005, 0x558013cf, 0x20000300, 0x01000000,
	0x03001200, 0xa30001c5, 0x00001000, 0x0000000a,
	0x00130000, 0x55080000, 0x12000100, 0x13000000,
	0xed001200, 0xb60001c5, 0x00002000, 0x00002300,
	0x12000d00, 0x01c53800, 0x6e003800, 0x00656d61,
	0xc4e30072, 0x00230001, 0x00040006, 0x07000000,
	0x00000022, 0x0012000d, 0x0001c55a, 0x72700038,
	0x00656369, 0x000a0055, 0x00060023, 0x00001404,
	0x00220700, 0x000d0000, 0xc57c0012, 0x00380001,
	0x6e696f70, 0x00550074, 0x00230006, 0x18040006,
	0x07000000, 0x00000025, 0x0012000d, 0x0001c5a1,
	0x61630038, 0x6f676574, 0x55007972, 0x23000400,
	0x04000600, 0x0000001a, 0x00002007, 0x12000d00,
	0x01c5c100, 0x75003800, 0x55006573, 0x23000300,
	0x04000600, 0x0000001c, 0x00002807, 0x12000d00,
	0x01c5e900, 0x64003800, 0x74656c65, 0x74695f65,
	0x55006d65, 0x23000300, 0x04000600, 0x0000001d,
	0x00000407, 0x00002200, 0x12000100, 0x01c60f00,
	0x1200a300, 0x000a0000, 0x00000000, 0x0000007f,
	0x03007208, 0x280001c5, 0x07000000, 0x37001200,
	0x380001c6, 0x54496700, 0x495f4d45, 0x004f464e,
	0x00050023, 0x131a5003, 0xed007280, 0x200001c5,
	0x01000000, 0x57001200, 0xa30001c6, 0x00001000,
	0x0000000a, 0x00130000, 0x55080000, 0x20000100,
	0x01000000, 0x77001200, 0xa30001c6, 0x00001000,
	0x0000000a, 0x00020000, 0x55080000, 0x20000300,
	0x01000000, 0x97001200, 0xa30001c6, 0x00001000,
	0x0000000a, 0x000f0000, 0x55080000, 0x12000300,
	0x13000000, 0x17001200, 0xb60001c8, 0x00003400,
	0x00002300, 0x12000d00, 0x01c6cc00, 0x6e003800,
	0x00656d61, 0xc6370072, 0x00230001, 0x00040006,
	0x07000000, 0x00000022, 0x0012000d, 0x0001c6ee,
	0x706e0038, 0x00747261, 0x000a0055, 0x00060023,
	0x00001404, 0x001f0700, 0x000d0000, 0xc70d0012,
	0x00380001, 0x55007863, 0x23000400, 0x04000600,
	0x00000018, 0x00001f07, 0x12000d00, 0x01c72c00,
	0x63003800, 0x00550079, 0x00230004, 0x1a040006,
	0x07000000, 0x00000026, 0x0012000d, 0x0001c752,
	0x74610038, 0x62697274, 0x00657475, 0x00030055,
	0x00060023, 0x00001c04, 0x00270700, 0x000d0000,
	0xc7790012, 0x00380001, 0x656e6567, 0x69746172,
	0x55006e6f, 0x23000300, 0x04000600, 0x0000001d,
	0x00002507, 0x12000d00, 0x01c79e00, 0x6e003800,
	0x72757461, 0x00720065, 0x0001c657, 0x00060023,
	0x00001e04, 0x00230700, 0x000d0000, 0xc7c10012,
	0x00380001, 0x6d657469, 0x55006f4e, 0x23000300,
	0x04000600, 0x00000021, 0x00002807, 0x12000d00,
	0x01c7e900, 0x70003800, 0x61626f72, 0x696c6962,
	0x55007974, 0x23000300, 0x04000600, 0x00000022,
	0x00002a07, 0x12000d00, 0x01c81300, 0x75003800,
	0x61576573, 0x694c617a, 0x72007473, 0x01c67700,
	0x06002300, 0x00230400, 0x04070000, 0x22000000,
	0x01000000, 0x39001200, 0xa30001c8, 0x00001200,
	0x0000000a, 0x00b30000, 0x72080000, 0x01c69700,
	0x00002600, 0x12000700, 0x01c85f00, 0x67003800,
	0x495f4843, 0x006f666e, 0x00050023, 0x139a2003,
	0x17007280, 0x8d0001c8, 0x14000000, 0xb0001200,
	0x380001c9, 0x796f6200, 0x47746341, 0x72447465,
	0x7449706f, 0x11006d65, 0x0adf1001, 0x30012180,
	0x06800ae3, 0x00661001, 0x0c02a300, 0x001d0200,
	0x20040000, 0x07000000, 0x0b201306, 0x001d0100,
	0x48040000, 0x07000000, 0xc30a2022, 0x20220001,
	0x0001c331, 0xc3582022, 0x20220001, 0x0001b228,
	0xc37c2022, 0x20220001, 0x0001c466, 0xc48e2022,
	0x20220001, 0x0001c4b9, 0xc60f2022, 0x20220001,
	0x0001c839, 0x00000020, 0x00120001, 0x0001c90c,
	0x001000a3, 0x00000a00, 0x01000000, 0x08000000,
	0x00040055, 0x00000026, 0x0012000c, 0x0001c932,
	0x79780038, 0x0b002300, 0x001d0200, 0x44040000,
	0x07000000, 0xc8ec0072, 0x002a0001, 0x000c0000,
	0xc95c0012, 0x00380001, 0x72617473, 0x23005274,
	0x02000b00, 0x0000001d, 0x00003c04, 0x00720700,
	0x0001beff, 0x00000028, 0x0012000c, 0x0001c984,
	0x69770038, 0x2300526e, 0x02000b00, 0x0000001d,
	0x00003404, 0x00720700, 0x0001beff, 0x00000028,
	0x0012000c, 0x0001c9ac, 0x65720038, 0x23007463,
	0x02000b00, 0x0000001d, 0x00002c04, 0x00720700,
	0x0001beff, 0x00000004, 0x00000025, 0x00120007,
	0x0001c9d5, 0x75670038, 0x6e744263, 0x00746e43,
	0x00050023, 0x13d1d503, 0x03005580, 0x00007700,
	0x12001400, 0x01ca6f00, 0x64003800, 0x49776172,
	0x4d6d6574, 0x61737365, 0x11006567, 0x0af9fc01,
	0x00012180, 0x06800afc, 0x00682a01, 0x0c204300,
	0x001d0200, 0x28040000, 0x07000000, 0x0c02a306,
	0x001d0200, 0x2c040000, 0x07000000, 0x0b201306,
	0x001d0100, 0x30040000, 0x07000000, 0xc9b02022,
	0x20220001, 0x0001c358, 0xc60f2022, 0x20220001,
	0x0001c4b9, 0x0000001f, 0x0012000c, 0x0001ca6b,
	0x656c0038, 0x0023006e, 0x10010005, 0x55000000,
	0x04000a00, 0x20000000, 0x01000000, 0x8f001200,
	0xa30001ca, 0x00001000, 0x0000000a, 0x00180000,
	0x55080000, 0x20000100, 0x01000000, 0xaf001200,
	0xa30001ca, 0x00001000, 0x0000000a, 0x00040000,
	0x55080000, 0x28000d00, 0x0c000000, 0xd7001200,
	0x380001ca, 0x65476700, 0x6b615474, 0x4e617261,
	0x0023006f, 0xca030005, 0x558013cf, 0x22000100,
	0x01000000, 0xf9001200, 0xa30001ca, 0x00001200,
	0x0000000a, 0x00010000, 0x72080000, 0x01a51100,
	0x00002200, 0x12000100, 0x01cb1b00, 0x1200a300,
	0x000a0000, 0x00000000, 0x00000001, 0x84007208,
	0x120001a6, 0x13000000, 0x1b001200, 0xb60001cc,
	0x00003800, 0x00002400, 0x12000d00, 0x01cb5100,
	0x74003800, 0x736e6172, 0xd7007200, 0x230001ca,
	0x04000600, 0x00000000, 0x00002407, 0x12000d00,
	0x01cb7500, 0x61003800, 0x656c676e, 0xf9007200,
	0x230001ca, 0x04000600, 0x00000020, 0x00002107,
	0x12000d00, 0x01cb9600, 0x66003800, 0x0067616c,
	0x00060055, 0x00060023, 0x00003004, 0x00230700,
	0x000d0000, 0xcbb90012, 0x00380001, 0x6d657469,
	0x55006f4e, 0x23000300, 0x04000600, 0x00000032,
	0x00002207, 0x12000d00, 0x01cbdb00, 0x6f003800,
	0x66666f6e, 0x03005500, 0x06002300, 0x00330400,
	0x1e070000, 0x0d000000, 0xf9001200, 0x380001cb,
	0x55007700, 0x23000300, 0x04000600, 0x00000034,
	0x00001e07, 0x12000d00, 0x01cc1700, 0x68003800,
	0x03005500, 0x06002300, 0x00350400, 0x04070000,
	0x22000000, 0x01000000, 0x3d001200, 0xa30001cc,
	0x00001200, 0x0000000a, 0x00070000, 0x72080000,
	0x01cb1b00, 0x00002500, 0x12000700, 0x01cc6200,
	0x67003800, 0x616b6154, 0x23006172, 0x03000500,
	0x80168654, 0xcc1b0072, 0x00970001, 0x00140000,
	0xcdbd0012, 0x00380001, 0x41796f62, 0x65477463,
	0x6b615474, 0x00617261, 0xe3300111, 0x0121800a,
	0x800ae804, 0x68c80106, 0x02a30000, 0x1d02000c,
	0x04000000, 0x00000020, 0x20130607, 0x1d01000b,
	0x04000000, 0x00000048, 0x0a202207, 0x220001c3,
	0x01c4b920, 0x58202200, 0x220001c3, 0x01b10120,
	0xaf202200, 0x220001be, 0x01c37c20, 0xaf202200,
	0x220001ca, 0x01cc3d20, 0x8e202200, 0x220001c4,
	0x01b22820, 0x0f202200, 0x220001c6, 0x01c83920,
	0x00002000, 0x12000100, 0x01cd1900, 0x1000a300,
	0x000a0000, 0x00000000, 0x00000001, 0x04005508,
	0x00002600, 0x12000c00, 0x01cd3f00, 0x78003800,
	0x00230079, 0x1d02000b, 0x04000000, 0x00000044,
	0xf9007207, 0x2a0001cc, 0x0c000000, 0x69001200,
	0x380001cd, 0x61747300, 0x00527472, 0x000b0023,
	0x00001d02, 0x003c0400, 0x72070000, 0x01beff00,
	0x00002800, 0x12000c00, 0x01cd9100, 0x77003800,
	0x00526e69, 0x000b0023, 0x00001d02, 0x00340400,
	0x72070000, 0x01beff00, 0x00002800, 0x12000c00,
	0x01cdb900, 0x72003800, 0x00746365, 0x000b0023,
	0x00001d02, 0x002c0400, 0x72070000, 0x01beff00,
	0x00000400, 0x00005900, 0x12001400, 0x01ce1600,
	0x62003800, 0x6341796f, 0x746f4e74, 0x65766f4d,
	0x04011100, 0x21800ae8, 0x0ae84801, 0x3c010680,
	0xa300006b, 0x02000c02, 0x0000001d, 0x00001004,
	0x13060700, 0x01000b20, 0x0000001d, 0x00001804,
	0x20220700, 0x0001c37c, 0xb1012022, 0x007e0001,
	0x00140000, 0xcedd0012, 0x00380001, 0x41796f62,
	0x69447463, 0x70696373, 0x656e696c, 0xb8011100,
	0x21800ae8, 0x0aea5c01, 0x80010680, 0x4300006b,
	0x02000c20, 0x0000001d, 0x00001004, 0xa3060700,
	0x02000c02, 0x0000001d, 0x00001404, 0x13060700,
	0x01000b20, 0x0000001d, 0x00001804, 0x20220700,
	0x0001b101, 0xc37c2022, 0x20220001, 0x0001be00,
	0xbed42022, 0x20220001, 0x0001c839, 0x00000027,
	0x00120005, 0x0001cebb, 0x63610038, 0x006f4e74,
	0x000b0023, 0x00001d02, 0x00180400, 0x55070000,
	0x1e000100, 0x0c000000, 0xd9001200, 0x380001ce,
	0x00646900, 0x00050023, 0x00001001, 0x0a005500,
	0x00000400, 0x00006000, 0x12001400, 0x01cf3d00,
	0x62003800, 0x6341796f, 0x61725474, 0x6e696e69,
	0x01110067, 0x800ae848, 0xe8b80121, 0x0106800a,
	0x00006c5a, 0x000c02a3, 0x00001d02, 0x00100400,
	0x06070000, 0x000b2013, 0x00001d01, 0x00180400,
	0x22070000, 0x01be0020, 0x01202200, 0x220001b1,
	0x01c37c20, 0x00002500, 0x12000700, 0x01cf6200,
	0x67003800, 0x6e657645, 0x646e4574, 0x05002300,
	0xd1600300, 0x00558013, 0x00590007, 0x00140000,
	0xcfbb0012, 0x00380001, 0x41796f62, 0x704f7463,
	0x6e696e65, 0x01110067, 0x800aea5c, 0xeab00121,
	0x0106800a, 0x00006cbc, 0x000c02a3, 0x00001d02,
	0x00100400, 0x06070000, 0x000b2013, 0x00001d01,
	0x00180400, 0x22070000, 0x01cf3d20, 0x7c202200,
	0x5e0001c3, 0x14000000, 0x19001200, 0x380001d0,
	0x796f6200, 0x45746341, 0x6e69646e, 0x01110067,
	0x800aeab0, 0xeb3c0121, 0x0106800a, 0x00006d1e,
	0x000c02a3, 0x00001d02, 0x00100400, 0x06070000,
	0x000b2013, 0x00001d01, 0x00180400, 0x22070000,
	0x01cf3d20, 0x28202200, 0x220001b2, 0x01c37c20,
	0x00002900, 0x12000700, 0x01d04200, 0x67003800,
	0x505f4742, 0x4c455849, 0x00230070, 0x3c030005,
	0x638013c9, 0x01000300, 0x00680003, 0x00140000,
	0xd0aa0012, 0x00380001, 0x41796f62, 0x65447463,
	0x61426461, 0x656c7474, 0x3c011100, 0x21800aeb,
	0x0aec0401, 0x94010680, 0xa300006d, 0x02000c02,
	0x0000001d, 0x00001804, 0x13060700, 0x01000b20,
	0x0000001d, 0x00002004, 0x20220700, 0x0001cf3d,
	0xd0192022, 0x20220001, 0x0001b228, 0xc37c2022,
	0x00600001, 0x00140000, 0xd10a0012, 0x00380001,
	0x41796f62, 0x614c7463, 0x6f427473, 0x11007373,
	0x0aec0401, 0x80012180, 0x06800aec, 0x006e1401,
	0x0c02a300, 0x001d0200, 0x10040000, 0x07000000,
	0x0b201306, 0x001d0100, 0x18040000, 0x07000000,
	0xcf3d2022, 0x20220001, 0x0001b228, 0xc37c2022,
	0x00660001, 0x00140000, 0xd1700012, 0x00380001,
	0x41796f62, 0x65447463, 0x61426461, 0x656c7474,
	0x6566694c, 0x80011100, 0x21800aec, 0x0aed1801,
	0x80010680, 0xa300006e, 0x02000c02, 0x0000001d,
	0x00001804, 0x13060700, 0x01000b20, 0x0000001d,
	0x00002004, 0x20220700, 0x0001cf3d, 0xb2282022,
	0x20220001, 0x0001c37c, 0x00000085, 0x00120014,
	0x0001d289, 0x68630038, 0x446b6365, 0x49706f72,
	0x006d6574, 0xf1cc0111, 0x0121800a, 0x800af320,
	0x6ef60106, 0x20430000, 0x1d02000c, 0x04000000,
	0x00000010, 0x20530607, 0x1d02000c, 0x04000000,
	0x00000014, 0x02a30607, 0x1d02000c, 0x04000000,
	0x00000018, 0x20130607, 0x1d01000b, 0x04000000,
	0x00000028, 0x23202207, 0x220001b1, 0x01c33120,
	0x66202200, 0x220001c4, 0x01b10120, 0x00002100,
	0x12000c00, 0x01d21600, 0x69003800, 0x746e635f,
	0x05002300, 0x00110100, 0x00550000, 0x00230007,
	0x000c0000, 0xd2390012, 0x00380001, 0x00230068,
	0x1d02000b, 0x04000000, 0x00000026, 0x04005507,
	0x00002300, 0x12000c00, 0x01d25c00, 0x77003800,
	0x0b002300, 0x001d0200, 0x24040000, 0x07000000,
	0x00040055, 0x00000029, 0x0012000c, 0x0001d285,
	0x72640038, 0x7449706f, 0x23006d65, 0x01000500,
	0x00000010, 0x00050083, 0x01c3a101, 0x00000400,
	0x00001200, 0x12001300, 0x01d3a500, 0x2000b600,
	0x20000000, 0x0d000000, 0xbb001200, 0x380001d2,
	0x78707600, 0x0a005500, 0x06002300, 0x00000400,
	0x20070000, 0x0d000000, 0xdb001200, 0x380001d2,
	0x79707600, 0x0a005500, 0x06002300, 0x00040400,
	0x20070000, 0x0d000000, 0xfb001200, 0x380001d2,
	0x7a707600, 0x0a005500, 0x06002300, 0x00080400,
	0x20070000, 0x0d000000, 0x1b001200, 0x380001d3,
	0x78727600, 0x0a005500, 0x06002300, 0x000c0400,
	0x20070000, 0x0d000000, 0x3b001200, 0x380001d3,
	0x79727600, 0x0a005500, 0x06002300, 0x00100400,
	0x20070000, 0x0d000000, 0x5b001200, 0x380001d3,
	0x7a727600, 0x0a005500, 0x06002300, 0x00140400,
	0x1f070000, 0x0d000000, 0x7a001200, 0x380001d3,
	0x007a7200, 0x000a0055, 0x00060023, 0x00001804,
	0x00270700, 0x000d0000, 0xd3a10012, 0x00380001,
	0x65707573, 0x00830072, 0x9a010005, 0x230001a7,
	0x04000600, 0x0000001c, 0x00000407, 0x00002400,
	0x12000700, 0x01d3c900, 0x67003800, 0x45495652,
	0x00230057, 0x2c030005, 0x72801773, 0x01d28900,
	0x00008400, 0x12001400, 0x01d4aa00, 0x67003800,
	0x61437465, 0x6172656d, 0x6c676e41, 0x01110065,
	0x800af0e4, 0xf1880121, 0x0106800a, 0x00006fd0,
	0x000c2043, 0x00001d02, 0x00100400, 0x06070000,
	0x000c2053, 0x00001d02, 0x00140400, 0x06070000,
	0x000c2063, 0x00001d02, 0x00180400, 0x06070000,
	0x000c02a3, 0x00001d02, 0x001c0400, 0x06070000,
	0x000b2013, 0x00001d01, 0x00200400, 0x22070000,
	0x01d3a520, 0x00001d00, 0x12000c00, 0x01d46a00,
	0x7a003800, 0x05002300, 0x00120100, 0x00550000,
	0x001d0004, 0x000c0000, 0xd4870012, 0x00380001,
	0x00230078, 0x11010005, 0x55000000, 0x1f000400,
	0x0c000000, 0xa6001200, 0x380001d4, 0x676e6100,
	0x05002300, 0x00100100, 0x00550000, 0x00040004,
	0x00540000, 0x00140000, 0xd5220012, 0x00380001,
	0x6e616863, 0x6f426567, 0x676e4179, 0x1100656c,
	0x0af18801, 0xcc012180, 0x06800af1, 0x00701e01,
	0x0c204300, 0x001d0200, 0x00040000, 0x07000000,
	0x0b201306, 0x001d0100, 0x08040000, 0x07000000,
	0xb1012022, 0x00200001, 0x00050000, 0xd51e0012,
	0x00380001, 0x59676e61, 0x05002300, 0x00100100,
	0x00550000, 0x00040004, 0x00120000, 0x00130000,
	0xd58a0012, 0x00b60001, 0x00000004, 0x00000028,
	0x0012000d, 0x0001d55c, 0x00700038, 0x00090055,
	0x000000c5, 0x001800d6, 0x00230000, 0x00040006,
	0x07000000, 0x0000002a, 0x0012000d, 0x0001d586,
	0x756e0038, 0x0055006d, 0x00c50003, 0x00d60000,
	0x00000008, 0x00060023, 0x00000304, 0x00040700,
	0x00120000, 0x00130000, 0xd6520012, 0x00b60001,
	0x00000014, 0x00000023, 0x0012000d, 0x0001d5bf,
	0x656c0038, 0x6874676e, 0x0c005500, 0x06002300,
	0x00000400, 0x25070000, 0x0d000000, 0xe4001200,
	0x380001d5, 0x67726f00, 0x05008300, 0xd5220100,
	0x00230001, 0x04040006, 0x07000000, 0x00000023,
	0x0012000d, 0x0001d607, 0x666f0038, 0x74657366,
	0x0c005500, 0x06002300, 0x00080400, 0x22070000,
	0x0d000000, 0x29001200, 0x380001d6, 0x696f7000,
	0x5500746e, 0x23000c00, 0x04000600, 0x0000000c,
	0x00002507, 0x12000d00, 0x01d64e00, 0x74003800,
	0x83006761, 0x01000500, 0x0001d522, 0x00060023,
	0x00001004, 0x00040700, 0x00290000, 0x00070000,
	0xd67b0012, 0x00380001, 0x5f544f67, 0x70544341,
	0x05002300, 0xd31c0300, 0x00838013, 0x8a010005,
	0x220001d5, 0x01000000, 0x9d001200, 0xa30001d6,
	0x00001200, 0x0000000a, 0x00010000, 0x72080000,
	0x01d58a00, 0x00002100, 0x12000700, 0x01d6be00,
	0x67003800, 0x2300544f, 0x03000500, 0x8016f2e4,
	0xd67b0072, 0x00230001, 0x00070000, 0xd6e10012,
	0x00380001, 0x54434167, 0x00455649, 0x00050023,
	0x13d30803, 0x0a005580, 0x00002000, 0x12000100,
	0x01d70100, 0x1000a300, 0x000a0000, 0x00000000,
	0x00013fff, 0x03005508, 0x00002200, 0x12000100,
	0x01d72300, 0x1200a300, 0x000a0000, 0x00000000,
	0x00000001, 0xe1007208, 0x290001d6, 0x07000000,
	0x4c001200, 0x380001d7, 0x50476700, 0x41505f55,
	0x54454b43, 0x05002300, 0x734c0300, 0x00728017,
	0x0001d701, 0x0000002c, 0x00120007, 0x0001d778,
	0x43670038, 0x4174756c, 0x72657466, 0x74746142,
	0x2300656c, 0x03000500, 0x8013d0d8, 0x00010055,
	0x00000020, 0x00120001, 0x0001d798, 0x001000a3,
	0x00000a00, 0x02000000, 0x08000000, 0x00040055,
	0x00000020, 0x00120001, 0x0001d7b8, 0x001000a3,
	0x00000a00, 0x03000000, 0x08000000, 0x00040055,
	0x00000020, 0x00120001, 0x0001d7d8, 0x001000a3,
	0x00000a00, 0x03000000, 0x08000000, 0x00040055,
	0x00000020, 0x00120001, 0x0001d7f8, 0x001000a3,
	0x00000a00, 0x03000000, 0x08000000, 0x00040055,
	0x00000012, 0x00120013, 0x0001dfd9, 0x008400b6,
	0x00210000, 0x000d0000, 0xd82b0012, 0x00380001,
	0x67616c66, 0x0a005500, 0x06002300, 0x00000400,
	0x26070000, 0x0d000000, 0x51001200, 0x380001d8,
	0x656c7300, 0x6f487065, 0x55007275, 0x23000400,
	0x04000600, 0x00000004, 0x00002807, 0x12000d00,
	0x01d87900, 0x73003800, 0x7065656c, 0x756e694d,
	0x55006574, 0x23000400, 0x04000600, 0x00000006,
	0x00002607, 0x12000d00, 0x01d89f00, 0x67003800,
	0x70557465, 0x72756f48, 0x04005500, 0x06002300,
	0x00080400, 0x28070000, 0x0d000000, 0xc7001200,
	0x380001d8, 0x74656700, 0x694d7055, 0x6574756e,
	0x04005500, 0x06002300, 0x000a0400, 0x24070000,
	0x0d000000, 0xeb001200, 0x380001d8, 0x74636100,
	0x656d6954, 0x04005500, 0x06002300, 0x000c0400,
	0x26070000, 0x0d000000, 0x11001200, 0x380001d9,
	0x656c7300, 0x69547065, 0x5500656d, 0x23000400,
	0x04000600, 0x0000000e, 0x00002907, 0x12000d00,
	0x01d93a00, 0x62003800, 0x63697361, 0x54746341,
	0x00656d69, 0x00040055, 0x00060023, 0x00001004,
	0x00290700, 0x000d0000, 0xd9630012, 0x00380001,
	0x53736964, 0x7065656c, 0x656d6954, 0x04005500,
	0x06002300, 0x00120400, 0x2e070000, 0x0d000000,
	0x91001200, 0x380001d9, 0x746f7400, 0x69446c61,
	0x656c5373, 0x69547065, 0x5500656d, 0x23000400,
	0x04000600, 0x00000014, 0x00002a07, 0x12000d00,
	0x01d9bb00, 0x66003800, 0x75636341, 0x616c756d,
	0x6e6f6974, 0x04005500, 0x06002300, 0x00160400,
	0x25070000, 0x0d000000, 0xe0001200, 0x380001d9,
	0x6e756400, 0x6d695467, 0x00550065, 0x00230004,
	0x18040006, 0x07000000, 0x00000024, 0x0012000d,
	0x0001da04, 0x75640038, 0x6e43676e, 0x00550074,
	0x00230004, 0x1a040006, 0x07000000, 0x00000029,
	0x0012000d, 0x0001da2d, 0x656e0038, 0x75447478,
	0x6954676e, 0x5500656d, 0x23000400, 0x04000600,
	0x0000001c, 0x00002707, 0x12000d00, 0x01da5400,
	0x6e003800, 0x61746f54, 0x6e75446c, 0x00550067,
	0x00230004, 0x1e040006, 0x07000000, 0x00000027,
	0x0012000d, 0x0001da7b, 0x6f740038, 0x74656c69,
	0x656d6954, 0x04005500, 0x06002300, 0x00200400,
	0x25070000, 0x0d000000, 0xa0001200, 0x380001da,
	0x61466e00, 0x75676974, 0x00550065, 0x00230004,
	0x22040006, 0x07000000, 0x00000022, 0x0012000d,
	0x0001dac2, 0x57660038, 0x006b726f, 0x00040055,
	0x00060023, 0x00002404, 0x00250700, 0x000d0000,
	0xdae70012, 0x00380001, 0x6d695466, 0x746e4365,
	0x04005500, 0x06002300, 0x00260400, 0x27070000,
	0x0d000000, 0x0e001200, 0x380001db, 0x73696400,
	0x6c706963, 0x00656e69, 0x00040055, 0x00060023,
	0x00002804, 0x00210700, 0x000d0000, 0xdb2f0012,
	0x00380001, 0x646f6f6d, 0x04005500, 0x06002300,
	0x002a0400, 0x24070000, 0x0d000000, 0x53001200,
	0x380001db, 0x796f6c00, 0x79746c61, 0x04005500,
	0x06002300, 0x002c0400, 0x23070000, 0x0d000000,
	0x76001200, 0x380001db, 0x6e657300, 0x00656c69,
	0x00040055, 0x00060023, 0x00002e04, 0x00280700,
	0x000d0000, 0xdb9e0012, 0x00380001, 0x6369536e,
	0x6a6e496b, 0x00797275, 0x00040055, 0x00060023,
	0x00003004, 0x00270700, 0x000d0000, 0xdbc50012,
	0x00380001, 0x6568436e, 0x69536b63, 0x55006b63,
	0x23000400, 0x04000600, 0x00000032, 0x00002607,
	0x12000d00, 0x01dbeb00, 0x66003800, 0x646c6569,
	0x656d6954, 0x04005500, 0x06002300, 0x00340400,
	0x25070000, 0x0d000000, 0x10001200, 0x380001dc,
	0x63697300, 0x6d69546b, 0x00550065, 0x00230004,
	0x36040006, 0x07000000, 0x00000027, 0x0012000d,
	0x0001dc37, 0x6e690038, 0x7972756a, 0x656d6954,
	0x04005500, 0x06002300, 0x00380400, 0x29070000,
	0x0d000000, 0x60001200, 0x380001dc, 0x78656e00,
	0x61654d74, 0x6d69546c, 0x00550065, 0x00230004,
	0x3a040006, 0x07000000, 0x00000027, 0x0012000d,
	0x0001dc87, 0x6f6e0038, 0x6f745377, 0x6863616d,
	0x04005500, 0x06002300, 0x003c0400, 0x29070000,
	0x0d000000, 0xb0001200, 0x380001dc, 0x73657200,
	0x61654d74, 0x6d69546c, 0x00550065, 0x00230004,
	0x3e040006, 0x07000000, 0x0000002a, 0x0012000d,
	0x0001dcda, 0x75680038, 0x7265676e, 0x656d6954,
	0x00746e43, 0x00040055, 0x00060023, 0x00004004,
	0x00230700, 0x000d0000, 0xdcfd0012, 0x00380001,
	0x67696577, 0x55007468, 0x23000400, 0x04000600,
	0x00000042, 0x00002307, 0x12000d00, 0x01dd2000,
	0x72003800, 0x63656a65, 0x00550074, 0x00230004,
	0x44040006, 0x07000000, 0x00000024, 0x0012000d,
	0x0001dd44, 0x486e0038, 0x65676e75, 0x00550072,
	0x00230004, 0x46040006, 0x07000000, 0x00000023,
	0x0012000d, 0x0001dd67, 0x67640038, 0x6566694c,
	0x04005500, 0x06002300, 0x00480400, 0x20070000,
	0x0d000000, 0x87001200, 0x380001dd, 0x65676100,
	0x04005500, 0x06002300, 0x004a0400, 0x25070000,
	0x0d000000, 0xac001200, 0x380001dd, 0x61727400,
	0x6e696e69, 0x00550067, 0x00230004, 0x4c040006,
	0x07000000, 0x00000022, 0x0012000d, 0x0001ddce,
	0x4e740038, 0x00656d75, 0x00040055, 0x00060023,
	0x00004e04, 0x00290700, 0x000d0000, 0xddf70012,
	0x00380001, 0x69617274, 0x676e696e, 0x656d6954,
	0x04005500, 0x06002300, 0x00500400, 0x22070000,
	0x0d000000, 0x19001200, 0x380001de, 0x73696d00,
	0x55005273, 0x23000400, 0x04000600, 0x00000052,
	0x00002607, 0x12000d00, 0x01de3f00, 0x62003800,
	0x6c747461, 0x746e4365, 0x04005500, 0x06002300,
	0x00540400, 0x24070000, 0x0d000000, 0x63001200,
	0x380001de, 0x6f766500, 0x656d6954, 0x04005500,
	0x06002300, 0x00560400, 0x26070000, 0x0d000000,
	0x89001200, 0x380001de, 0x646f6d00, 0x44496c65,
	0x78007200, 0x230001d7, 0x04000600, 0x00000058,
	0x00002607, 0x12000d00, 0x01deaf00, 0x6e003800,
	0x74746142, 0x7200656c, 0x01d79800, 0x06002300,
	0x005e0400, 0x22070000, 0x0d000000, 0xd1001200,
	0x380001de, 0x6e697700, 0xb8007200, 0x230001d7,
	0x04000600, 0x00000066, 0x00002307, 0x12000d00,
	0x01def400, 0x6c003800, 0x0073736f, 0xd7d80072,
	0x00230001, 0x6e040006, 0x07000000, 0x00000025,
	0x0012000d, 0x0001df19, 0x6c6f0038, 0x78614d64,
	0x55007048, 0x23000400, 0x04000600, 0x00000076,
	0x00002507, 0x12000d00, 0x01df3e00, 0x6f003800,
	0x614d646c, 0x00704d78, 0x00040055, 0x00060023,
	0x00007804, 0x00270700, 0x000d0000, 0xdf650012,
	0x00380001, 0x4f646c6f, 0x6e656666, 0x55006573,
	0x23000400, 0x04000600, 0x0000007a, 0x00002707,
	0x12000d00, 0x01df8c00, 0x6f003800, 0x6544646c,
	0x736e6566, 0x00550065, 0x00230004, 0x7c040006,
	0x07000000, 0x00000025, 0x0012000d, 0x0001dfb1,
	0x6c6f0038, 0x65705364, 0x55006465, 0x23000400,
	0x04000600, 0x0000007e, 0x00002407, 0x12000d00,
	0x01dfd500, 0x6f003800, 0x6957646c, 0x55006573,
	0x23000400, 0x04000600, 0x00000080, 0x00000407,
	0x00002400, 0x12000700, 0x01dffd00, 0x67003800,
	0x73696152, 0x00230065, 0xa0030005, 0x72801451,
	0x01d7f800, 0x00002200, 0x12000700, 0x01e01f00,
	0x67003800, 0x4e70614d, 0x0023006f, 0xe5030005,
	0x558013d0, 0x26000300, 0x07000000, 0x45001200,
	0x380001e0, 0x63756700, 0x6973754d, 0x006f4e63,
	0x00050023, 0x13d1cb03, 0x03005580, 0x0000c300,
	0x12001400, 0x01e17000, 0x62003800, 0x726f6665,
	0x74664165, 0x61427265, 0x656c7474, 0x00011100,
	0x21800afc, 0x0afee001, 0x58010680, 0x43000070,
	0x02000c20, 0x0000001d, 0x00001004, 0x53060700,
	0x02000c20, 0x0000001d, 0x00001404, 0x63060700,
	0x02000c20, 0x0000001d, 0x00001804, 0xa3060700,
	0x02000c02, 0x0000001d, 0x00001c04, 0x13060700,
	0x01000b20, 0x0000001d, 0x00002004, 0x20220700,
	0x0001d652, 0xd69d2022, 0x20220001, 0x0001d6be,
	0xd7232022, 0x20220001, 0x0001d74c, 0xdfd92022,
	0x20220001, 0x0001a5a4, 0xb1012022, 0x20220001,
	0x0001dffd, 0xe01f2022, 0x20220001, 0x0001b24d,
	0x00000021, 0x00120005, 0x0001e129, 0x706e0038,
	0x006f4e63, 0x00050023, 0x00001201, 0x04005500,
	0x00002100, 0x12000c00, 0x01e14a00, 0x62003800,
	0x67616c46, 0x05002300, 0x00100100, 0x00550000,
	0x00220001, 0x000c0000, 0xe16c0012, 0x00380001,
	0x656e456e, 0x2300796d, 0x01000500, 0x00000011,
	0x000a0055, 0x00000004, 0x0000003a, 0x00120014,
	0x0001e1d6, 0x65730038, 0x796f4274, 0x4d746341,
	0x0065646f, 0xdd680111, 0x0121800a, 0x800add8c,
	0x72040106, 0x20220000, 0x0001c37c, 0xb95e2022,
	0x00280001, 0x00050000, 0xe1d20012, 0x00380001,
	0x65646f6d, 0x23006f4e, 0x02000b00, 0x0000001d,
	0x00000004, 0x00550700, 0x00040004, 0x00380000,
	0x00140000, 0xe2620012, 0x00380001, 0x42746573,
	0x6341796f, 0x006f4e74, 0x02b40111, 0x0121800b,
	0x800b02ec, 0x723e0106, 0x20220000, 0x0001c37c,
	0xb95e2022, 0x00280001, 0x00050000, 0xe2360012,
	0x00380001, 0x65646f6d, 0x23006f4e, 0x02000b00,
	0x0000001d, 0x00000004, 0x00550700, 0x00280004,
	0x00050000, 0xe25e0012, 0x00380001, 0x70657473,
	0x23006f4e, 0x02000b00, 0x0000001d, 0x00000404,
	0x00550700, 0x00040004, 0x00340000, 0x00140000,
	0xe2960012, 0x00380001, 0x42746567, 0x6341796f,
	0x646f4d74, 0x01110065, 0x800b02ec, 0x02f80121,
	0x0106800b, 0x00007278, 0xb95e2022, 0x00540001,
	0x00140000, 0xe3150012, 0x00380001, 0x42746573,
	0x6f4d796f, 0x6e6f6974, 0x11006f4e, 0x0b02f801,
	0x28012180, 0x06800b03, 0x0072a801, 0x0c02a300,
	0x001d0200, 0x10040000, 0x07000000, 0x0b201306,
	0x001d0100, 0x18040000, 0x07000000, 0xb1012022,
	0x00270001, 0x00050000, 0xe3110012, 0x00380001,
	0x4e6e746d, 0x0023006f, 0x1d02000b, 0x04000000,
	0x00000018, 0x04005507, 0x00000400, 0x00002000,
	0x12000100, 0x01e33500, 0x1000a300, 0x000a0000,
	0x00000000, 0x00000007, 0x07005508, 0x00002e00,
	0x12000700, 0x01e36300, 0x67003800, 0x4370614d,
	0x4d726168, 0x4665766f, 0x0067616c, 0x00050023,
	0x149eb003, 0x15007280, 0x290001e3, 0x07000000,
	0x8c001200, 0x380001e3, 0x6c4f6700, 0x61684364,
	0x736f5072, 0x05002300, 0x54e80300, 0x00728014,
	0x0001a511, 0x0000008e, 0x00120014, 0x0001e636,
	0x6f6d0038, 0x68436576, 0x6f477261, 0x11006c61,
	0x0b032801, 0x04012180, 0x06800b06, 0x0072d801,
	0x0c204300, 0x001d0200, 0x10040000, 0x07000000,
	0x0c205306, 0x001d0200, 0x14040000, 0x07000000,
	0x0c206306, 0x001d0200, 0x18040000, 0x07000000,
	0x0c02a306, 0x001d0200, 0x1c040000, 0x07000000,
	0x0b201306, 0x001d0100, 0x48040000, 0x07000000,
	0xe3352022, 0x20220001, 0x0001b14c, 0xe3632022,
	0x00280001, 0x00050000, 0xe4420012, 0x00380001,
	0x74786574, 0x23004449, 0x02000b00, 0x0000001d,
	0x00004804, 0x00550700, 0x002a0003, 0x00050000,
	0xe46c0012, 0x00380001, 0x74786574, 0x325f4449,
	0x0b002300, 0x001d0200, 0x4c040000, 0x07000000,
	0x00030055, 0x00000023, 0x00120005, 0x0001e48f,
	0x00780038, 0x000b0023, 0x00001d02, 0x00500400,
	0x55070000, 0x23000400, 0x05000000, 0xb2001200,
	0x380001e4, 0x23007a00, 0x02000b00, 0x0000001d,
	0x00005404, 0x00550700, 0x00260004, 0x00050000,
	0xe4d80012, 0x00380001, 0x65646f6d, 0x0b002300,
	0x001d0200, 0x58040000, 0x07000000, 0x00010055,
	0x00000022, 0x0012000c, 0x0001e4fa, 0x68630038,
	0x6f4e7261, 0x05002300, 0x00110100, 0x00550000,
	0x00240004, 0x000c0000, 0xe51e0012, 0x00380001,
	0x23006867, 0x02000b00, 0x0000001d, 0x00004604,
	0x00550700, 0x00240004, 0x000c0000, 0xe5420012,
	0x00380001, 0x23007767, 0x02000b00, 0x0000001d,
	0x00004404, 0x00550700, 0x00240004, 0x000c0000,
	0xe5660012, 0x00380001, 0x2300686d, 0x02000b00,
	0x0000001d, 0x00004204, 0x00550700, 0x00240004,
	0x000c0000, 0xe58a0012, 0x00380001, 0x2300776d,
	0x02000b00, 0x0000001d, 0x00004004, 0x00550700,
	0x00280004, 0x000c0000, 0xe5b20012, 0x00380001,
	0x6c616f67, 0x0b002300, 0x001d0200, 0x30040000,
	0x07000000, 0xa5110072, 0x00290001, 0x000c0000,
	0xe5db0012, 0x00380001, 0x72617473, 0x00230074,
	0x1d02000b, 0x04000000, 0x00000020, 0x11007207,
	0x2b0001a5, 0x0c000000, 0x06001200, 0x380001e6,
	0x616f6700, 0x646f4d6c, 0x00706c65, 0x00050023,
	0x00001201, 0x05008300, 0xaf4e0100, 0x002c0001,
	0x000c0000, 0xe6320012, 0x00380001, 0x72617473,
	0x646f4d74, 0x00706c65, 0x00050023, 0x00001001,
	0x05008300, 0xaf4e0100, 0x00040001, 0x00220000,
	0x00010000, 0xe6580012, 0x00a30001, 0x0a000012,
	0x00000000, 0x00000700, 0x00720800, 0x0001a511,
	0x00000027, 0x0012000c, 0x0001e67f, 0x54670038,
	0x476e7275, 0x006c616f, 0x00050023, 0x1453e003,
	0x36007280, 0x120001e6, 0x13000000, 0xdb001200,
	0xb60001e7, 0x00006800, 0x00002400, 0x12000d00,
	0x01e6b500, 0x6d003800, 0x6c65646f, 0x4e007200,
	0x230001af, 0x04000600, 0x00000000, 0x00002407,
	0x12000d00, 0x01e6d900, 0x70003800, 0x6d617261,
	0xd5007200, 0x230001ba, 0x04000600, 0x00000038,
	0x00002a07, 0x12000d00, 0x01e70300, 0x65003800,
	0x70616373, 0x696f5065, 0x7200746e, 0x01a68400,
	0x06002300, 0x00580400, 0x21070000, 0x0d000000,
	0x24001200, 0x380001e7, 0x49426e00, 0x00550054,
	0x00230004, 0x60040006, 0x07000000, 0x00000023,
	0x0012000d, 0x0001e747, 0x65660038, 0x776f6c6c,
	0x03005500, 0x06002300, 0x00620400, 0x25070000,
	0x0d000000, 0x6c001200, 0x380001e7, 0x74617000,
	0x6e726574, 0x0055004e, 0x00230003, 0x63040006,
	0x07000000, 0x00000023, 0x0012000d, 0x0001e78f,
	0x76650038, 0x4e746e65, 0x03005500, 0x06002300,
	0x00640400, 0x23070000, 0x0d000000, 0xb2001200,
	0x380001e7, 0x78657400, 0x00444974, 0x00030055,
	0x00060023, 0x00006504, 0x00250700, 0x000d0000,
	0xe7d70012, 0x00380001, 0x74786574, 0x65707954,
	0x03005500, 0x06002300, 0x00660400, 0x04070000,
	0x22000000, 0x01000000, 0xfd001200, 0xa30001e7,
	0x00001200, 0x0000000a, 0xffff0000, 0x7208ffff,
	0x01e67f00, 0x00002400, 0x12000700, 0x01e82100,
	0x67003800, 0x4d454e45, 0x00230059, 0x8c030005,
	0x728016ef, 0x01e7db00, 0x00008f00, 0x12001400,
	0x01ea2f00, 0x74003800, 0x436e7275, 0x61726168,
	0x72657463, 0x14011100, 0x21800b07, 0x0b090801,
	0x16010680, 0x43000074, 0x02000c20, 0x0000001d,
	0x00001804, 0x53060700, 0x02000c20, 0x0000001d,
	0x00001c04, 0x63060700, 0x02000c20, 0x0000001d,
	0x00002004, 0xa3060700, 0x02000c02, 0x0000001d,
	0x00002404, 0x13060700, 0x01000b20, 0x0000001d,
	0x00003804, 0x20220700, 0x0001b1dc, 0xe6582022,
	0x20220001, 0x0001e7fd, 0x0000002a, 0x00120005,
	0x0001e8da, 0x65740038, 0x44497478, 0x2300315f,
	0x02000b00, 0x0000001d, 0x00003804, 0x00550700,
	0x002a0003, 0x00050000, 0xe9040012, 0x00380001,
	0x74786574, 0x325f4449, 0x0b002300, 0x001d0200,
	0x3c040000, 0x07000000, 0x00030055, 0x00000021,
	0x0012000c, 0x0001e925, 0x5f650038, 0x00746e63,
	0x00050023, 0x00001101, 0x07005500, 0x00002500,
	0x12000c00, 0x01e94a00, 0x65003800, 0x2300646e,
	0x02000b00, 0x0000001d, 0x00002c04, 0x00550700,
	0x001f0007, 0x000c0000, 0xe9690012, 0x00380001,
	0x006f4e6d, 0x00050023, 0x00001001, 0x01005500,
	0x00002400, 0x12000c00, 0x01e98d00, 0x61003800,
	0x00230072, 0x1d02000b, 0x04000000, 0x00000036,
	0x04005507, 0x00002400, 0x12000c00, 0x01e9b100,
	0x61003800, 0x0023006c, 0x1d02000b, 0x04000000,
	0x00000034, 0x04005507, 0x00002400, 0x12000c00,
	0x01e9d500, 0x61003800, 0x00230079, 0x1d02000b,
	0x04000000, 0x00000032, 0x04005507, 0x00002e00,
	0x12000c00, 0x01ea0300, 0x6d003800, 0x6c65646f,
	0x23003270, 0x02000b00, 0x0000001d, 0x00002804,
	0x00830700, 0x4e010005, 0x280001af, 0x0c000000,
	0x2b001200, 0x380001ea, 0x646f6d00, 0x31706c65,
	0x05002300, 0x00120100, 0x00830000, 0x4e010005,
	0x040001af, 0x62000000, 0x14000000, 0x0b001200,
	0x380001eb, 0x72757400, 0x6168436e, 0x74636172,
	0x6f507265, 0x00746e69, 0x09080111, 0x0121800b,
	0x800b0954, 0x75180106, 0x20430000, 0x1d02000c,
	0x04000000, 0x00000010, 0x02a30607, 0x1d02000c,
	0x04000000, 0x00000014, 0x20130607, 0x1d01000b,
	0x04000000, 0x00000018, 0x00002807, 0x12000500,
	0x01eab900, 0x74003800, 0x49747865, 0x00230044,
	0x1d02000b, 0x04000000, 0x00000018, 0x03005507,
	0x00002700, 0x12000500, 0x01eae000, 0x61003800,
	0x656c676e, 0x0b002300, 0x001d0200, 0x1c040000,
	0x07000000, 0x00040055, 0x00000027, 0x0012000c,
	0x0001eb07, 0x6f6d0038, 0x706c6564, 0x05002300,
	0x00100100, 0x00830000, 0x4e010005, 0x040001af,
	0x21000000, 0x0c000000, 0x2c001200, 0x380001eb,
	0x64416700, 0x23005964, 0x03000500, 0x8013cfcc,
	0x00040055, 0x00000021, 0x0012000c, 0x0001eb4d,
	0x41670038, 0x00586464, 0x00050023, 0x13cfce03,
	0x04005580, 0x00009900, 0x12001400, 0x01ed6e00,
	0x6d003800, 0x4365766f, 0x4e726168, 0x6f4d746f,
	0x6e6f6974, 0x54011100, 0x21800b09, 0x0b0cec01,
	0x5c010680, 0x43000075, 0x02000c20, 0x0000001d,
	0x00001004, 0x53060700, 0x02000c20, 0x0000001d,
	0x00001404, 0x63060700, 0x02000c20, 0x0000001d,
	0x00001804, 0xa3060700, 0x02000c02, 0x0000001d,
	0x00001c04, 0x13060700, 0x01000b20, 0x0000001d,
	0x00002804, 0x20220700, 0x0001e363, 0xb14c2022,
	0x20220001, 0x0001eb0b, 0xeb2c2022, 0x00280001,
	0x00050000, 0xec0e0012, 0x00380001, 0x74786574,
	0x23004449, 0x02000b00, 0x0000001d, 0x00002804,
	0x00550700, 0x002a0003, 0x00050000, 0xec380012,
	0x00380001, 0x74786574, 0x325f4449, 0x0b002300,
	0x001d0200, 0x2c040000, 0x07000000, 0x00030055,
	0x00000027, 0x00120005, 0x0001ec5f, 0x6f670038,
	0x00586c61, 0x000b0023, 0x00001d02, 0x00300400,
	0x55070000, 0x21000400, 0x05000000, 0x80001200,
	0x380001ec, 0x616f6700, 0x23005a6c, 0x01000500,
	0x00000012, 0x00040055, 0x00000025, 0x00120005,
	0x0001eca5, 0x6e630038, 0x00230074, 0x1d02000b,
	0x04000000, 0x00000038, 0x01005507, 0x00002600,
	0x12000500, 0x01eccb00, 0x6d003800, 0x0065646f,
	0x000b0023, 0x00001d02, 0x003c0400, 0x55070000,
	0x24000100, 0x0c000000, 0xef001200, 0x380001ec,
	0x007a6300, 0x000b0023, 0x00001d02, 0x00270400,
	0x55070000, 0x24000100, 0x0c000000, 0x13001200,
	0x380001ed, 0x00786300, 0x000b0023, 0x00001d02,
	0x00260400, 0x55070000, 0x2b000100, 0x0c000000,
	0x3e001200, 0x380001ed, 0x616f6700, 0x646f4d6c,
	0x00706c65, 0x00050023, 0x00001101, 0x05008300,
	0xaf4e0100, 0x002c0001, 0x000c0000, 0xed6a0012,
	0x00380001, 0x72617473, 0x646f4d74, 0x00706c65,
	0x00050023, 0x00001001, 0x05008300, 0xaf4e0100,
	0x00040001, 0x008e0000, 0x00140000, 0xef4f0012,
	0x00380001, 0x65766f6d, 0x72616843, 0x73697841,
	0xec011100, 0x21800b0c, 0x0b0f2801, 0x30010680,
	0x43000077, 0x02000c20, 0x0000001d, 0x00001004,
	0x53060700, 0x02000c20, 0x0000001d, 0x00001404,
	0x63060700, 0x02000c20, 0x0000001d, 0x00001804,
	0xa3060700, 0x02000c02, 0x0000001d, 0x00001c04,
	0x13060700, 0x01000b20, 0x0000001d, 0x00002804,
	0x20220700, 0x0001e363, 0xb14c2022, 0x20220001,
	0x0001eb2c, 0x00000028, 0x00120005, 0x0001ee24,
	0x65740038, 0x44497478, 0x0b002300, 0x001d0200,
	0x28040000, 0x07000000, 0x00030055, 0x00000020,
	0x00120005, 0x0001ee44, 0x6f670038, 0x23006c61,
	0x01000500, 0x00000012, 0x00040055, 0x00000026,
	0x00120005, 0x0001ee6a, 0x78610038, 0x23007369,
	0x02000b00, 0x0000001d, 0x00003004, 0x00550700,
	0x00250001, 0x00050000, 0xee8f0012, 0x00380001,
	0x00746e63, 0x000b0023, 0x00001d02, 0x00340400,
	0x55070000, 0x26000100, 0x05000000, 0xb5001200,
	0x380001ee, 0x646f6d00, 0x00230065, 0x1d02000b,
	0x04000000, 0x00000038, 0x01005507, 0x00002400,
	0x12000c00, 0x01eed900, 0x63003800, 0x0023007a,
	0x1d02000b, 0x04000000, 0x00000027, 0x01005507,
	0x00002400, 0x12000c00, 0x01eefd00, 0x63003800,
	0x00230078, 0x1d02000b, 0x04000000, 0x00000026,
	0x01005507, 0x00002200, 0x12000c00, 0x01ef1f00,
	0x78003800, 0x23007a79, 0x01000500, 0x00000011,
	0x00030063, 0x2c000a01, 0x0c000000, 0x4b001200,
	0x380001ef, 0x61747300, 0x6f4d7472, 0x706c6564,
	0x05002300, 0x00100100, 0x00830000, 0x4e010005,
	0x040001af, 0x6d000000, 0x14000000, 0x06001200,
	0x380001f0, 0x74656700, 0x72616843, 0x65746361,
	0x646f4d72, 0x11006c65, 0x0b060401, 0x14012180,
	0x06800b07, 0x00787801, 0x0c204300, 0x001d0200,
	0x00040000, 0x07000000, 0x0c205306, 0x001d0200,
	0x04040000, 0x07000000, 0x0b201306, 0x001d0100,
	0x08040000, 0x07000000, 0xb2282022, 0x20220001,
	0x0001e7fd, 0x00000025, 0x00120005, 0x0001efe1,
	0x65740038, 0x44497478, 0x05002300, 0x00100100,
	0x00630000, 0x03010003, 0x00002100, 0x12000c00,
	0x01f00200, 0x65003800, 0x746e635f, 0x05002300,
	0x00110100, 0x00550000, 0x00040007, 0x00250000,
	0x00070000, 0xf02b0012, 0x00380001, 0x52435367,
	0x464f5f4e, 0x00230059, 0x00030005, 0x558013d3,
	0x25000a00, 0x07000000, 0x50001200, 0x380001f0,
	0x43536700, 0x4f5f4e52, 0x23005846, 0x03000500,
	0x8013d304, 0x000a0055, 0x00000028, 0x00120007,
	0x0001f078, 0x73470038, 0x414d5357, 0x58495254,
	0x05002300, 0x36dc0300, 0x00728014, 0x0001a62e,
	0x0000008e, 0x00120014, 0x0001f1b7, 0x65670038,
	0x72635374, 0x506e6565, 0x1100736f, 0x0b0f2801,
	0x10012180, 0x06800b10, 0x00792a01, 0x0c204300,
	0x001d0200, 0x10040000, 0x07000000, 0x0c205306,
	0x001d0200, 0x14040000, 0x07000000, 0x0c206306,
	0x001d0200, 0x18040000, 0x07000000, 0x0c02a306,
	0x001d0200, 0x1c040000, 0x07000000, 0x0b201306,
	0x001d0100, 0x30040000, 0x07000000, 0xf0062022,
	0x20220001, 0x0001f02b, 0xf0502022, 0x00200001,
	0x00050000, 0xf1260012, 0x00380001, 0x00230078,
	0x11010005, 0x63000000, 0x01000300, 0x00200004,
	0x00050000, 0xf1460012, 0x00380001, 0x00230079,
	0x10010005, 0x63000000, 0x01000300, 0x00200004,
	0x00050000, 0xf1660012, 0x00380001, 0x0023007a,
	0x12010005, 0x63000000, 0x01000300, 0x00260004,
	0x000c0000, 0xf18c0012, 0x00380001, 0x23007978,
	0x02000b00, 0x0000001d, 0x00002804, 0x00720700,
	0x0001a684, 0x00000027, 0x0012000c, 0x0001f1b3,
	0x6f700038, 0x00230073, 0x1d02000b, 0x04000000,
	0x00000020, 0x84007207, 0x040001a6, 0x25000000,
	0x07000000, 0xdc001200, 0x380001f1, 0x454b6700,
	0x41445f59, 0x23004154, 0x03000500, 0x8013d320,
	0x000c0055, 0x00000028, 0x00120007, 0x0001f204,
	0x75670038, 0x70614d73, 0x74786554, 0x23006f4e,
	0x03000500, 0x8013d178, 0x00060055, 0x00000026,
	0x00120007, 0x0001f22a, 0x4f670038, 0x6f52646c,
	0x6f4e6461, 0x05002300, 0xd0e20300, 0x00558013,
	0x00230003, 0x00070000, 0xf24d0012, 0x00380001,
	0x616f5267, 0x006f4e64, 0x00050023, 0x13d0e303,
	0x03005580, 0x00002700, 0x12000700, 0x01f27400,
	0x67003800, 0x6e65704f, 0x726f6f44, 0x23006f4e,
	0x03000500, 0x8013d126, 0x00010055, 0x00000026,
	0x00120007, 0x0001f29a, 0x4e670038, 0x4d747865,
	0x6f4e7061, 0x05002300, 0xd1100300, 0x00558013,
	0x00220003, 0x00070000, 0xf2bc0012, 0x00380001,
	0x63704e67, 0x23006f4e, 0x03000500, 0x8013cfd0,
	0x00010055, 0x000000d0, 0x00120014, 0x0001f3d4,
	0x68630038, 0x456b6365, 0x746e6576, 0x20011100,
	0x21800af3, 0x0af6dc01, 0x8c010680, 0x43000079,
	0x02000c20, 0x0000001d, 0x00001004, 0x53060700,
	0x02000c20, 0x0000001d, 0x00001404, 0xa3060700,
	0x02000c02, 0x0000001d, 0x00001804, 0x13060700,
	0x01000b20, 0x0000001d, 0x00002004, 0x20220700,
	0x0001caaf, 0xf1b72022, 0x20220001, 0x0001f1dc,
	0xc1a32022, 0x20220001, 0x0001f204, 0xf22a2022,
	0x20220001, 0x0001b64b, 0xf24d2022, 0x20220001,
	0x0001f274, 0xdfd92022, 0x20220001, 0x0001b228,
	0xb95e2022, 0x20220001, 0x0001beaf, 0xe7fd2022,
	0x20220001, 0x0001f29a, 0xb1012022, 0x20220001,
	0x0001be00, 0x00000023, 0x0012000c, 0x0001f3af,
	0x76650038, 0x4e746e65, 0x0023006f, 0x10010005,
	0x55000000, 0x21000300, 0x0c000000, 0xd0001200,
	0x380001f3, 0x74696800, 0x23006f4e, 0x01000500,
	0x00000011, 0x00040055, 0x00000004, 0x00000067,
	0x00120014, 0x0001f4a6, 0x68630038, 0x546b6365,
	0x72616b61, 0x01110061, 0x800b1010, 0x117c0121,
	0x0106800b, 0x00007b56, 0x000c2043, 0x00001d02,
	0x00100400, 0x06070000, 0x000c02a3, 0x00001d02,
	0x00140400, 0x06070000, 0x000b2013, 0x00001d01,
	0x00200400, 0x22070000, 0x01cc3d20, 0x01202200,
	0x210001b1, 0x0c000000, 0x5c001200, 0x380001f4,
	0x635f7400, 0x2300746e, 0x01000500, 0x00000010,
	0x00070055, 0x00000023, 0x0012000c, 0x0001f47f,
	0x00680038, 0x000b0023, 0x00001d02, 0x001e0400,
	0x55070000, 0x23000400, 0x0c000000, 0xa2001200,
	0x380001f4, 0x23007700, 0x02000b00, 0x0000001d,
	0x00001c04, 0x00550700, 0x00040004, 0x00260000,
	0x00070000, 0xf4cc0012, 0x00380001, 0x64614667,
	0x436e4965, 0x2300746e, 0x03000500, 0x8013cfea,
	0x00040055, 0x00000027, 0x00120007, 0x0001f4f3,
	0x46670038, 0x4f656461, 0x6e437475, 0x00230074,
	0xec030005, 0x558013cf, 0x7a000400, 0x14000000,
	0x6d001200, 0x380001f5, 0x796f6200, 0x43746341,
	0x676e6168, 0x65724165, 0x01110061, 0x800add8c,
	0xdf100121, 0x0106800a, 0x00007bc2, 0x000c02a3,
	0x00001d02, 0x00100400, 0x06070000, 0x000b2013,
	0x00001d01, 0x00180400, 0x22070000, 0x01a5a420,
	0x01202200, 0x220001b1, 0x01f4a620, 0x7c202200,
	0x220001c3, 0x01f27420, 0x2a202200, 0x220001f2,
	0x01f4cc20, 0x00007c00, 0x12001400, 0x01f65300,
	0x6c003800, 0x6c657665, 0x6f427055, 0x01110079,
	0x800b117c, 0x12880121, 0x0106800b, 0x00007cba,
	0x000c2043, 0x00001d02, 0x00100400, 0x06070000,
	0x000c2053, 0x00001d02, 0x00140400, 0x06070000,
	0x000c02a3, 0x00001d02, 0x00180400, 0x06070000,
	0x000b2013, 0x00001d01, 0x00200400, 0x22070000,
	0x01b10120, 0xe8202200, 0x220001a4, 0x01a47220,
	0x00002500, 0x12000500, 0x01f60e00, 0x6e003800,
	0x23006d75, 0x02000b00, 0x0000001d, 0x00002004,
	0x00550700, 0x001f0004, 0x00050000, 0xf62d0012,
	0x00380001, 0x00646461, 0x00050023, 0x00001101,
	0x01005500, 0x00002200, 0x12000c00, 0x01f64f00,
	0x72003800, 0x4e646e61, 0x0023006f, 0x10010005,
	0x55000000, 0x04000700, 0x2c000000, 0x07000000,
	0x7f001200, 0x380001f6, 0x72546700, 0x696e6961,
	0x6e45676e, 0x616c4664, 0x00230067, 0xd4030005,
	0x558013cf, 0x37000700, 0x14000000, 0xb6001200,
	0x380001f6, 0x65686300, 0x6e456b63, 0x61725464,
	0x6e696e69, 0x01110067, 0x800b1288, 0x12b40121,
	0x0106800b, 0x00007d6c, 0xf6532022, 0x00200001,
	0x00010000, 0xf6d60012, 0x00a30001, 0x0a000010,
	0x00000000, 0x00001e00, 0x00550800, 0x00200001,
	0x00010000, 0xf6f60012, 0x00a30001, 0x0a000010,
	0x00000000, 0x00001e00, 0x00550800, 0x00200001,
	0x00010000, 0xf7160012, 0x00a30001, 0x0a000010,
	0x00000000, 0x00001600, 0x00550800, 0x00200001,
	0x00010000, 0xf7360012, 0x00a30001, 0x0a000010,
	0x00000000, 0x00001e00, 0x00550800, 0x00200001,
	0x00010000, 0xf7560012, 0x00a30001, 0x0a000010,
	0x00000000, 0x00001800, 0x00550800, 0x00200001,
	0x00010000, 0xf7760012, 0x00a30001, 0x0a000010,
	0x00000000, 0x00000500, 0x00550800, 0x002b000d,
	0x00070000, 0xf7a10012, 0x00380001, 0x77617264,
	0x68636145, 0x7373654d, 0x00656761, 0x00050023,
	0x0b12b403, 0x14005580, 0x00009500, 0x12001400,
	0x01f8fa00, 0x62003800, 0x6341796f, 0x73654d74,
	0x65676173, 0x18011100, 0x21800aed, 0x0af0e401,
	0xc4010680, 0xa300007d, 0x02000c02, 0x0000001d,
	0x00002004, 0x13060700, 0x01000b20, 0x0000001d,
	0x00004804, 0x20220700, 0x0001a4e8, 0xa4bf2022,
	0x20220001, 0x0001b101, 0xc30a2022, 0x20220001,
	0x0001beaf, 0xc37c2022, 0x20220001, 0x0001f776,
	0xc4b92022, 0x20220001, 0x0001cc3d, 0xcaaf2022,
	0x20220001, 0x0001b228, 0xa4722022, 0x00200001,
	0x00010000, 0xf8560012, 0x00a30001, 0x0a000010,
	0x00000000, 0x00000100, 0x00550800, 0x00260004,
	0x000c0000, 0xf87c0012, 0x00380001, 0x23007978,
	0x02000b00, 0x0000001d, 0x00004404, 0x00720700,
	0x0001f836, 0x0000002a, 0x0012000c, 0x0001f8a6,
	0x74730038, 0x52747261, 0x0b002300, 0x001d0200,
	0x3c040000, 0x07000000, 0xbeff0072, 0x00280001,
	0x000c0000, 0xf8ce0012, 0x00380001, 0x526e6977,
	0x0b002300, 0x001d0200, 0x34040000, 0x07000000,
	0xbeff0072, 0x00280001, 0x000c0000, 0xf8f60012,
	0x00380001, 0x74636572, 0x0b002300, 0x001d0200,
	0x2c040000, 0x07000000, 0xbeff0072, 0x00040001,
	0x00550000, 0x00140000, 0xf94f0012, 0x00380001,
	0x77617264, 0x68636145, 0x7373654d, 0x00656761,
	0x12b40111, 0x0121800b, 0x800b1320, 0x80420106,
	0x02a30000, 0x1d02000c, 0x04000000, 0x00000028,
	0x20130607, 0x1d01000b, 0x04000000, 0x00000030,
	0xb0202207, 0x580001c9, 0x14000000, 0xa7001200,
	0x380001f9, 0x65686300, 0x654d6b63, 0x67617373,
	0x01110065, 0x800af9b0, 0xf9fc0121, 0x0106800a,
	0x00008086, 0x000c02a3, 0x00001d02, 0x00100400,
	0x06070000, 0x000b2013, 0x00001d01, 0x00180400,
	0x22070000, 0x01a4bf20, 0xe8202200, 0x270001a4,
	0x07000000, 0xce001200, 0x380001f9, 0x49546700,
	0x4d5f454d, 0x48544e4f, 0x05002300, 0xd33e0300,
	0x00558013, 0x00200003, 0x00070000, 0xf9ee0012,
	0x00380001, 0x54494267, 0x05002300, 0xd2f80300,
	0x00558013, 0x008e000a, 0x00140000, 0xfac30012,
	0x00380001, 0x63656863, 0x64654d6b, 0x11006c61,
	0x0af6dc01, 0xb0012180, 0x06800af9, 0x0080ca01,
	0x0c204300, 0x001d0200, 0x10040000, 0x07000000,
	0x0c205306, 0x001d0200, 0x14040000, 0x07000000,
	0x0c02a306, 0x001d0200, 0x18040000, 0x07000000,
	0x0b201306, 0x001d0100, 0x20040000, 0x07000000,
	0xa4bf2022, 0x20220001, 0x0001dfd9, 0xb1012022,
	0x20220001, 0x0001f9a7, 0xf9ce2022, 0x20220001,
	0x0001be00, 0x0000001d, 0x0012000c, 0x0001fa99,
	0x00690038, 0x00050023, 0x00001001, 0x07005500,
	0x00002600, 0x12000c00, 0x01fabf00, 0x70003800,
	0x6d617261, 0x05002300, 0x00110100, 0x00830000,
	0xd5010005, 0x040001ba, 0x26000000, 0x07000000,
	0xe9001200, 0x380001fa, 0x49546700, 0x485f454d,
	0x0052554f, 0x00050023, 0x13d2f603, 0x04005580,
	0x00002000, 0x12000100, 0x01fb0900, 0x1000a300,
	0x000a0000, 0x00000000, 0x00000009, 0x01005508,
	0x00001200, 0x12001300, 0x01fc0e00, 0x1000b600,
	0x23000000, 0x0d000000, 0x3e001200, 0x380001fb,
	0x6d616e00, 0x00720065, 0x0001fae9, 0x00060023,
	0x00000004, 0x00230700, 0x000d0000, 0xfb610012,
	0x00380001, 0x3266616d, 0x55003635, 0x23000100,
	0x04000600, 0x0000000a, 0x00002207, 0x12000d00,
	0x01fb8300, 0x6d003800, 0x36316661, 0x01005500,
	0x06002300, 0x000b0400, 0x20070000, 0x0d000000,
	0xa3001200, 0x380001fb, 0x736d6500, 0x01005500,
	0x06002300, 0x000c0400, 0x21070000, 0x0d000000,
	0xc4001200, 0x380001fb, 0x6f6f6400, 0x00550072,
	0x00230001, 0x0d040006, 0x07000000, 0x00000023,
	0x0012000d, 0x0001fbe7, 0x6f740038, 0x74656c69,
	0x01005500, 0x06002300, 0x000e0400, 0x23070000,
	0x0d000000, 0x0a001200, 0x380001fc, 0x6d616e00,
	0x006f4e65, 0x00010055, 0x00060023, 0x00000f04,
	0x00040700, 0x00220000, 0x00010000, 0xfc300012,
	0x00a30001, 0x0a000012, 0x00000000, 0xffffff00,
	0x007208ff, 0x0001fb09, 0x00000026, 0x00120007,
	0x0001fc56, 0x414d0038, 0x49465f50, 0x2300454c,
	0x03000500, 0x8013413c, 0xfc0e0072, 0x00280001,
	0x00070000, 0xfc7e0012, 0x00380001, 0x4d495467,
	0x494d5f45, 0x4554554e, 0x05002300, 0xd2f40300,
	0x00558013, 0x00200004, 0x00010000, 0xfc9e0012,
	0x00a30001, 0x0a000010, 0x00000000, 0x00000700,
	0x00550800, 0x00120001, 0x00130000, 0xfeda0012,
	0x00b60001, 0x0000001c, 0x00000028, 0x0012000d,
	0x0001fcd8, 0x4d620038, 0x546c6165, 0x00656d69,
	0xfc7e0072, 0x00230001, 0x00040006, 0x07000000,
	0x00000027, 0x0012000d, 0x0001fcff, 0x616d0038,
	0x6f745378, 0x6863616d, 0x03005500, 0x06002300,
	0x00080400, 0x28070000, 0x0d000000, 0x27001200,
	0x380001fd, 0x6c756600, 0x6f74536c, 0x6863616d,
	0x03005500, 0x06002300, 0x00090400, 0x27070000,
	0x0d000000, 0x4e001200, 0x380001fd, 0x74656d00,
	0x6c6f6261, 0x006d7369, 0x00030055, 0x00060023,
	0x00000a04, 0x00250700, 0x000d0000, 0xfd730012,
	0x00380001, 0x676e7564, 0x656d6954, 0x04005500,
	0x06002300, 0x000c0400, 0x29070000, 0x0d000000,
	0x9c001200, 0x380001fd, 0x73657200, 0x646f4d74,
	0x6d695465, 0x00550065, 0x00230004, 0x0e040006,
	0x07000000, 0x00000025, 0x0012000d, 0x0001fdc1,
	0x75640038, 0x6953676e, 0x5500657a, 0x23000300,
	0x04000600, 0x00000010, 0x00002507, 0x12000d00,
	0x01fde600, 0x66003800, 0x726f7661, 0x00657469,
	0x00030055, 0x00060023, 0x00001104, 0x00230700,
	0x000d0000, 0xfe090012, 0x00380001, 0x6566696c,
	0x55006f4e, 0x23000300, 0x04000600, 0x00000012,
	0x00002b07, 0x12000d00, 0x01fe3400, 0x63003800,
	0x61726168, 0x72657463, 0x69747369, 0x00550063,
	0x00230003, 0x13040006, 0x07000000, 0x00000025,
	0x0012000d, 0x0001fe59, 0x72740038, 0x696e6961,
	0x5500676e, 0x23000300, 0x04000600, 0x00000014,
	0x00002307, 0x12000d00, 0x01fe7c00, 0x77003800,
	0x68676965, 0x00550074, 0x00230003, 0x15040006,
	0x07000000, 0x0000001e, 0x0012000d, 0x0001fe9a,
	0x00780038, 0x00040055, 0x00060023, 0x00001604,
	0x001e0700, 0x000d0000, 0xfeb80012, 0x00380001,
	0x00550079, 0x00230004, 0x18040006, 0x07000000,
	0x0000001e, 0x0012000d, 0x0001fed6, 0x007a0038,
	0x00040055, 0x00060023, 0x00001a04, 0x00040700,
	0x00220000, 0x00010000, 0xfefc0012, 0x00a30001,
	0x0a000012, 0x00000000, 0xffffff00, 0x007208ff,
	0x0001fc9e, 0x00000026, 0x00120007, 0x0001ff22,
	0x43670038, 0x6e497075, 0x23006f66, 0x03000500,
	0x8012cf84, 0xfeda0072, 0x00250001, 0x00070000,
	0xff470012, 0x00380001, 0x4d495467, 0x41445f45,
	0x00230059, 0x40030005, 0x558013d3, 0x27000400,
	0x07000000, 0x6e001200, 0x380001ff, 0x4f576700,
	0x5f444c52, 0x454d4954, 0x05002300, 0xd3440300,
	0x00558013, 0x009b0006, 0x00140000, 0x00530012,
	0x00380002, 0x65746661, 0x74614272, 0x54656c74,
	0x00656d69, 0xfee00111, 0x0121800a, 0x800b02b4,
	0x82bc0106, 0x20430000, 0x1d02000c, 0x04000000,
	0x00000010, 0x02a30607, 0x1d02000c, 0x04000000,
	0x00000014, 0x20130607, 0x1d01000b, 0x04000000,
	0x00000018, 0xc3202207, 0x220001fa, 0x01fc3020,
	0xfd202200, 0x220001df, 0x01fc5620, 0xd9202200,
	0x220001df, 0x01fefc20, 0x00202200, 0x220001be,
	0x01f9a720, 0x22202200, 0x220001ff, 0x01ff4720,
	0x00002700, 0x12000500, 0x02003000, 0x62003800,
	0x67616c46, 0x0b002300, 0x001d0200, 0x18040000,
	0x07000000, 0x00010055, 0x0000001f, 0x0012000c,
	0x0002004f, 0x6d650038, 0x00230073, 0x10010005,
	0x55000000, 0x04000100, 0x2b000000, 0x07000000,
	0x7e001200, 0x38000200, 0x69446700, 0x70696373,
	0x656e696c, 0x656d6954, 0x05002300, 0x00000300,
	0x00550000, 0x00270003, 0x000c0000, 0x00a50012,
	0x00380002, 0x66414267, 0x4f726574, 0x00597366,
	0x00050023, 0x00000003, 0x04005500, 0x00002700,
	0x12000c00, 0x0200cc00, 0x67003800, 0x74664142,
	0x664f7265, 0x23005873, 0x03000500, 0x00000000,
	0x00040055, 0x00000027, 0x0012000c, 0x000200f3,
	0x42670038, 0x65746641, 0x72635372, 0x00230059,
	0x00030005, 0x55000000, 0x27000400, 0x0c000000,
	0x1a001200, 0x38000201, 0x41426700, 0x72657466,
	0x58726353, 0x05002300, 0x00000300, 0x00550000,
	0x00240004, 0x000c0000, 0x013e0012, 0x00380002,
	0x66414267, 0x59726574, 0x05002300, 0x00000300,
	0x00550000, 0x00240004, 0x000c0000, 0x01620012,
	0x00380002, 0x66414267, 0x58726574, 0x05002300,
	0x00000300, 0x00550000, 0x00260004, 0x00070000,
	0x01880012, 0x00380002, 0x74654767, 0x69547055,
	0x2300656d, 0x03000500, 0x8013cfd8, 0x00010055,
	0x00000028, 0x00120007, 0x000201b0, 0x45670038,
	0x65446f76, 0x656c5373, 0x23007065, 0x03000500,
	0x8013cfdc, 0x00070055, 0x00000004, 0x0000005c,
	0x00120011, 0x00020d51, 0x574d0258, 0x4e495720,
	0x4d203233, 0x20535049, 0x6f432d43, 0x6c69706d,
	0x38007265, 0x5c3a4300, 0x69676964, 0x5c6e6f6d,
	0x414b414e, 0x414b5554, 0x6461665c, 0x00632e65,
	0x00020136, 0x01110000, 0x800b1320, 0x18140121,
	0x0106800b, 0x00008468, 0x00000029, 0x00120007,
	0x00020239, 0x4e670038, 0x6150746f, 0x46657375,
	0x0067616c, 0x00050023, 0x13cfe403, 0x07005580,
	0x00002900, 0x12000700, 0x02026200, 0x67003800,
	0x65646146, 0x696d6553, 0x65646f4d, 0x05002300,
	0xcfe80300, 0x00558013, 0x00240003, 0x00070000,
	0x02860012, 0x00380002, 0x64614667, 0x62675265,
	0x05002300, 0xcfe90300, 0x00558013, 0x00260003,
	0x00070000, 0x02ac0012, 0x00380002, 0x64614667,
	0x436e4965, 0x2300746e, 0x03000500, 0x8013cfea,
	0x00040055, 0x00000027, 0x0012000c, 0x000202d3,
	0x46670038, 0x49656461, 0x6d69546e, 0x00230065,
	0xe0030005, 0x558013cf, 0x27000400, 0x07000000,
	0xfa001200, 0x38000202, 0x61466700, 0x754f6564,
	0x746e4374, 0x05002300, 0xcfec0300, 0x00558013,
	0x00280004, 0x000c0000, 0x03220012, 0x00380002,
	0x64614667, 0x74754f65, 0x656d6954, 0x05002300,
	0xcfe20300, 0x00558013, 0x00530004, 0x00140000,
	0x03750012, 0x00380002, 0x74696e69, 0x65646146,
	0x20011100, 0x21800b13, 0x0b134801, 0x68010680,
	0x22000084, 0x02021020, 0x39202200, 0x22000202,
	0x02026220, 0x86202200, 0x22000202, 0x0202ac20,
	0xd3202200, 0x22000202, 0x0202fa20, 0x00002300,
	0x12000700, 0x02039800, 0x66003800, 0x4f656461,
	0x23007475, 0x03000500, 0x800b1348, 0x00140055,
	0x0000006e, 0x00120014, 0x00020431, 0x65730038,
	0x64614674, 0x74754f65, 0xcc011100, 0x21800b13,
	0x0b146c01, 0xd4010680, 0xa3000084, 0x02000c02,
	0x0000001d, 0x00001004, 0x13060700, 0x01000b20,
	0x0000001d, 0x00001804, 0x20220700, 0x00020210,
	0x03752022, 0x20220002, 0x00020239, 0x02d32022,
	0x20220002, 0x000202fa, 0x02862022, 0x00270002,
	0x00050000, 0x042d0012, 0x00380002, 0x6d617266,
	0x00230065, 0x1d02000b, 0x04000000, 0x00000018,
	0x04005507, 0x00000400, 0x00002200, 0x12000700,
	0x02045300, 0x66003800, 0x49656461, 0x0023006e,
	0x6c030005, 0x55800b14, 0x67001400, 0x14000000,
	0xe5001200, 0x38000204, 0x74657300, 0x65646146,
	0x11006e49, 0x0b156001, 0xd4012180, 0x06800b15,
	0x00854001, 0x0c02a300, 0x001d0200, 0x10040000,
	0x07000000, 0x0b201306, 0x001d0100, 0x18040000,
	0x07000000, 0x04312022, 0x20220002, 0x00020239,
	0x02862022, 0x20220002, 0x000202ac, 0x02d32022,
	0x00270002, 0x00050000, 0x04e10012, 0x00380002,
	0x6d617266, 0x00230065, 0x1d02000b, 0x04000000,
	0x00000018, 0x04005507, 0x00000400, 0x00006000,
	0x12001400, 0x02054500, 0x72003800, 0x74657365,
	0x65646146, 0x4974754f, 0x0111006e, 0x00000000,
	0x00380121, 0x01060000, 0x000085a2, 0x000c02a3,
	0x00001d02, 0x00100400, 0x06070000, 0x000b2013,
	0x00001d01, 0x00180400, 0x22070000, 0x02023920,
	0x86202200, 0x22000202, 0x0202d320, 0x00006900,
	0x12001400, 0x0205d100, 0x66003800, 0x4f656461,
	0x11007475, 0x0b134801, 0xcc012180, 0x06800b13,
	0x0085f001, 0x0c204300, 0x001d0200, 0x10040000,
	0x07000000, 0x0c02a306, 0x001d0200, 0x14040000,
	0x07000000, 0x0b201306, 0x001d0100, 0x18040000,
	0x07000000, 0x02d32022, 0x20220002, 0x00020262,
	0x02fa2022, 0x001f0002, 0x000c0000, 0x05cd0012,
	0x00380002, 0x00626772, 0x00050023, 0x00001001,
	0x03005500, 0x00000400, 0x00007e00, 0x12001400,
	0x0206ba00, 0x66003800, 0x49656461, 0x0111006e,
	0x800b146c, 0x15600121, 0x0106800b, 0x00008652,
	0x000c2043, 0x00001d02, 0x00100400, 0x06070000,
	0x000c2053, 0x00001d02, 0x00140400, 0x06070000,
	0x000c02a3, 0x00001d02, 0x00180400, 0x06070000,
	0x000b2013, 0x00001d01, 0x00200400, 0x22070000,
	0x02021020, 0x86202200, 0x22000202, 0x02026220,
	0xac202200, 0x27000202, 0x05000000, 0x76001200,
	0x38000206, 0x61726600, 0x2300656d, 0x02000b00,
	0x0000001d, 0x00002004, 0x00550700, 0x001f0004,
	0x000c0000, 0x06950012, 0x00380002, 0x00626772,
	0x00050023, 0x00001101, 0x03005500, 0x00002100,
	0x12000c00, 0x0206b600, 0x6e003800, 0x65646146,
	0x05002300, 0x00100100, 0x00550000, 0x00040004,
	0x00120000, 0x00130000, 0x07220012, 0x00b60002,
	0x00000004, 0x00000028, 0x0012000d, 0x000206f4,
	0x00700038, 0x00090055, 0x000000c5, 0x001800d6,
	0x00230000, 0x00040006, 0x07000000, 0x0000002a,
	0x0012000d, 0x0002071e, 0x756e0038, 0x0055006d,
	0x00c50003, 0x00d60000, 0x00000008, 0x00060023,
	0x00000304, 0x00040700, 0x00120000, 0x00130000,
	0x07ea0012, 0x00b60002, 0x00000014, 0x00000023,
	0x0012000d, 0x00020757, 0x656c0038, 0x6874676e,
	0x0c005500, 0x06002300, 0x00000400, 0x25070000,
	0x0d000000, 0x7c001200, 0x38000207, 0x67726f00,
	0x05008300, 0x06ba0100, 0x00230002, 0x04040006,
	0x07000000, 0x00000023, 0x0012000d, 0x0002079f,
	0x666f0038, 0x74657366, 0x0c005500, 0x06002300,
	0x00080400, 0x22070000, 0x0d000000, 0xc1001200,
	0x38000207, 0x696f7000, 0x5500746e, 0x23000c00,
	0x04000600, 0x0000000c, 0x00002507, 0x12000d00,
	0x0207e600, 0x74003800, 0x83006761, 0x01000500,
	0x000206ba, 0x00060023, 0x00001004, 0x00040700,
	0x00290000, 0x00070000, 0x08130012, 0x00380002,
	0x5f544f67, 0x70544341, 0x05002300, 0xd31c0300,
	0x00838013, 0x22010005, 0x74000207, 0x14000000,
	0xf8001200, 0x3800020b, 0x61726400, 0x64614677,
	0x01110065, 0x800b15d4, 0x170c0121, 0x0106800b,
	0x000086fa, 0x000c2043, 0x00001d02, 0x00180400,
	0x06070000, 0x000c2053, 0x00001d02, 0x001c0400,
	0x06070000, 0x000c02a3, 0x00001d02, 0x00200400,
	0x06070000, 0x000b2013, 0x00001d01, 0x00280400,
	0x22070000, 0x0207ea20, 0x39202200, 0x1f000202,
	0x05000000, 0xa6001200, 0x38000208, 0x62677200,
	0x05002300, 0x00110100, 0x00550000, 0x00120003,
	0x00130000, 0x0bcf0012, 0x00b60002, 0x00000028,
	0x00000020, 0x0012000d, 0x000208d8, 0x61740038,
	0x00550067, 0x0023000c, 0x00040006, 0x07000000,
	0x0000001f, 0x0012000d, 0x000208f7, 0x30720038,
	0x03005500, 0x06002300, 0x00040400, 0x1f070000,
	0x0d000000, 0x16001200, 0x38000209, 0x00306700,
	0x00030055, 0x00060023, 0x00000504, 0x001f0700,
	0x000d0000, 0x09350012, 0x00380002, 0x55003062,
	0x23000300, 0x04000600, 0x00000006, 0x00002107,
	0x12000d00, 0x02095600, 0x63003800, 0x0065646f,
	0x00030055, 0x00060023, 0x00000704, 0x001f0700,
	0x000d0000, 0x09750012, 0x00380002, 0x55003078,
	0x23000400, 0x04000600, 0x00000008, 0x00001f07,
	0x12000d00, 0x02099400, 0x79003800, 0x00550030,
	0x00230004, 0x0a040006, 0x07000000, 0x0000001f,
	0x0012000d, 0x000209b3, 0x30750038, 0x03005500,
	0x06002300, 0x000c0400, 0x1f070000, 0x0d000000,
	0xd2001200, 0x38000209, 0x00307600, 0x00030055,
	0x00060023, 0x00000d04, 0x00210700, 0x000d0000,
	0x09f30012, 0x00380002, 0x74756c63, 0x06005500,
	0x06002300, 0x000e0400, 0x1f070000, 0x0d000000,
	0x12001200, 0x3800020a, 0x00317800, 0x00040055,
	0x00060023, 0x00001004, 0x001f0700, 0x000d0000,
	0x0a310012, 0x00380002, 0x55003179, 0x23000400,
	0x04000600, 0x00000012, 0x00001f07, 0x12000d00,
	0x020a5000, 0x75003800, 0x00550031, 0x00230003,
	0x14040006, 0x07000000, 0x0000001f, 0x0012000d,
	0x00020a6f, 0x31760038, 0x03005500, 0x06002300,
	0x00150400, 0x22070000, 0x0d000000, 0x91001200,
	0x3800020a, 0x61707400, 0x55006567, 0x23000600,
	0x04000600, 0x00000016, 0x00001f07, 0x12000d00,
	0x020ab000, 0x78003800, 0x00550032, 0x00230004,
	0x18040006, 0x07000000, 0x0000001f, 0x0012000d,
	0x00020acf, 0x32790038, 0x04005500, 0x06002300,
	0x001a0400, 0x1f070000, 0x0d000000, 0xee001200,
	0x3800020a, 0x00327500, 0x00030055, 0x00060023,
	0x00001c04, 0x001f0700, 0x000d0000, 0x0b0d0012,
	0x00380002, 0x55003276, 0x23000300, 0x04000600,
	0x0000001d, 0x00002107, 0x12000d00, 0x020b2e00,
	0x70003800, 0x00316461, 0x00060055, 0x00060023,
	0x00001e04, 0x001f0700, 0x000d0000, 0x0b4d0012,
	0x00380002, 0x55003378, 0x23000400, 0x04000600,
	0x00000020, 0x00001f07, 0x12000d00, 0x020b6c00,
	0x79003800, 0x00550033, 0x00230004, 0x22040006,
	0x07000000, 0x0000001f, 0x0012000d, 0x00020b8b,
	0x33750038, 0x03005500, 0x06002300, 0x00240400,
	0x1f070000, 0x0d000000, 0xaa001200, 0x3800020b,
	0x00337600, 0x00030055, 0x00060023, 0x00002504,
	0x00210700, 0x000d0000, 0x0bcb0012, 0x00380002,
	0x32646170, 0x06005500, 0x06002300, 0x00260400,
	0x04070000, 0x25000000, 0x0c000000, 0xf4001200,
	0x3800020b, 0x74667000, 0x00230034, 0x10010005,
	0x83000000, 0x01000500, 0x000208a6, 0x00000004,
	0x00000069, 0x00120014, 0x00020c8c, 0x65730038,
	0x69685774, 0x754f6574, 0x01110074, 0x800b170c,
	0x179c0121, 0x0106800b, 0x00008798, 0x000c02a3,
	0x00001d02, 0x00100400, 0x06070000, 0x000b2013,
	0x00001d01, 0x00180400, 0x22070000, 0x02037520,
	0x39202200, 0x22000202, 0x0202d320, 0xfa202200,
	0x22000202, 0x02028620, 0x00002700, 0x12000500,
	0x020c8800, 0x66003800, 0x656d6172, 0x0b002300,
	0x001d0200, 0x18040000, 0x07000000, 0x00040055,
	0x00000004, 0x00000028, 0x00120007, 0x00020cb4,
	0x46670038, 0x4f656461, 0x6c467475, 0x23006761,
	0x03000500, 0x8013cfee, 0x00030055, 0x0000006e,
	0x00120014, 0x00020d4d, 0x65730038, 0x69685774,
	0x6e496574, 0x9c011100, 0x21800b17, 0x0b181401,
	0xf0010680, 0xa3000087, 0x02000c02, 0x0000001d,
	0x00001004, 0x13060700, 0x01000b20, 0x0000001d,
	0x00001804, 0x20220700, 0x00020431, 0x0c8c2022,
	0x20220002, 0x00020239, 0x02862022, 0x20220002,
	0x000202ac, 0x02d32022, 0x00270002, 0x00050000,
	0x0d490012, 0x00380002, 0x6d617266, 0x00230065,
	0x1d02000b, 0x04000000, 0x00000018, 0x04005507,
	0x00000400, 0x00000400, 0x00005b00, 0x12001100,
	0x02249400, 0x4d025800, 0x49572057, 0x2032334e,
	0x5350494d, 0x432d4320, 0x69706d6f, 0x0072656c,
	0x3a430038, 0x6769645c, 0x6e6f6d69, 0x696b615c,
	0x616d6179, 0x6275635c, 0x00632e65, 0x00020136,
	0x01110000, 0x800b1814, 0x1da00121, 0x0106800b,
	0x0000885c, 0x00000020, 0x00120001, 0x00020dcc,
	0x001000a3, 0x00000a00, 0x0f000000, 0x08000000,
	0x00030055, 0x00000022, 0x00120007, 0x00020dee,
	0x42430038, 0x23004649, 0x03000500, 0x00000000,
	0x0dac0072, 0x00120002, 0x00130000, 0x0e560012,
	0x00b60002, 0x00000004, 0x00000028, 0x0012000d,
	0x00020e28, 0x00700038, 0x00090055, 0x000000c5,
	0x001800d6, 0x00230000, 0x00040006, 0x07000000,
	0x0000002a, 0x0012000d, 0x00020e52, 0x756e0038,
	0x0055006d, 0x00c50003, 0x00d60000, 0x00000008,
	0x00060023, 0x00000304, 0x00040700, 0x00120000,
	0x00130000, 0x0f1e0012, 0x00b60002, 0x00000014,
	0x00000023, 0x0012000d, 0x00020e8b, 0x656c0038,
	0x6874676e, 0x0c005500, 0x06002300, 0x00000400,
	0x25070000, 0x0d000000, 0xb0001200, 0x3800020e,
	0x67726f00, 0x05008300, 0x0dee0100, 0x00230002,
	0x04040006, 0x07000000, 0x00000023, 0x0012000d,
	0x00020ed3, 0x666f0038, 0x74657366, 0x0c005500,
	0x06002300, 0x00080400, 0x22070000, 0x0d000000,
	0xf5001200, 0x3800020e, 0x696f7000, 0x5500746e,
	0x23000c00, 0x04000600, 0x0000000c, 0x00002507,
	0x12000d00, 0x020f1a00, 0x74003800, 0x83006761,
	0x01000500, 0x00020dee, 0x00060023, 0x00001004,
	0x00040700, 0x00290000, 0x00070000, 0x0f470012,
	0x00380002, 0x5f544f67, 0x70544341, 0x05002300,
	0xd31c0300, 0x00838013, 0x56010005, 0x2000020e,
	0x01000000, 0x67001200, 0xa300020f, 0x00001000,
	0x0000000a, 0x00020000, 0x55080000, 0x22000400,
	0x01000000, 0x89001200, 0xa300020f, 0x00001200,
	0x0000000a, 0x00020000, 0x72080000, 0x020f4700,
	0x00002000, 0x12000100, 0x020fa900, 0x1000a300,
	0x000a0000, 0x00000000, 0x00000002, 0x0a005508,
	0x00001200, 0x12001300, 0x020fff00, 0x2000b600,
	0x20000000, 0x0d000000, 0xdb001200, 0x3800020f,
	0x72006d00, 0x020f6700, 0x06002300, 0x00000400,
	0x20070000, 0x0d000000, 0xfb001200, 0x3800020f,
	0x72007400, 0x020f8900, 0x06002300, 0x00140400,
	0x04070000, 0x28000000, 0x07000000, 0x27001200,
	0x38000210, 0x57734700, 0x54414d53, 0x00584952,
	0x00050023, 0x1436dc03, 0xa9007280, 0x7a00020f,
	0x14000000, 0xb6001200, 0x38000215, 0x61724400,
	0x62754377, 0x01110065, 0x800b1814, 0x19a00121,
	0x0106800b, 0x0000885c, 0x000c2043, 0x00001d02,
	0x00100400, 0x06070000, 0x000c2053, 0x00001d02,
	0x00140400, 0x06070000, 0x000c02a3, 0x00001d02,
	0x00180400, 0x06070000, 0x000b2013, 0x00001d01,
	0x00600400, 0x22070000, 0x020dcc20, 0x1e202200,
	0x2200020f, 0x020fff20, 0x00001200, 0x12001300,
	0x02113400, 0x0800b600, 0x1f000000, 0x0d000000,
	0xd2001200, 0x38000210, 0x00787600, 0x00040055,
	0x00060023, 0x00000004, 0x001f0700, 0x000d0000,
	0x10f10012, 0x00380002, 0x55007976, 0x23000400,
	0x04000600, 0x00000002, 0x00001f07, 0x12000d00,
	0x02111000, 0x76003800, 0x0055007a, 0x00230004,
	0x04040006, 0x07000000, 0x00000020, 0x0012000d,
	0x00021130, 0x61700038, 0x00550064, 0x00230004,
	0x06040006, 0x07000000, 0x00000004, 0x00000012,
	0x00120013, 0x00021192, 0x000c00b6, 0x00250000,
	0x000d0000, 0x116b0012, 0x00380002, 0x00707673,
	0x00050083, 0x0210a101, 0x06002300, 0x00000400,
	0x23070000, 0x0d000000, 0x8e001200, 0x38000211,
	0x7a697300, 0x00720065, 0x000210a1, 0x00060023,
	0x00000404, 0x00040700, 0x00260000, 0x00050000,
	0x11b80012, 0x00380002, 0x65627563, 0x00230070,
	0x12010005, 0x83000000, 0x01000500, 0x00021134,
	0x00000024, 0x0012000c, 0x000211dc, 0x62630038,
	0x00706669, 0x00050023, 0x00001101, 0x03006300,
	0x00030100, 0x00000027, 0x0012000c, 0x00021203,
	0x5f6c0038, 0x00746e63, 0x000b0023, 0x00001d02,
	0x00500400, 0x55070000, 0x12000a00, 0x13000000,
	0xcf001200, 0xb6000213, 0x00001c00, 0x00002000,
	0x12000d00, 0x02123500, 0x74003800, 0x55006761,
	0x23000c00, 0x04000600, 0x00000000, 0x00001f07,
	0x12000d00, 0x02125400, 0x72003800, 0x00550030,
	0x00230003, 0x04040006, 0x07000000, 0x0000001f,
	0x0012000d, 0x00021273, 0x30670038, 0x03005500,
	0x06002300, 0x00050400, 0x1f070000, 0x0d000000,
	0x92001200, 0x38000212, 0x00306200, 0x00030055,
	0x00060023, 0x00000604, 0x00210700, 0x000d0000,
	0x12b30012, 0x00380002, 0x65646f63, 0x03005500,
	0x06002300, 0x00070400, 0x1f070000, 0x0d000000,
	0xd2001200, 0x38000212, 0x00307800, 0x00040055,
	0x00060023, 0x00000804, 0x001f0700, 0x000d0000,
	0x12f10012, 0x00380002, 0x55003079, 0x23000400,
	0x04000600, 0x0000000a, 0x00001f07, 0x12000d00,
	0x02131000, 0x78003800, 0x00550031, 0x00230004,
	0x0c040006, 0x07000000, 0x0000001f, 0x0012000d,
	0x0002132f, 0x31790038, 0x04005500, 0x06002300,
	0x000e0400, 0x1f070000, 0x0d000000, 0x4e001200,
	0x38000213, 0x00327800, 0x00040055, 0x00060023,
	0x00001004, 0x001f0700, 0x000d0000, 0x136d0012,
	0x00380002, 0x55003279, 0x23000400, 0x04000600,
	0x00000012, 0x00001f07, 0x12000d00, 0x02138c00,
	0x78003800, 0x00550033, 0x00230004, 0x14040006,
	0x07000000, 0x0000001f, 0x0012000d, 0x000213ab,
	0x33790038, 0x04005500, 0x06002300, 0x00160400,
	0x20070000, 0x0d000000, 0xcb001200, 0x38000213,
	0x64617000, 0x0c005500, 0x06002300, 0x00180400,
	0x04070000, 0x25000000, 0x0c000000, 0xf4001200,
	0x38000213, 0x34666c00, 0x00230070, 0x10010005,
	0x83000000, 0x01000500, 0x00021203, 0x00000027,
	0x0012000c, 0x0002141b, 0x746f0038, 0x0b002300,
	0x001d0200, 0x4c040000, 0x07000000, 0x00030063,
	0x12000a01, 0x13000000, 0x6f001200, 0xb6000214,
	0x00000400, 0x00001f00, 0x12000d00, 0x02144c00,
	0x76003800, 0x00550078, 0x00230004, 0x00040006,
	0x07000000, 0x0000001f, 0x0012000d, 0x0002146b,
	0x79760038, 0x04005500, 0x06002300, 0x00020400,
	0x04070000, 0x22000000, 0x01000000, 0x91001200,
	0xa3000214, 0x00001200, 0x0000000a, 0x00070000,
	0x72080000, 0x02141b00, 0x00002500, 0x12000c00,
	0x0214b600, 0x73003800, 0x0b002300, 0x001d0200,
	0x2c040000, 0x07000000, 0x146f0072, 0x002a0002,
	0x000c0000, 0x14e00012, 0x00380002, 0x706d6574,
	0x23005653, 0x02000b00, 0x0000001d, 0x00002404,
	0x00720700, 0x000210a1, 0x00000023, 0x0012000c,
	0x00021503, 0x00640038, 0x000b0023, 0x00001d02,
	0x005e0400, 0x55070000, 0x23000400, 0x0c000000,
	0x26001200, 0x38000215, 0x23006800, 0x02000b00,
	0x0000001d, 0x00005c04, 0x00550700, 0x00230004,
	0x000c0000, 0x15490012, 0x00380002, 0x00230077,
	0x1d02000b, 0x04000000, 0x0000005a, 0x04005507,
	0x00002300, 0x12000c00, 0x02156c00, 0x7a003800,
	0x0b002300, 0x001d0200, 0x58040000, 0x07000000,
	0x00040055, 0x00000023, 0x0012000c, 0x0002158f,
	0x00790038, 0x000b0023, 0x00001d02, 0x00560400,
	0x55070000, 0x23000400, 0x0c000000, 0xb2001200,
	0x38000215, 0x23007800, 0x02000b00, 0x0000001d,
	0x00005404, 0x00550700, 0x00040004, 0x00200000,
	0x00010000, 0x15d60012, 0x00a30002, 0x0a000010,
	0x00000000, 0x00001300, 0x00550800, 0x00200001,
	0x00010000, 0x15f60012, 0x00a30002, 0x0a000010,
	0x00000000, 0x00000200, 0x00550800, 0x00200003,
	0x00010000, 0x16160012, 0x00a30002, 0x0a000010,
	0x00000000, 0x00000f00, 0x00550800, 0x00120003,
	0x00130000, 0x17960012, 0x00b60002, 0x00000034,
	0x00000023, 0x0012000d, 0x0002164b, 0x616e0038,
	0x7200656d, 0x0215b600, 0x06002300, 0x00000400,
	0x22070000, 0x0d000000, 0x6d001200, 0x38000216,
	0x61706e00, 0x55007472, 0x23000a00, 0x04000600,
	0x00000014, 0x00001f07, 0x12000d00, 0x02168c00,
	0x63003800, 0x00550078, 0x00230004, 0x18040006,
	0x07000000, 0x0000001f, 0x0012000d, 0x000216ab,
	0x79630038, 0x04005500, 0x06002300, 0x001a0400,
	0x26070000, 0x0d000000, 0xd1001200, 0x38000216,
	0x74746100, 0x75626972, 0x55006574, 0x23000300,
	0x04000600, 0x0000001c, 0x00002707, 0x12000d00,
	0x0216f800, 0x67003800, 0x72656e65, 0x6f697461,
	0x0055006e, 0x00230003, 0x1d040006, 0x07000000,
	0x00000025, 0x0012000d, 0x0002171d, 0x616e0038,
	0x65727574, 0xd6007200, 0x23000215, 0x04000600,
	0x0000001e, 0x00002307, 0x12000d00, 0x02174000,
	0x69003800, 0x4e6d6574, 0x0055006f, 0x00230003,
	0x21040006, 0x07000000, 0x00000028, 0x0012000d,
	0x00021768, 0x72700038, 0x6261626f, 0x74696c69,
	0x00550079, 0x00230003, 0x22040006, 0x07000000,
	0x0000002a, 0x0012000d, 0x00021792, 0x73750038,
	0x7a615765, 0x73694c61, 0x00720074, 0x000215f6,
	0x00060023, 0x00002304, 0x00040700, 0x00220000,
	0x00010000, 0x17b80012, 0x00a30002, 0x0a000012,
	0x00000000, 0x0000b300, 0x00720800, 0x00021616,
	0x00000026, 0x00120007, 0x000217de, 0x43670038,
	0x6e495f48, 0x23006f66, 0x03000500, 0x80139a20,
	0x17960072, 0x00120002, 0x00130000, 0x18710012,
	0x00b60002, 0x00000010, 0x0000001f, 0x0012000d,
	0x0002180f, 0x78760038, 0x0a005500, 0x06002300,
	0x00000400, 0x1f070000, 0x0d000000, 0x2e001200,
	0x38000218, 0x00797600, 0x000a0055, 0x00060023,
	0x00000404, 0x001f0700, 0x000d0000, 0x184d0012,
	0x00380002, 0x55007a76, 0x23000a00, 0x04000600,
	0x00000008, 0x00002007, 0x12000d00, 0x02186d00,
	0x70003800, 0x55006461, 0x23000a00, 0x04000600,
	0x0000000c, 0x00000407, 0x00001200, 0x12001300,
	0x0218f400, 0x2800b600, 0x24000000, 0x0d000000,
	0xa7001200, 0x38000218, 0x61637300, 0x7200656c,
	0x0217de00, 0x06002300, 0x00000400, 0x25070000,
	0x0d000000, 0xcc001200, 0x38000218, 0x746f7200,
	0x00657461, 0x10a10072, 0x00230002, 0x10040006,
	0x07000000, 0x00000024, 0x0012000d, 0x000218f0,
	0x72740038, 0x00736e61, 0x17de0072, 0x00230002,
	0x18040006, 0x07000000, 0x00000004, 0x00000023,
	0x00120013, 0x000219f6, 0x475f0038, 0x4f4f4373,
	0x4e494452, 0x32455441, 0x5000b600, 0x20000000,
	0x0d000000, 0x37001200, 0x38000219, 0x676c6600,
	0x0c005500, 0x06002300, 0x00000400, 0x24070000,
	0x0d000000, 0x5b001200, 0x38000219, 0x6f6f6300,
	0x72006472, 0x020fa900, 0x06002300, 0x00040400,
	0x24070000, 0x0d000000, 0x7f001200, 0x38000219,
	0x726f7700, 0x72006d6b, 0x020fa900, 0x06002300,
	0x00240400, 0x27070000, 0x0d000000, 0xa6001200,
	0x38000219, 0x72617000, 0x83006d61, 0x01000500,
	0x00021871, 0x00060023, 0x00004404, 0x00270700,
	0x000d0000, 0x19cd0012, 0x00380002, 0x65707573,
	0x00830072, 0xf4010005, 0x23000218, 0x04000600,
	0x00000048, 0x00002507, 0x12000d00, 0x0219f200,
	0x73003800, 0x83006275, 0x01000500, 0x000218f4,
	0x00060023, 0x00004c04, 0x00040700, 0x00120000,
	0x00130000, 0x1a9c0012, 0x00b60002, 0x00000010,
	0x00000026, 0x0012000d, 0x00021a2e, 0x74610038,
	0x62697274, 0x00657475, 0x000c0055, 0x00060023,
	0x00000004, 0x00280700, 0x000d0000, 0x1a560012,
	0x00380002, 0x726f6f63, 0x83003264, 0x01000500,
	0x000218f4, 0x00060023, 0x00000404, 0x00230700,
	0x000d0000, 0x1a790012, 0x00380002, 0x00646d74,
	0x00030063, 0x23000c01, 0x04000600, 0x00000008,
	0x00001f07, 0x12000d00, 0x021a9800, 0x69003800,
	0x00550064, 0x0023000c, 0x0c040006, 0x07000000,
	0x00000004, 0x00000012, 0x00120013, 0x00021b67,
	0x008800b6, 0x00250000, 0x000d0000, 0x1ad30012,
	0x00380002, 0x656a626f, 0x72007463, 0x0219f600,
	0x06002300, 0x00000400, 0x24070000, 0x0d000000,
	0xf7001200, 0x3800021a, 0x6f6f6300, 0x72006472,
	0x0218f400, 0x06002300, 0x00100400, 0x24070000,
	0x0d000000, 0x1b001200, 0x3800021b, 0x61637300,
	0x7200656c, 0x0217de00, 0x06002300, 0x00600400,
	0x24070000, 0x0d000000, 0x3f001200, 0x3800021b,
	0x676e6100, 0x7200656c, 0x0210a100, 0x06002300,
	0x00700400, 0x24070000, 0x0d000000, 0x63001200,
	0x3800021b, 0x61727400, 0x7200736e, 0x0217de00,
	0x06002300, 0x00780400, 0x04070000, 0x12000000,
	0x13000000, 0xd7001200, 0xb600021b, 0x00000600,
	0x00001e00, 0x12000d00, 0x021b9700, 0x78003800,
	0x04005500, 0x06002300, 0x00000400, 0x1e070000,
	0x0d000000, 0xb5001200, 0x3800021b, 0x55007900,
	0x23000400, 0x04000600, 0x00000002, 0x00001e07,
	0x12000d00, 0x021bd300, 0x7a003800, 0x04005500,
	0x06002300, 0x00040400, 0x04070000, 0x12000000,
	0x13000000, 0x47001200, 0xb600021c, 0x00000300,
	0x00001e00, 0x12000d00, 0x021c0700, 0x78003800,
	0x02005500, 0x06002300, 0x00000400, 0x1e070000,
	0x0d000000, 0x25001200, 0x3800021c, 0x55007900,
	0x23000200, 0x04000600, 0x00000001, 0x00001e07,
	0x12000d00, 0x021c4300, 0x7a003800, 0x02005500,
	0x06002300, 0x00020400, 0x04070000, 0x12000000,
	0x13000000, 0x95001200, 0xb600021e, 0x00005200,
	0x00002800, 0x12000d00, 0x021c8100, 0x73003800,
	0x656c6163, 0x6f6e6544, 0x67007200, 0x2300021b,
	0x04000600, 0x00000000, 0x00002607, 0x12000d00,
	0x021ca700, 0x61003800, 0x6544676e, 0x72006f6e,
	0x021b6700, 0x06002300, 0x00060400, 0x26070000,
	0x0d000000, 0xcd001200, 0x3800021c, 0x736f7000,
	0x6f6e6544, 0x67007200, 0x2300021b, 0x04000600,
	0x0000000c, 0x00002807, 0x12000d00, 0x021cf500,
	0x73003800, 0x656c6163, 0x656d754e, 0x67007200,
	0x2300021b, 0x04000600, 0x00000012, 0x00002607,
	0x12000d00, 0x021d1b00, 0x61003800, 0x754e676e,
	0x7200656d, 0x021b6700, 0x06002300, 0x00180400,
	0x26070000, 0x0d000000, 0x41001200, 0x3800021d,
	0x736f7000, 0x656d754e, 0x67007200, 0x2300021b,
	0x04000600, 0x0000001e, 0x00002707, 0x12000d00,
	0x021d6800, 0x73003800, 0x656c6163, 0x00746e49,
	0x1b670072, 0x00230002, 0x24040006, 0x07000000,
	0x00000025, 0x0012000d, 0x00021d8d, 0x6e610038,
	0x746e4967, 0x67007200, 0x2300021b, 0x04000600,
	0x0000002a, 0x00002507, 0x12000d00, 0x021db200,
	0x70003800, 0x6e49736f, 0x00720074, 0x00021b67,
	0x00060023, 0x00003004, 0x00280700, 0x000d0000,
	0x1dda0012, 0x00380002, 0x6c616373, 0x726f5765,
	0x0072006b, 0x00021b67, 0x00060023, 0x00003604,
	0x00260700, 0x000d0000, 0x1e000012, 0x00380002,
	0x57676e61, 0x006b726f, 0x1b670072, 0x00230002,
	0x3c040006, 0x07000000, 0x00000026, 0x0012000d,
	0x00021e26, 0x6f700038, 0x726f5773, 0x0072006b,
	0x00021b67, 0x00060023, 0x00004204, 0x00250700,
	0x000d0000, 0x1e4b0012, 0x00380002, 0x6c616373,
	0x72004465, 0x021bd700, 0x06002300, 0x00480400,
	0x23070000, 0x0d000000, 0x6e001200, 0x3800021e,
	0x676e6100, 0x00720044, 0x00021bd7, 0x00060023,
	0x00004b04, 0x00230700, 0x000d0000, 0x1e910012,
	0x00380002, 0x44736f70, 0xd7007200, 0x2300021b,
	0x04000600, 0x0000004e, 0x00000407, 0x00001200,
	0x12001300, 0x0220a800, 0x2800b600, 0x2a000000,
	0x0d000000, 0xd1001200, 0x3800021e, 0x79656b00,
	0x6d617246, 0x00830065, 0x47010005, 0x2300021c,
	0x04000600, 0x00000000, 0x00002607, 0x12000d00,
	0x021ef700, 0x72003800, 0x57746f6f, 0x586b726f,
	0x0a005500, 0x06002300, 0x00040400, 0x26070000,
	0x0d000000, 0x1d001200, 0x3800021f, 0x6f6f7200,
	0x726f5774, 0x5500596b, 0x23000a00, 0x04000600,
	0x00000008, 0x00002607, 0x12000d00, 0x021f4300,
	0x72003800, 0x57746f6f, 0x5a6b726f, 0x0a005500,
	0x06002300, 0x000c0400, 0x25070000, 0x0d000000,
	0x68001200, 0x3800021f, 0x61726600, 0x6e43656d,
	0x00550074, 0x00230004, 0x10040006, 0x07000000,
	0x00000023, 0x0012000d, 0x00021f8b, 0x466e0038,
	0x656d6172, 0x04005500, 0x06002300, 0x00120400,
	0x24070000, 0x0d000000, 0xaf001200, 0x3800021f,
	0x74616400, 0x00630061, 0x04010003, 0x06002300,
	0x00140400, 0x26070000, 0x0d000000, 0xd5001200,
	0x3800021f, 0x4c747300, 0x00706f6f, 0x00030063,
	0x23000401, 0x04000600, 0x00000018, 0x00002807,
	0x12000d00, 0x021ffd00, 0x6e003800, 0x6b747865,
	0x6d617266, 0x55004e65, 0x23000400, 0x04000600,
	0x0000001c, 0x00001f07, 0x12000d00, 0x02201c00,
	0x70003800, 0x00550078, 0x00230004, 0x1e040006,
	0x07000000, 0x0000001f, 0x0012000d, 0x0002203b,
	0x79700038, 0x04005500, 0x06002300, 0x00200400,
	0x24070000, 0x0d000000, 0x5f001200, 0x38000220,
	0x746f6d00, 0x4e6e6f69, 0x03005500, 0x06002300,
	0x00220400, 0x24070000, 0x0d000000, 0x83001200,
	0x38000220, 0x6f6f6c00, 0x746e4370, 0x03005500,
	0x06002300, 0x00230400, 0x21070000, 0x0d000000,
	0xa4001200, 0x38000220, 0x616c6600, 0x00550067,
	0x00230003, 0x24040006, 0x07000000, 0x00000004,
	0x00000012, 0x00120013, 0x000221dd, 0x003800b6,
	0x001f0000, 0x000d0000, 0x20d90012, 0x00380002,
	0x55006469, 0x23000a00, 0x04000600, 0x00000000,
	0x00002707, 0x12000d00, 0x02210000, 0x70003800,
	0x70747261, 0x05008300, 0x1a9c0100, 0x00230002,
	0x04040006, 0x07000000, 0x00000024, 0x0012000d,
	0x00022124, 0x746d0038, 0x6300706e, 0x01000300,
	0x0023000c, 0x08040006, 0x07000000, 0x00000025,
	0x0012000d, 0x00022149, 0x6f6d0038, 0x6e6f6974,
	0x95007200, 0x2300021e, 0x04000600, 0x0000000c,
	0x00002407, 0x12000d00, 0x02216d00, 0x76003800,
	0x62697369, 0x5500656c, 0x23000100, 0x04000600,
	0x00000034, 0x00002607, 0x12000d00, 0x02219300,
	0x6f003800, 0x63735f6e, 0x6e656572, 0x01005500,
	0x06002300, 0x00350400, 0x23070000, 0x0d000000,
	0xb6001200, 0x38000221, 0x5f636c00, 0x006e7470,
	0x00020055, 0x00060023, 0x00003604, 0x00230700,
	0x000d0000, 0x21d90012, 0x00380002, 0x635f636c,
	0x5500746e, 0x23000200, 0x04000600, 0x00000037,
	0x00000407, 0x00002500, 0x12000100, 0x02220200,
	0x1500a300, 0x000a0000, 0x00000000, 0xffffffff,
	0x05008308, 0x20a80100, 0x00250002, 0x00070000,
	0x22270012, 0x00380002, 0x444f4d67, 0x00704c45,
	0x00050023, 0x13beb003, 0xdd007280, 0x90000221,
	0x14000000, 0xd9001200, 0x38000223, 0x74654400,
	0x43746365, 0x696c6c6f, 0x6e6f6973, 0x65646f4d,
	0x0111006c, 0x800b19a0, 0x1bc40121, 0x0106800b,
	0x000088d2, 0x000c2043, 0x00001d02, 0x00100400,
	0x06070000, 0x000c2053, 0x00001d02, 0x00140400,
	0x06070000, 0x000c2063, 0x00001d02, 0x00180400,
	0x06070000, 0x000c02a3, 0x00001d02, 0x001c0400,
	0x06070000, 0x000b2013, 0x00001d01, 0x00380400,
	0x22070000, 0x0217b820, 0x02202200, 0x2c000222,
	0x05000000, 0xe3001200, 0x38000222, 0x62756300,
	0x23007065, 0x02000b00, 0x0000001d, 0x00003804,
	0x00830700, 0x34010005, 0x2f000211, 0x05000000,
	0x12001200, 0x38000223, 0x736f6800, 0x4c444d74,
	0x00230070, 0x1d02000b, 0x04000000, 0x0000003c,
	0x05008307, 0x20a80100, 0x00210002, 0x00050000,
	0x23330012, 0x00380002, 0x6e635f6d, 0x00230074,
	0x12010005, 0x55000000, 0x27000a00, 0x0c000000,
	0x5a001200, 0x38000223, 0x646f6d00, 0x00706c65,
	0x00050023, 0x00001001, 0x05008300, 0x20a80100,
	0x002a0002, 0x000c0000, 0x23840012, 0x00380002,
	0x706d6574, 0x23004243, 0x02000b00, 0x0000001d,
	0x00002c04, 0x00720700, 0x00021134, 0x0000002a,
	0x0012000c, 0x000223ae, 0x65740038, 0x5653706d,
	0x0b002300, 0x001d0200, 0x24040000, 0x07000000,
	0x10a10072, 0x00270002, 0x000c0000, 0x23d50012,
	0x00380002, 0x706d6574, 0x23007056, 0x01000500,
	0x00000011, 0x00050083, 0x0217de01, 0x00000400,
	0x00006300, 0x12001400, 0x02249000, 0x44003800,
	0x63657465, 0x6c6f4374, 0x6973696c, 0x55436e6f,
	0x11004542, 0x0b1bc401, 0xa0012180, 0x06800b1d,
	0x00895c01, 0x0c204300, 0x001d0200, 0x00040000,
	0x07000000, 0x0c205306, 0x001d0200, 0x04040000,
	0x07000000, 0x0b201306, 0x001d0100, 0x08040000,
	0x07000000, 0x00000028, 0x00120005, 0x00022464,
	0x616d0038, 0x42436e69, 0x00230070, 0x11010005,
	0x83000000, 0x01000500, 0x00021134, 0x00000028,
	0x00120005, 0x0002248c, 0x61740038, 0x42436772,
	0x00230070, 0x10010005, 0x83000000, 0x01000500,
	0x00021134, 0x00000004, 0x00000004, 0x0000005d,
	0x00120011, 0x00024acd, 0x574d0258, 0x4e495720,
	0x4d203233, 0x20535049, 0x6f432d43, 0x6c69706d,
	0x38007265, 0x5c3a4300, 0x69676964, 0x5c6e6f6d,
	0x55474948, 0x5c494843, 0x616d6164, 0x632e6567,
	0x02013600, 0x11000000, 0x0b1da001, 0x74012180,
	0x06800b31, 0x0089c801, 0x00002000, 0x12000100,
	0x02251100, 0x1000a300, 0x000a0000, 0x00000000,
	0x00000005, 0x03005508, 0x00002200, 0x12000100,
	0x02253300, 0x1200a300, 0x000a0000, 0x00000000,
	0x00000008, 0xf1007208, 0x31000224, 0x07000000,
	0x64001200, 0x38000225, 0x62615400, 0x5f5f656c,
	0x6f687345, 0x48576b63, 0x48575655, 0x05002300,
	0xddb80300, 0x00728012, 0x00022511, 0x00000020,
	0x00120001, 0x00022584, 0x001000a3, 0x00000a00,
	0x02000000, 0x08000000, 0x00040055, 0x00000022,
	0x00120001, 0x000225a6, 0x001200a3, 0x00000a00,
	0x31000000, 0x08000000, 0x25640072, 0x002d0002,
	0x00070000, 0x25d30012, 0x00380002, 0x6c626154,
	0x455f5f65, 0x70444546, 0x00747261, 0x00050023,
	0x1454f803, 0x84007280, 0x12000225, 0x13000000,
	0x66001200, 0xb6000226, 0x00000800, 0x00001f00,
	0x12000d00, 0x02260400, 0x76003800, 0x00550078,
	0x00230004, 0x00040006, 0x07000000, 0x0000001f,
	0x0012000d, 0x00022623, 0x79760038, 0x04005500,
	0x06002300, 0x00020400, 0x1f070000, 0x0d000000,
	0x42001200, 0x38000226, 0x007a7600, 0x00040055,
	0x00060023, 0x00000404, 0x00200700, 0x000d0000,
	0x26620012, 0x00380002, 0x00646170, 0x00040055,
	0x00060023, 0x00000604, 0x00040700, 0x00200000,
	0x00010000, 0x26860012, 0x00a30002, 0x0a000010,
	0x00000000, 0x00000200, 0x00550800, 0x00220004,
	0x00010000, 0x26a80012, 0x00a30002, 0x0a000012,
	0x00000000, 0x00000200, 0x00720800, 0x00022666,
	0x00000020, 0x00120001, 0x000226c8, 0x001000a3,
	0x00000a00, 0x02000000, 0x08000000, 0x000a0055,
	0x00000012, 0x00120013, 0x0002271e, 0x002000b6,
	0x00200000, 0x000d0000, 0x26fa0012, 0x00380002,
	0x0072006d, 0x00022686, 0x00060023, 0x00000004,
	0x00200700, 0x000d0000, 0x271a0012, 0x00380002,
	0x00720074, 0x000226a8, 0x00060023, 0x00001404,
	0x00040700, 0x00120000, 0x00130000, 0x27b10012,
	0x00b60002, 0x00000010, 0x0000001f, 0x0012000d,
	0x0002274f, 0x78760038, 0x0a005500, 0x06002300,
	0x00000400, 0x1f070000, 0x0d000000, 0x6e001200,
	0x38000227, 0x00797600, 0x000a0055, 0x00060023,
	0x00000404, 0x001f0700, 0x000d0000, 0x278d0012,
	0x00380002, 0x55007a76, 0x23000a00, 0x04000600,
	0x00000008, 0x00002007, 0x12000d00, 0x0227ad00,
	0x70003800, 0x55006461, 0x23000a00, 0x04000600,
	0x0000000c, 0x00000407, 0x00001200, 0x12001300,
	0x02283400, 0x2800b600, 0x24000000, 0x0d000000,
	0xe7001200, 0x38000227, 0x61637300, 0x7200656c,
	0x02271e00, 0x06002300, 0x00000400, 0x25070000,
	0x0d000000, 0x0c001200, 0x38000228, 0x746f7200,
	0x00657461, 0x25d30072, 0x00230002, 0x10040006,
	0x07000000, 0x00000024, 0x0012000d, 0x00022830,
	0x72740038, 0x00736e61, 0x271e0072, 0x00230002,
	0x18040006, 0x07000000, 0x00000004, 0x00000023,
	0x00120013, 0x00022936, 0x475f0038, 0x4f4f4373,
	0x4e494452, 0x32455441, 0x5000b600, 0x20000000,
	0x0d000000, 0x77001200, 0x38000228, 0x676c6600,
	0x0c005500, 0x06002300, 0x00000400, 0x24070000,
	0x0d000000, 0x9b001200, 0x38000228, 0x6f6f6300,
	0x72006472, 0x0226c800, 0x06002300, 0x00040400,
	0x24070000, 0x0d000000, 0xbf001200, 0x38000228,
	0x726f7700, 0x72006d6b, 0x0226c800, 0x06002300,
	0x00240400, 0x27070000, 0x0d000000, 0xe6001200,
	0x38000228, 0x72617000, 0x83006d61, 0x01000500,
	0x000227b1, 0x00060023, 0x00004404, 0x00270700,
	0x000d0000, 0x290d0012, 0x00380002, 0x65707573,
	0x00830072, 0x34010005, 0x23000228, 0x04000600,
	0x00000048, 0x00002507, 0x12000d00, 0x02293200,
	0x73003800, 0x83006275, 0x01000500, 0x00022834,
	0x00060023, 0x00004c04, 0x00040700, 0x00120000,
	0x00130000, 0x29dc0012, 0x00b60002, 0x00000010,
	0x00000026, 0x0012000d, 0x0002296e, 0x74610038,
	0x62697274, 0x00657475, 0x000c0055, 0x00060023,
	0x00000004, 0x00280700, 0x000d0000, 0x29960012,
	0x00380002, 0x726f6f63, 0x83003264, 0x01000500,
	0x00022834, 0x00060023, 0x00000404, 0x00230700,
	0x000d0000, 0x29b90012, 0x00380002, 0x00646d74,
	0x00030063, 0x23000c01, 0x04000600, 0x00000008,
	0x00001f07, 0x12000d00, 0x0229d800, 0x69003800,
	0x00550064, 0x0023000c, 0x0c040006, 0x07000000,
	0x00000004, 0x00000012, 0x00120013, 0x00022aa7,
	0x008800b6, 0x00250000, 0x000d0000, 0x2a130012,
	0x00380002, 0x656a626f, 0x72007463, 0x02293600,
	0x06002300, 0x00000400, 0x24070000, 0x0d000000,
	0x37001200, 0x3800022a, 0x6f6f6300, 0x72006472,
	0x02283400, 0x06002300, 0x00100400, 0x24070000,
	0x0d000000, 0x5b001200, 0x3800022a, 0x61637300,
	0x7200656c, 0x02271e00, 0x06002300, 0x00600400,
	0x24070000, 0x0d000000, 0x7f001200, 0x3800022a,
	0x676e6100, 0x7200656c, 0x0225d300, 0x06002300,
	0x00700400, 0x24070000, 0x0d000000, 0xa3001200,
	0x3800022a, 0x61727400, 0x7200736e, 0x02271e00,
	0x06002300, 0x00780400, 0x04070000, 0x12000000,
	0x13000000, 0x17001200, 0xb600022b, 0x00000600,
	0x00001e00, 0x12000d00, 0x022ad700, 0x78003800,
	0x04005500, 0x06002300, 0x00000400, 0x1e070000,
	0x0d000000, 0xf5001200, 0x3800022a, 0x55007900,
	0x23000400, 0x04000600, 0x00000002, 0x00001e07,
	0x12000d00, 0x022b1300, 0x7a003800, 0x04005500,
	0x06002300, 0x00040400, 0x04070000, 0x12000000,
	0x13000000, 0x87001200, 0xb600022b, 0x00000300,
	0x00001e00, 0x12000d00, 0x022b4700, 0x78003800,
	0x02005500, 0x06002300, 0x00000400, 0x1e070000,
	0x0d000000, 0x65001200, 0x3800022b, 0x55007900,
	0x23000200, 0x04000600, 0x00000001, 0x00001e07,
	0x12000d00, 0x00000000,
};
// clang-format on
