#include <sys/types.h>

#include <dw/doo2.h>

// clang-format off
Doo2ShardSet DOO2_SHARD_SETS[6] = {
	{ 0, 0, 0, 0, 0, 0, { 0, 0 } },
	{ 24576, 16520, 0, 666763256, 2948530184, 39709, { 2, 12 } },
	{ 0, 0, 0, 2129997, 0, 8, { 191, 143 } },
	{ 8, 10173, 65011720, 0, 0, 65512, { 189, 39 } },
	{ 16, 44991, 201610148, 0, 201599320, 0, { 0, 0 } },
	{ 0xffff, 0x2402, 0xaf829068, 0x0c029b85, 0x00000000, 0x9065, { 0x80, 0xa3 } },
};

u_long DOO2_D_80071B5C[33] = {
	0x2402ffff, 0xa7829314, 0xa3809316, 0xaf809054,
	0xa3809064, 0x2402004b, 0xa7829050, 0x8fbf0010,
	0x27bd0018, 0x03e00008, 0x00000000, 0x27bdffe8,
	0xafbf0014, 0xafb00010, 0x3c108014, 0x26103b40,
	0x3c048013, 0x2484c1d8, 0x02002821, 0x0c0294dc,
	0x00000000, 0x26040004, 0x0c026416, 0x00000000,
	0x2604000c, 0x3c058014, 0x24a53ae0, 0x00003021,
	0x0c026abe, 0x00000000, 0x00002021, 0x3c058014,
	0x24a53af0,
};

u_long DOO2_D_80071BE0[193] = {
	0x0c02631a, 0x00000000, 0x3c018014, 0xac203ae0,
	0x3c028014, 0x24423af0, 0x3c018014, 0xac223ae4,
	0x8fbf0014, 0x8fb00010, 0x27bd0018, 0x03e00008,
	0x00000000, 0x27bdffb0, 0xafbf001c, 0xafb20018,
	0xafb10014, 0xafb00010, 0x278285d4, 0x84450000,
	0x84440002, 0x84430004, 0x84420006, 0xa7a50040,
	0xa7a40042, 0xa7a30044, 0xa7a20046, 0x938293c4,
	0x00000000, 0x1040007b, 0x00000000, 0x3c048014,
	0x2484287c, 0x0c027040, 0x00000000, 0x3c048014,
	0x2484287c, 0x0c027064, 0x00000000, 0x8f8293e4,
	0x00000000, 0x8c420004, 0x00000000, 0xafa20048,
	0x00008021, 0x10000068, 0x00000000, 0x00101880,
	0x3c028014, 0x244243e4, 0x00431021, 0x80420003,
	0x00000000, 0x1040005f, 0x00000000, 0x938491b9,
	0x00101880, 0x3c028014, 0x244243e4, 0x00431021,
	0x90420000, 0x00000000, 0x14820056, 0x00000000,
	0x00101880, 0x3c028014, 0x244243e4, 0x00431021,
	0x90420001, 0x00000000, 0x2043ffce, 0x00031080,
	0x00431820, 0x00031080, 0x00621020, 0x00021080,
	0x20420032, 0x00021400, 0x00021403, 0x00029400,
	0x00129403, 0x3c018017, 0x8c22e0b0, 0x00000000,
	0x8c42007c, 0x00000000, 0x00021400, 0x00021403,
	0xa7a2004c, 0x00101880, 0x3c028014, 0x244243e4,
	0x00431021, 0x90430002, 0x24020032, 0x00431822,
	0x00031080, 0x00431820, 0x00031080, 0x00621020,
	0x00021080, 0x2042ffce, 0x00021400, 0x00021403,
	0xa7a2004e, 0x00101880, 0x3c028014, 0x244243e4,
	0x00431021, 0x80420003, 0x00000000, 0x00021b00,
	0x2402000a, 0x0062001a, 0x00001012, 0x00021400,
	0x00021403, 0x00028c00, 0x00118c03, 0xafb20020,
	0x87a2004c, 0x00000000, 0xafa20024, 0x87a2004e,
	0x00000000, 0xafa20028, 0xafb10030, 0xafb10034,
	0xafb10038, 0x3c048014, 0x24843af0, 0x27a50020,
	0x27a60040, 0x27a70030, 0x0c03e2a4, 0x00000000,
	0x8f8393d0, 0x00000000, 0x00031080, 0x00431020,
	0x00021880, 0x3c028017, 0x2442e484, 0x00432821,
	0x3c048014, 0x24843ae0, 0x24060002, 0x0c03e7b9,
	0x00000000, 0x22100001, 0x2a010064, 0x1420ff97,
	0x00000000, 0x8fbf001c, 0x8fb20018, 0x8fb10014,
	0x8fb00010, 0x27bd0050, 0x03e00008, 0x00000000,
	0x27bdffe0, 0xafbf0018, 0xafb10014, 0xafb00010,
	0x00808021, 0xafa50024, 0xafa60028, 0xafa7002c,
	0x02002021, 0x24050003, 0x0c0287ff, 0x00000000,
	0x3c028017, 0x2442e0ac, 0x3c018014, 0xac22af50,
	0x02002021, 0x24050001, 0x3c06800f, 0x24c6b2a4,
	0x0c0288e8, 0x00000000, 0x24040001, 0x8fa50024,
	0x8fa60028, 0x8fa7002c, 0x0c028a60, 0x00000000,
	0x24040001, 0x8fa50030, 0x8fa60034, 0x8fa70038,
	0x0c028aa1,
};

u_long DOO2_D_80071EE4[9730] = {
	0x00000000, 0x24040001, 0x0c028a3b, 0x00000000,
	0x3c018014, 0x8c24af50, 0x00002821, 0x0c032d1e,
	0x00000000, 0xa380906c, 0x24020004, 0x3c018017,
	0xa422e100, 0x02002021, 0x0c0344d7, 0x00000000,
	0x24020001, 0x3c018017, 0xa022e0e0, 0x24020001,
	0x3c018017, 0xa022e0e1, 0x3c048014, 0x24844340,
	0x02002821, 0x0c029d32, 0x00000000, 0x3c018014,
	0xa4204354, 0x001010c0, 0x00501022, 0x00021880,
	0x3c028013, 0x2442c1e8, 0x00431021, 0x8442000c,
	0x3c018014, 0xa4224358, 0x2402ffff, 0x3c018014,
	0xa4224360, 0x3c018014, 0xa420435e, 0x3c018014,
	0xa4204362, 0x24020032, 0x3c018014, 0xa4224368,
	0x24020032, 0x3c018014, 0xa422436a, 0x24020032,
	0x3c018014, 0xa422436c, 0x00102400, 0x00042403,
	0x0c029e19, 0x00000000, 0x001010c0, 0x00501022,
	0x00021880, 0x3c028013, 0x2442c1e8, 0x00431021,
	0x90420009, 0x3c018014, 0xa422437c, 0x24020168,
	0x3c018014, 0xa4224388, 0x001010c0, 0x00501022,
	0x00021880, 0x3c028013, 0x2442c1e8, 0x00431021,
	0x90420015, 0x3c018014, 0xa4224382, 0x3c018014,
	0xa4204390, 0x00001400, 0x00021403, 0x3c018014,
	0xa422438e, 0x00021400, 0x00021403, 0x3c018014,
	0xa422438c, 0x3c018014, 0xa4204396, 0x00001400,
	0x00021403, 0x3c018014, 0xa4224394, 0x00021400,
	0x00021403, 0x3c018014, 0xa4224392, 0x3c018014,
	0xa4204378, 0x00001400, 0x00021403, 0x3c018014,
	0xa4224376, 0x00021400, 0x00021403, 0x3c018014,
	0xa4224374, 0x00021400, 0x00021403, 0x3c018014,
	0xa4224370, 0x24020003, 0x3c018017, 0xa022e128,
	0x24010003, 0x16010007, 0x00000000, 0x2402002e,
	0x3c018017, 0xa022e0f0, 0x24040002, 0x0c0416e5,
	0x00000000, 0x24010011, 0x16010007, 0x00000000,
	0x24020030, 0x3c018017, 0xa022e0f0, 0x2404002b,
	0x0c0416e5, 0x00000000, 0x240200ff, 0x3c018017,
	0xa022e0f1, 0x240200ff, 0x3c018017, 0xa022e0f2,
	0x2411000f, 0x10000031, 0x00000000, 0x00101040,
	0x00501020, 0x00021080, 0x00501020, 0x00021880,
	0x3c028014, 0x24428abc, 0x00431021, 0x02221021,
	0x90420023, 0x240100ff, 0x10410023, 0x00000000,
	0x00101040, 0x00501020, 0x00021080, 0x00501020,
	0x00021880, 0x3c028014, 0x24428abc, 0x00431021,
	0x02221021, 0x90420023, 0x00000000, 0x2c41003a,
	0x14200015, 0x00000000, 0x00101040, 0x00501020,
	0x00021080, 0x00501020, 0x00021880, 0x3c028014,
	0x24428abc, 0x00431021, 0x02221021, 0x90420023,
	0x00000000, 0x2c410071, 0x10200007, 0x00000000,
	0x2222002e, 0x304200ff, 0x3c018017, 0xa022e0f3,
	0x10000004, 0x00000000, 0x2231ffff, 0x0621ffcf,
	0x00000000, 0x06210004, 0x00000000, 0x240200ff,
	0x3c018017, 0xa022e0f3, 0x24040fa8, 0x00002821,
	0x00003021, 0x3c07800a, 0x24e76ea0, 0x0c02936d,
	0x00000000, 0xaf8090b0, 0x2402ffff, 0xa38290ac,
	0x8fbf0018, 0x8fb10014, 0x8fb00010, 0x27bd0020,
	0x03e00008, 0x00000000, 0x27bdffd8, 0xafbf001c,
	0xafb20018, 0xafb10014, 0xafb00010, 0x00808021,
	0x00a08821, 0x00111040, 0x00511020, 0x00021080,
	0x00511020, 0x00021880, 0x3c028014, 0x24428abc,
	0x00431021, 0x9042001d, 0x00000000, 0xa7a20024,
	0x87a20024, 0x00000000, 0x28410003, 0x10200056,
	0x00000000, 0x87a20024, 0x24010001, 0x14410006,
	0x00000000, 0x24020003, 0x00029400, 0x00129403,
	0x10000004, 0x00000000, 0x24020007, 0x00029400,
	0x00129403, 0x24040001, 0x0c0295a8, 0x00000000,
	0x00021400, 0x00021403, 0xa7a20026, 0x87a20026,
	0x00000000, 0x02421820, 0x878293be, 0x00000000,
	0x00431820, 0x24020018, 0x0062001a, 0x00001010,
	0x00021400, 0x00021403, 0xa6020004, 0xa6000006,
	0x001110c0, 0x00511022, 0x00021880, 0x3c028013,
	0x2442c1e8, 0x00431021, 0x90430012, 0x00000000,
	0x00031040, 0x00431020, 0x00021840, 0x3c028013,
	0x2442c920, 0x00431021, 0x90430005, 0x86020004,
	0x00000000, 0x00431020, 0x00021400, 0x00021403,
	0xa6020008, 0x86020006, 0x00000000, 0xa602000a,
	0x86030008, 0x24020018, 0x0062001a, 0x00001010,
	0xa6020008, 0x87a20026, 0x00000000, 0x02421020,
	0x00021400, 0x00021403, 0xa602000c, 0x001110c0,
	0x00511022, 0x00021880, 0x3c028013, 0x2442c1e8,
	0x00431021, 0x90430012, 0x00000000, 0x00031040,
	0x00431020, 0x00021840, 0x3c028013, 0x2442c920,
	0x00431021, 0x90420005, 0x00000000, 0xa602000e,
	0x10000067, 0x00000000, 0x001110c0, 0x00511022,
	0x00021880, 0x3c028013, 0x2442c1e8, 0x00431021,
	0x90430012, 0x00000000, 0x00031040, 0x00431020,
	0x00021840, 0x3c028013, 0x2442c920, 0x00431021,
	0x90420000, 0x00000000, 0xa6020004, 0x001110c0,
	0x00511022, 0x00021880, 0x3c028013, 0x2442c1e8,
	0x00431021, 0x90430012, 0x00000000, 0x00031040,
	0x00431020, 0x00021840, 0x3c028013, 0x2442c920,
	0x00431021, 0x90420001, 0x00000000, 0xa6020006,
	0x001110c0, 0x00511022, 0x00021880, 0x3c028013,
	0x2442c1e8, 0x00431021, 0x90430012, 0x00000000,
	0x00031040, 0x00431020, 0x00021840, 0x3c028013,
	0x2442c920, 0x00431021, 0x90420002, 0x00000000,
	0xa6020008, 0x001110c0, 0x00511022, 0x00021880,
	0x3c028013, 0x2442c1e8, 0x00431021, 0x90430012,
	0x00000000, 0x00031040, 0x00431020, 0x00021840,
	0x3c028013, 0x2442c920, 0x00431021, 0x90420003,
	0x00000000, 0xa602000a, 0x001110c0, 0x00511022,
	0x00021880, 0x3c028013, 0x2442c1e8, 0x00431021,
	0x90430012, 0x00000000, 0x00031040, 0x00431020,
	0x00021840, 0x3c028013, 0x2442c920, 0x00431021,
	0x90420004, 0x00000000, 0xa602000c, 0x001110c0,
	0x00511022, 0x00021880, 0x3c028013, 0x2442c1e8,
	0x00431021, 0x90430012, 0x00000000, 0x00031040,
	0x00431020, 0x00021840, 0x3c028013, 0x2442c920,
	0x00431021, 0x90420005, 0x00000000, 0xa602000e,
	0x3c018014, 0x8423434c, 0x00000000, 0x00031040,
	0x00431020, 0x00021040, 0x00021400, 0x00021403,
	0x3c018014, 0xa4224350, 0x3c018014, 0xa4204352,
	0x3c018014, 0xa4204356, 0x8fbf001c, 0x8fb20018,
	0x8fb10014, 0x8fb00010, 0x27bd0028, 0x03e00008,
	0x00000000, 0x27bdffe8, 0xafb20008, 0xafb10004,
	0xafb00000, 0x00808821, 0x00111040, 0x00511020,
	0x00021080, 0x00511020, 0x00021880, 0x3c028014,
	0x24428abc, 0x00431021, 0x9042001d, 0x00000000,
	0xa3a20017, 0x93a20017, 0x24010001, 0x1441001a,
	0x00000000, 0x878293be, 0x00000000, 0x0002c843,
	0x04410003, 0x00000000, 0x24420001, 0x0002c843,
	0x00191040, 0x20420002, 0x00021400, 0x00021403,
	0x3c018014, 0xa422437a, 0x3c018014, 0x8422437a,
	0x00000000, 0x28410018, 0x14200007, 0x00000000,
	0x3c018014, 0x8422437a, 0x00000000, 0x2042ffe8,
	0x3c018014, 0xa422437a, 0x93a20017, 0x24010002,
	0x1441001a, 0x00000000, 0x878393be, 0x24020003,
	0x0062001a, 0x00001812, 0x00031040, 0x00431020,
	0x20420003, 0x00021400, 0x00021403, 0x3c018014,
	0xa422437a, 0x3c018014, 0x8422437a, 0x00000000,
	0x28410018, 0x1420008d, 0x00000000, 0x3c018014,
	0x8422437a, 0x00000000, 0x2042ffe8, 0x3c018014,
	0xa422437a, 0x10000085, 0x00000000, 0x00008021,
	0x1000007f, 0x00000000, 0x878393be, 0x3c018014,
	0x8422437a, 0x00000000, 0x0043082a, 0x1420001b,
	0x00000000, 0x3c018014, 0x8424437a, 0x001110c0,
	0x00511022, 0x00021880, 0x3c028013, 0x2442c1e8,
	0x00431021, 0x02021021, 0x80420000, 0x00000000,
	0x0082082a, 0x10200026, 0x00000000, 0x001110c0,
	0x00511022, 0x00021880, 0x3c028013, 0x2442c1e8,
	0x00431021, 0x02021021, 0x80420000, 0x3c018014,
	0xa422437a, 0x10000061, 0x00000000, 0x878493be,
	0x001110c0, 0x00511022, 0x00021880, 0x3c028013,
	0x2442c1e8, 0x00431021, 0x02021021, 0x80420000,
	0x00000000, 0x0082082a, 0x1020000d, 0x00000000,
	0x001110c0, 0x00511022, 0x00021880, 0x3c028013,
	0x2442c1e8, 0x00431021, 0x02021021, 0x80420000,
	0x3c018014, 0xa422437a, 0x10000048, 0x00000000,
	0x001110c0, 0x00511022, 0x00021880, 0x3c028013,
	0x2442c1e8, 0x00431821, 0x22020001, 0x00431021,
	0x80420000, 0x2401ffff, 0x10410004, 0x00000000,
	0x24010007, 0x16010035, 0x00000000, 0x878393be,
	0x3c018014, 0x8422437a, 0x00000000, 0x0062082a,
	0x10200023, 0x00000000, 0x00009021, 0x1000001b,
	0x00000000, 0x878493be, 0x001110c0, 0x00511022,
	0x00021880, 0x3c028013, 0x2442c1e8, 0x00431021,
	0x02021021, 0x80420000, 0x00000000, 0x0082082a,
	0x1020000d, 0x00000000, 0x001110c0, 0x00511022,
	0x00021880, 0x3c028013, 0x2442c1e8, 0x00431021,
	0x02421021, 0x80420000, 0x3c018014, 0xa422437a,
	0x10000016, 0x00000000, 0x22520001, 0x2a410008,
	0x1420ffe4, 0x00000000, 0x10000010, 0x00000000,
	0x001110c0, 0x00511022, 0x00021880, 0x3c028013,
	0x2442c1e8, 0x00431021, 0x80420000, 0x3c018014,
	0xa422437a, 0x10000005, 0x00000000, 0x22100001,
	0x2a010008, 0x1420ff80, 0x00000000, 0x878393be,
	0x3c018014, 0x8422437a, 0x00000000, 0x0043082a,
	0x1420001a, 0x00000000, 0x3c018014, 0x8423437a,
	0x878293be, 0x00000000, 0x00621822, 0x00031100,
	0x00431022, 0x00021080, 0x00021400, 0x00021403,
	0x3c018014, 0xa422437e, 0x878293bc, 0x00000000,
	0x1040002d, 0x00000000, 0x3c018014, 0x8423437e,
	0x878293bc, 0x00000000, 0x00621022, 0x3c018014,
	0xa422437e, 0x10000024, 0x00000000, 0x878393be,
	0x24020018, 0x00431822, 0x00031100, 0x00431022,
	0x00021080, 0x00021400, 0x00021403, 0x3c018014,
	0xa422437e, 0x3c018014, 0x8423437a, 0x00000000,
	0x00031100, 0x00431022, 0x00021080, 0x00021c00,
	0x00031c03, 0x3c018014, 0x8422437e, 0x00000000,
	0x00431020, 0x3c018014, 0xa422437e, 0x878293bc,
	0x00000000, 0x10400008, 0x00000000, 0x3c018014,
	0x8423437e, 0x878293bc, 0x00000000, 0x00621022,
	0x3c018014, 0xa422437e, 0x8fb20008, 0x8fb10004,
	0x8fb00000, 0x27bd0018, 0x03e00008, 0x00000000,
	0x27bdffe8, 0xafbf0014, 0xafb00010, 0x00808021,
	0xafa5001c, 0xafa60020, 0xafa70024, 0x00102400,
	0x00042403, 0x24050001, 0x0c0293af, 0x00000000,
	0x02002021, 0x24050003, 0x3c068017, 0x24c6b8a4,
	0x0c0291ca, 0x00000000, 0x3c028017, 0x2442e0ac,
	0x3c018014, 0xac22af50, 0x02002021, 0x24050001,
	0x3c06800f, 0x24c6b2a4, 0x0c0288e8, 0x00000000,
	0x24040001, 0x8fa5001c, 0x8fa60020, 0x8fa70024,
	0x0c028a60, 0x00000000, 0x24040001, 0x8fa50028,
	0x8fa6002c, 0x8fa70030, 0x0c028aa1, 0x00000000,
	0x24040001, 0x0c028a3b, 0x00000000, 0x3c018014,
	0x8c24af50, 0x00002821, 0x0c032d1e, 0x00000000,
	0xa380906c, 0x24020004, 0x3c018017, 0xa422e100,
	0x3c018014, 0xac204340, 0x3c048014, 0x24844340,
	0x02002821, 0x0c029d32, 0x00000000, 0x3c048014,
	0x24844340, 0x02002821, 0x0c029f78, 0x00000000,
	0xaf8090b0, 0x2402ffff, 0xa38290ac, 0x8fbf0014,
	0x8fb00010, 0x27bd0018, 0x03e00008, 0x00000000,
	0x27bdffe8, 0xafbf0014, 0xafb00010, 0x00a08021,
	0x001010c0, 0x00501022, 0x00021880, 0x3c028013,
	0x2442c1e8, 0x00431021, 0x8442000c, 0x3c018014,
	0xa4224358, 0x3c018014, 0xa420435c, 0x3c018014,
	0xa420435a, 0x2402ffff, 0x3c018014, 0xa4224360,
	0x3c018014, 0xa4204362, 0x3c018014, 0xa4204364,
	0x3c018014, 0xa4204366, 0x3c018014, 0xa4204370,
	0x3c018014, 0xa4204374, 0x3c018014, 0xa4204376,
	0x3c018014, 0xa4204378, 0x3c018014, 0xa4204372,
	0x3c018014, 0xa420436e, 0x00102400, 0x00042403,
	0x0c029e19, 0x00000000, 0x2402ffff, 0x3c018014,
	0xa4224380, 0x3c018014, 0xa4204386, 0x001010c0,
	0x00501022, 0x00021880, 0x3c028013, 0x2442c1e8,
	0x00431021, 0x90420015, 0x3c018014, 0xa4224382,
	0x3c018014, 0xa4204392, 0x3c018014, 0xa4204394,
	0x8fbf0014, 0x8fb00010, 0x27bd0018, 0x03e00008,
	0x00000000, 0x27bdffe0, 0xafbf001c, 0xafb00018,
	0x00808021, 0xafa50024, 0xafa60028, 0xafa7002c,
	0x00102400, 0x00042403, 0x24050001, 0x0c0293af,
	0x00000000, 0x02002021, 0x24050003, 0x3c068009,
	0x24c69228, 0x0c0291ca, 0x00000000, 0x3c028017,
	0x2442e0ac, 0x3c018014, 0x00000000, 0x00000000,
	0x00000000, 0x00000000, 0x00000000, 0x00000000,
	0x00000000, 0x00000000, 0x00000000, 0x00000000,
	0x00000000, 0x00000000, 0x00000000, 0x00000000,
	0x00000000, 0x00000000, 0x00000000, 0x00000000,
	0x00000000, 0x3030676e, 0x0b002300, 0x001d0200,
	0x20040000, 0x07000000, 0x000a0055, 0x0000001f,
	0x0012000c, 0x0015957f, 0x6e610038, 0x00230067,
	0x10010005, 0x55000000, 0x04000a00, 0x7b000000,
	0x14000000, 0xa6001200, 0x38001597, 0x68636b00,
	0x65676e61, 0x776f705f, 0x2c011100, 0x21800597,
	0x05990c01, 0x90010680, 0x4300066e, 0x02000c20,
	0x0000001d, 0x00001004, 0x53060700, 0x02000c20,
	0x0000001d, 0x00001404, 0x63060700, 0x02000c20,
	0x0000001d, 0x00001804, 0xa3060700, 0x02000c02,
	0x0000001d, 0x00001c04, 0x13060700, 0x01000b20,
	0x0000001d, 0x00004004, 0x00310700, 0x00050000,
	0x962f0012, 0x00380015, 0x6d657440, 0x74705f70,
	0x23004072, 0x02000b00, 0x0000001d, 0x00004004,
	0x00830700, 0x1c010005, 0x24001572, 0x05000000,
	0x53001200, 0x38001596, 0x72747000, 0x05002300,
	0x00110100, 0x00830000, 0x60010005, 0x2700157b,
	0x05000000, 0x7a001200, 0x38001596, 0x30307600,
	0x0b002300, 0x001d0200, 0x48040000, 0x07000000,
	0x721c0072, 0x00270015, 0x00050000, 0x96a10012,
	0x00380015, 0x00313076, 0x000b0023, 0x00001d02,
	0x00580400, 0x72070000, 0x15721c00, 0x00002700,
	0x12000c00, 0x1596c800, 0x76003800, 0x23006365,
	0x02000b00, 0x0000001d, 0x00003004, 0x00720700,
	0x0015721c, 0x00000027, 0x0012000c, 0x001596ef,
	0x6f700038, 0x00313077, 0x000b0023, 0x00001d02,
	0x002c0400, 0x55070000, 0x27000a00, 0x0c000000,
	0x16001200, 0x38001597, 0x776f7000, 0x23003030,
	0x02000b00, 0x0000001d, 0x00002804, 0x00550700,
	0x001f000a, 0x000c0000, 0x97350012, 0x00380015,
	0x00776f70, 0x00050023, 0x00001201, 0x0a005500,
	0x00002700, 0x12000c00, 0x15975c00, 0x61003800,
	0x3130676e, 0x0b002300, 0x001d0200, 0x24040000,
	0x07000000, 0x000a0055, 0x00000027, 0x0012000c,
	0x00159783, 0x6e610038, 0x00303067, 0x000b0023,
	0x00001d02, 0x00200400, 0x55070000, 0x1f000a00,
	0x0c000000, 0xa2001200, 0x38001597, 0x676e6100,
	0x05002300, 0x00100100, 0x00550000, 0x0004000a,
	0x00790000, 0x00140000, 0x9a160012, 0x00380015,
	0x7664616b, 0x65636e61, 0x01110032, 0x8005990c,
	0x9b900121, 0x01068005, 0x00066f56, 0x000c2043,
	0x00001d02, 0x00100400, 0x06070000, 0x000c2053,
	0x00001d02, 0x00140400, 0x06070000, 0x000c2063,
	0x00001d02, 0x00180400, 0x06070000, 0x000c02a3,
	0x00001d02, 0x001c0400, 0x06070000, 0x000b2013,
	0x00001d01, 0x00600400, 0x2c070000, 0x05000000,
	0x4b001200, 0x38001598, 0x72747000, 0x23003030,
	0x02000b00, 0x0000001d, 0x00006004, 0x00830700,
	0x60010005, 0x2400157b, 0x05000000, 0x6f001200,
	0x38001598, 0x30307600, 0x05002300, 0x00110100,
	0x00830000, 0x1c010005, 0x2c001572, 0x05000000,
	0x9b001200, 0x38001598, 0x72747000, 0x23003130,
	0x02000b00, 0x0000001d, 0x00006804, 0x00830700,
	0x60010005, 0x2400157b, 0x05000000, 0xbf001200,
	0x38001598, 0x31307600, 0x05002300, 0x00100100,
	0x00830000, 0x1c010005, 0x1d001572, 0x0c000000,
	0xdc001200, 0x38001598, 0x23006400, 0x01000500,
	0x00000012, 0x000a0055, 0x00000024, 0x0012000c,
	0x00159900, 0x63630038, 0x0b002300, 0x001d0200,
	0x58040000, 0x07000000, 0x000a0055, 0x00000026,
	0x0012000c, 0x00159926, 0x69640038, 0x23007473,
	0x02000b00, 0x0000001d, 0x00005404, 0x00550700,
	0x0028000a, 0x000c0000, 0x994e0012, 0x00380015,
	0x676e6172, 0x23003130, 0x02000b00, 0x0000001d,
	0x00005004, 0x00550700, 0x0028000a, 0x000c0000,
	0x99760012, 0x00380015, 0x676e6172, 0x23003030,
	0x02000b00, 0x0000001d, 0x00004c04, 0x00550700,
	0x0027000a, 0x000c0000, 0x999d0012, 0x00380015,
	0x30676e61, 0x00230031, 0x1d02000b, 0x04000000,
	0x00000048, 0x0a005507, 0x00002700, 0x12000c00,
	0x1599c400, 0x61003800, 0x3030676e, 0x0b002300,
	0x001d0200, 0x44040000, 0x07000000, 0x000a0055,
	0x00000027, 0x0012000c, 0x001599eb, 0x30760038,
	0x00230033, 0x1d02000b, 0x04000000, 0x00000034,
	0x1c007207, 0x27001572, 0x0c000000, 0x12001200,
	0x3800159a, 0x32307600, 0x0b002300, 0x001d0200,
	0x24040000, 0x07000000, 0x721c0072, 0x00040015,
	0x00780000, 0x00140000, 0x9be20012, 0x00380015,
	0x7664616b, 0x65636e61, 0x64011100, 0x21800594,
	0x05961801, 0x4e010680, 0x43000670, 0x02000c20,
	0x0000001d, 0x00001004, 0x53060700, 0x02000c20,
	0x0000001d, 0x00001404, 0x63060700, 0x02000c20,
	0x0000001d, 0x00001804, 0xa3060700, 0x02000c02,
	0x0000001d, 0x00001c04, 0x13060700, 0x01000b20,
	0x0000001d, 0x00004004, 0x002a0700, 0x00050000,
	0x9ab80012, 0x00380015, 0x00727470, 0x000b0023,
	0x00001d02, 0x00400400, 0x83070000, 0x01000500,
	0x00157b60, 0x00000024, 0x00120005, 0x00159adc,
	0x30760038, 0x00230030, 0x10010005, 0x83000000,
	0x01000500, 0x0015721c, 0x0000002a, 0x00120005,
	0x00159b06, 0x30760038, 0x00230031, 0x1d02000b,
	0x04000000, 0x00000048, 0x05008307, 0x721c0100,
	0x00270015, 0x000c0000, 0x9b2d0012, 0x00380015,
	0x00323076, 0x000b0023, 0x00001d02, 0x002c0400,
	0x72070000, 0x15721c00, 0x00002a00, 0x12000c00,
	0x159b5700, 0x64003800, 0x61747369, 0x0065636e,
	0x000b0023, 0x00001d02, 0x00280400, 0x55070000,
	0x24000a00, 0x0c000000, 0x7b001200, 0x3800159b,
	0x00636300, 0x000b0023, 0x00001d02, 0x00240400,
	0x55070000, 0x1d000a00, 0x0c000000, 0x98001200,
	0x3800159b, 0x23006400, 0x01000500, 0x00000011,
	0x000a0055, 0x00000021, 0x0012000c, 0x00159bb9,
	0x6e610038, 0x00313067, 0x00050023, 0x00001201,
	0x0a005500, 0x00002500, 0x12000c00, 0x159bde00,
	0x61003800, 0x2300676e, 0x02000b00, 0x0000001d,
	0x00002004, 0x00550700, 0x0004000a, 0x00770000,
	0x00140000, 0x9d000012, 0x00380015, 0x6163736b,
	0x0072656c, 0x82040111, 0x01218005, 0x80058278,
	0x71000106, 0x20430006, 0x1d02000c, 0x04000000,
	0x00000010, 0x20530607, 0x1d02000c, 0x04000000,
	0x00000014, 0x20630607, 0x1d02000c, 0x04000000,
	0x00000018, 0x02a30607, 0x1d02000c, 0x04000000,
	0x0000001c, 0x20130607, 0x1d01000b, 0x04000000,
	0x00000020, 0x00002507, 0x12000500, 0x159c7e00,
	0x78003800, 0x23003030, 0x02000b00, 0x0000001d,
	0x00002004, 0x00550700, 0x0025000a, 0x00050000,
	0x9ca30012, 0x00380015, 0x00303079, 0x000b0023,
	0x00001d02, 0x00240400, 0x55070000, 0x1e000a00,
	0x0c000000, 0xc1001200, 0x3800159c, 0x00797900,
	0x00050023, 0x00001201, 0x0c005500, 0x00001e00,
	0x12000c00, 0x159cdf00, 0x78003800, 0x00230078,
	0x11010005, 0x55000000, 0x1d000c00, 0x0c000000,
	0xfc001200, 0x3800159c, 0x23007000, 0x01000500,
	0x00000010, 0x000a0055, 0x00000004, 0x00000073,
	0x00120014, 0x00159e33, 0x736b0038, 0x65747379,
	0x0111006d, 0x8005762c, 0x77d80121, 0x01068005,
	0x0006714e, 0x000c2043, 0x00001d02, 0x00000400,
	0x06070000, 0x000c2053, 0x00001d02, 0x00040400,
	0x06070000, 0x000c2063, 0x00001d02, 0x00080400,
	0x06070000, 0x000b2013, 0x00001d01, 0x00180400,
	0x22070000, 0x157db420, 0x04202200, 0x29001576,
	0x0c000000, 0x9c001200, 0x3800159d, 0x6d617400,
	0x74705f61, 0x00230072, 0x10010005, 0x83000000,
	0x01000500, 0x00157b60, 0x00000029, 0x0012000c,
	0x00159dc5, 0x61740038, 0x705f616d, 0x23007274,
	0x01000500, 0x00000012, 0x00050083, 0x157b6001,
	0x00002a00, 0x12000c00, 0x159def00, 0x65003800,
	0x665f646e, 0x0067616c, 0x000b0023, 0x00001d02,
	0x00170400, 0x55070000, 0x1d000100, 0x0c000000,
	0x0c001200, 0x3800159e, 0x23006a00, 0x01000500,
	0x00000011, 0x00070055, 0x00000023, 0x0012000c,
	0x00159e2f, 0x00690038, 0x000b0023, 0x00001d02,
	0x00100400, 0x55070000, 0x04000700, 0x20000000,
	0x01000000, 0x53001200, 0xa300159e, 0x00001000,
	0x0000000a, 0x00060000, 0x55080000, 0x7d000d00,
	0x14000000, 0xac001200, 0x3800159f, 0x67626b00,
	0x6b68635f, 0xa0011100, 0x2180057e, 0x05820401,
	0x64010680, 0x43000672, 0x02000c20, 0x0000001d,
	0x00001804, 0x53060700, 0x02000c20, 0x0000001d,
	0x00001c04, 0x63060700, 0x02000c20, 0x0000001d,
	0x00002004, 0xa3060700, 0x02000c02, 0x0000001d,
	0x00002404, 0x13060700, 0x01000b20, 0x0000001d,
	0x00004004, 0x20220700, 0x00157db4, 0x0000001f,
	0x0012000c, 0x00159eef, 0x6d740038, 0x00230070,
	0x11010005, 0x55000000, 0x29000400, 0x0c000000,
	0x18001200, 0x3800159f, 0x74696800, 0x6b68635f,
	0x0b002300, 0x001d0200, 0x3e040000, 0x07000000,
	0x00040055, 0x00000029, 0x0012000c, 0x00159f41,
	0x61740038, 0x705f616d, 0x23007274, 0x01000500,
	0x00000010, 0x00050083, 0x157b6001, 0x00002700,
	0x12000c00, 0x159f6800, 0x76003800, 0x23003030,
	0x02000b00, 0x0000001d, 0x00002c04, 0x00720700,
	0x0015721c, 0x0000001d, 0x0012000c, 0x00159f85,
	0x006a0038, 0x00050023, 0x00001201, 0x07005500,
	0x00002300, 0x12000c00, 0x159fa800, 0x69003800,
	0x0b002300, 0x001d0200, 0x28040000, 0x07000000,
	0x00070055, 0x00000004, 0x00000069, 0x00120014,
	0x0015a083, 0x746b0038, 0x5f6e7275, 0x00776f70,
	0x9e5c0111, 0x01218005, 0x80059f5c, 0x74240106,
	0x20430006, 0x1d02000c, 0x04000000, 0x00000010,
	0x20530607, 0x1d02000c, 0x04000000, 0x00000014,
	0x02a30607, 0x1d02000c, 0x04000000, 0x00000018,
	0x20130607, 0x1d01000b, 0x04000000, 0x00000020,
	0x00002407, 0x12000500, 0x15a03900, 0x70003800,
	0x23007274, 0x01000500, 0x00000010, 0x00050083,
	0x157b6001, 0x00002700, 0x12000500, 0x15a06000,
	0x76003800, 0x23006365, 0x02000b00, 0x0000001d,
	0x00002404, 0x00720700, 0x0015721c, 0x0000001f,
	0x0012000c, 0x0015a07f, 0x6f700038, 0x00230077,
	0x11010005, 0x55000000, 0x04000a00, 0x7b000000,
	0x14000000, 0x04001200, 0x380015a2, 0x75746b00,
	0x705f6e72, 0x746e696f, 0x80011100, 0x2180059c,
	0x059dc801, 0x72010680, 0x43000674, 0x02000c20,
	0x0000001d, 0x00001004, 0x53060700, 0x02000c20,
	0x0000001d, 0x00001404, 0x63060700, 0x02000c20,
	0x0000001d, 0x00001804, 0xa3060700, 0x02000c02,
	0x0000001d, 0x00001c04, 0x13060700, 0x01000b20,
	0x0000001d, 0x00003804, 0x00310700, 0x00050000,
	0xa12f0012, 0x00380015, 0x6d657440, 0x74705f70,
	0x23004072, 0x02000b00, 0x0000001d, 0x00003804,
	0x00830700, 0x1c010005, 0x24001572, 0x05000000,
	0x53001200, 0x380015a1, 0x72747000, 0x05002300,
	0x00100100, 0x00830000, 0x60010005, 0x2600157b,
	0x05000000, 0x79001200, 0x380015a1, 0x646f6d00,
	0x00230065, 0x1d02000b, 0x04000000, 0x00000040,
	0x01005507, 0x00002500, 0x12000c00, 0x15a19e00,
	0x61003800, 0x2300676e, 0x02000b00, 0x0000001d,
	0x00003404, 0x00550700, 0x001d000a, 0x000c0000,
	0xa1bb0012, 0x00380015, 0x00230064, 0x11010005,
	0x55000000, 0x1e000a00, 0x0c000000, 0xd9001200,
	0x380015a1, 0x00707000, 0x00050023, 0x00001201,
	0x0a005500, 0x00002700, 0x12000c00, 0x15a20000,
	0x76003800, 0x23003030, 0x02000b00, 0x0000001d,
	0x00002404, 0x00720700, 0x0015721c, 0x00000004,
	0x0000007b, 0x00120014, 0x0015a30f, 0x746b0038,
	0x5f6e7275, 0x6c676e61, 0x01110065, 0x80059dc8,
	0x9e5c0121, 0x01068005, 0x000674fc, 0x000c2043,
	0x00001d02, 0x00100400, 0x06070000, 0x000c2053,
	0x00001d02, 0x00140400, 0x06070000, 0x000c2063,
	0x00001d02, 0x00180400, 0x06070000, 0x000c02a3,
	0x00001d02, 0x001c0400, 0x06070000, 0x000b2013,
	0x00001d01, 0x00200400, 0x24070000, 0x05000000,
	0xa3001200, 0x380015a2, 0x72747000, 0x05002300,
	0x00100100, 0x00830000, 0x60010005, 0x2600157b,
	0x05000000, 0xc9001200, 0x380015a2, 0x646f6d00,
	0x00230065, 0x1d02000b, 0x04000000, 0x00000024,
	0x01005507, 0x00002100, 0x12000c00, 0x15a2ea00,
	0x61003800, 0x3130676e, 0x05002300, 0x00110100,
	0x00550000, 0x0021000a, 0x000c0000, 0xa30b0012,
	0x00380015, 0x30676e61, 0x00230030, 0x12010005,
	0x55000000, 0x04000a00, 0x20000000, 0x07000000,
	0x2f001200, 0x380015a3, 0x6e616b00, 0x00230067,
	0x60030005, 0x558013e1, 0xa7000a00, 0x14000000,
	0x1d001200, 0x380015a4, 0x65646b00, 0x65646963,
	0x5c011100, 0x2180059f, 0x05a15801, 0x4a010680,
	0x43000675, 0x02000c20, 0x0000001d, 0x00001004,
	0x53060700, 0x02000c20, 0x0000001d, 0x00001404,
	0x63060700, 0x02000c20, 0x0000001d, 0x00001804,
	0xa3060700, 0x02000c02, 0x0000001d, 0x00001c04,
	0x13060700, 0x01000b20, 0x0000001d, 0x00002804,
	0x20220700, 0x001587c6, 0xa30f2022, 0x20220015,
	0x00157628, 0x7db42022, 0x20220015, 0x0015764d,
	0x79c82022, 0x20220015, 0x001580bc, 0x76042022,
	0x00240015, 0x000c0000, 0xa3fa0012, 0x00380015,
	0x23006f6e, 0x02000b00, 0x0000001d, 0x00002704,
	0x00550700, 0x001f0001, 0x000c0000, 0xa4190012,
	0x00380015, 0x006f6e70, 0x00050023, 0x00001001,
	0x01005500, 0x00000400, 0x00005a00, 0x12001400,
	0x15a49800, 0x6b003800, 0x6c657375, 0x00746365,
	0xa1580111, 0x01218005, 0x8005a1fc, 0x75e80106,
	0x20430006, 0x1d02000c, 0x04000000, 0x00000000,
	0x20130607, 0x1d01000b, 0x04000000, 0x00000008,
	0x28202207, 0x22001576, 0x157db420, 0x4d202200,
	0x1d001576, 0x0c000000, 0x94001200, 0x380015a4,
	0x23006900, 0x01000500, 0x00000010, 0x00070055,
	0x00000004, 0x0000005a, 0x00120014, 0x0015a513,
	0x646b0038, 0x656c6573, 0x11007463, 0x05a1fc01,
	0xa8012180, 0x068005a2, 0x06764a01, 0x0c204300,
	0x001d0200, 0x00040000, 0x07000000, 0x0b201306,
	0x001d0100, 0x08040000, 0x07000000, 0x76282022,
	0x20220015, 0x00157db4, 0x764d2022, 0x001d0015,
	0x000c0000, 0xa50f0012, 0x00380015, 0x00230069,
	0x10010005, 0x55000000, 0x04000700, 0x7e000000,
	0x14000000, 0xd8001200, 0x380015a5, 0x69726b00,
	0x00746867, 0xa2a80111, 0x01218005, 0x8005a344,
	0x76ac0106, 0x20430006, 0x1d02000c, 0x04000000,
	0x00000000, 0x20530607, 0x1d02000c, 0x04000000,
	0x00000004, 0x20630607, 0x1d02000c, 0x04000000,
	0x00000008, 0x20130607, 0x1d01000b, 0x04000000,
	0x00000010, 0x0f202207, 0x220015a3, 0x1587c620,
	0xbc202200, 0x22001580, 0x15764d20, 0x00001f00,
	0x12000500, 0x15a5b000, 0x73003800, 0x23006470,
	0x01000500, 0x00000012, 0x00040055, 0x00000024,
	0x0012000c, 0x0015a5d4, 0x636b0038, 0x5f726168,
	0x23006f6e, 0x01000500, 0x00000011, 0x00010055,
	0x00000004, 0x0000007d, 0x00120014, 0x0015a69c,
	0x6c6b0038, 0x00746665, 0xa3440111, 0x01218005,
	0x8005a3e0, 0x76f00106, 0x20430006, 0x1d02000c,
	0x04000000, 0x00000000, 0x20530607, 0x1d02000c,
	0x04000000, 0x00000004, 0x20630607, 0x1d02000c,
	0x04000000, 0x00000008, 0x20130607, 0x1d01000b,
	0x04000000, 0x00000010, 0x0f202207, 0x220015a3,
	0x1587c620, 0xbc202200, 0x22001580, 0x15764d20,
	0x00001f00, 0x12000500, 0x15a67400, 0x73003800,
	0x23006470, 0x01000500, 0x00000012, 0x00040055,
	0x00000024, 0x0012000c, 0x0015a698, 0x636b0038,
	0x5f726168, 0x23006f6e, 0x01000500, 0x00000011,
	0x00010055, 0x00000004, 0x00000060, 0x00120014,
	0x0015a6fc, 0x416b0038, 0x69636564, 0x11006564,
	0x05a3e001, 0x94012180, 0x068005a4, 0x06773401,
	0x0c02a300, 0x001d0200, 0x10040000, 0x07000000,
	0x0b201306, 0x001d0100, 0x18040000, 0x07000000,
	0x87c62022, 0x20220015, 0x001580bc, 0x764d2022,
	0x20220015, 0x00157604, 0x00000012, 0x00120013,
	0x0015a78a, 0x000800b6, 0x001e0000, 0x000d0000,
	0xa72c0012, 0x00380015, 0x00550078, 0x00230004,
	0x00040006, 0x07000000, 0x0000001e, 0x0012000d,
	0x0015a74a, 0x00790038, 0x00040055, 0x00060023,
	0x00000204, 0x001e0700, 0x000d0000, 0xa7680012,
	0x00380015, 0x00550077, 0x00230004, 0x04040006,
	0x07000000, 0x0000001e, 0x0012000d, 0x0015a786,
	0x00680038, 0x00040055, 0x00060023, 0x00000604,
	0x00040700, 0x00200000, 0x00010000, 0xa7aa0012,
	0x00a30015, 0x0a000010, 0x00000000, 0x00001000,
	0x00550800, 0x00200001, 0x00010000, 0xa7ca0012,
	0x00a30015, 0x0a000010, 0x00000000, 0x00000c00,
	0x00550800, 0x00120001, 0x00130000, 0xa7dc0012,
	0x00b60015, 0x00000008, 0x00000026, 0x00120007,
	0x0015a802, 0x646b0038, 0x5f6f6d65, 0x67616c66,
	0x05002300, 0xe1640300, 0x00558013, 0x00120001,
	0x00130000, 0xa9a80012, 0x00b60015, 0x00000024,
	0x00000023, 0x0012000d, 0x0015a837, 0x65720038,
	0x72007463, 0x15a6fc00, 0x06002300, 0x00000400,
	0x26070000, 0x0d000000, 0x5d001200, 0x380015a8,
	0x6e697700, 0x74636552, 0xfc007200, 0x230015a6,
	0x04000600, 0x00000008, 0x00002207, 0x12000d00,
	0x15a87f00, 0x66003800, 0x746e635f, 0x04005500,
	0x06002300, 0x00100400, 0x21070000, 0x0d000000,
	0xa0001200, 0x380015a8, 0x646f6d00, 0x00550065,
	0x00230004, 0x12040006, 0x07000000, 0x00000022,
	0x0012000d, 0x0015a8c2, 0x696c0038, 0x004e656e,
	0x00040055, 0x00060023, 0x00001404, 0x00220700,
	0x000d0000, 0xa8e40012, 0x00380015, 0x6e694c6e,
	0x00550065, 0x00230004, 0x16040006, 0x07000000,
	0x00000025, 0x0012000d, 0x0015a909, 0x616d0038,
	0x694c4e78, 0x5500656e, 0x23000400, 0x04000600,
	0x00000018, 0x00002107, 0x12000d00, 0x15a92a00,
	0x61003800, 0x00727474, 0x00030055, 0x00060023,
	0x00001a04, 0x00240700, 0x000d0000, 0xa94e0012,
	0x00380015, 0x5f6c6f63, 0x00786469, 0x00030055,
	0x00060023, 0x00001b04, 0x002b0700, 0x000d0000,
	0xa9790012, 0x00380015, 0x65766f6d, 0x6e75665f,
	0x00830063, 0x1b010005, 0x23001571, 0x04000600,
	0x0000001c, 0x00002b07, 0x12000d00, 0x15a9a400,
	0x64003800, 0x5f776172, 0x636e7566, 0x05008300,
	0x711b0100, 0x00230015, 0x20040006, 0x07000000,
	0x00000004, 0x00000022, 0x00120001, 0x0015a9ca,
	0x001200a3, 0x00000a00, 0x05000000, 0x08000000,
	0xa8020072, 0x00250015, 0x00070000, 0xa9ef0012,
	0x00380015, 0x4e495767, 0x00574f44, 0x00050023,
	0x14ad0803, 0xa8007280, 0x290015a9, 0x07000000,
	0x18001200, 0x380015aa, 0x4c4f6700, 0x41505f44,
	0x41445f44, 0x23004154, 0x03000500, 0x8013df58,
	0x000c0055, 0x00000025, 0x00120007, 0x0015aa3d,
	0x50670038, 0x445f4441, 0x00415441, 0x00050023,
	0x13df5c03, 0x0c005580, 0x00007d00, 0x12001400,
	0x15ab6600, 0x6b003800, 0x756e656d, 0x94011100,
	0x218005a4, 0x05a7ec01, 0x82010680, 0x43000677,
	0x02000c20, 0x0000001d, 0x00002804, 0x53060700,
	0x02000c20, 0x0000001d, 0x00002c04, 0xa3060700,
	0x02000c02, 0x0000001d, 0x00003004, 0x13060700,
	0x01000b20, 0x0000001d, 0x00005004, 0x20220700,
	0x0015a7dc, 0xa9ca2022, 0x20220015, 0x0015a9ef,
	0xaa182022, 0x00230015, 0x00010000, 0xaadd0012,
	0x00a30015, 0x0a000013, 0x00000000, 0x00000100,
	0x00630800, 0x01010003, 0x00002900, 0x12000c00,
	0x15ab0600, 0x6b003800, 0x756e656d, 0x0b002300,
	0x001d0200, 0x48040000, 0x07000000, 0xaaba0072,
	0x00310015, 0x000c0000, 0xab370012, 0x00380015,
	0x6174736b, 0x775f7472, 0x6f646e69, 0x00230077,
	0x1d02000b, 0x04000000, 0x00000040, 0xfc007207,
	0x2b0015a6, 0x0c000000, 0x62001200, 0x380015ab,
	0x69776b00, 0x776f646e, 0x0b002300, 0x001d0200,
	0x38040000, 0x07000000, 0xa6fc0072, 0x00040015,
	0x00200000, 0x00010000, 0xab860012, 0x00a30015,
	0x0a000010, 0x00000000, 0x00001400, 0x00550800,
	0x0022000d, 0x000c0000, 0xaba80012, 0x00380015,
	0x34246767, 0x23003730, 0x03000500, 0x8013e12c,
	0x00070055, 0x00000026, 0x00120007, 0x0015abce,
	0x44620038, 0x57776172, 0x68746469, 0x05002300,
	0xdd200300, 0x00558013, 0x00270001, 0x00070000,
	0xabf50012, 0x00380015, 0x61724462, 0x6e656c77,
	0x00687467, 0x00050023, 0x13dd2103, 0x01005580,
	0x00001200, 0x12001300, 0x15ad1400, 0x1400b600,
	0x29000000, 0x0d000000, 0x30001200, 0x380015ac,
	0x78697000, 0x64416c65, 0x63007264, 0x01000300,
	0x0023000c, 0x00040006, 0x07000000, 0x00000021,
	0x0012000d, 0x0015ac51, 0x67620038, 0x55006f4e,
	0x23000400, 0x04000600, 0x00000004, 0x00001e07,
	0x12000d00, 0x15ac6f00, 0x78003800, 0x04005500,
	0x06002300, 0x00060400, 0x1e070000, 0x0d000000,
	0x8d001200, 0x380015ac, 0x55007900, 0x23000400,
	0x04000600, 0x00000008, 0x00002007, 0x12000d00,
	0x15acad00, 0x66003800, 0x55007862, 0x23000400,
	0x04000600, 0x0000000a, 0x00002007, 0x12000d00,
	0x15accd00, 0x66003800, 0x55007962, 0x23000400,
	0x04000600, 0x0000000c, 0x00002207, 0x12000d00,
	0x15acef00, 0x74003800, 0x65676170, 0x04005500,
	0x06002300, 0x000e0400, 0x21070000, 0x0d000000,
	0x10001200, 0x380015ad, 0x756c6300, 0x00550074,
	0x00230004, 0x10040006, 0x07000000, 0x00000004,
	0x00000022, 0x00120001, 0x0015ad36, 0x001200a3,
	0x00000a00, 0x22000000, 0x08000000, 0xabf50072,
	0x00200015, 0x00010000, 0xad560012, 0x00a30015,
	0x0a000010, 0x00000000, 0x00000700, 0x00550800,
	0x00200004, 0x00010000, 0xad760012, 0x00a30015,
	0x0a000010, 0x00000000, 0x00000700, 0x00550800,
	0x00120003, 0x00130000, 0xaec20012, 0x00b60015,
	0x00000022, 0x00000020, 0x0012000d, 0x0015ada8,
	0x746f0038, 0x0055007a, 0x00230004, 0x00040006,
	0x07000000, 0x0000001e, 0x0012000d, 0x0015adc6,
	0x00780038, 0x00040055, 0x00060023, 0x00000204,
	0x001e0700, 0x000d0000, 0xade40012, 0x00380015,
	0x00550079, 0x00230004, 0x04040006, 0x07000000,
	0x00000024, 0x0012000d, 0x0015ae08, 0x65740038,
	0x006f4e78, 0xad360072, 0x00230015, 0x06040006,
	0x07000000, 0x00000027, 0x0012000d, 0x0015ae2f,
	0x6e690038, 0x76726574, 0x72006c61, 0x15ad5600,
	0x06002300, 0x00160400, 0x24070000, 0x0d000000,
	0x53001200, 0x380015ae, 0x6e797300, 0x746e4363,
	0x03005500, 0x06002300, 0x001e0400, 0x24070000,
	0x0d000000, 0x77001200, 0x380015ae, 0x78657400,
	0x65646f4d, 0x01005500, 0x06002300, 0x001f0400,
	0x26070000, 0x0d000000, 0x9d001200, 0x380015ae,
	0x74617000, 0x6e726574, 0x55006f4e, 0x23000100,
	0x04000600, 0x00000020, 0x00002107, 0x12000d00,
	0x15aebe00, 0x66003800, 0x0067616c, 0x00010055,
	0x00060023, 0x00002104, 0x00040700, 0x00220000,
	0x00010000, 0xaee40012, 0x00a30015, 0x0a000012,
	0x00000000, 0x0000bb00, 0x00720800, 0x0015ad76,
	0x00000012, 0x00120013, 0x0015aff4, 0x1bbc00b6,
	0x00210000, 0x000d0000, 0xaf170012, 0x00380015,
	0x72006762, 0x15ad1400, 0x06002300, 0x00000400,
	0x27070000, 0x0d000000, 0x3e001200, 0x380015af,
	0x73616d00, 0x696e416b, 0x0072006d, 0x0015aec2,
	0x00060023, 0x0002bc04, 0x00210700, 0x000d0000,
	0xaf5f0012, 0x00380015, 0x58726373, 0x04005500,
	0x06002300, 0x1bb40400, 0x21070000, 0x0d000000,
	0x80001200, 0x380015af, 0x72637300, 0x00550059,
	0x00230004, 0xb6040006, 0x0700001b, 0x00000022,
	0x0012000d, 0x0015afa2, 0x69770038, 0x00687464,
	0x00010055, 0x00060023, 0x001bb804, 0x00230700,
	0x000d0000, 0xafc50012, 0x00380015, 0x676e656c,
	0x55006874, 0x23000100, 0x04000600, 0x00001bb9,
	0x00002b07, 0x12000d00, 0x15aff000, 0x63003800,
	0x61726168, 0x72657463, 0x69747369, 0x00550063,
	0x00230001, 0xba040006, 0x0700001b, 0x00000004,
	0x00000025, 0x00120007, 0x0015b019, 0x42670038,
	0x74614467, 0x00230061, 0xd4030005, 0x728015c9,
	0x15aee400, 0x00002600, 0x12000700, 0x15b03f00,
	0x70003800, 0x5f79616c, 0x00646c6f, 0x00050023,
	0x065eb403, 0x60007280, 0x1200157b, 0x13000000,
	0xbd001200, 0xb60015b0, 0x00003c00, 0x00002400,
	0x12000d00, 0x15b07500, 0x6d003800, 0x6c65646f,
	0x6c007200, 0x23001586, 0x04000600, 0x00000000,
	0x00002207, 0x12000d00, 0x15b09700, 0x6c003800,
	0x6c657665, 0x01005500, 0x06002300, 0x00380400,
	0x22070000, 0x0d000000, 0xb9001200, 0x380015b0,
	0x6d676400, 0x55006e6f, 0x23000300, 0x04000600,
	0x00000039, 0x00000407, 0x00002200, 0x12000700,
	0x15b0df00, 0x67003800, 0x00594f42, 0x00050023,
	0x16fb0803, 0x3f007280, 0x230015b0, 0x0c000000,
	0x02001200, 0x380015b1, 0x65736b00, 0x36303424,
	0x05002300, 0xe1300300, 0x00558013, 0x00260007,
	0x00070000, 0xb1280012, 0x00380015, 0x77656e6b,
	0x736f705f, 0x05002300, 0x5f600300, 0x00728006,
	0x0015721c, 0x00000026, 0x00120007, 0x0015b14e,
	0x6f6b0038, 0x705f646c, 0x2300736f, 0x03000500,
	0x80065f70, 0x721c0072, 0x00270015, 0x000c0000,
	0xb1750012, 0x00380015, 0x6174736b, 0x665f7472,
	0x0067616c, 0x00050023, 0x13e13403, 0x03005580,
	0x00010700, 0x12001400, 0x15b34c00, 0x6b003800,
	0x79616c70, 0x11007265, 0x05488801, 0x60012180,
	0x06800562, 0x0678ca01, 0x0c204300, 0x001d0200,
	0x10040000, 0x07000000, 0x0c205306, 0x001d0200,
	0x14040000, 0x07000000, 0x0c206306, 0x001d0200,
	0x18040000, 0x07000000, 0x0c02a306, 0x001d0200,
	0x1c040000, 0x07000000, 0x0b201306, 0x001d0100,
	0x30040000, 0x07000000, 0x77252022, 0x20220015,
	0x00157690, 0x76042022, 0x20220015, 0x0015a7dc,
	0xa9ca2022, 0x20220015, 0x00157db4, 0x764d2022,
	0x20220015, 0x0015ab86, 0xaba82022, 0x20220015,
	0x0015abce, 0xaff42022, 0x20220015, 0x001587c6,
	0x76282022, 0x20220015, 0x0015b019, 0x80bc2022,
	0x20220015, 0x0015b0bd, 0xb0df2022, 0x20220015,
	0x0015b102, 0xb1282022, 0x20220015, 0x0015a30f,
	0xa9ef2022, 0x20220015, 0x0015aa18, 0x76fd2022,
	0x20220015, 0x0015b14e, 0x0000002a, 0x0012000c,
	0x0015b2a6, 0x74700038, 0x00230072, 0x1d02000b,
	0x04000000, 0x00000024, 0x05008307, 0x7b600100,
	0x00270015, 0x000c0000, 0xb2cd0012, 0x00380015,
	0x30706d74, 0x00230030, 0x1d02000b, 0x04000000,
	0x00000020, 0x0a005507, 0x00002400, 0x12000c00,
	0x15b2f100, 0x6e003800, 0x0023006f, 0x1d02000b,
	0x04000000, 0x0000002f, 0x01005507, 0x00001d00,
	0x12000c00, 0x15b30e00, 0x6a003800, 0x05002300,
	0x00110100, 0x00550000, 0x001d0007, 0x000c0000,
	0xb32b0012, 0x00380015, 0x00230069, 0x10010005,
	0x55000000, 0x1d000700, 0x0c000000, 0x48001200,
	0x380015b3, 0x23007200, 0x01000500, 0x00000012,
	0x00010055, 0x00000004, 0x00000029, 0x0012000c,
	0x0015b375, 0x6c6b0038, 0x5f656e69, 0x24746e63,
	0x00323436, 0x00050023, 0x13e13503, 0x03005580,
	0x00007d00, 0x12001400, 0x15b47300, 0x6b003800,
	0x6f6d6564, 0x6d6f635f, 0xec011100, 0x218005a7,
	0x05aa9c01, 0x4a010680, 0x43000683, 0x02000c20,
	0x0000001d, 0x00002804, 0xa3060700, 0x02000c02,
	0x0000001d, 0x00002c04, 0x13060700, 0x01000b20,
	0x0000001d, 0x00004004, 0x20220700, 0x0015a9ca,
	0xa7dc2022, 0x20220015, 0x0015a9ef, 0xaa182022,
	0x20220015, 0x0015b34c, 0x80bc2022, 0x00210015,
	0x00050000, 0xb4130012, 0x00380015, 0x6761706b,
	0x00230065, 0x10010005, 0x55000000, 0x31000100,
	0x0c000000, 0x44001200, 0x380015b4, 0x74736b00,
	0x5f747261, 0x646e6977, 0x2300776f, 0x02000b00,
	0x0000001d, 0x00003804, 0x00720700, 0x0015a6fc,
	0x0000002b, 0x0012000c, 0x0015b46f, 0x776b0038,
	0x6f646e69, 0x00230077, 0x1d02000b, 0x04000000,
	0x00000030, 0xfc007207, 0x040015a6, 0x20000000,
	0x01000000, 0x93001200, 0xa30015b4, 0x00001000,
	0x0000000a, 0x00080000, 0x55080000, 0x20000100,
	0x01000000, 0xb3001200, 0xa30015b4, 0x00001000,
	0x0000000a, 0x00200000, 0x55080000, 0x20000100,
	0x01000000, 0xd3001200, 0xa30015b4, 0x00001000,
	0x0000000a, 0x000e0000, 0x55080000, 0x20000100,
	0x01000000, 0xf3001200, 0xa30015b4, 0x00001000,
	0x0000000a, 0x00000000, 0x55080000, 0x20000100,
	0x01000000, 0x13001200, 0xa30015b5, 0x00001000,
	0x0000000a, 0x00240000, 0x55080000, 0x20000100,
	0x01000000, 0x33001200, 0xa30015b5, 0x00001000,
	0x0000000a, 0x001a0000, 0x55080000, 0x20000100,
	0x01000000, 0x53001200, 0xa30015b5, 0x00001000,
	0x0000000a, 0x00120000, 0x55080000, 0x20000100,
	0x01000000, 0x73001200, 0xa30015b5, 0x00001000,
	0x0000000a, 0x00260000, 0x55080000, 0x20000100,
	0x01000000, 0x93001200, 0xa30015b5, 0x00001000,
	0x0000000a, 0x00260000, 0x55080000, 0x20000100,
	0x01000000, 0xb3001200, 0xa30015b5, 0x00001000,
	0x0000000a, 0x00200000, 0x55080000, 0x20000100,
	0x01000000, 0xd3001200, 0xa30015b5, 0x00001000,
	0x0000000a, 0x001e0000, 0x55080000, 0x20000100,
	0x01000000, 0xf3001200, 0xa30015b5, 0x00001000,
	0x0000000a, 0x001e0000, 0x55080000, 0x20000100,
	0x01000000, 0x13001200, 0xa30015b6, 0x00001000,
	0x0000000a, 0x001a0000, 0x55080000, 0x20000100,
	0x01000000, 0x33001200, 0xa30015b6, 0x00001000,
	0x0000000a, 0x00160000, 0x55080000, 0x20000100,
	0x01000000, 0x53001200, 0xa30015b6, 0x00001000,
	0x0000000a, 0x00260000, 0x55080000, 0x20000100,
	0x01000000, 0x73001200, 0xa30015b6, 0x00001000,
	0x0000000a, 0x00200000, 0x55080000, 0x20000100,
	0x01000000, 0x93001200, 0xa30015b6, 0x00001000,
	0x0000000a, 0x00180000, 0x55080000, 0x20000100,
	0x01000000, 0xb3001200, 0xa30015b6, 0x00001000,
	0x0000000a, 0x00120000, 0x55080000, 0x20000100,
	0x01000000, 0xd3001200, 0xa30015b6, 0x00001000,
	0x0000000a, 0x001a0000, 0x55080000, 0x20000100,
	0x01000000, 0xf3001200, 0xa30015b6, 0x00001000,
	0x0000000a, 0x00220000, 0x55080000, 0x20000100,
	0x01000000, 0x13001200, 0xa30015b7, 0x00001000,
	0x0000000a, 0x001c0000, 0x55080000, 0x20000100,
	0x01000000, 0x33001200, 0xa30015b7, 0x00001000,
	0x0000000a, 0x001c0000, 0x55080000, 0x20000100,
	0x01000000, 0x53001200, 0xa30015b7, 0x00001000,
	0x0000000a, 0x00200000, 0x55080000, 0x20000100,
	0x01000000, 0x73001200, 0xa30015b7, 0x00001000,
	0x0000000a, 0x00220000, 0x55080000, 0x20000100,
	0x01000000, 0x93001200, 0xa30015b7, 0x00001000,
	0x0000000a, 0x00180000, 0x55080000, 0x20000100,
	0x01000000, 0xb3001200, 0xa30015b7, 0x00001000,
	0x0000000a, 0x00180000, 0x55080000, 0x20000100,
	0x01000000, 0xd3001200, 0xa30015b7, 0x00001000,
	0x0000000a, 0x00240000, 0x55080000, 0x20000100,
	0x01000000, 0xf3001200, 0xa30015b7, 0x00001000,
	0x0000000a, 0x00220000, 0x55080000, 0x20000100,
	0x01000000, 0x13001200, 0xa30015b8, 0x00001000,
	0x0000000a, 0x000e0000, 0x55080000, 0x20000100,
	0x01000000, 0x33001200, 0xa30015b8, 0x00001000,
	0x0000000a, 0x00200000, 0x55080000, 0x20000100,
	0x01000000, 0x53001200, 0xa30015b8, 0x00001000,
	0x0000000a, 0x00200000, 0x55080000, 0x20000100,
	0x01000000, 0x73001200, 0xa30015b8, 0x00001000,
	0x0000000a, 0x001e0000, 0x55080000, 0x20000100,
	0x01000000, 0x93001200, 0xa30015b8, 0x00001000,
	0x0000000a, 0x00200000, 0x55080000, 0x12000100,
	0x13000000, 0xa5001200, 0xb60015b8, 0x0000f400,
	0x00002000, 0x12000100, 0x15b8c500, 0x1000a300,
	0x000a0000, 0x00000000, 0x00000018, 0x01005508,
	0x00002000, 0x12000100, 0x15b8e500, 0x1000a300,
	0x000a0000, 0x00000000, 0x00000004, 0x01005508,
	0x00001200, 0x12001300, 0x15b8f700, 0x0800b600,
	0x12000000, 0x13000000, 0x09001200, 0xb60015b9,
	0x00000a00, 0x00006600, 0x12001400, 0x15ba9600,
	0x6b003800, 0x6d656470, 0x0111006f, 0x8005be68,
	0xc0480121, 0x01068005, 0x000684b0, 0x000c2043,
	0x00001d02, 0x00100400, 0x06070000, 0x000c2053,
	0x00001d02, 0x00140400, 0x06070000, 0x000c02a3,
	0x00001d02, 0x00180400, 0x06070000, 0x000b2013,
	0x00001d01, 0x01280400, 0x1e070000, 0x05000000,
	0x8d001200, 0x380015b9, 0x006f6e00, 0x00050023,
	0x00001101, 0x01005500, 0x00002000, 0x12000500,
	0x15b9ad00, 0x6c003800, 0x00656e69, 0x00050023,
	0x00001001, 0x01005500, 0x00002000, 0x12000100,
	0x15b9cd00, 0x1000a300, 0x000a0000, 0x00000000,
	0x00000009, 0x01005508, 0x00002b00, 0x12000c00,
	0x15b9f800, 0x6f003800, 0x745f7366, 0x23006c62,
	0x02000b00, 0x0000001d, 0x00011c04, 0x00720700,
	0x0015b9ad, 0x00000023, 0x00120001, 0x0015ba1b,
	0x001300a3, 0x00000a00, 0x01000000, 0x08000000,
	0x00030063, 0x2b000101, 0x0c000000, 0x46001200,
	0x380015ba, 0x734d7000, 0x6e744267, 0x0b002300,
	0x001d0200, 0x14040000, 0x07000001, 0xb9f80072,
	0x00230015, 0x00010000, 0xba690012, 0x00a30015,
	0x0a000013, 0x00000000, 0x00003c00, 0x00630800,
	0x01010003, 0x00002900, 0x12000c00, 0x15ba9200,
	0x6b003800, 0x67736d70, 0x0b002300, 0x001d0200,
	0x20040000, 0x07000000, 0xba460072, 0x00040015,
	0x00200000, 0x00010000, 0xbab60012, 0x00a30015,
	0x0a000010, 0x00000000, 0x00000e00, 0x00550800,
	0x00200001, 0x00010000, 0xbad60012, 0x00a30015,
	0x0a000010, 0x00000000, 0x00002200, 0x00550800,
	0x00200001, 0x00010000, 0xbaf60012, 0x00a30015,
	0x0a000010, 0x00000000, 0x00001200, 0x00550800,
	0x00200001, 0x00010000, 0xbb160012, 0x00a30015,
	0x0a000010, 0x00000000, 0x00002000, 0x00550800,
	0x00200001, 0x00010000, 0xbb360012, 0x00a30015,
	0x0a000010, 0x00000000, 0x00002400, 0x00550800,
	0x00200001, 0x00010000, 0xbb560012, 0x00a30015,
	0x0a000010, 0x00000000, 0x00001a00, 0x00550800,
	0x00200001, 0x00010000, 0xbb760012, 0x00a30015,
	0x0a000010, 0x00000000, 0x00001a00, 0x00550800,
	0x00200001, 0x00010000, 0xbb960012, 0x00a30015,
	0x0a000010, 0x00000000, 0x00002000, 0x00550800,
	0x00200001, 0x00010000, 0xbbb60012, 0x00a30015,
	0x0a000010, 0x00000000, 0x00001600, 0x00550800,
	0x00200001, 0x00010000, 0xbbd60012, 0x00a30015,
	0x0a000010, 0x00000000, 0x00001a00, 0x00550800,
	0x00200001, 0x00010000, 0xbbf60012, 0x00a30015,
	0x0a000010, 0x00000000, 0x00001600, 0x00550800,
	0x00200001, 0x00010000, 0xbc160012, 0x00a30015,
	0x0a000010, 0x00000000, 0x00002800, 0x00550800,
	0x00200001, 0x00010000, 0xbc360012, 0x00a30015,
	0x0a000010, 0x00000000, 0x00001e00, 0x00550800,
	0x00200001, 0x00010000, 0xbc560012, 0x00a30015,
	0x0a000010, 0x00000000, 0x00001c00, 0x00550800,
	0x00200001, 0x00010000, 0xbc760012, 0x00a30015,
	0x0a000010, 0x00000000, 0x00001c00, 0x00550800,
	0x00200001, 0x00010000, 0xbc960012, 0x00a30015,
	0x0a000010, 0x00000000, 0x00001a00, 0x00550800,
	0x00200001, 0x00010000, 0xbcb60012, 0x00a30015,
	0x0a000010, 0x00000000, 0x00001600, 0x00550800,
	0x00200001, 0x00010000, 0xbcd60012, 0x00a30015,
	0x0a000010, 0x00000000, 0x00001800, 0x00550800,
	0x00200001, 0x00010000, 0xbcf60012, 0x00a30015,
	0x0a000010, 0x00000000, 0x00001e00, 0x00550800,
	0x00200001, 0x00010000, 0xbd160012, 0x00a30015,
	0x0a000010, 0x00000000, 0x00001800, 0x00550800,
	0x00200001, 0x00010000, 0xbd360012, 0x00a30015,
	0x0a000010, 0x00000000, 0x00001e00, 0x00550800,
	0x00200001, 0x00010000, 0xbd560012, 0x00a30015,
	0x0a000010, 0x00000000, 0x00001e00, 0x00550800,
	0x00200001, 0x00010000, 0xbd760012, 0x00a30015,
	0x0a000010, 0x00000000, 0x00002000, 0x00550800,
	0x00200001, 0x00010000, 0xbd960012, 0x00a30015,
	0x0a000010, 0x00000000, 0x00002600, 0x00550800,
	0x00120001, 0x00130000, 0xbda80012, 0x00b60015,
	0x000000f4, 0x00000020, 0x00120001, 0x0015bdc8,
	0x001000a3, 0x00000a00, 0x0c000000, 0x08000000,
	0x00010055, 0x00000012, 0x00120013, 0x0015bdda,
	0x000800b6, 0x00120000, 0x00130000, 0xbdec0012,
	0x00b60015, 0x0000000a, 0x00000066, 0x00120014,
	0x0015bf79, 0x6d6b0038, 0x6f6d6564, 0x48011100,
	0x218005c0, 0x05c22801, 0x6c010680, 0x43000685,
	0x02000c20, 0x0000001d, 0x00001004, 0x53060700,
	0x02000c20, 0x0000001d, 0x00001404, 0xa3060700,
	0x02000c02, 0x0000001d, 0x00001804, 0x13060700,
	0x01000b20, 0x0000001d, 0x00012804, 0x001e0700,
	0x00050000, 0xbe700012, 0x00380015, 0x23006f6e,
	0x01000500, 0x00000011, 0x00010055, 0x00000020,
	0x00120005, 0x0015be90, 0x696c0038, 0x2300656e,
	0x01000500, 0x00000010, 0x00010055, 0x00000020,
	0x00120001, 0x0015beb0, 0x001000a3, 0x00000a00,
	0x09000000, 0x08000000, 0x00010055, 0x0000002b,
	0x0012000c, 0x0015bedb, 0x666f0038, 0x62745f73,
	0x0023006c, 0x1d02000b, 0x04000000, 0x0000011c,
	0x90007207, 0x230015be, 0x01000000, 0xfe001200,
	0xa30015be, 0x00001300, 0x0000000a, 0x00010000,
	0x63080000, 0x01000300, 0x002b0001, 0x000c0000,
	0xbf290012, 0x00380015, 0x67734d6d, 0x006e7442,
	0x000b0023, 0x00001d02, 0x01140400, 0x72070000,
	0x15bedb00, 0x00002300, 0x12000100, 0x15bf4c00,
	0x1300a300, 0x000a0000, 0x00000000, 0x0000003c,
	0x03006308, 0x00010100, 0x00000029, 0x0012000c,
	0x0015bf75, 0x6d6b0038, 0x0067736d, 0x000b0023,
	0x00001d02, 0x00200400, 0x72070000, 0x15bf2900,
	0x00000400, 0x00008e00, 0x12001400, 0x15c12400,
	0x6b003800, 0x6d656e65, 0x01110079, 0x8005b5a0,
	0xbe680121, 0x01068005, 0x00068628, 0x000c2043,
	0x00001d02, 0x00100400, 0x06070000, 0x000c2053,
	0x00001d02, 0x00140400, 0x06070000, 0x000c2063,
	0x00001d02, 0x00180400, 0x06070000, 0x000c02a3,
	0x00001d02, 0x001c0400, 0x06070000, 0x000b2013,
	0x00001d01, 0x00300400, 0x22070000, 0x157db420,
	0x19202200, 0x220015b0, 0x1587c620, 0xbc202200,
	0x1e001580, 0x0c000000, 0x25001200, 0x380015c0,
	0x00797900, 0x00050023, 0x00001201, 0x04005500,
	0x00001e00, 0x12000c00, 0x15c04300, 0x78003800,
	0x00230078, 0x11010005, 0x55000000, 0x23000400,
	0x0c000000, 0x66001200, 0x380015c0, 0x23006900,
	0x02000b00, 0x0000001d, 0x00002804, 0x00550700,
	0x00270007, 0x000c0000, 0xc08d0012, 0x00380015,
	0x30676e61, 0x00230031, 0x1d02000b, 0x04000000,
	0x00000024, 0x0a005507, 0x00002c00, 0x12000c00,
	0x15c0b900, 0x70003800, 0x31307274, 0x0b002300,
	0x001d0200, 0x20040000, 0x07000000, 0x00050083,
	0x157b6001, 0x00002100, 0x12000c00, 0x15c0da00,
	0x61003800, 0x3030676e, 0x05002300, 0x00100100,
	0x00550000, 0x0023000a, 0x000c0000, 0xc0fd0012,
	0x00380015, 0x00230079, 0x1d02000b, 0x04000000,
	0x0000002e, 0x04005507, 0x00002300, 0x12000c00,
	0x15c12000, 0x78003800, 0x0b002300, 0x001d0200,
	0x2c040000, 0x07000000, 0x00040055, 0x00000004,
	0x00000081, 0x00120014, 0x0015c2c4, 0x626b0038,
	0x006b6e61, 0xc9580111, 0x01218005, 0x8005cad8,
	0x89780106, 0x20430006, 0x1d02000c, 0x04000000,
	0x00000010, 0x20530607, 0x1d02000c, 0x04000000,
	0x00000014, 0x20630607, 0x1d02000c, 0x04000000,
	0x00000018, 0x02a30607, 0x1d02000c, 0x04000000,
	0x0000001c, 0x20130607, 0x1d01000b, 0x04000000,
	0x00000030, 0xc6202207, 0x22001587, 0x1580bc20,
	0x00002400, 0x12000500, 0x15c1c900, 0x70003800,
	0x23007274, 0x01000500, 0x00000010, 0x00050083,
	0x157b6001, 0x00002300, 0x12000500, 0x15c1ec00,
	0x78003800, 0x0b002300, 0x001d0200, 0x34040000,
	0x07000000, 0x00040055, 0x00000023, 0x00120005,
	0x0015c20f, 0x00790038, 0x000b0023, 0x00001d02,
	0x00380400, 0x55070000, 0x25000400, 0x0c000000,
	0x34001200, 0x380015c2, 0x31307800, 0x0b002300,
	0x001d0200, 0x2c040000, 0x07000000, 0x000a0055,
	0x00000025, 0x0012000c, 0x0015c259, 0x30790038,
	0x00230030, 0x1d02000b, 0x04000000, 0x00000028,
	0x0a005507, 0x00001f00, 0x12000c00, 0x15c27800,
	0x78003800, 0x23003030, 0x01000500, 0x00000011,
	0x000a0055, 0x00000027, 0x0012000c, 0x0015c29f,
	0x6e610038, 0x00313067, 0x000b0023, 0x00001d02,
	0x00240400, 0x55070000, 0x21000a00, 0x0c000000,
	0xc0001200, 0x380015c2, 0x676e6100, 0x23003030,
	0x01000500, 0x00000012, 0x000a0055, 0x00000004,
	0x0000008a, 0x00120014, 0x0015c4a0, 0x726b0038,
	0x6f646e61, 0x65735f6d, 0x7463656c, 0xec011100,
	0x218005c7, 0x05c95801, 0xe4010680, 0x43000689,
	0x02000c20, 0x0000001d, 0x00001004, 0x53060700,
	0x02000c20, 0x0000001d, 0x00001404, 0x63060700,
	0x02000c20, 0x0000001d, 0x00001804, 0xa3060700,
	0x02000c02, 0x0000001d, 0x00001c04, 0x13060700,
	0x01000b20, 0x0000001d, 0x00004004, 0x20220700,
	0x0015b019, 0x7db42022, 0x00250015, 0x00010000,
	0xc3730012, 0x00a30015, 0x0a000015, 0x00000000,
	0x00000400, 0x00830800, 0x60010005, 0x2a00157b,
	0x0c000000, 0x9d001200, 0x380015c3, 0x6c657300,
	0x00746365, 0x000b0023, 0x00001d02, 0x00240400,
	0x72070000, 0x15c34e00, 0x00002400, 0x12000c00,
	0x15c3c100, 0x70003800, 0x23007274, 0x01000500,
	0x00000011, 0x00050083, 0x157b6001, 0x00002700,
	0x12000c00, 0x15c3e800, 0x61003800, 0x3130676e,
	0x0b002300, 0x001d0200, 0x20040000, 0x07000000,
	0x000a0055, 0x00000025, 0x0012000c, 0x0015c40d,
	0x30790038, 0x00230030, 0x1d02000b, 0x04000000,
	0x0000003c, 0x04005507, 0x00002500, 0x12000c00,
	0x15c43200, 0x78003800, 0x23003030, 0x02000b00,
	0x0000001d, 0x00003a04, 0x00550700, 0x001d0004,
	0x000c0000, 0xc44f0012, 0x00380015, 0x00230069,
	0x12010005, 0x55000000, 0x2a000700, 0x0c000000,
	0x79001200, 0x380015c4, 0x6c657300, 0x30746365,
	0x00230030, 0x1d02000b, 0x04000000, 0x0000003f,
	0x03005507, 0x00002300, 0x12000c00, 0x15c49c00,
	0x63003800, 0x746e756f, 0x23003030, 0x01000500,
	0x00000010, 0x00030055, 0x00000004, 0x00000012,
	0x00120013, 0x0015c4b2, 0x002000b6, 0x00830000,
	0x00140000, 0xc6bd0012, 0x00380015, 0x7465736b,
	0x656e655f, 0x6164796d, 0x01110074, 0x8005c6bc,
	0xc7ec0121, 0x01068005, 0x00068ad2, 0x000c2043,
	0x00001d02, 0x00100400, 0x06070000, 0x000c2053,
	0x00001d02, 0x00140400, 0x06070000, 0x000c2063,
	0x00001d02, 0x00180400, 0x06070000, 0x000c02a3,
	0x00001d02, 0x001c0400, 0x06070000, 0x000b2013,
	0x00001d01, 0x00480400, 0x22070000, 0x157db420,
	0x00002900, 0x12000500, 0x15c55e00, 0x73003800,
	0x5f74726f, 0x23006f6e, 0x02000b00, 0x0000001d,
	0x00004804, 0x00550700, 0x00270001, 0x00050000,
	0xc5850012, 0x00380015, 0x30676e61, 0x00230030,
	0x1d02000b, 0x04000000, 0x0000004c, 0x0a005507,
	0x00002300, 0x12000500, 0x15c5a800, 0x78003800,
	0x0b002300, 0x001d0200, 0x50040000, 0x07000000,
	0x00040055, 0x00000023, 0x00120005, 0x0015c5cb,
	0x00790038, 0x000b0023, 0x00001d02, 0x00540400,
	0x55070000, 0x20000400, 0x01000000, 0xeb001200,
	0xa30015c5, 0x00001000, 0x0000000a, 0x00030000,
	0x55080000, 0x22000700, 0x01000000, 0x0d001200,
	0xa30015c6, 0x00001200, 0x0000000a, 0x00010000,
	0x72080000, 0x15c5cb00, 0x00002500, 0x12000c00,
	0x15c63200, 0x6b003800, 0x0b002300, 0x001d0200,
	0x28040000, 0x07000000, 0xc5eb0072, 0x00270015,
	0x000c0000, 0xc6590012, 0x00380015, 0x30776f70,
	0x00230030, 0x1d02000b, 0x04000000, 0x00000024,
	0x0c005507, 0x00002600, 0x12000c00, 0x15c67f00,
	0x70003800, 0x30307274, 0x05002300, 0x00110100,
	0x00830000, 0x60010005, 0x1d00157b, 0x0c000000,
	0x9c001200, 0x380015c6, 0x23006a00, 0x01000500,
	0x00000012, 0x00070055, 0x0000001d, 0x0012000c,
	0x0015c6b9, 0x00690038, 0x00050023, 0x00001001,
	0x07005500, 0x00000400, 0x00008300, 0x12001400,
	0x15c83b00, 0x6b003800, 0x72616573, 0x705f6863,
	0x746e696f, 0x94011100, 0x218005c5, 0x05c6bc01,
	0x66010680, 0x4300068b, 0x02000c20, 0x0000001d,
	0x00001004, 0x53060700, 0x02000c20, 0x0000001d,
	0x00001404, 0x63060700, 0x02000c20, 0x0000001d,
	0x00001804, 0xa3060700, 0x02000c02, 0x0000001d,
	0x00001c04, 0x13060700, 0x01000b20, 0x0000001d,
	0x00002004, 0x20220700, 0x00157db4, 0x00000024,
	0x00120005, 0x0015c764, 0x6f6e0038, 0x0b002300,
	0x001d0200, 0x20040000, 0x07000000, 0x00010055,
	0x00000027, 0x00120005, 0x0015c78b, 0x6f700038,
	0x00746e69, 0x000b0023, 0x00001d02, 0x00240400,
	0x55070000, 0x26000100, 0x05000000, 0xb1001200,
	0x380015c7, 0x23007800, 0x02000b00, 0x0000001d,
	0x00002804, 0x00630700, 0x04010003, 0x00002600,
	0x12000500, 0x15c7d700, 0x79003800, 0x0b002300,
	0x001d0200, 0x2c040000, 0x07000000, 0x00030063,
	0x1f000401, 0x0c000000, 0xf6001200, 0x380015c7,
	0x30307000, 0x05002300, 0x00120100, 0x00550000,
	0x001d000a, 0x000c0000, 0xc8130012, 0x00380015,
	0x00230069, 0x11010005, 0x55000000, 0x24000700,
	0x0c000000, 0x37001200, 0x380015c8, 0x72747000,
	0x05002300, 0x00100100, 0x00830000, 0x60010005,
	0x0400157b, 0x8e000000, 0x14000000, 0x52001200,
	0x380015ca, 0x68636b00, 0x5f6b6365, 0x6e696f70,
	0x01110074, 0x8005c228, 0xc5940121, 0x01068005,
	0x00068bf0, 0x000c2043, 0x00001d02, 0x00100400,
	0x06070000, 0x000c2053, 0x00001d02, 0x00140400,
	0x06070000, 0x000c2063, 0x00001d02, 0x00180400,
	0x06070000, 0x000c02a3, 0x00001d02, 0x001c0400,
	0x06070000, 0x000b2013, 0x00001d01, 0x00380400,
	0x22070000, 0x1580bc20, 0xb4202200, 0x2200157d,
	0x1587c620, 0x00002300, 0x12000500, 0x15c8ec00,
	0x78003800, 0x0b002300, 0x001d0200, 0x38040000,
	0x07000000, 0x00040055, 0x00000023, 0x00120005,
	0x0015c90f, 0x00790038, 0x000b0023, 0x00001d02,
	0x003c0400, 0x55070000, 0x25000400, 0x0c000000,
	0x34001200, 0x380015c9, 0x706d7400, 0x0b002300,
	0x001d0200, 0x30040000, 0x07000000, 0x000a0055,
	0x00000024, 0x0012000c, 0x0015c958, 0x74700038,
	0x00230072, 0x10010005, 0x83000000, 0x01000500,
	0x00157b60, 0x00000025, 0x0012000c, 0x0015c97d,
	0x76610038, 0x00230067, 0x1d02000b, 0x04000000,
	0x00000036, 0x04005507, 0x00001f00, 0x12000c00,
	0x15c99c00, 0x79003800, 0x23003030, 0x01000500,
	0x00000011, 0x00040055, 0x0000001f, 0x0012000c,
	0x0015c9bb, 0x30780038, 0x00230030, 0x12010005,
	0x55000000, 0x26000400, 0x0c000000, 0xe1001200,
	0x380015c9, 0x73696400, 0x00230074, 0x1d02000b,
	0x04000000, 0x0000002c, 0x0a005507, 0x00002700,
	0x12000c00, 0x15ca0800, 0x61003800, 0x3030676e,
	0x0b002300, 0x001d0200, 0x28040000, 0x07000000,
	0x000a0055, 0x00000023, 0x0012000c, 0x0015ca2b,
	0x006a0038, 0x000b0023, 0x00001d02, 0x00240400,
	0x55070000, 0x23000700, 0x0c000000, 0x4e001200,
	0x380015ca, 0x23006900, 0x02000b00, 0x0000001d,
	0x00002004, 0x00550700, 0x00040007, 0x00620000,
	0x00140000, 0xcb1f0012, 0x00380015, 0x6d61746b,
	0x65735f61, 0x7463656c, 0xd8011100, 0x218005ca,
	0x05cb5801, 0x10010680, 0x4300068d, 0x02000c20,
	0x0000001d, 0x00000004, 0x53060700, 0x02000c20,
	0x0000001d, 0x00000404, 0x13060700, 0x01000b20,
	0x0000001d, 0x00000804, 0x20220700, 0x00157db4,
	0x00000024, 0x00120005, 0x0015cad8, 0x6f6e0038,
	0x0b002300, 0x001d0200, 0x08040000, 0x07000000,
	0x00010055, 0x0000001d, 0x0012000c, 0x0015caf5,
	0x00690038, 0x00050023, 0x00001101, 0x07005500,
	0x00002600, 0x12000c00, 0x15cb1b00, 0x65003800,
	0x796d656e, 0x05002300, 0x00100100, 0x00830000,
	0x60010005, 0x0400157b, 0x7e000000, 0x14000000,
	0x89001200, 0x380015cc, 0x6f706b00, 0x65735f77,
	0x01110074, 0x8005cb58, 0xcc5c0121, 0x01068005,
	0x00068d72, 0x000c2043, 0x00001d02, 0x00100400,
	0x06070000, 0x000c2053, 0x00001d02, 0x00140400,
	0x06070000, 0x000c2063, 0x00001d02, 0x00180400,
	0x06070000, 0x000c02a3, 0x00001d02, 0x001c0400,
	0x06070000, 0x000b2013, 0x00001d01, 0x00280400,
	0x22070000, 0x1580bc20, 0x00002300, 0x12000500,
	0x15cbc000, 0x6d003800, 0x0b002300, 0x001d0200,
	0x28040000, 0x07000000, 0x000c0055, 0x00000023,
	0x00120005, 0x0015cbe3, 0x00780038, 0x000b0023,
	0x00001d02, 0x002c0400, 0x55070000, 0x23000400,
	0x05000000, 0x06001200, 0x380015cc, 0x23007a00,
	0x02000b00, 0x0000001d, 0x00003004, 0x00550700,
	0x001e0004, 0x000c0000, 0xcc240012, 0x00380015,
	0x23003170, 0x01000500, 0x00000012, 0x000c0055,
	0x0000001d, 0x0012000c, 0x0015cc41, 0x00700038,
	0x00050023, 0x00001001, 0x0c005500, 0x00001e00,
	0x12000c00, 0x15cc5f00, 0x53003800, 0x0023006e,
	0x11010005, 0x55000000, 0x26000c00, 0x0c000000,
	0x85001200, 0x380015cc, 0x73696400, 0x00230074,
	0x1d02000b, 0x04000000, 0x00000024, 0x0c005507,
	0x00000400, 0x00001200, 0x12001300, 0x15cc9b00,
	0x1800b600, 0x80000000, 0x14000000, 0x38001200,
	0x380015ce, 0x68636b00, 0x6f705f6b, 0x00746e69,
	0xaa9c0111, 0x01218005, 0x8005aca8, 0x8e100106,
	0x20430006, 0x1d02000c, 0x04000000, 0x00000010,
	0x20530607, 0x1d02000c, 0x04000000, 0x00000014,
	0x20630607, 0x1d02000c, 0x04000000, 0x00000018,
	0x02a30607, 0x1d02000c, 0x04000000, 0x0000001c,
	0x20130607, 0x1d01000b, 0x04000000, 0x00000040,
	0xb4202207, 0x2000157d, 0x01000000, 0x3b001200,
	0xa30015cd, 0x00001000, 0x0000000a, 0x00020000,
	0x55080000, 0x22000400, 0x01000000, 0x5d001200,
	0xa30015cd, 0x00001200, 0x0000000a, 0x00030000,
	0x72080000, 0x15cd1b00, 0x00002600, 0x12000c00,
	0x15cd8300, 0x70003800, 0x0023006f, 0x1d02000b,
	0x04000000, 0x00000028, 0x3b007207, 0x290015cd,
	0x0c000000, 0xac001200, 0x380015cd, 0x6d617400,
	0x74705f61, 0x00230072, 0x10010005, 0x83000000,
	0x01000500, 0x00157b60, 0x0000001d, 0x0012000c,
	0x0015cdc9, 0x006b0038, 0x00050023, 0x00001101,
	0x07005500, 0x00001d00, 0x12000c00, 0x15cde600,
	0x6a003800, 0x05002300, 0x00120100, 0x00550000,
	0x00230007, 0x000c0000, 0xce090012, 0x00380015,
	0x00230069, 0x1d02000b, 0x04000000, 0x00000024,
	0x07005507, 0x00002b00, 0x12000c00, 0x15ce3400,
	0x6b003800, 0x74736964, 0x65636e61, 0x0b002300,
	0x001d0200, 0x20040000, 0x07000000, 0x000a0055,
	0x00000004, 0x00000025, 0x00120001, 0x0015ce5d,
	0x001500a3, 0x00000a00, 0x09000000, 0x08000000,
	0x00050083, 0x157b6001, 0x00002300, 0x12000700,
	0x15ce8000, 0x6f003800, 0x72656472, 0x05002300,
	0x5f800300, 0x00728006, 0x0015ce38, 0x00000051,
	0x00120014, 0x0015ced1, 0x726b0038, 0x6c757365,
	0x6e695f74, 0x11007469, 0x05cc5c01, 0xec012180,
	0x068005cc, 0x068ef401, 0xd8202200, 0x22001576,
	0x15ce5d20, 0xb4202200, 0x22001576, 0x15762820,
	0xb4202200, 0x2200157d, 0x15764d20, 0x00001200,
	0x12001300, 0x15cee300, 0x0400b600, 0x27000000,
	0x0c000000, 0x0a001200, 0x380015cf, 0x74736200,
	0x73757461, 0x39343924, 0x05002300, 0xe1360300,
	0x00558013, 0x00260001, 0x000c0000, 0xcf300012,
	0x00380015, 0x6d697462, 0x39247365, 0x23003734,
	0x03000500, 0x8013e138, 0x00070055, 0x00000026,
	0x0012000c, 0x0015cf56, 0x63620038, 0x746e756f,
	0x36343924, 0x05002300, 0xe13c0300, 0x00558013,
	0x002a0007, 0x000c0000, 0xcf800012, 0x00380015,
	0x6f687362, 0x635f7472, 0x39247475, 0x23003834,
	0x03000500, 0x8013e140, 0x00010055, 0x000000c5,
	0x00120014, 0x0015d1da, 0x726b0038, 0x6c757365,
	0x01110074, 0x8005aca8, 0xb5a00121, 0x01068005,
	0x00068f38, 0x000c2043, 0x00001d02, 0x00100400,
	0x06070000, 0x000c2053, 0x00001d02, 0x00140400,
	0x06070000, 0x000c2063, 0x00001d02, 0x00180400,
	0x06070000, 0x000c02a3, 0x00001d02, 0x001c0400,
	0x06070000, 0x000b2013, 0x00001d01, 0x00380400,
	0x22070000, 0x1576b420, 0xe3202200, 0x220015ce,
	0x15cf0a20, 0x30202200, 0x220015cf, 0x15ce5d20,
	0xb4202200, 0x2200157d, 0x15aba820, 0xce202200,
	0x220015ab, 0x15aff420, 0x56202200, 0x220015cf,
	0x1576d820, 0xef202200, 0x220015a9, 0x15aa1820,
	0x00002600, 0x12000c00, 0x15d06b00, 0x61003800,
	0x00616572, 0x000b0023, 0x00001d02, 0x00370400,
	0x55070000, 0x25000100, 0x0c000000, 0x90001200,
	0x380015d0, 0x6d756e00, 0x0b002300, 0x001d0200,
	0x36040000, 0x07000000, 0x00010055, 0x0000002c,
	0x0012000c, 0x0015d0bc, 0x63730038, 0x6c6c6f72,
	0x646e655f, 0x0b002300, 0x001d0200, 0x24040000,
	0x07000000, 0x00070055, 0x00000024, 0x0012000c,
	0x0015d0e0, 0x70700038, 0x0b002300, 0x001d0200,
	0x35040000, 0x07000000, 0x00010055, 0x00000024,
	0x0012000c, 0x0015d104, 0x74700038, 0x00230072,
	0x10010005, 0x83000000, 0x01000500, 0x00157b60,
	0x00000026, 0x0012000c, 0x0015d12a, 0x72610038,
	0x23006165, 0x02000b00, 0x0000001d, 0x00003404,
	0x00550700, 0x00250001, 0x000c0000, 0xd14f0012,
	0x00380015, 0x006d756e, 0x000b0023, 0x00001d02,
	0x00330400, 0x55070000, 0x20000100, 0x01000000,
	0x6f001200, 0xa30015d1, 0x00001000, 0x0000000a,
	0x00030000, 0x55080000, 0x2d000100, 0x0c000000,
	0x9c001200, 0x380015d1, 0x696f7000, 0x745f746e,
	0x23006c62, 0x02000b00, 0x0000001d, 0x00002004,
	0x00720700, 0x0015d14f, 0x0000001d, 0x0012000c,
	0x0015d1b9, 0x006a0038, 0x00050023, 0x00001101,
	0x07005500, 0x00001d00, 0x12000c00, 0x15d1d600,
	0x69003800, 0x05002300, 0x00120100, 0x00550000,
	0x00040007, 0x00120000, 0x00130000, 0xd1ec0012,
	0x00b60015, 0x00000010, 0x00000012, 0x00120013,
	0x0015d1fe, 0x000400b6, 0x00120000, 0x00130000,
	0xd2100012, 0x00b60015, 0x00000018, 0x00000099,
	0x00120014, 0x0015d4c6, 0x6d6b0038, 0x5f6b7361,
	0x6e696f70, 0x01110074, 0x80057194, 0x762c0121,
	0x01068005, 0x00069256, 0x000c2043, 0x00001d02,
	0x00100400, 0x06070000, 0x000c2053, 0x00001d02,
	0x00140400, 0x06070000, 0x000c2063, 0x00001d02,
	0x00180400, 0x06070000, 0x000c02a3, 0x00001d02,
	0x001c0400, 0x06070000, 0x000b2013, 0x00001d01,
	0x00580400, 0x22070000, 0x15760420, 0x5d202200,
	0x220015ce, 0x1576b420, 0x4a202200, 0x22001577,
	0x157db420, 0x00002800, 0x12000c00, 0x15d2d100,
	0x6d003800, 0x306b7361, 0x00230030, 0x1d02000b,
	0x04000000, 0x00000057, 0x01005507, 0x00002600,
	0x12000c00, 0x15d2f700, 0x64003800, 0x00747369,
	0x000b0023, 0x00001d02, 0x00500400, 0x55070000,
	0x26000a00, 0x0c000000, 0x1d001200, 0x380015d3,
	0x65726100, 0x00230061, 0x1d02000b, 0x04000000,
	0x00000056, 0x01005507, 0x00002900, 0x12000c00,
	0x15d34600, 0x74003800, 0x5f616d61, 0x00727470,
	0x00050023, 0x00001201, 0x05008300, 0x7b600100,
	0x00200015, 0x00010000, 0xd3660012, 0x00a30015,
	0x0a000010, 0x00000000, 0x00000200, 0x00550800,
	0x00220004, 0x00010000, 0xd3880012, 0x00a30015,
	0x0a000012, 0x00000000, 0x00000300, 0x00720800,
	0x0015d346, 0x00000026, 0x0012000c, 0x0015d3ae,
	0x6f700038, 0x0b002300, 0x001d0200, 0x38040000,
	0x07000000, 0xd3660072, 0x00200015, 0x00010000,
	0xd3ce0012, 0x00a30015, 0x0a000010, 0x00000000,
	0x00000300, 0x00550800, 0x002a0001, 0x000c0000,
	0xd3f80012, 0x00380015, 0x6b73616d, 0x23003130,
	0x02000b00, 0x0000001d, 0x00003404, 0x00720700,
	0x0015d3ae, 0x00000020, 0x00120001, 0x0015d418,
	0x001000a3, 0x00000a00, 0x01000000, 0x08000000,
	0x00040055, 0x00000022, 0x00120001, 0x0015d43a,
	0x001200a3, 0x00000a00, 0x03000000, 0x08000000,
	0xd3f80072, 0x002b0015, 0x000c0000, 0xd4650012,
	0x00380015, 0x6b73616d, 0x006f6e5f, 0x000b0023,
	0x00001d02, 0x00240400, 0x72070000, 0x15d41800,
	0x00002300, 0x12000c00, 0x15d48800, 0x6b003800,
	0x0b002300, 0x001d0200, 0x20040000, 0x07000000,
	0x00070055, 0x0000001d, 0x0012000c, 0x0015d4a5,
	0x006a0038, 0x00050023, 0x00001101, 0x07005500,
	0x00001d00, 0x12000c00, 0x15d4c200, 0x69003800,
	0x05002300, 0x00100100, 0x00550000, 0x00040007,
	0x00120000, 0x00130000, 0xd4d80012, 0x00b60015,
	0x00000030, 0x00000012, 0x00120013, 0x0015d4ea,
	0x001200b6, 0x00280000, 0x00070000, 0xd5120012,
	0x00380015, 0x53577347, 0x5254414d, 0x23005849,
	0x03000500, 0x80144314, 0x71c60072, 0x00290015,
	0x00070000, 0xd53b0012, 0x00380015, 0x5f544f67,
	0x70544341, 0x05002300, 0xdf500300, 0x00838013,
	0xd7010005, 0x86001577, 0x14000000, 0x6f001200,
	0x380015d9, 0x62646b00, 0x01110067, 0x00000000,
	0x05ac0121, 0x01060000, 0x000693ee, 0x000c2043,
	0x00001d02, 0x00100400, 0x06070000, 0x000c2053,
	0x00001d02, 0x00140400, 0x06070000, 0x000c2063,
	0x00001d02, 0x00180400, 0x06070000, 0x000c02a3,
	0x00001d02, 0x001c0400, 0x06070000, 0x000b2013,
	0x00001d01, 0x00880400, 0x22070000, 0x15d4ea20,
	0x71202200, 0x22001576, 0x15d51220, 0x00002000,
	0x12000100, 0x15d5e100, 0x1000a300, 0x000a0000,
	0x00000000, 0x00000002, 0x04005508, 0x00002200,
	0x12000100, 0x15d60300, 0x1200a300, 0x000a0000,
	0x00000000, 0x00000002, 0xc1007208, 0x2a0015d5,
	0x0c000000, 0x2d001200, 0x380015d6, 0x72696300,
	0x00656c63, 0x000b0023, 0x00001d02, 0x00740400,
	0x72070000, 0x15d5e100, 0x00002000, 0x12000100,
	0x15d64d00, 0x1000a300, 0x000a0000, 0x00000000,
	0x00000003, 0x04005508, 0x00002200, 0x12000100,
	0x15d66f00, 0x1200a300, 0x000a0000, 0x00000000,
	0x00000005, 0x2d007208, 0x2a0015d6, 0x0c000000,
	0x99001200, 0x380015d6, 0x5f676200, 0x00746968,
	0x000b0023, 0x00001d02, 0x00440400, 0x72070000,
	0x15d64d00, 0x00001d00, 0x12000c00, 0x15d6b600,
	0x69003800, 0x05002300, 0x00110100, 0x00550000,
	0x00250007, 0x000c0000, 0xd6db0012, 0x00380015,
	0x007a746f, 0x000b0023, 0x00001d02, 0x00400400,
	0x55070000, 0x21000a00, 0x0c000000, 0xfc001200,
	0x380015d6, 0x00746f00, 0x00050023, 0x00001201,
	0x03006300, 0x000a0100, 0x00000028, 0x0012000c,
	0x0015d724, 0x76730038, 0x23003330, 0x02000b00,
	0x0000001d, 0x00003804, 0x00720700, 0x001572af,
	0x00000028, 0x0012000c, 0x0015d74c, 0x76730038,
	0x23003230, 0x02000b00, 0x0000001d, 0x00003004,
	0x00720700, 0x001572af, 0x00000028, 0x0012000c,
	0x0015d774, 0x76730038, 0x23003130, 0x02000b00,
	0x0000001d, 0x00002804, 0x00720700, 0x001572af,
	0x00000028, 0x0012000c, 0x0015d79c, 0x76730038,
	0x23003030, 0x02000b00, 0x0000001d, 0x00002004,
	0x00720700, 0x001572af, 0x00000012, 0x00120013,
	0x0015d948, 0x001800b6, 0x00200000, 0x000d0000,
	0xd7ce0012, 0x00380015, 0x00676174, 0x000c0055,
	0x00060023, 0x00000004, 0x001f0700, 0x000d0000,
	0xd7ed0012, 0x00380015, 0x55003072, 0x23000300,
	0x04000600, 0x00000004, 0x00001f07, 0x12000d00,
	0x15d80c00, 0x67003800, 0x00550030, 0x00230003,
	0x05040006, 0x07000000, 0x0000001f, 0x0012000d,
	0x0015d82b, 0x30620038, 0x03005500, 0x06002300,
	0x00060400, 0x21070000, 0x0d000000, 0x4c001200,
	0x380015d8, 0x646f6300, 0x00550065, 0x00230003,
	0x07040006, 0x07000000, 0x0000001f, 0x0012000d,
	0x0015d86b, 0x30780038, 0x04005500, 0x06002300,
	0x00080400, 0x1f070000, 0x0d000000, 0x8a001200,
	0x380015d8, 0x00307900, 0x00040055, 0x00060023,
	0x00000a04, 0x001f0700, 0x000d0000, 0xd8a90012,
	0x00380015, 0x55003178, 0x23000400, 0x04000600,
	0x0000000c, 0x00001f07, 0x12000d00, 0x15d8c800,
	0x79003800, 0x00550031, 0x00230004, 0x0e040006,
	0x07000000, 0x0000001f, 0x0012000d, 0x0015d8e7,
	0x32780038, 0x04005500, 0x06002300, 0x00100400,
	0x1f070000, 0x0d000000, 0x06001200, 0x380015d9,
	0x00327900, 0x00040055, 0x00060023, 0x00001204,
	0x001f0700, 0x000d0000, 0xd9250012, 0x00380015,
	0x55003378, 0x23000400, 0x04000600, 0x00000014,
	0x00001f07, 0x12000d00, 0x15d94400, 0x79003800,
	0x00550033, 0x00230004, 0x16040006, 0x07000000,
	0x00000004, 0x00000023, 0x0012000c, 0x0015d96b,
	0x34660038, 0x05002300, 0x00100100, 0x00830000,
	0x9c010005, 0x040015d7, 0x2b000000, 0x0c000000,
	0x9a001200, 0x380015d9, 0x69756700, 0x745f6564,
	0x24656d69, 0x36303131, 0x05002300, 0xe1420300,
	0x00558013, 0x00b40006, 0x00140000, 0xdfe90012,
	0x00380015, 0x6c65726b, 0x65736165, 0x60011100,
	0x21800562, 0x056a5c01, 0x54010680, 0x43000695,
	0x02000c20, 0x0000001d, 0x00001004, 0x53060700,
	0x02000c20, 0x0000001d, 0x00001404, 0x63060700,
	0x02000c20, 0x0000001d, 0x00001804, 0xa3060700,
	0x02000c02, 0x0000001d, 0x00001c04, 0x13060700,
	0x01000b20, 0x0000001d, 0x00009004, 0x20220700,
	0x0015d96f, 0xd4ea2022, 0x20220015, 0x00157690,
	0x76282022, 0x20220015, 0x00157db4, 0x764d2022,
	0x20220015, 0x001587c6, 0x76042022, 0x20220015,
	0x0015d512, 0x80bc2022, 0x001d0015, 0x000c0000,
	0xda6b0012, 0x00380015, 0x0023006c, 0x11010005,
	0x55000000, 0x21000700, 0x0c000000, 0x8c001200,
	0x380015da, 0x726b6b00, 0x2300746f, 0x01000500,
	0x00000012, 0x000a0055, 0x00000022, 0x00120001,
	0x0015daae, 0x001200a3, 0x00000a00, 0x03000000,
	0x08000000, 0x72af0072, 0x00260015, 0x000c0000,
	0xdad40012, 0x00380015, 0x2300766b, 0x02000b00,
	0x0000001d, 0x00006804, 0x00720700, 0x0015da8c,
	0x00000025, 0x0012000c, 0x0015daf9, 0x74610038,
	0x00230072, 0x1d02000b, 0x04000000, 0x0000008f,
	0x03005507, 0x00002400, 0x12000c00, 0x15db1d00,
	0x6e003800, 0x0023006f, 0x1d02000b, 0x04000000,
	0x0000008e, 0x01005507, 0x00002500, 0x12000c00,
	0x15db4200, 0x64003800, 0x23007369, 0x02000b00,
	0x0000001d, 0x00008c04, 0x00550700, 0x00200004,
	0x00010000, 0xdb620012, 0x00a30015, 0x0a000010,
	0x00000000, 0x00000100, 0x00550800, 0x00270004,
	0x000c0000, 0xdb890012, 0x00380015, 0x00736f70,
	0x000b0023, 0x00001d02, 0x00640400, 0x72070000,
	0x15db4200, 0x00002300, 0x12000c00, 0x15dbac00,
	0x69003800, 0x0b002300, 0x001d0200, 0x60040000,
	0x07000000, 0x00070055, 0x00000025, 0x0012000c,
	0x0015dbd1, 0x746f0038, 0x0023007a, 0x1d02000b,
	0x04000000, 0x0000005c, 0x0a005507, 0x00002700,
	0x12000c00, 0x15dbf800, 0x6f003800, 0x00230074,
	0x1d02000b, 0x04000000, 0x00000058, 0x03006307,
	0x000a0100, 0x00000028, 0x0012000c, 0x0015dc20,
	0x76730038, 0x23003030, 0x02000b00, 0x0000001d,
	0x00005004, 0x00720700, 0x001572af, 0x00000027,
	0x0012000c, 0x0015dc47, 0x30760038, 0x00230031,
	0x1d02000b, 0x04000000, 0x00000048, 0xaf007207,
	0x27001572, 0x0c000000, 0x6e001200, 0x380015dc,
	0x30307600, 0x0b002300, 0x001d0200, 0x40040000,
	0x07000000, 0x72af0072, 0x00120015, 0x00130000,
	0xdf970012, 0x00b60015, 0x00000028, 0x00000020,
	0x0012000d, 0x0015dca0, 0x61740038, 0x00550067,
	0x0023000c, 0x00040006, 0x07000000, 0x0000001f,
	0x0012000d, 0x0015dcbf, 0x30720038, 0x03005500,
	0x06002300, 0x00040400, 0x1f070000, 0x0d000000,
	0xde001200, 0x380015dc, 0x00306700, 0x00030055,
	0x00060023, 0x00000504, 0x001f0700, 0x000d0000,
	0xdcfd0012, 0x00380015, 0x55003062, 0x23000300,
	0x04000600, 0x00000006, 0x00002107, 0x12000d00,
	0x15dd1e00, 0x63003800, 0x0065646f, 0x00030055,
	0x00060023, 0x00000704, 0x001f0700, 0x000d0000,
	0xdd3d0012, 0x00380015, 0x55003078, 0x23000400,
	0x04000600, 0x00000008, 0x00001f07, 0x12000d00,
	0x15dd5c00, 0x79003800, 0x00550030, 0x00230004,
	0x0a040006, 0x07000000, 0x0000001f, 0x0012000d,
	0x0015dd7b, 0x30750038, 0x03005500, 0x06002300,
	0x000c0400, 0x1f070000, 0x0d000000, 0x9a001200,
	0x380015dd, 0x00307600, 0x00030055, 0x00060023,
	0x00000d04, 0x00210700, 0x000d0000, 0xddbb0012,
	0x00380015, 0x74756c63, 0x06005500, 0x06002300,
	0x000e0400, 0x1f070000, 0x0d000000, 0xda001200,
	0x380015dd, 0x00317800, 0x00040055, 0x00060023,
	0x00001004, 0x001f0700, 0x000d0000, 0xddf90012,
	0x00380015, 0x55003179, 0x23000400, 0x04000600,
	0x00000012, 0x00001f07, 0x12000d00, 0x15de1800,
	0x75003800, 0x00550031, 0x00230003, 0x14040006,
	0x07000000, 0x0000001f, 0x0012000d, 0x0015de37,
	0x31760038, 0x03005500, 0x06002300, 0x00150400,
	0x22070000, 0x0d000000, 0x59001200, 0x380015de,
	0x61707400, 0x55006567, 0x23000600, 0x04000600,
	0x00000016, 0x00001f07, 0x12000d00, 0x15de7800,
	0x78003800, 0x00550032, 0x00230004, 0x18040006,
	0x07000000, 0x0000001f, 0x0012000d, 0x0015de97,
	0x32790038, 0x04005500, 0x06002300, 0x001a0400,
	0x1f070000, 0x0d000000, 0xb6001200, 0x380015de,
	0x00327500, 0x00030055, 0x00060023, 0x00001c04,
	0x001f0700, 0x000d0000, 0xded50012, 0x00380015,
	0x55003276, 0x23000300, 0x04000600, 0x0000001d,
	0x00002107, 0x12000d00, 0x15def600, 0x70003800,
	0x00316461, 0x00060055, 0x00060023, 0x00001e04,
	0x001f0700, 0x000d0000, 0xdf150012, 0x00380015,
	0x55003378, 0x23000400, 0x04000600, 0x00000020,
	0x00001f07, 0x12000d00, 0x15df3400, 0x79003800,
	0x00550033, 0x00230004, 0x22040006, 0x07000000,
	0x0000001f, 0x0012000d, 0x0015df53, 0x33750038,
	0x03005500, 0x06002300, 0x00240400, 0x1f070000,
	0x0d000000, 0x72001200, 0x380015df, 0x00337600,
	0x00030055, 0x00060023, 0x00002504, 0x00210700,
	0x000d0000, 0xdf930012, 0x00380015, 0x32646170,
	0x06005500, 0x06002300, 0x00260400, 0x04070000,
	0x24000000, 0x0c000000, 0xbb001200, 0x380015df,
	0x34667000, 0x05002300, 0x00100100, 0x00830000,
	0x6e010005, 0x2a0015dc, 0x0c000000, 0xe5001200,
	0x380015df, 0x73616d00, 0x00726574, 0x000b0023,
	0x00001d02, 0x00200400, 0x72070000, 0x1571c600,
	0x00000400, 0x00007400, 0x12001400, 0x15e0c700,
	0x6b003800, 0x00746f72, 0xccec0111, 0x01218005,
	0x8005ce2c, 0x97b40106, 0x20430006, 0x1d02000c,
	0x04000000, 0x00000010, 0x20530607, 0x1d02000c,
	0x04000000, 0x00000014, 0x20630607, 0x1d02000c,
	0x04000000, 0x00000018, 0x02a30607, 0x1d02000c,
	0x04000000, 0x0000001c, 0x20130607, 0x1d01000b,
	0x04000000, 0x00000028, 0x00002207, 0x12000500,
	0x15e07f00, 0x61003800, 0x05002300, 0x00100100,
	0x00830000, 0xaf010005, 0x1f001572, 0x05000000,
	0x9e001200, 0x380015e0, 0x676e6100, 0x05002300,
	0x00110100, 0x00550000, 0x0025000a, 0x000c0000,
	0xe0c30012, 0x00380015, 0x00230062, 0x1d02000b,
	0x04000000, 0x00000020, 0xaf007207, 0x04001572,
	0x12000000, 0x13000000, 0x31001200, 0xb60015e2,
	0x00001400, 0x00001e00, 0x12000d00, 0x15e0f700,
	0x78003800, 0x04005500, 0x06002300, 0x00000400,
	0x1e070000, 0x0d000000, 0x15001200, 0x380015e1,
	0x55007900, 0x23000400, 0x04000600, 0x00000002,
	0x00002307, 0x12000d00, 0x15e13800, 0x63003800,
	0x5f74756c, 0x00550078, 0x00230004, 0x04040006,
	0x07000000, 0x00000023, 0x0012000d, 0x0015e15b,
	0x6c630038, 0x795f7475, 0x04005500, 0x06002300,
	0x00060400, 0x1e070000, 0x0d000000, 0x79001200,
	0x380015e1, 0x55007500, 0x23000400, 0x04000600,
	0x00000008, 0x00001e07, 0x12000d00, 0x15e19700,
	0x76003800, 0x04005500, 0x06002300, 0x000a0400,
	0x1e070000, 0x0d000000, 0xb5001200, 0x380015e1,
	0x55007700, 0x23000400, 0x04000600, 0x0000000c,
	0x00001e07, 0x12000d00, 0x15e1d300, 0x68003800,
	0x04005500, 0x06002300, 0x000e0400, 0x1e070000,
	0x0d000000, 0xf1001200, 0x380015e1, 0x55007200,
	0x23000300, 0x04000600, 0x00000010, 0x00001e07,
	0x12000d00, 0x15e20f00, 0x67003800, 0x03005500,
	0x06002300, 0x00110400, 0x1e070000, 0x0d000000,
	0x2d001200, 0x380015e2, 0x55006200, 0x23000300,
	0x04000600, 0x00000012, 0x00000407, 0x00007200,
	0x12001400, 0x15e30000, 0x6b003800, 0x735f7261,
	0x63656c65, 0x01110074, 0x80056a5c, 0x6b200121,
	0x01068005, 0x000697f8, 0x000c2043, 0x00001d02,
	0x00100400, 0x06070000, 0x000c02a3, 0x00001d02,
	0x00140400, 0x06070000, 0x000b2013, 0x00001d01,
	0x00300400, 0x22070000, 0x15762820, 0x4d202200,
	0x22001576, 0x15760420, 0xb4202200, 0x2f00157d,
	0x0c000000, 0xd2001200, 0x380015e2, 0x6d617400,
	0x74705f61, 0x00230072, 0x1d02000b, 0x04000000,
	0x0000002c, 0x05008307, 0x7b600100, 0x002a0015,
	0x000c0000, 0xe2fc0012, 0x00380015, 0x656c6573,
	0x23007463, 0x02000b00, 0x0000001d, 0x00001804,
	0x00720700, 0x0015e0c7, 0x00000004, 0x00000012,
	0x00120013, 0x0015e312, 0x002c00b6, 0x007c0000,
	0x00140000, 0xe4aa0012, 0x00380015, 0x696f706b,
	0x1100746e, 0x056b2001, 0x64012180, 0x0680056d,
	0x06985a01, 0x0c204300, 0x001d0200, 0x10040000,
	0x07000000, 0x0c205306, 0x001d0200, 0x14040000,
	0x07000000, 0x0c206306, 0x001d0200, 0x18040000,
	0x07000000, 0x0c02a306, 0x001d0200, 0x1c040000,
	0x07000000, 0x0b201306, 0x001d0100, 0x68040000,
	0x07000000, 0x7db42022, 0x00240015, 0x000c0000,
	0xe3b20012, 0x00380015, 0x23007878, 0x02000b00,
	0x0000001d, 0x00006604, 0x00550700, 0x001f0004,
	0x000c0000, 0xe3d10012, 0x00380015, 0x00303170,
	0x00050023, 0x00001201, 0x04005500, 0x00001e00,
	0x12000c00, 0x15e3ef00, 0x70003800, 0x00230031,
	0x11010005, 0x55000000, 0x1d000400, 0x0c000000,
	0x0c001200, 0x380015e4, 0x23006a00, 0x01000500,
	0x00000010, 0x00070055, 0x00000020, 0x00120001,
	0x0015e42c, 0x001000a3, 0x00000a00, 0x01000000,
	0x08000000, 0x00040055, 0x00000022, 0x00120001,
	0x0015e44e, 0x001200a3, 0x00000a00, 0x0a000000,
	0x08000000, 0xe40c0072, 0x002b0015, 0x000c0000,
	0xe4790012, 0x00380015, 0x645f7675, 0x00617461,
	0x000b0023, 0x00001d02, 0x00340400, 0x72070000,
	0x15e42c00, 0x00002d00, 0x12000c00, 0x15e4a600,
	0x70003800, 0x746e696f, 0x7461645f, 0x0b002300,
	0x001d0200, 0x20040000, 0x07000000, 0xe0c70072,
	0x00040015, 0x00120000, 0x00130000, 0xe4bc0012,
	0x00b60015, 0x00000028, 0x00000086, 0x00120014,
	0x0015e5d7, 0x706b0038, 0x1100776f, 0x056d6401,
	0xe0012180, 0x0680056e, 0x06993e01, 0x0c204300,
	0x001d0200, 0x10040000, 0x07000000, 0x0c205306,
	0x001d0200, 0x14040000, 0x07000000, 0x0c206306,
	0x001d0200, 0x18040000, 0x07000000, 0x0c02a306,
	0x001d0200, 0x1c040000, 0x07000000, 0x0b201306,
	0x001d0100, 0x50040000, 0x07000000, 0x77252022,
	0x20220015, 0x0015764d, 0x76042022, 0x00270015,
	0x000c0000, 0xe5690012, 0x00380015, 0x5f636e69,
	0x00230070, 0x1d02000b, 0x04000000, 0x0000004e,
	0x04005507, 0x00001d00, 0x12000c00, 0x15e58600,
	0x69003800, 0x05002300, 0x00100100, 0x00550000,
	0x00220007, 0x00010000, 0xe5a80012, 0x00a30015,
	0x0a000012, 0x00000000, 0x00000100, 0x00720800,
	0x0015e0c7, 0x0000002b, 0x0012000c, 0x0015e5d3,
	0x6f700038, 0x61645f77, 0x00230074, 0x1d02000b,
	0x04000000, 0x00000024, 0x86007207, 0x040015e5,
	0x12000000, 0x13000000, 0xe9001200, 0xb60015e5,
	0x00000300, 0x00009600, 0x12001400, 0x15e79700,
	0x74003800, 0x6d616d61, 0x0065766f, 0x42080111,
	0x01218005, 0x800545dc, 0x99e60106, 0x20430006,
	0x1d02000c, 0x04000000, 0x00000010, 0x20530607,
	0x1d02000c, 0x04000000, 0x00000014, 0x20630607,
	0x1d02000c, 0x04000000, 0x00000018, 0x02a30607,
	0x1d02000c, 0x04000000, 0x0000001c, 0x20130607,
	0x1d01000b, 0x04000000, 0x00000030, 0xc8202207,
	0x22001579, 0x15764d20, 0x28202200, 0x22001576,
	0x15760420, 0xb4202200, 0x2000157d, 0x01000000,
	0x9f001200, 0xa30015e6, 0x00001000, 0x0000000a,
	0x00020000, 0x55080000, 0x26000100, 0x0c000000,
	0xc5001200, 0x380015e6, 0x006f6e00, 0x000b0023,
	0x00001d02, 0x00280400, 0x72070000, 0x15e67f00,
	0x00002400, 0x12000c00, 0x15e6e900, 0x76003800,
	0x00230076, 0x1d02000b, 0x04000000, 0x0000002e,
	0x04005507, 0x00002400, 0x12000c00, 0x15e70d00,
	0x76003800, 0x00230076, 0x1d02000b, 0x04000000,
	0x00000024, 0x0c005507, 0x00001d00, 0x12000c00,
	0x15e72a00, 0x76003800, 0x05002300, 0x00120100,
	0x00550000, 0x00290004, 0x000c0000, 0xe7530012,
	0x00380015, 0x616d6174, 0x7274705f, 0x05002300,
	0x00100100, 0x00830000, 0x60010005, 0x1d00157b,
	0x0c000000, 0x70001200, 0x380015e7, 0x23006a00,
	0x01000500, 0x00000011, 0x00070055, 0x00000023,
	0x0012000c, 0x0015e793, 0x00690038, 0x000b0023,
	0x00001d02, 0x00200400, 0x55070000, 0x04000700,
	0x59000000, 0x14000000, 0x30001200, 0x380015e8,
	0x61626b00, 0x635f6b63, 0x11006b68, 0x059b9001,
	0x80012180, 0x0680059c, 0x069b8801, 0x0c204300,
	0x001d0200, 0x00040000, 0x07000000, 0x0c205306,
	0x001d0200, 0x04040000, 0x07000000, 0x0b201306,
	0x001d0100, 0x08040000, 0x07000000, 0x0000001e,
	0x00120005, 0x0015e80e, 0x78780038, 0x05002300,
	0x00100100, 0x00550000, 0x001e0004, 0x00050000,
	0xe82c0012, 0x00380015, 0x23007a7a, 0x01000500,
	0x00000011, 0x00040055, 0x00000004, 0x00000072,
	0x00120014, 0x0015e8f3, 0x616b0038, 0x6e697272,
	0x72645f67, 0x11007761, 0x05ce2c01, 0x1c012180,
	0x068005d0, 0x069c1201, 0x0c204300, 0x001d0200,
	0x10040000, 0x07000000, 0x0c205306, 0x001d0200,
	0x14040000, 0x07000000, 0x0c02a306, 0x001d0200,
	0x18040000, 0x07000000, 0x0b201306, 0x001d0100,
	0x20040000, 0x07000000, 0xd5122022, 0x00280015,
	0x00050000, 0xe8ca0012, 0x00380015, 0x5f746164,
	0x00727470, 0x00050023, 0x00001001, 0x05008300,
	0xe0c70100, 0x00250015, 0x000c0000, 0xe8ef0012,
	0x00380015, 0x70347466, 0x05002300, 0x00110100,
	0x00830000, 0x6e010005, 0x040015dc, 0x12000000,
	0x13000000, 0x05001200, 0xb60015e9, 0x00006400,
	0x00006c00, 0x12001400, 0x15ea3300, 0x6b003800,
	0x70736762, 0x01110072, 0x80056f84, 0x706c0121,
	0x01068005, 0x00069c92, 0x000c2043, 0x00001d02,
	0x00100400, 0x06070000, 0x000c2053, 0x00001d02,
	0x00140400, 0x06070000, 0x000c02a3, 0x00001d02,
	0x00180400, 0x06070000, 0x000b2013, 0x00001d01,
	0x00980400, 0x22070000, 0x1580bc20, 0x00002800,
	0x12000c00, 0x15e99900, 0x73003800, 0x705f7270,
	0x23007274, 0x01000500, 0x00000010, 0x00050083,
	0x15e0c701, 0x00001d00, 0x12000c00, 0x15e9b600,
	0x69003800, 0x05002300, 0x00110100, 0x00550000,
	0x002a0007, 0x000c0000, 0xe9e00012, 0x00380015,
	0x61645f6d, 0x23006174, 0x02000b00, 0x0000001d,
	0x00008404, 0x00720700, 0x0015e0c7, 0x00000022,
	0x00120001, 0x0015ea02, 0x001200a3, 0x00000a00,
	0x04000000, 0x08000000, 0xe0c70072, 0x002d0015,
	0x000c0000, 0xea2f0012, 0x00380015, 0x74696e69,
	0x7461645f, 0x00230061, 0x1d02000b, 0x04000000,
	0x00000020, 0xe0007207, 0x040015e9, 0x85000000,
	0x14000000, 0xfe001200, 0x380015ea, 0x63736b00,
	0x6c6c6f72, 0x6c011100, 0x21800570, 0x05719401,
	0xea010680, 0x4300069c, 0x02000c20, 0x0000001d,
	0x00001004, 0x53060700, 0x02000c20, 0x0000001d,
	0x00001404, 0xa3060700, 0x02000c02, 0x0000001d,
	0x00001804, 0x13060700, 0x01000b20, 0x0000001d,
	0x00002004, 0x20220700, 0x0015aa18, 0xa7dc2022,
	0x20220015, 0x001576fd, 0x764d2022, 0x20220015,
	0x00157604, 0x00000021, 0x0012000c, 0x0015ead9,
	0x6f700038, 0x00795f73, 0x00050023, 0x00001101,
	0x04005500, 0x00002100, 0x12000c00, 0x15eafa00,
	0x70003800, 0x785f736f, 0x05002300, 0x00100100,
	0x00550000, 0x00040004, 0x00560000, 0x00140000,
	0xeb850012, 0x00380015, 0x6174736b, 0x735f7472,
	0x11007270, 0x056ee001, 0x84012180, 0x0680056f,
	0x069d7e01, 0x0c02a300, 0x001d0200, 0x10040000,
	0x07000000, 0x0b201306, 0x001d0100, 0x30040000,
	0x07000000, 0xb14e2022, 0x20220015, 0x00157604,
	0x0000002d, 0x0012000c, 0x0015eb81, 0x74730038,
	0x5f747261, 0x00727073, 0x000b0023, 0x00001d02,
	0x001c0400, 0x72070000, 0x15e0c700, 0x00000400,
	0x00002400, 0x12000700, 0x15eba900, 0x67003800,
	0x45495652, 0x00230057, 0x64030005, 0x7280177f,
	0x1574c700, 0x00002900, 0x12000700, 0x15ebd200,
	0x67003800, 0x4a4f5250, 0x5f544345, 0x455a4953,
	0x05002300, 0xdf4c0300, 0x00558013, 0x0022000c,
	0x00010000, 0xebf40012, 0x00a30015, 0x0a000012,
	0x00000000, 0x00000100, 0x00720800, 0x001577d7,
	0x00000021, 0x00120007, 0x0015ec15, 0x4f670038,
	0x00230054, 0x1c030005, 0x728016ff, 0x15ebd200,
	0x00002300, 0x12000700, 0x15ec3800, 0x67003800,
	0x49544341, 0x23004556, 0x03000500, 0x8013df3c,
	0x000a0055, 0x000000c6, 0x00120014, 0x0015edb1,
	0x72640038, 0x61747761, 0x1100616d, 0x053ce001,
	0x08012180, 0x06800542, 0x069de001, 0x0c204300,
	0x001d0200, 0x10040000, 0x07000000, 0x0c205306,
	0x001d0200, 0x14040000, 0x07000000, 0x0c206306,
	0x001d0200, 0x18040000, 0x07000000, 0x0c02a306,
	0x001d0200, 0x1c040000, 0x07000000, 0x0b201306,
	0x001d0100, 0x48040000, 0x07000000, 0xeb852022,
	0x20220015, 0x0015eba9, 0xebf42022, 0x20220015,
	0x0015ec15, 0x78c12022, 0x20220015, 0x001575e3,
	0x87c62022, 0x20220015, 0x001580bc, 0x764d2022,
	0x20220015, 0x00157690, 0x76042022, 0x20220015,
	0x0015a7dc, 0x7db42022, 0x001f0015, 0x000c0000,
	0xed1d0012, 0x00380015, 0x006f6e6d, 0x00050023,
	0x00001101, 0x01005500, 0x00002900, 0x12000c00,
	0x15ed4600, 0x74003800, 0x5f616d61, 0x00727470,
	0x00050023, 0x00001001, 0x05008300, 0x7b600100,
	0x001d0015, 0x000c0000, 0xed630012, 0x00380015,
	0x0023006a, 0x12010005, 0x55000000, 0x23000700,
	0x0c000000, 0x86001200, 0x380015ed, 0x23006900,
	0x02000b00, 0x0000001d, 0x00004004, 0x00550700,
	0x00270007, 0x000c0000, 0xedad0012, 0x00380015,
	0x0074616d, 0x000b0023, 0x00001d02, 0x00200400,
	0x72070000, 0x1571c600, 0x00000400, 0x00002500,
	0x12000c00, 0x15edd600, 0x66003800, 0x2467616c,
	0x38303331, 0x05002300, 0x00000300, 0x00550000,
	0x00200007, 0x00010000, 0xedf60012, 0x00a30015,
	0x0a000010, 0x00000000, 0x00000300, 0x00550800,
	0x002d0001, 0x000c0000, 0xee230012, 0x00380015,
	0x61657261, 0x756f635f, 0x3124746e, 0x00343330,
	0x00050023, 0x00000003, 0xd6007200, 0x1e0015ed,
	0x07000000, 0x41001200, 0x380015ee, 0x00626200,
	0x00050023, 0x00000003, 0x07005500, 0x00002400,
	0x12000700, 0x15ee6500, 0x64003800, 0x665f6762,
	0x0067616c, 0x00050023, 0x00000003, 0x01005500,
	0x00002000, 0x12000100, 0x15ee8500, 0x1000a300,
	0x000a0000, 0x00000000, 0x00000009, 0x01005508,
	0x00002000, 0x12000700, 0x15eea500, 0x70003800,
	0x0023006c, 0x00030005, 0x72000000, 0x15ee6500,
	0x00000400, 0x00006000, 0x12001100, 0x16232600,
	0x4d025800, 0x49572057, 0x2032334e, 0x5350494d,
	0x432d4320, 0x69706d6f, 0x0072656c, 0x3a430038,
	0x6769645c, 0x6e6f6d69, 0x42634d5c, 0x6c747461,
	0x636d5c65, 0x616d5f62, 0x632e6e69, 0x02013600,
	0x11000000, 0x05384001, 0xe0012180, 0x06800567,
	0x06a00401, 0x00002000, 0x12000100, 0x15ef2900,
	0x1000a300, 0x000a0000, 0x00000000, 0x00000012,
	0x01005508, 0x00002000, 0x12000100, 0x15ef4900,
	0x1000a300, 0x000a0000, 0x00000000, 0x00000011,
	0x01005508, 0x00002900, 0x12000700, 0x15ef7200,
	0x67003800, 0x505f4742, 0x4c455849, 0x00230070,
	0x6c030005, 0x638013d5, 0x01000300, 0x00250003,
	0x000c0000, 0xef970012, 0x00380015, 0x42434d67,
	0x4554535f, 0x00230050, 0x68030005, 0x558013e1,
	0x20000400, 0x01000000, 0xb7001200, 0xa30015ef,
	0x00001000, 0x0000000a, 0x000d0000, 0x55080000,
	0x20000100, 0x01000000, 0xd7001200, 0xa30015ef,
	0x00001000, 0x0000000a, 0x00020000, 0x55080000,
	0x20000300, 0x01000000, 0xf7001200, 0xa30015ef,
	0x00001000, 0x0000000a, 0x001f0000, 0x55080000,
	0x12000300, 0x13000000, 0x9b001200, 0xb60015f1,
	0x00004000, 0x00002200, 0x12000d00, 0x15f02b00,
	0x6d003800, 0x70687861, 0x04005500, 0x06002300,
	0x00000400, 0x22070000, 0x0d000000, 0x4d001200,
	0x380015f0, 0x78616d00, 0x5500706d, 0x23000400,
	0x04000600, 0x00000002, 0x00002407, 0x12000d00,
	0x15f07100, 0x6f003800, 0x6e656666, 0x55006573,
	0x23000400, 0x04000600, 0x00000004, 0x00002407,
	0x12000d00, 0x15f09500, 0x64003800, 0x6e656665,
	0x55006573, 0x23000400, 0x04000600, 0x00000006,
	0x00002207, 0x12000d00, 0x15f0b700, 0x73003800,
	0x64656570, 0x04005500, 0x06002300, 0x00080400,
	0x21070000, 0x0d000000, 0xd8001200, 0x380015f0,
	0x73697700, 0x00550065, 0x00230004, 0x0a040006,
	0x07000000, 0x00000027, 0x0012000d, 0x0015f0ff,
	0x69640038, 0x70696373, 0x656e696c, 0x04005500,
	0x06002300, 0x000c0400, 0x2a070000, 0x0d000000,
	0x29001200, 0x380015f1, 0x72617000, 0x72656e74,
	0x656d614e, 0x97007200, 0x230015ef, 0x04000600,
	0x0000000e, 0x00002507, 0x12000d00, 0x15f14e00,
	0x6d003800, 0x6c65646f, 0x0064695f, 0x00030055,
	0x00060023, 0x00001c04, 0x00270700, 0x000d0000,
	0xf1750012, 0x00380015, 0x617a6177, 0x7473694c,
	0xb7007200, 0x230015ef, 0x04000600, 0x0000001d,
	0x00002207, 0x12000d00, 0x15f19700, 0x64003800,
	0x7200796d, 0x15efd700, 0x06002300, 0x00200400,
	0x04070000, 0x2b000000, 0x07000000, 0xc6001200,
	0x380015f1, 0x48436700, 0x41445f52, 0x00327054,
	0x00050023, 0x13e19003, 0x05008380, 0xeff70100,
	0x002b0015, 0x00070000, 0xf1f10012, 0x00380015,
	0x52484367, 0x5441445f, 0x23003170, 0x03000500,
	0x8013e194, 0x00050083, 0x15eff701, 0x00007200,
	0x12001400, 0x15f2e000, 0x6d003800, 0x625f6d65,
	0x6c747461, 0x01110065, 0x80053f3c, 0x405c0121,
	0x01068005, 0x0006a004, 0x000c2043, 0x00001d02,
	0x00100400, 0x06070000, 0x000c02a3, 0x00001d02,
	0x00140400, 0x06070000, 0x000b2013, 0x00001d01,
	0x00180400, 0x22070000, 0x15ef4920, 0x72202200,
	0x220015ef, 0x15f19b20, 0xc6202200, 0x2d0015f1,
	0x05000000, 0x90001200, 0x380015f2, 0x62636d00,
	0x0031705f, 0x000b0023, 0x00001d02, 0x00180400,
	0x83070000, 0x01000500, 0x0015eff7, 0x0000002d,
	0x00120005, 0x0015f2bd, 0x636d0038, 0x32705f62,
	0x0b002300, 0x001d0200, 0x1c040000, 0x07000000,
	0x00050083, 0x15eff701, 0x00001f00, 0x12000c00,
	0x15f2dc00, 0x65003800, 0x2300646e, 0x01000500,
	0x00000010, 0x00070055, 0x00000004, 0x00000020,
	0x00120001, 0x0015f300, 0x001000a3, 0x00000a00,
	0x14000000, 0x08000000, 0x00010055, 0x00000020,
	0x00120001, 0x0015f320, 0x001000a3, 0x00000a00,
	0x13000000, 0x08000000, 0x00010055, 0x00000020,
	0x00120001, 0x0015f340, 0x001000a3, 0x00000a00,
	0x13000000, 0x08000000, 0x00010055, 0x00000020,
	0x00120001, 0x0015f360, 0x001000a3, 0x00000a00,
	0x14000000, 0x08000000, 0x00010055, 0x00000020,
	0x00120001, 0x0015f380, 0x001000a3, 0x00000a00,
	0x14000000, 0x08000000, 0x00010055, 0x00000020,
	0x00120001, 0x0015f3a0, 0x001000a3, 0x00000a00,
	0x10000000, 0x08000000, 0x00010055, 0x00000020,
	0x00120001, 0x0015f3c0, 0x001000a3, 0x00000a00,
	0x27000000, 0x08000000, 0x00030055, 0x00000020,
	0x00120001, 0x0015f3e0, 0x001000a3, 0x00000a00,
	0x05000000, 0x08000000, 0x00030055, 0x00000022,
	0x00120001, 0x0015f402, 0x001200a3, 0x00000a00,
	0x03000000, 0x08000000, 0xf3c00072, 0x00120015,
	0x00130000, 0xf6b20012, 0x00b60015, 0x00000050,
	0x00000028, 0x0012000d, 0x0015f43c, 0x6e690038,
	0x4c786564, 0x00747369, 0xf3a00072, 0x00230015,
	0x00040006, 0x07000000, 0x00000021, 0x0012000d,
	0x0015f45d, 0x74730038, 0x55007065, 0x23000300,
	0x04000600, 0x00000028, 0x00002107, 0x12000d00,
	0x15f47e00, 0x70003800, 0x00656761, 0x00030055,
	0x00060023, 0x00002904, 0x00240700, 0x000d0000,
	0xf4a20012, 0x00380015, 0x65676170, 0x0078614d,
	0x00030055, 0x00060023, 0x00002a04, 0x00220700,
	0x000d0000, 0xf4c40012, 0x00380015, 0x6e635f63,
	0x00550074, 0x00230003, 0x2b040006, 0x07000000,
	0x00000028, 0x0012000d, 0x0015f4ec, 0x74730038,
	0x73757461, 0x6761705f, 0x00550065, 0x00230003,
	0x2c040006, 0x07000000, 0x00000023, 0x0012000d,
	0x0015f50f, 0x65730038, 0x7463656c, 0x03005500,
	0x06002300, 0x002d0400, 0x25070000, 0x0d000000,
	0x34001200, 0x380015f5, 0x61747300, 0x5f737574,
	0x00550076, 0x00230003, 0x2e040006, 0x07000000,
	0x00000023, 0x0012000d, 0x0015f557, 0x63730038,
	0x6c6c6f72, 0x03005500, 0x06002300, 0x002f0400,
	0x24070000, 0x0d000000, 0x7b001200, 0x380015f5,
	0x74617000, 0x6e726574, 0x03005500, 0x06002300,
	0x00300400, 0x26070000, 0x0d000000, 0xa1001200,
	0x380015f5, 0x696e6100, 0x635f656d, 0x5500746e,
	0x23000300, 0x04000600, 0x00000031, 0x00002907,
	0x12000d00, 0x15f5ca00, 0x62003800, 0x5f6c6c61,
	0x74746170, 0x006e7265, 0x00030055, 0x00060023,
	0x00003204, 0x00270700, 0x000d0000, 0xf5f10012,
	0x00380015, 0x6c6c6162, 0x635f615f, 0x5500746e,
	0x23000300, 0x04000600, 0x00000033, 0x00002707,
	0x12000d00, 0x15f61800, 0x73003800, 0x63656c65,
	0x65724174, 0x00550061, 0x00230003, 0x34040006,
	0x07000000, 0x00000026, 0x0012000d, 0x0015f63e,
	0x65640038, 0x65646963, 0x00746942, 0x00030055,
	0x00060023, 0x00003504, 0x00220700, 0x000d0000,
	0xf6600012, 0x00380015, 0x72617473, 0x00550074,
	0x00230003, 0x36040006, 0x07000000, 0x00000025,
	0x0012000d, 0x0015f685, 0x61670038, 0x775f6567,
	0xe0007200, 0x230015f3, 0x04000600, 0x00000037,
	0x00002907, 0x12000d00, 0x15f6ae00, 0x6c003800,
	0x53747361, 0x63656c65, 0x006f4e74, 0x00030055,
	0x00060023, 0x00004f04, 0x00040700, 0x00220000,
	0x00010000, 0xf6d40012, 0x00a30015, 0x0a000012,
	0x00000000, 0x00000100, 0x00720800, 0x0015f402,
	0x00000028, 0x00120007, 0x0015f6fc, 0x43670038,
	0x45535f48, 0x5443454c, 0x05002300, 0x29700300,
	0x00728008, 0x0015f6b2, 0x00000020, 0x00120001,
	0x0015f71c, 0x001000a3, 0x00000a00, 0x04000000,
	0x08000000, 0x00030055, 0x00000020, 0x00120001,
	0x0015f73c, 0x001000a3, 0x00000a00, 0x04000000,
	0x08000000, 0x00030055, 0x00000012, 0x00120013,
	0x0015f7ee, 0x000c00b6, 0x00290000, 0x000d0000,
	0xf7770012, 0x00380015, 0x61746164, 0x65646e49,
	0x72003178, 0x15f6fc00, 0x06002300, 0x00000400,
	0x29070000, 0x0d000000, 0xa0001200, 0x380015f7,
	0x74616400, 0x646e4961, 0x00327865, 0xf71c0072,
	0x00230015, 0x05040006, 0x07000000, 0x00000027,
	0x0012000d, 0x0015f7c7, 0x74730038, 0x75696461,
	0x64695f6d, 0x03005500, 0x06002300, 0x000a0400,
	0x23070000, 0x0d000000, 0xea001200, 0x380015f7,
	0x745f6e00, 0x006d6165, 0x00030055, 0x00060023,
	0x00000b04, 0x00040700, 0x00260000, 0x00070000,
	0xf8140012, 0x00380015, 0x42434d67, 0x5441445f,
	0x05002300, 0x2a280300, 0x00728008, 0x0015f73c,
	0x00000020, 0x00120001, 0x0015f834, 0x001000a3,
	0x00000a00, 0x02000000, 0x08000000, 0x00040055,
	0x00000022, 0x00120001, 0x0015f856, 0x001200a3,
	0x00000a00, 0x02000000, 0x08000000, 0xf8140072,
	0x00200015, 0x00010000, 0xf8760012, 0x00a30015,
	0x0a000010, 0x00000000, 0x00000200, 0x00550800,
	0x0012000a, 0x00130000, 0xf8cc0012, 0x00b60015,
	0x00000020, 0x00000020, 0x0012000d, 0x0015f8a8,
	0x006d0038, 0xf8340072, 0x00230015, 0x00040006,
	0x07000000, 0x00000020, 0x0012000d, 0x0015f8c8,
	0x00740038, 0xf8560072, 0x00230015, 0x14040006,
	0x07000000, 0x00000004, 0x00000012, 0x00120013,
	0x0015f95f, 0x001000b6, 0x001f0000, 0x000d0000,
	0xf8fd0012, 0x00380015, 0x55007876, 0x23000a00,
	0x04000600, 0x00000000, 0x00001f07, 0x12000d00,
	0x15f91c00, 0x76003800, 0x00550079, 0x0023000a,
	0x04040006, 0x07000000, 0x0000001f, 0x0012000d,
	0x0015f93b, 0x7a760038, 0x0a005500, 0x06002300,
	0x00080400, 0x20070000, 0x0d000000, 0x5b001200,
	0x380015f9, 0x64617000, 0x0a005500, 0x06002300,
	0x000c0400, 0x04070000, 0x12000000, 0x13000000,
	0xf2001200, 0xb60015f9, 0x00000800, 0x00001f00,
	0x12000d00, 0x15f99000, 0x76003800, 0x00550078,
	0x00230004, 0x00040006, 0x07000000, 0x0000001f,
	0x0012000d, 0x0015f9af, 0x79760038, 0x04005500,
	0x06002300, 0x00020400, 0x1f070000, 0x0d000000,
	0xce001200, 0x380015f9, 0x007a7600, 0x00040055,
	0x00060023, 0x00000404, 0x00200700, 0x000d0000,
	0xf9ee0012, 0x00380015, 0x00646170, 0x00040055,
	0x00060023, 0x00000604, 0x00040700, 0x00120000,
	0x00130000, 0xfa750012, 0x00b60015, 0x00000028,
	0x00000024, 0x0012000d, 0x0015fa28, 0x63730038,
	0x00656c61, 0xf8cc0072, 0x00230015, 0x00040006,
	0x07000000, 0x00000025, 0x0012000d, 0x0015fa4d,
	0x6f720038, 0x65746174, 0x5f007200, 0x230015f9,
	0x04000600, 0x00000010, 0x00002407, 0x12000d00,
	0x15fa7100, 0x74003800, 0x736e6172, 0xcc007200,
	0x230015f8, 0x04000600, 0x00000018, 0x00000407,
	0x00002300, 0x12001300, 0x15fb7700, 0x5f003800,
	0x4f437347, 0x4944524f, 0x4554414e, 0x00b60032,
	0x00000050, 0x00000020, 0x0012000d, 0x0015fab8,
	0x6c660038, 0x00550067, 0x0023000c, 0x00040006,
	0x07000000, 0x00000024, 0x0012000d, 0x0015fadc,
	0x6f630038, 0x0064726f, 0xf8760072, 0x00230015,
	0x04040006, 0x07000000, 0x00000024, 0x0012000d,
	0x0015fb00, 0x6f770038, 0x006d6b72, 0xf8760072,
	0x00230015, 0x24040006, 0x07000000, 0x00000027,
	0x0012000d, 0x0015fb27, 0x61700038, 0x006d6172,
	0x00050083, 0x15f9f201, 0x06002300, 0x00440400,
	0x27070000, 0x0d000000, 0x4e001200, 0x380015fb,
	0x70757300, 0x83007265, 0x01000500, 0x0015fa75,
	0x00060023, 0x00004804, 0x00250700, 0x000d0000,
	0xfb730012, 0x00380015, 0x00627573, 0x00050083,
	0x15fa7501, 0x06002300, 0x004c0400, 0x04070000,
	0x12000000, 0x13000000, 0x1d001200, 0xb60015fc,
	0x00001000, 0x00002600, 0x12000d00, 0x15fbaf00,
	0x61003800, 0x69727474, 0x65747562, 0x0c005500,
	0x06002300, 0x00000400, 0x28070000, 0x0d000000,
	0xd7001200, 0x380015fb, 0x6f6f6300, 0x00326472,
	0x00050083, 0x15fa7501, 0x06002300, 0x00040400,
	0x23070000, 0x0d000000, 0xfa001200, 0x380015fb,
	0x646d7400, 0x03006300, 0x000c0100, 0x00060023,
	0x00000804, 0x001f0700, 0x000d0000, 0xfc190012,
	0x00380015, 0x55006469, 0x23000c00, 0x04000600,
	0x0000000c, 0x00000407, 0x00001200, 0x12001300,
	0x15fce800, 0x8800b600, 0x25000000, 0x0d000000,
	0x54001200, 0x380015fc, 0x6a626f00, 0x00746365,
	0xfb770072, 0x00230015, 0x00040006, 0x07000000,
	0x00000024, 0x0012000d, 0x0015fc78, 0x6f630038,
	0x0064726f, 0xfa750072, 0x00230015, 0x10040006,
	0x07000000, 0x00000024, 0x0012000d, 0x0015fc9c,
	0x63730038, 0x00656c61, 0xf8cc0072, 0x00230015,
	0x60040006, 0x07000000, 0x00000024, 0x0012000d,
	0x0015fcc0, 0x6e610038, 0x00656c67, 0xf95f0072,
	0x00230015, 0x70040006, 0x07000000, 0x00000024,
	0x0012000d, 0x0015fce4, 0x72740038, 0x00736e61,
	0xf8cc0072, 0x00230015, 0x78040006, 0x07000000,
	0x00000004, 0x00000012, 0x00120013, 0x0015fd58,
	0x000600b6, 0x001e0000, 0x000d0000, 0xfd180012,
	0x00380015, 0x00550078, 0x00230004, 0x00040006,
	0x07000000, 0x0000001e, 0x0012000d, 0x0015fd36,
	0x00790038, 0x00040055, 0x00060023, 0x00000204,
	0x001e0700, 0x000d0000, 0xfd540012, 0x00380015,
	0x0055007a, 0x00230004, 0x04040006, 0x07000000,
	0x00000004, 0x00000012, 0x00120013, 0x0015fdc8,
	0x000300b6, 0x001e0000, 0x000d0000, 0xfd880012,
	0x00380015, 0x00550078, 0x00230002, 0x00040006,
	0x07000000, 0x0000001e, 0x0012000d, 0x0015fda6,
	0x00790038, 0x00020055, 0x00060023, 0x00000104,
	0x001e0700, 0x000d0000, 0xfdc40012, 0x00380015,
	0x0055007a, 0x00230002, 0x02040006, 0x07000000,
	0x00000004, 0x00000012, 0x00120013, 0x00160016,
	0x005200b6, 0x00280000, 0x000d0000, 0xfe020012,
	0x00380015, 0x6c616373, 0x6e654465, 0x0072006f,
	0x0015fce8, 0x00060023, 0x00000004, 0x00260700,
	0x000d0000, 0xfe280012, 0x00380015, 0x44676e61,
	0x006f6e65, 0xfce80072, 0x00230015, 0x06040006,
	0x07000000, 0x00000026, 0x0012000d, 0x0015fe4e,
	0x6f700038, 0x6e654473, 0x0072006f, 0x0015fce8,
	0x00060023, 0x00000c04, 0x00280700, 0x000d0000,
	0xfe760012, 0x00380015, 0x6c616373, 0x6d754e65,
	0x00720065, 0x0015fce8, 0x00060023, 0x00001204,
	0x00260700, 0x000d0000, 0xfe9c0012, 0x00380015,
	0x4e676e61, 0x00656d75, 0xfce80072, 0x00230015,
	0x18040006, 0x07000000, 0x00000026, 0x0012000d,
	0x0015fec2, 0x6f700038, 0x6d754e73, 0x00720065,
	0x0015fce8, 0x00060023, 0x00001e04, 0x00270700,
	0x000d0000, 0xfee90012, 0x00380015, 0x6c616373,
	0x746e4965, 0xe8007200, 0x230015fc, 0x04000600,
	0x00000024, 0x00002507, 0x12000d00, 0x15ff0e00,
	0x61003800, 0x6e49676e, 0x00720074, 0x0015fce8,
	0x00060023, 0x00002a04, 0x00250700, 0x000d0000,
	0xff330012, 0x00380015, 0x49736f70, 0x7200746e,
	0x15fce800, 0x06002300, 0x00300400, 0x28070000,
	0x0d000000, 0x5b001200, 0x380015ff, 0x61637300,
	0x6f57656c, 0x72006b72, 0x15fce800, 0x06002300,
	0x00360400, 0x26070000, 0x0d000000, 0x81001200,
	0x380015ff, 0x676e6100, 0x6b726f57, 0xe8007200,
	0x230015fc, 0x04000600, 0x0000003c, 0x00002607,
	0x12000d00, 0x15ffa700, 0x70003800, 0x6f57736f,
	0x72006b72, 0x15fce800, 0x06002300, 0x00420400,
	0x25070000, 0x0d000000, 0xcc001200, 0x380015ff,
	0x61637300, 0x0044656c, 0xfd580072, 0x00230015,
	0x48040006, 0x07000000, 0x00000023, 0x0012000d,
	0x0015ffef, 0x6e610038, 0x72004467, 0x15fd5800,
	0x06002300, 0x004b0400, 0x23070000, 0x0d000000,
	0x12001200, 0x38001600, 0x736f7000, 0x00720044,
	0x0015fd58, 0x00060023, 0x00004e04, 0x00040700,
	0x00120000, 0x00130000, 0x02290012, 0x00b60016,
	0x00000028, 0x0000002a, 0x0012000d, 0x00160052,
	0x656b0038, 0x61724679, 0x8300656d, 0x01000500,
	0x0015fdc8, 0x00060023, 0x00000004, 0x00260700,
	0x000d0000, 0x00780012, 0x00380016, 0x746f6f72,
	0x6b726f57, 0x00550058, 0x0023000a, 0x04040006,
	0x07000000, 0x00000026, 0x0012000d, 0x0016009e,
	0x6f720038, 0x6f57746f, 0x00596b72, 0x000a0055,
	0x00060023, 0x00000804, 0x00260700, 0x000d0000,
	0x00c40012, 0x00380016, 0x746f6f72, 0x6b726f57,
	0x0055005a, 0x0023000a, 0x0c040006, 0x07000000,
	0x00000025, 0x0012000d, 0x001600e9, 0x72660038,
	0x43656d61, 0x5500746e, 0x23000400, 0x04000600,
	0x00000010, 0x00002307, 0x12000d00, 0x16010c00,
	0x6e003800, 0x6d617246, 0x00550065, 0x00230004,
	0x12040006, 0x07000000, 0x00000024, 0x0012000d,
	0x00160130, 0x61640038, 0x63006174, 0x01000300,
	0x00230004, 0x14040006, 0x07000000, 0x00000026,
	0x0012000d, 0x00160156, 0x74730038, 0x706f6f4c,
	0x03006300, 0x00040100, 0x00060023, 0x00001804,
	0x00280700, 0x000d0000, 0x017e0012, 0x00380016,
	0x7478656e, 0x6172666b, 0x004e656d, 0x00040055,
	0x00060023, 0x00001c04, 0x001f0700, 0x000d0000,
	0x019d0012, 0x00380016, 0x55007870, 0x23000400,
	0x04000600, 0x0000001e, 0x00001f07, 0x12000d00,
	0x1601bc00, 0x70003800, 0x00550079, 0x00230004,
	0x20040006, 0x07000000, 0x00000024, 0x0012000d,
	0x001601e0, 0x6f6d0038, 0x6e6f6974, 0x0055004e,
	0x00230003, 0x22040006, 0x07000000, 0x00000024,
	0x0012000d, 0x00160204, 0x6f6c0038, 0x6e43706f,
	0x00550074, 0x00230003, 0x23040006, 0x07000000,
	0x00000021, 0x0012000d, 0x00160225, 0x6c660038,
	0x55006761, 0x23000300, 0x04000600, 0x00000024,
	0x00000407, 0x00001200, 0x12001300, 0x16035e00,
	0x3800b600, 0x1f000000, 0x0d000000, 0x5a001200,
	0x38001602, 0x00646900, 0x000a0055, 0x00060023,
	0x00000004, 0x00270700, 0x000d0000, 0x02810012,
	0x00380016, 0x74726170, 0x00830070, 0x1d010005,
	0x230015fc, 0x04000600, 0x00000004, 0x00002407,
	0x12000d00, 0x1602a500, 0x6d003800, 0x00706e74,
	0x00030063, 0x23000c01, 0x04000600, 0x00000008,
	0x00002507, 0x12000d00, 0x1602ca00, 0x6d003800,
	0x6f69746f, 0x0072006e, 0x00160016, 0x00060023,
	0x00000c04, 0x00240700, 0x000d0000, 0x02ee0012,
	0x00380016, 0x69736976, 0x00656c62, 0x00010055,
	0x00060023, 0x00003404, 0x00260700, 0x000d0000,
	0x03140012, 0x00380016, 0x735f6e6f, 0x65657263,
	0x0055006e, 0x00230001, 0x35040006, 0x07000000,
	0x00000023, 0x0012000d, 0x00160337, 0x636c0038,
	0x6e74705f, 0x02005500, 0x06002300, 0x00360400,
	0x23070000, 0x0d000000, 0x5a001200, 0x38001603,
	0x5f636c00, 0x00746e63, 0x00020055, 0x00060023,
	0x00003704, 0x00040700, 0x00250000, 0x00010000,
	0x03830012, 0x00a30016, 0x0a000015, 0x00000000,
	0xffffff00, 0x008308ff, 0x29010005, 0x25001602,
	0x07000000, 0xa8001200, 0x38001603, 0x4f4d6700,
	0x704c4544, 0x05002300, 0xc9dc0300, 0x00728013,
	0x0016035e, 0x00000095, 0x00120014, 0x0016051c,
	0x6e690038, 0x434d7469, 0x01110042, 0x80053840,
	0x3aec0121, 0x01068005, 0x0006a11a, 0x000c2043,
	0x00001d02, 0x00100400, 0x06070000, 0x000c2053,
	0x00001d02, 0x00140400, 0x06070000, 0x000c2063,
	0x00001d02, 0x00180400, 0x06070000, 0x000c02a3,
	0x00001d02, 0x001c0400, 0x06070000, 0x000b2013,
	0x00001d01, 0x00300400, 0x22070000, 0x15f6d420,
	0xee202200, 0x220015f7, 0x15f19b20, 0xc6202200,
	0x220015f1, 0x16038320, 0x00002a00, 0x12000c00,
	0x16046700, 0x67003800, 0x70656761, 0x0b002300,
	0x001d0200, 0x28040000, 0x07000000, 0x00030063,
	0x24000301, 0x0c000000, 0x8b001200, 0x38001604,
	0x70736300, 0x05002300, 0x00100100, 0x00830000,
	0x02010005, 0x250015f4, 0x01000000, 0xb0001200,
	0xa3001604, 0x00001500, 0x0000000a, 0x00010000,
	0x83080000, 0x01000500, 0x0015eff7, 0x0000002e,
	0x0012000c, 0x001604de, 0x68630038, 0x645f7261,
	0x70617461, 0x0b002300, 0x001d0200, 0x20040000,
	0x07000000, 0x048b0072, 0x001d0016, 0x000c0000,
	0x04fb0012, 0x00380016, 0x0023006a, 0x12010005,
	0x55000000, 0x1d000a00, 0x0c000000, 0x18001200,
	0x38001605, 0x23006900, 0x01000500, 0x00000011,
	0x000a0055, 0x00000004, 0x00000027, 0x0012000c,
	0x00160543, 0x53670038, 0x43454c45, 0x4e455f54,
	0x00230044, 0x6c030005, 0x558013e1, 0x29000700,
	0x07000000, 0x6c001200, 0x38001605, 0x61726400,
	0x6c655377, 0x43746365, 0x23005248, 0x03000500,
	0x8005405c, 0x00140055, 0x00000029, 0x00120007,
	0x00160595, 0x6f6d0038, 0x65536576, 0x7463656c,
	0x00524843, 0x00050023, 0x055e5803, 0x14005580,
	0x00002000, 0x12000100, 0x1605b500, 0x1000a300,
	0x000a0000, 0x00000000, 0x00000001, 0x02005508,
	0x00002300, 0x12000c00, 0x1605d800, 0x67003800,
	0x4e45504f, 0x05002300, 0xe1700300, 0x00728013,
	0x00160595, 0x00000071, 0x00120014, 0x0016066e,
	0x65730038, 0x7463656c, 0x00524843, 0x3aec0111,
	0x01218005, 0x80053c08, 0xa2da0106, 0x20430006,
	0x1d02000c, 0x04000000, 0x00000010, 0x02a30607,
	0x1d02000c, 0x04000000, 0x00000014, 0x20130607,
	0x1d01000b, 0x04000000, 0x00000018, 0x1c202207,
	0x22001605, 0x16054320, 0x6c202200, 0x22001605,
	0x1605b520, 0x00002100, 0x12000c00, 0x16066a00,
	0x66003800, 0x746e635f, 0x05002300, 0x00100100,
	0x00550000, 0x0004000a, 0x00290000, 0x00070000,
	0x06970012, 0x00380016, 0x444c4f67, 0x4441505f,
	0x5441445f, 0x00230041, 0x58030005, 0x558013df,
	0x25000c00, 0x07000000, 0xbc001200, 0x38001606,
	0x41506700, 0x41445f44, 0x23004154, 0x03000500,
	0x8013df5c, 0x000c0055, 0x0000009b, 0x00120014,
	0x001608b6, 0x6f6d0038, 0x65536576, 0x7463656c,
	0x00524843, 0x5e580111, 0x01218005, 0x80056740,
	0xa3e60106, 0x20430006, 0x1d02000c, 0x04000000,
	0x00000010, 0x20530607, 0x1d02000c, 0x04000000,
	0x00000014, 0x20630607, 0x1d02000c, 0x04000000,
	0x00000018, 0x02a30607, 0x1d02000c, 0x04000000,
	0x0000001c, 0x20130607, 0x1d01000b, 0x04000000,
	0x00000038, 0x6e202207, 0x22001606, 0x16069720,
	0x1c202200, 0x22001605, 0x15f6d420, 0xee202200,
	0x270015f7, 0x05000000, 0x7e001200, 0x38001607,
	0x646e6900, 0x23007865, 0x02000b00, 0x0000001d,
	0x00003804, 0x00550700, 0x00240004, 0x000c0000,
	0x07a20012, 0x00380016, 0x00707363, 0x00050023,
	0x00001001, 0x05008300, 0xf4020100, 0x002a0015,
	0x000c0000, 0x07cc0012, 0x00380016, 0x61656c63,
	0x74694272, 0x0b002300, 0x001d0200, 0x37040000,
	0x07000000, 0x00030055, 0x00000029, 0x0012000c,
	0x001607f5, 0x61640038, 0x6e496174, 0x70786564,
	0x05002300, 0x00120100, 0x00630000, 0x03010003,
	0x00002800, 0x12000c00, 0x16081d00, 0x6e003800,
	0x7369645f, 0x00230070, 0x1d02000b, 0x04000000,
	0x00000030, 0x0a005507, 0x00002200, 0x12000c00,
	0x16083f00, 0x74003800, 0x6e5f706f, 0x0023006f,
	0x11010005, 0x55000000, 0x2a000a00, 0x0c000000,
	0x69001200, 0x38001608, 0x646c6f00, 0x6461705f,
	0x00230064, 0x1d02000b, 0x04000000, 0x0000002c,
	0x0a005507, 0x00002600, 0x12000c00, 0x16088f00,
	0x70003800, 0x00646461, 0x000b0023, 0x00001d02,
	0x00280400, 0x55070000, 0x23000a00, 0x0c000000,
	0xb2001200, 0x38001608, 0x23006900, 0x02000b00,
	0x0000001d, 0x00002404, 0x00550700, 0x0004000a,
	0x00200000, 0x00010000, 0x08d60012, 0x00a30016,
	0x0a000010, 0x00000000, 0x00001000, 0x00550800,
	0x00200001, 0x00010000, 0x08f60012, 0x00a30016,
	0x0a000010, 0x00000000, 0x00001000, 0x00550800,
	0x00250001, 0x00070000, 0x091b0012, 0x00380016,
	0x77617264, 0x72617453, 0x00230074, 0x40030005,
	0x55800567, 0x7c001400, 0x14000000, 0x72001200,
	0x3800160a, 0x65706f00, 0x6365446e, 0x57656469,
	0x6f646e69, 0x01110077, 0x80053db4, 0x3e9c0121,
	0x01068005, 0x0006a790, 0x000c2043, 0x00001d02,
	0x00180400, 0x06070000, 0x000c2053, 0x00001d02,
	0x001c0400, 0x06070000, 0x000c02a3, 0x00001d02,
	0x00200400, 0x06070000, 0x000b2013, 0x00001d01,
	0x00300400, 0x22070000, 0x1605b520, 0xf6202200,
	0x21001608, 0x05000000, 0xb8001200, 0x38001609,
	0x646e6900, 0x23007865, 0x01000500, 0x00000010,
	0x00040055, 0x00000012, 0x00120013, 0x00160a46,
	0x000800b6, 0x001e0000, 0x000d0000, 0x09e80012,
	0x00380016, 0x00550078, 0x00230004, 0x00040006,
	0x07000000, 0x0000001e, 0x0012000d, 0x00160a06,
	0x00790038, 0x00040055, 0x00060023, 0x00000204,
	0x001e0700, 0x000d0000, 0x0a240012, 0x00380016,
	0x00550077, 0x00230004, 0x04040006, 0x07000000,
	0x0000001e, 0x0012000d, 0x00160a42, 0x00680038,
	0x00040055, 0x00060023, 0x00000604, 0x00040700,
	0x00280000, 0x000c0000, 0x0a6e0012, 0x00380016,
	0x526e6977, 0x0b002300, 0x001d0200, 0x28040000,
	0x07000000, 0x09b80072, 0x00040016, 0x00670000,
	0x00140000, 0x0afe0012, 0x00380016, 0x736f6c63,
	0x63654465, 0x57656469, 0x6f646e69, 0x01110077,
	0x80053e9c, 0x3ef40121, 0x01068005, 0x0006a7f2,
	0x000c2043, 0x00001d02, 0x00100400, 0x06070000,
	0x000c02a3, 0x00001d02, 0x00140400, 0x06070000,
	0x000b2013, 0x00001d01, 0x00180400, 0x22070000,
	0x1605b520, 0x00002100, 0x12000500, 0x160afa00,
	0x69003800, 0x7865646e, 0x05002300, 0x00100100,
	0x00550000, 0x00040004, 0x00120000, 0x00130000,
	0x0ca40012, 0x00b60016, 0x00000024, 0x00000023,
	0x0012000d, 0x00160b33, 0x65720038, 0x72007463,
	0x1609b800, 0x06002300, 0x00000400, 0x26070000,
	0x0d000000, 0x59001200, 0x3800160b, 0x6e697700,
	0x74636552, 0xb8007200, 0x23001609, 0x04000600,
	0x00000008, 0x00002207, 0x12000d00, 0x160b7b00,
	0x66003800, 0x746e635f, 0x04005500, 0x06002300,
	0x00100400, 0x21070000, 0x0d000000, 0x9c001200,
	0x3800160b, 0x646f6d00, 0x00550065, 0x00230004,
	0x12040006, 0x07000000, 0x00000022, 0x0012000d,
	0x00160bbe, 0x696c0038, 0x004e656e, 0x00040055,
	0x00060023, 0x00001404, 0x00220700, 0x000d0000,
	0x0be00012, 0x00380016, 0x6e694c6e, 0x00550065,
	0x00230004, 0x16040006, 0x07000000, 0x00000025,
	0x0012000d, 0x00160c05, 0x616d0038, 0x694c4e78,
	0x5500656e, 0x23000400, 0x04000600, 0x00000018,
	0x00002107, 0x12000d00, 0x160c2600, 0x61003800,
	0x00727474, 0x00030055, 0x00060023, 0x00001a04,
	0x00240700, 0x000d0000, 0x0c4a0012, 0x00380016,
	0x5f6c6f63, 0x00786469, 0x00030055, 0x00060023,
	0x00001b04, 0x002b0700, 0x000d0000, 0x0c750012,
	0x00380016, 0x65766f6d, 0x6e75665f, 0x00830063,
	0xbd010005, 0x230015ee, 0x04000600, 0x0000001c,
	0x00002b07, 0x12000d00, 0x160ca000, 0x64003800,
	0x5f776172, 0x636e7566, 0x05008300, 0xeebd0100,
	0x00230015, 0x20040006, 0x07000000, 0x00000004,
	0x00000022, 0x00120001, 0x00160cc6, 0x001200a3,
	0x00000a00, 0x05000000, 0x08000000, 0x0afe0072,
	0x00250016, 0x00070000, 0x0ceb0012, 0x00380016,
	0x4e495767, 0x00574f44, 0x00050023, 0x14ad0803,
	0xa4007280, 0x5f00160c, 0x14000000, 0x6f001200,
	0x3800160d, 0x61726400, 0x61745377, 0x11007472,
	0x05674001, 0xe0012180, 0x06800567, 0x06a83601,
	0x0c204300, 0x001d0200, 0x28040000, 0x07000000,
	0x0c02a306, 0x001d0200, 0x2c040000, 0x07000000,
	0x0b201306, 0x001d0100, 0x30040000, 0x07000000,
	0x0cc62022, 0x00210016, 0x00050000, 0x0d6b0012,
	0x00380016, 0x65646e69, 0x00230078, 0x10010005,
	0x55000000, 0x04000400, 0x6f000000, 0x14000000,
	0x23001200, 0x3800160e, 0x73657200, 0x61447465,
	0x11006174, 0x053cc001, 0xb4012180, 0x0680053d,
	0x06a86601, 0x0c204300, 0x001d0200, 0x10040000,
	0x07000000, 0x0c205306, 0x001d0200, 0x14040000,
	0x07000000, 0x0c02a306, 0x001d0200, 0x18040000,
	0x07000000, 0x0b201306, 0x001d0100, 0x20040000,
	0x07000000, 0xf7ee2022, 0x00240015, 0x00050000,
	0x0e020012, 0x00380016, 0x00707363, 0x00050023,
	0x00001001, 0x05008300, 0xf4020100, 0x001d0015,
	0x000c0000, 0x0e1f0012, 0x00380016, 0x00230069,
	0x11010005, 0x55000000, 0x04000a00, 0x75000000,
	0x14000000, 0x34001200, 0x3800160f, 0x65686300,
	0x65536b63, 0x7463656c, 0x72616843, 0x08011100,
	0x2180053c, 0x053cc001, 0xfa010680, 0x430006a8,
	0x02000c20, 0x0000001d, 0x00001004, 0x53060700,
	0x02000c20, 0x0000001d, 0x00001404, 0xa3060700,
	0x02000c02, 0x0000001d, 0x00001804, 0x13060700,
	0x01000b20, 0x0000001d, 0x00002004, 0x20220700,
	0x0015f7ee, 0x00000027, 0x00120005, 0x00160ebf,
	0x6e690038, 0x00786564, 0x000b0023, 0x00001d02,
	0x00200400, 0x55070000, 0x2b000400, 0x05000000,
	0xea001200, 0x3800160e, 0x74616400, 0x646e4961,
	0x23007865, 0x02000b00, 0x0000001d, 0x00002404,
	0x00550700, 0x00290004, 0x000c0000, 0x0f130012,
	0x00380016, 0x61746164, 0x65646e49, 0x23007078,
	0x01000500, 0x00000011, 0x00030063, 0x1d000301,
	0x0c000000, 0x30001200, 0x3800160f, 0x23006900,
	0x01000500, 0x00000010, 0x000a0055, 0x00000004,
	0x00000012, 0x00120013, 0x00161066, 0x000c00b6,
	0x001f0000, 0x000d0000, 0x0f650012, 0x00380016,
	0x55007863, 0x23000400, 0x04000600, 0x00000000,
	0x00001f07, 0x12000d00, 0x160f8400, 0x63003800,
	0x00550079, 0x00230004, 0x02040006, 0x07000000,
	0x0000001e, 0x0012000d, 0x00160fa2, 0x00750038,
	0x00030055, 0x00060023, 0x00000404, 0x001e0700,
	0x000d0000, 0x0fc00012, 0x00380016, 0x00550076,
	0x00230003, 0x05040006, 0x07000000, 0x0000001e,
	0x0012000d, 0x00160fde, 0x00770038, 0x00030055,
	0x00060023, 0x00000604, 0x001e0700, 0x000d0000,
	0x0ffc0012, 0x00380016, 0x00550068, 0x00230003,
	0x07040006, 0x07000000, 0x00000022, 0x0012000d,
	0x0016101e, 0x70740038, 0x00656761, 0x00030055,
	0x00060023, 0x00000804, 0x00220700, 0x000d0000,
	0x10400012, 0x00380016, 0x5f66666f, 0x00550078,
	0x00230003, 0x09040006, 0x07000000, 0x00000022,
	0x0012000d, 0x00161062, 0x666f0038, 0x00795f66,
	0x00030055, 0x00060023, 0x00000a04, 0x00040700,
	0x00220000, 0x00010000, 0x10880012, 0x00a30016,
	0x0a000012, 0x00000000, 0x00000b00, 0x00720800,
	0x00160f34, 0x00000022, 0x00120007, 0x001610aa,
	0x53670038, 0x23004957, 0x03000500, 0x80080aa8,
	0x10660072, 0x00220016, 0x00010000, 0x10cc0012,
	0x00a30016, 0x0a000012, 0x00000000, 0x00000300,
	0x00720800, 0x00160f34, 0x00000022, 0x00120007,
	0x001610ee, 0x50670038, 0x23004957, 0x03000500,
	0x80080b38, 0x10aa0072, 0x00200016, 0x00010000,
	0x110e0012, 0x00a30016, 0x0a000010, 0x00000000,
	0x00000300, 0x00550800, 0x00290004, 0x000c0000,
	0x11370012, 0x00380016, 0x41484367, 0x464f5f52,
	0x00585f46, 0x00050023, 0x13d8d403, 0xee007280,
	0x20001610, 0x01000000, 0x57001200, 0xa3001611,
	0x00001000, 0x0000000a, 0x00030000, 0x55080000,
	0x29000400, 0x0c000000, 0x80001200, 0x38001611,
	0x48436700, 0x4f5f5241, 0x595f4646, 0x05002300,
	0xd8dc0300, 0x00728013, 0x00161137, 0x00000020,
	0x00120001, 0x001611a0, 0x001000a3, 0x00000a00,
	0x03000000, 0x08000000, 0x00040055, 0x00000029,
	0x0012000c, 0x001611c9, 0x4e670038, 0x5f454d41,
	0x5f46464f, 0x00230058, 0xe4030005, 0x728013d8,
	0x16118000, 0x00002000, 0x12000100, 0x1611e900,
	0x1000a300, 0x000a0000, 0x00000000, 0x00000003,
	0x04005508, 0x00002900, 0x12000c00, 0x16121200,
	0x67003800, 0x454d414e, 0x46464f5f, 0x2300595f,
	0x03000500, 0x8013d8ec, 0x11c90072, 0x00200016,
	0x00010000, 0x12320012, 0x00a30016, 0x0a000010,
	0x00000000, 0x00004100, 0x00550800, 0x00260003,
	0x000c0000, 0x12580012, 0x00380016, 0x52484367,
	0x4c41505f, 0x05002300, 0x0a400300, 0x00728008,
	0x00161212, 0x00000020, 0x00120001, 0x00161278,
	0x001000a3, 0x00000a00, 0x05000000, 0x08000000,
	0x00040055, 0x00000028, 0x0012000c, 0x001612a0,
	0x50670038, 0x4d415241, 0x58414d5f, 0x05002300,
	0x0a840300, 0x00728008, 0x00161258, 0x00000020,
	0x00120001, 0x001612c0, 0x001000a3, 0x00000a00,
	0x0b000000, 0x08000000, 0x00030055, 0x00000029,
	0x0012000c, 0x001612e9, 0x47670038, 0x5f454741,
	0x5f46464f, 0x00230059, 0x90030005, 0x7280080a,
	0x1612a000, 0x00002000, 0x12000100, 0x16130900,
	0x1000a300, 0x000a0000, 0x00000000, 0x00000005,
	0x03005508, 0x00002800, 0x12000c00, 0x16133100,
	0x67003800, 0x5f4d554e, 0x5f46464f, 0x00230059,
	0xf4030005, 0x728013d8, 0x1612e900, 0x00002000,
	0x12000100, 0x16135100, 0x1000a300, 0x000a0000,
	0x00000000, 0x0000000a, 0x01005508, 0x00001200,
	0x12001300, 0x1613b900, 0x0400b600, 0x28000000,
	0x0d000000, 0x8b001200, 0x38001613, 0x55007000,
	0xc5000900, 0xd6000000, 0x00001800, 0x06002300,
	0x00000400, 0x2a070000, 0x0d000000, 0xb5001200,
	0x38001613, 0x6d756e00, 0x03005500, 0x0000c500,
	0x0800d600, 0x23000000, 0x04000600, 0x00000003,
	0x00000407, 0x00001200, 0x12001300, 0x16148100,
	0x1400b600, 0x23000000, 0x0d000000, 0xee001200,
	0x38001613, 0x6e656c00, 0x00687467, 0x000c0055,
	0x00060023, 0x00000004, 0x00250700, 0x000d0000,
	0x14130012, 0x00380016, 0x0067726f, 0x00050083,
	0x16135101, 0x06002300, 0x00040400, 0x23070000,
	0x0d000000, 0x36001200, 0x38001614, 0x66666f00,
	0x00746573, 0x000c0055, 0x00060023, 0x00000804,
	0x00220700, 0x000d0000, 0x14580012, 0x00380016,
	0x6e696f70, 0x00550074, 0x0023000c, 0x0c040006,
	0x07000000, 0x00000025, 0x0012000d, 0x0016147d,
	0x61740038, 0x00830067, 0x51010005, 0x23001613,
	0x04000600, 0x00000010, 0x00000407, 0x00002900,
	0x12000700, 0x1614aa00, 0x67003800, 0x415f544f,
	0x00705443, 0x00050023, 0x13df5003, 0x05008380,
	0x13b90100, 0x00200016, 0x00010000, 0x14ca0012,
	0x00a30016, 0x0a000010, 0x00000000, 0xffffff00,
	0x005508ff, 0x00290004, 0x00070000, 0x14f30012,
	0x00380016, 0x4a4f4d67, 0x4e495f49, 0x00584544,
	0x00050023, 0x080f9403, 0xaa007280, 0x20001614,
	0x01000000, 0x13001200, 0xa3001615, 0x00001000,
	0x0000000a, 0xffff0000, 0x5508ffff, 0x28000600,
	0x07000000, 0x3b001200, 0x38001615, 0x4f4d6700,
	0x435f494a, 0x0045444f, 0x00050023, 0x080de403,
	0xf3007280, 0x23001614, 0x01000000, 0x5e001200,
	0xa3001615, 0x00001300, 0x0000000a, 0x00790000,
	0x63080000, 0x01000300, 0x00280001, 0x00070000,
	0x15860012, 0x00380016, 0x5a415767, 0x414e5f41,
	0x2300454d, 0x03000500, 0x80131d24, 0x153b0072,
	0x00200016, 0x00010000, 0x15a60012, 0x00a30016,
	0x0a000010, 0x00000000, 0x00001300, 0x00550800,
	0x00200001, 0x00010000, 0x15c60012, 0x00a30016,
	0x0a000010, 0x00000000, 0x00000200, 0x00550800,
	0x00200003, 0x00010000, 0x15e60012, 0x00a30016,
	0x0a000010, 0x00000000, 0x00000f00, 0x00550800,
	0x00120003, 0x00130000, 0x17660012, 0x00b60016,
	0x00000034, 0x00000023, 0x0012000d, 0x0016161b,
	0x616e0038, 0x7200656d, 0x16158600, 0x06002300,
	0x00000400, 0x22070000, 0x0d000000, 0x3d001200,
	0x38001616, 0x61706e00, 0x55007472, 0x23000a00,
	0x04000600, 0x00000014, 0x00001f07, 0x12000d00,
	0x16165c00, 0x63003800, 0x00550078, 0x00230004,
	0x18040006, 0x07000000, 0x0000001f, 0x0012000d,
	0x0016167b, 0x79630038, 0x04005500, 0x06002300,
	0x001a0400, 0x26070000, 0x0d000000, 0xa1001200,
	0x38001616, 0x74746100, 0x75626972, 0x55006574,
	0x23000300, 0x04000600, 0x0000001c, 0x00002707,
	0x12000d00, 0x1616c800, 0x67003800, 0x72656e65,
	0x6f697461, 0x0055006e, 0x00230003, 0x1d040006,
	0x07000000, 0x00000025, 0x0012000d, 0x001616ed,
	0x616e0038, 0x65727574, 0xa6007200, 0x23001615,
	0x04000600, 0x0000001e, 0x00002307, 0x12000d00,
	0x16171000, 0x69003800, 0x4e6d6574, 0x0055006f,
	0x00230003, 0x21040006, 0x07000000, 0x00000028,
	0x0012000d, 0x00161738, 0x72700038, 0x6261626f,
	0x74696c69, 0x00550079, 0x00230003, 0x22040006,
	0x07000000, 0x0000002a, 0x0012000d, 0x00161762,
	0x73750038, 0x7a615765, 0x73694c61, 0x00720074,
	0x001615c6, 0x00060023, 0x00002304, 0x00040700,
	0x00220000, 0x00010000, 0x17880012, 0x00a30016,
	0x0a000012, 0x00000000, 0x0000b300, 0x00720800,
	0x001615e6, 0x00000026, 0x00120007, 0x001617ae,
	0x43670038, 0x6e495f48, 0x23006f66, 0x03000500,
	0x8013a54c, 0x17660072, 0x00ef0016, 0x00140000,
	0x22980012, 0x00380016, 0x77617264, 0x656c6553,
	0x48437463, 0x01110052, 0x8005405c, 0x5e580121,
	0x01068005, 0x0006a970, 0x000c2043, 0x00001d02,
	0x00180400, 0x06070000, 0x000c2053, 0x00001d02,
	0x001c0400, 0x06070000, 0x000c2063, 0x00001d02,
	0x00200400, 0x06070000, 0x000c02a3, 0x00001d02,
	0x00240400, 0x06070000, 0x000b2013, 0x00001d01,
	0x00b80400, 0x22070000, 0x16148120, 0x88202200,
	0x22001610, 0x15f6d420, 0x09202200, 0x22001613,
	0x1612c020, 0xca202200, 0x22001614, 0x16151320,
	0x5e202200, 0x22001615, 0x16178820, 0xcc202200,
	0x22001610, 0x1611e920, 0xa0202200, 0x22001611,
	0x16115720, 0x0e202200, 0x22001611, 0x16123220,
	0xee202200, 0x220015f7, 0x16127820, 0x9b202200,
	0x220015f1, 0x15f1c620, 0x00002700, 0x12000500,
	0x1618c400, 0x69003800, 0x7865646e, 0x0b002300,
	0x001d0200, 0xb8040000, 0x07000000, 0x00040055,
	0x00000020, 0x00120001, 0x001618e4, 0x001000a3,
	0x00000a00, 0x03000000, 0x08000000, 0x000a0055,
	0x00000029, 0x0012000c, 0x0016190d, 0x69640038,
	0x00746967, 0x000b0023, 0x00001d02, 0x00740400,
	0x72070000, 0x1618c400, 0x00002800, 0x12000c00,
	0x16193500, 0x6e003800, 0x69676944, 0x00230074,
	0x1d02000b, 0x04000000, 0x00000070, 0x0a005507,
	0x00002400, 0x12000c00, 0x16195900, 0x63003800,
	0x23007073, 0x01000500, 0x00000011, 0x00050083,
	0x15f40201, 0x00002f00, 0x12000c00, 0x16198800,
	0x74003800, 0x6d5f706d, 0x00706463, 0x000b0023,
	0x00001d02, 0x006c0400, 0x83070000, 0x01000500,
	0x0015eff7, 0x0000002b, 0x0012000c, 0x001619b3,
	0x636d0038, 0x23007064, 0x02000b00, 0x0000001d,
	0x00006804, 0x00830700, 0xf7010005, 0x250015ef,
	0x0c000000, 0xd8001200, 0x38001619, 0x69777300,
	0x00230070, 0x12010005, 0x83000000, 0x01000500,
	0x00160f34, 0x00000012, 0x00120013, 0x00161b84,
	0x001800b6, 0x00200000, 0x000d0000, 0x1a0a0012,
	0x00380016, 0x00676174, 0x000c0055, 0x00060023,
	0x00000004, 0x001f0700, 0x000d0000, 0x1a290012,
	0x00380016, 0x55003072, 0x23000300, 0x04000600,
	0x00000004, 0x00001f07, 0x12000d00, 0x161a4800,
	0x67003800, 0x00550030, 0x00230003, 0x05040006,
	0x07000000, 0x0000001f, 0x0012000d, 0x00161a67,
	0x30620038, 0x03005500, 0x06002300, 0x00060400,
	0x21070000, 0x0d000000, 0x88001200, 0x3800161a,
	0x646f6300, 0x00550065, 0x00230003, 0x07040006,
	0x07000000, 0x0000001f, 0x0012000d, 0x00161aa7,
	0x30780038, 0x04005500, 0x06002300, 0x00080400,
	0x1f070000, 0x0d000000, 0xc6001200, 0x3800161a,
	0x00307900, 0x00040055, 0x00060023, 0x00000a04,
	0x001f0700, 0x000d0000, 0x1ae50012, 0x00380016,
	0x55003178, 0x23000400, 0x04000600, 0x0000000c,
	0x00001f07, 0x12000d00, 0x161b0400, 0x79003800,
	0x00550031, 0x00230004, 0x0e040006, 0x07000000,
	0x0000001f, 0x0012000d, 0x00161b23, 0x32780038,
	0x04005500, 0x06002300, 0x00100400, 0x1f070000,
	0x0d000000, 0x42001200, 0x3800161b, 0x00327900,
	0x00040055, 0x00060023, 0x00001204, 0x001f0700,
	0x000d0000, 0x1b610012, 0x00380016, 0x55003378,
	0x23000400, 0x04000600, 0x00000014, 0x00001f07,
	0x12000d00, 0x161b8000, 0x79003800, 0x00550033,
	0x00230004, 0x16040006, 0x07000000, 0x00000004,
	0x0000002a, 0x0012000c, 0x00161bae, 0x34660038,
	0x00230070, 0x1d02000b, 0x04000000, 0x00000064,
	0x05008307, 0x19d80100, 0x00120016, 0x00130000,
	0x1ed70012, 0x00b60016, 0x00000028, 0x00000020,
	0x0012000d, 0x00161be0, 0x61740038, 0x00550067,
	0x0023000c, 0x00040006, 0x07000000, 0x0000001f,
	0x0012000d, 0x00161bff, 0x30720038, 0x03005500,
	0x06002300, 0x00040400, 0x1f070000, 0x0d000000,
	0x1e001200, 0x3800161c, 0x00306700, 0x00030055,
	0x00060023, 0x00000504, 0x001f0700, 0x000d0000,
	0x1c3d0012, 0x00380016, 0x55003062, 0x23000300,
	0x04000600, 0x00000006, 0x00002107, 0x12000d00,
	0x161c5e00, 0x63003800, 0x0065646f, 0x00030055,
	0x00060023, 0x00000704, 0x001f0700, 0x000d0000,
	0x1c7d0012, 0x00380016, 0x55003078, 0x23000400,
	0x04000600, 0x00000008, 0x00001f07, 0x12000d00,
	0x161c9c00, 0x79003800, 0x00550030, 0x00230004,
	0x0a040006, 0x07000000, 0x0000001f, 0x0012000d,
	0x00161cbb, 0x30750038, 0x03005500, 0x06002300,
	0x000c0400, 0x1f070000, 0x0d000000, 0xda001200,
	0x3800161c, 0x00307600, 0x00030055, 0x00060023,
	0x00000d04, 0x00210700, 0x000d0000, 0x1cfb0012,
	0x00380016, 0x74756c63, 0x06005500, 0x06002300,
	0x000e0400, 0x1f070000, 0x0d000000, 0x1a001200,
	0x3800161d, 0x00317800, 0x00040055, 0x00060023,
	0x00001004, 0x001f0700, 0x000d0000, 0x1d390012,
	0x00380016, 0x55003179, 0x23000400, 0x04000600,
	0x00000012, 0x00001f07, 0x12000d00, 0x161d5800,
	0x75003800, 0x00550031, 0x00230003, 0x14040006,
	0x07000000, 0x0000001f, 0x0012000d, 0x00161d77,
	0x31760038, 0x03005500, 0x06002300, 0x00150400,
	0x22070000, 0x0d000000, 0x99001200, 0x3800161d,
	0x61707400, 0x55006567, 0x23000600, 0x04000600,
	0x00000016, 0x00001f07, 0x12000d00, 0x161db800,
	0x78003800, 0x00550032, 0x00230004, 0x18040006,
	0x07000000, 0x0000001f, 0x0012000d, 0x00161dd7,
	0x32790038, 0x04005500, 0x06002300, 0x001a0400,
	0x1f070000, 0x0d000000, 0xf6001200, 0x3800161d,
	0x00327500, 0x00030055, 0x00060023, 0x00001c04,
	0x001f0700, 0x000d0000, 0x1e150012, 0x00380016,
	0x55003276, 0x23000300, 0x04000600, 0x0000001d,
	0x00002107, 0x12000d00, 0x161e3600, 0x70003800,
	0x00316461, 0x00060055, 0x00060023, 0x00001e04,
	0x001f0700, 0x000d0000, 0x1e550012, 0x00380016,
	0x55003378, 0x23000400, 0x04000600, 0x00000020,
	0x00001f07, 0x12000d00, 0x161e7400, 0x79003800,
	0x00550033, 0x00230004, 0x22040006, 0x07000000,
	0x0000001f, 0x0012000d, 0x00161e93, 0x33750038,
	0x03005500, 0x06002300, 0x00240400, 0x1f070000,
	0x0d000000, 0xb2001200, 0x3800161e, 0x00337600,
	0x00030055, 0x00060023, 0x00002504, 0x00210700,
	0x000d0000, 0x1ed30012, 0x00380016, 0x32646170,
	0x06005500, 0x06002300, 0x00260400, 0x04070000,
	0x25000000, 0x0c000000, 0xfc001200, 0x3800161e,
	0x34746600, 0x00230070, 0x10010005, 0x83000000,
	0x01000500, 0x00161bae, 0x0000002a, 0x0012000c,
	0x00161f26, 0x6f6d0038, 0x5f6c6564, 0x23006469,
	0x02000b00, 0x0000001d, 0x0000b704, 0x00550700,
	0x002a0003, 0x000c0000, 0x1f500012, 0x00380016,
	0x72616863, 0x00000000,
};
// clang-format on
