#include <sys/types.h>

#include <dw/doo2.h>

// clang-format off
Doo2ShardSet DOO2_SHARD_SETS[6] = {
	{
		0x0000, 0x0000, 0x00000000,
		0x00000000, 0x00000000, 0x0000,
		{ 0x00, 0x00 },
	},
	{
		0x3231, 0x3644, 0x30203044,
		0x30303030, 0x20303530, 0x642e,
		{ 0x61, 0x74 },
	},
	{
		0x2061, 0x2020, 0x74664167,
		0x694c7265, 0x0931656e, 0x6928,
		{ 0x63, 0x6f },
	},
	{
		0x2e6e, 0x2963, 0x20200a0d,
		0x32313038, 0x30323744, 0x3020,
		{ 0x30, 0x30 },
	},
	{
		0x3030, 0x3230, 0x642e2034,
		0x20617461, 0x4c672020, 0x6e69,
		{ 0x65, 0x52 },
	},
	{
		0x6267, 0x2809, 0x6e6f6369,
		0x0d29632e, 0x3820200a, 0x3130,
		{ 0x32, 0x44 },
	},
};

u_long DOO2_D_80071B5C[33] = {
	0x20343437, 0x30303030, 0x30323030, 0x61642e20,
	0x20206174, 0x44426720, 0x6f634947, 0x2809306e,
	0x6e6f6369, 0x0d29632e, 0x3820200a, 0x44323130,
	0x20343637, 0x30303030, 0x38323030, 0x61642e20,
	0x20206174, 0x44426720, 0x6f634947, 0x2809316e,
	0x6e6f6369, 0x0d29632e, 0x3820200a, 0x44323130,
	0x20433837, 0x30303030, 0x30333030, 0x61642e20,
	0x20206174, 0x44416720, 0x6f634947, 0x2809306e,
	0x6e6f6369,
};

u_long DOO2_D_80071BE0[193] = {
	0x0d29632e, 0x3820200a, 0x44323130, 0x20434237,
	0x30303030, 0x38323030, 0x61642e20, 0x20206174,
	0x44416720, 0x6f634947, 0x2809316e, 0x6e6f6369,
	0x0d29632e, 0x3820200a, 0x44323130, 0x20344537,
	0x30303030, 0x30333030, 0x61642e20, 0x20206174,
	0x47446720, 0x09786f42, 0x6f636928, 0x29632e6e,
	0x20200a0d, 0x32313038, 0x34313844, 0x30303020,
	0x30303030, 0x642e2046, 0x20617461, 0x32402020,
	0x61280932, 0x72707274, 0x29632e6f, 0x20200a0d,
	0x32313038, 0x34323844, 0x30303020, 0x30303030,
	0x642e2045, 0x20617461, 0x32402020, 0x61280933,
	0x72707274, 0x29632e6f, 0x20200a0d, 0x32313038,
	0x34333844, 0x30303020, 0x31303030, 0x642e2032,
	0x20617461, 0x61542020, 0x5f656c62, 0x72617050,
	0x42475274, 0x65722809, 0x65766f63, 0x632e7972,
	0x200a0d29, 0x31303820, 0x34384432, 0x30302038,
	0x30303030, 0x2e203633, 0x61746164, 0x54202020,
	0x656c6261, 0x6966505f, 0x52646c65, 0x28094247,
	0x6f636572, 0x79726576, 0x0d29632e, 0x3820200a,
	0x44323130, 0x20303838, 0x30303030, 0x36333030,
	0x61642e20, 0x20206174, 0x62615420, 0x505f656c,
	0x6c656966, 0x42475264, 0x72280932, 0x766f6365,
	0x2e797265, 0x0a0d2963, 0x30382020, 0x38443231,
	0x30203842, 0x30303030, 0x20423030, 0x7461642e,
	0x20202061, 0x28093740, 0x646e6977, 0x632e776f,
	0x200a0d29, 0x31303820, 0x43384432, 0x30302034,
	0x30303030, 0x2e204230, 0x61746164, 0x40202020,
	0x77280938, 0x6f646e69, 0x29632e77, 0x20200a0d,
	0x32313038, 0x30443844, 0x30303020, 0x30303030,
	0x642e2046, 0x20617461, 0x6f632020, 0x09726f6c,
	0x6e697728, 0x2e776f64, 0x0a0d2963, 0x30382020,
	0x38443231, 0x30203045, 0x30303030, 0x20383130,
	0x7461642e, 0x20202061, 0x52415067, 0x4e5f4d41,
	0x09454d41, 0x6e697728, 0x2e776f64, 0x0a0d2963,
	0x30382020, 0x38443231, 0x30203846, 0x30303030,
	0x20353130, 0x7461642e, 0x20202061, 0x4d554e67,
	0x09524542, 0x6e697728, 0x2e776f64, 0x0a0d2963,
	0x30382020, 0x39443231, 0x30203031, 0x30303030,
	0x20353130, 0x7461642e, 0x20202061, 0x28093340,
	0x6d657469, 0x0d29632e, 0x3820200a, 0x44323130,
	0x20383239, 0x30303030, 0x46313030, 0x61642e20,
	0x20206174, 0x09344020, 0x65746928, 0x29632e6d,
	0x20200a0d, 0x32313038, 0x38343944, 0x30303020,
	0x31303030, 0x642e2033, 0x20617461, 0x35402020,
	0x74692809, 0x632e6d65, 0x200a0d29, 0x31303820,
	0x35394432, 0x30302043, 0x30303030, 0x2e203731,
	0x61746164, 0x40202020, 0x69280936, 0x2e6d6574,
	0x0a0d2963, 0x30382020, 0x39443231, 0x30203437,
	0x30303030,
};

u_long DOO2_D_80071EE4[9730] = {
	0x20353130, 0x7461642e, 0x20202061, 0x28093740,
	0x6d657469, 0x0d29632e, 0x3820200a, 0x44323130,
	0x20433839, 0x30303030, 0x35313030, 0x61642e20,
	0x20206174, 0x09384020, 0x65746928, 0x29632e6d,
	0x20200a0d, 0x32313038, 0x34413944, 0x30303020,
	0x31303030, 0x642e2042, 0x20617461, 0x39402020,
	0x74692809, 0x632e6d65, 0x200a0d29, 0x31303820,
	0x43394432, 0x30302030, 0x30303030, 0x2e203131,
	0x61746164, 0x40202020, 0x28093031, 0x6d657469,
	0x0d29632e, 0x3820200a, 0x44323130, 0x20344439,
	0x30303030, 0x39313030, 0x61642e20, 0x20206174,
	0x31314020, 0x74692809, 0x632e6d65, 0x200a0d29,
	0x31303820, 0x46394432, 0x30302030, 0x30303030,
	0x2e204231, 0x61746164, 0x40202020, 0x28093231,
	0x6d657469, 0x0d29632e, 0x3820200a, 0x44323130,
	0x20433041, 0x30303030, 0x44313030, 0x61642e20,
	0x20206174, 0x33314020, 0x74692809, 0x632e6d65,
	0x200a0d29, 0x31303820, 0x32414432, 0x30302043,
	0x30303030, 0x2e203931, 0x61746164, 0x40202020,
	0x28093431, 0x6d657469, 0x0d29632e, 0x3820200a,
	0x44323130, 0x20383441, 0x30303030, 0x39313030,
	0x61642e20, 0x20206174, 0x35314020, 0x74692809,
	0x632e6d65, 0x200a0d29, 0x31303820, 0x36414432,
	0x30302034, 0x30303030, 0x2e203731, 0x61746164,
	0x40202020, 0x28093631, 0x6d657469, 0x0d29632e,
	0x3820200a, 0x44323130, 0x20433741, 0x30303030,
	0x46313030, 0x61642e20, 0x20206174, 0x37314020,
	0x74692809, 0x632e6d65, 0x200a0d29, 0x31303820,
	0x39414432, 0x30302043, 0x30303030, 0x2e203331,
	0x61746164, 0x40202020, 0x28093831, 0x6d657469,
	0x0d29632e, 0x3820200a, 0x44323130, 0x20304241,
	0x30303030, 0x37313030, 0x61642e20, 0x20206174,
	0x39314020, 0x74692809, 0x632e6d65, 0x200a0d29,
	0x31303820, 0x43414432, 0x30302038, 0x30303030,
	0x2e203531, 0x61746164, 0x40202020, 0x28093032,
	0x6d657469, 0x0d29632e, 0x3820200a, 0x44323130,
	0x20304541, 0x30303030, 0x39313030, 0x61642e20,
	0x20206174, 0x31324020, 0x74692809, 0x632e6d65,
	0x200a0d29, 0x31303820, 0x46414432, 0x30302043,
	0x30303030, 0x2e203531, 0x61746164, 0x40202020,
	0x28093232, 0x6d657469, 0x0d29632e, 0x3820200a,
	0x44323130, 0x20343142, 0x30303030, 0x37313030,
	0x61642e20, 0x20206174, 0x33324020, 0x74692809,
	0x632e6d65, 0x200a0d29, 0x31303820, 0x32424432,
	0x30302043, 0x30303030, 0x2e203531, 0x61746164,
	0x40202020, 0x28093432, 0x6d657469, 0x0d29632e,
	0x3820200a, 0x44323130, 0x20343442, 0x30303030,
	0x42313030, 0x61642e20, 0x20206174, 0x35324020,
	0x74692809, 0x632e6d65, 0x200a0d29, 0x31303820,
	0x36424432, 0x30302030, 0x30303030, 0x2e203331,
	0x61746164, 0x40202020, 0x28093632, 0x6d657469,
	0x0d29632e, 0x3820200a, 0x44323130, 0x20343742,
	0x30303030, 0x37313030, 0x61642e20, 0x20206174,
	0x37324020, 0x74692809, 0x632e6d65, 0x200a0d29,
	0x31303820, 0x38424432, 0x30302043, 0x30303030,
	0x2e204431, 0x61746164, 0x40202020, 0x28093832,
	0x6d657469, 0x0d29632e, 0x3820200a, 0x44323130,
	0x20434142, 0x30303030, 0x44313030, 0x61642e20,
	0x20206174, 0x39324020, 0x74692809, 0x632e6d65,
	0x200a0d29, 0x31303820, 0x43424432, 0x30302043,
	0x30303030, 0x2e203731, 0x61746164, 0x40202020,
	0x28093033, 0x6d657469, 0x0d29632e, 0x3820200a,
	0x44323130, 0x20344542, 0x30303030, 0x44313030,
	0x61642e20, 0x20206174, 0x31334020, 0x74692809,
	0x632e6d65, 0x200a0d29, 0x31303820, 0x30434432,
	0x30302034, 0x30303030, 0x2e203931, 0x61746164,
	0x40202020, 0x28093233, 0x6d657469, 0x0d29632e,
	0x3820200a, 0x44323130, 0x20303243, 0x30303030,
	0x35313030, 0x61642e20, 0x20206174, 0x33334020,
	0x74692809, 0x632e6d65, 0x200a0d29, 0x31303820,
	0x33434432, 0x30302038, 0x30303030, 0x2e204631,
	0x61746164, 0x40202020, 0x28093433, 0x6d657469,
	0x0d29632e, 0x3820200a, 0x44323130, 0x20383543,
	0x30303030, 0x42313030, 0x61642e20, 0x20206174,
	0x35334020, 0x74692809, 0x632e6d65, 0x200a0d29,
	0x31303820, 0x37434432, 0x30302034, 0x30303030,
	0x2e203731, 0x61746164, 0x40202020, 0x28093733,
	0x6d657469, 0x0d29632e, 0x3820200a, 0x44323130,
	0x20433843, 0x30303030, 0x42313030, 0x61642e20,
	0x20206174, 0x38334020, 0x74692809, 0x632e6d65,
	0x200a0d29, 0x31303820, 0x41434432, 0x30302038,
	0x30303030, 0x2e204231, 0x61746164, 0x40202020,
	0x28093933, 0x6d657469, 0x0d29632e, 0x3820200a,
	0x44323130, 0x20344343, 0x30303030, 0x37313030,
	0x61642e20, 0x20206174, 0x30344020, 0x74692809,
	0x632e6d65, 0x200a0d29, 0x31303820, 0x44434432,
	0x30302043, 0x30303030, 0x2e203931, 0x61746164,
	0x40202020, 0x28093134, 0x6d657469, 0x0d29632e,
	0x3820200a, 0x44323130, 0x20384643, 0x30303030,
	0x35313030, 0x61642e20, 0x20206174, 0x32344020,
	0x74692809, 0x632e6d65, 0x200a0d29, 0x31303820,
	0x31444432, 0x30302030, 0x30303030, 0x2e204430,
	0x61746164, 0x40202020, 0x28093334, 0x6d657469,
	0x0d29632e, 0x3820200a, 0x44323130, 0x20303244,
	0x30303030, 0x42313030, 0x61642e20, 0x20206174,
	0x34344020, 0x74692809, 0x632e6d65, 0x200a0d29,
	0x31303820, 0x33444432, 0x30302043, 0x30303030,
	0x2e204630, 0x61746164, 0x40202020, 0x28093534,
	0x6d657469, 0x0d29632e, 0x3820200a, 0x44323130,
	0x20433444, 0x30303030, 0x33313030, 0x61642e20,
	0x20206174, 0x36344020, 0x74692809, 0x632e6d65,
	0x200a0d29, 0x31303820, 0x36444432, 0x30302030,
	0x30303030, 0x2e204231, 0x61746164, 0x40202020,
	0x28093734, 0x6d657469, 0x0d29632e, 0x3820200a,
	0x44323130, 0x20433744, 0x30303030, 0x46303030,
	0x61642e20, 0x20206174, 0x38344020, 0x74692809,
	0x632e6d65, 0x200a0d29, 0x31303820, 0x38444432,
	0x30302043, 0x30303030, 0x2e204231, 0x61746164,
	0x40202020, 0x28093934, 0x6d657469, 0x0d29632e,
	0x3820200a, 0x44323130, 0x20384144, 0x30303030,
	0x37313030, 0x61642e20, 0x20206174, 0x30354020,
	0x74692809, 0x632e6d65, 0x200a0d29, 0x31303820,
	0x43444432, 0x30302030, 0x30303030, 0x2e203731,
	0x61746164, 0x40202020, 0x28093135, 0x6d657469,
	0x0d29632e, 0x3820200a, 0x44323130, 0x20384444,
	0x30303030, 0x31323030, 0x61642e20, 0x20206174,
	0x32354020, 0x74692809, 0x632e6d65, 0x200a0d29,
	0x31303820, 0x46444432, 0x30302043, 0x30303030,
	0x2e203132, 0x61746164, 0x40202020, 0x28093335,
	0x6d657469, 0x0d29632e, 0x3820200a, 0x44323130,
	0x20303245, 0x30303030, 0x42323030, 0x61642e20,
	0x20206174, 0x34354020, 0x74692809, 0x632e6d65,
	0x200a0d29, 0x31303820, 0x34454432, 0x30302043,
	0x30303030, 0x2e203332, 0x61746164, 0x40202020,
	0x28093535, 0x6d657469, 0x0d29632e, 0x3820200a,
	0x44323130, 0x20303745, 0x30303030, 0x46323030,
	0x61642e20, 0x20206174, 0x36354020, 0x74692809,
	0x632e6d65, 0x200a0d29, 0x31303820, 0x41454432,
	0x30302030, 0x30303030, 0x2e204631, 0x61746164,
	0x40202020, 0x28093735, 0x6d657469, 0x0d29632e,
	0x3820200a, 0x44323130, 0x20304345, 0x30303030,
	0x35323030, 0x61642e20, 0x20206174, 0x38354020,
	0x74692809, 0x632e6d65, 0x200a0d29, 0x31303820,
	0x45454432, 0x30302038, 0x30303030, 0x2e203931,
	0x61746164, 0x40202020, 0x28093935, 0x6d657469,
	0x0d29632e, 0x3820200a, 0x44323130, 0x20343046,
	0x30303030, 0x42313030, 0x61642e20, 0x20206174,
	0x30364020, 0x74692809, 0x632e6d65, 0x200a0d29,
	0x31303820, 0x32464432, 0x30302030, 0x30303030,
	0x2e204231, 0x61746164, 0x40202020, 0x28093136,
	0x6d657469, 0x0d29632e, 0x3820200a, 0x44323130,
	0x20433346, 0x30303030, 0x31313030, 0x61642e20,
	0x20206174, 0x32364020, 0x74692809, 0x632e6d65,
	0x200a0d29, 0x31303820, 0x35464432, 0x30302030,
	0x30303030, 0x2e203531, 0x61746164, 0x40202020,
	0x28093336, 0x6d657469, 0x0d29632e, 0x3820200a,
	0x44323130, 0x20383646, 0x30303030, 0x35313030,
	0x61642e20, 0x20206174, 0x34364020, 0x74692809,
	0x632e6d65, 0x200a0d29, 0x31303820, 0x38464432,
	0x30302030, 0x30303030, 0x2e204631, 0x61746164,
	0x40202020, 0x28093536, 0x6d657469, 0x0d29632e,
	0x3820200a, 0x44323130, 0x20304146, 0x30303030,
	0x35313030, 0x61642e20, 0x20206174, 0x36364020,
	0x74692809, 0x632e6d65, 0x200a0d29, 0x31303820,
	0x42464432, 0x30302038, 0x30303030, 0x2e204431,
	0x61746164, 0x40202020, 0x28093736, 0x6d657469,
	0x0d29632e, 0x3820200a, 0x44323130, 0x20384446,
	0x30303030, 0x44313030, 0x61642e20, 0x20206174,
	0x38364020, 0x74692809, 0x632e6d65, 0x200a0d29,
	0x31303820, 0x46464432, 0x30302038, 0x30303030,
	0x2e203731, 0x61746164, 0x40202020, 0x28093936,
	0x6d657469, 0x0d29632e, 0x3820200a, 0x45323130,
	0x20303130, 0x30303030, 0x46313030, 0x61642e20,
	0x20206174, 0x30374020, 0x74692809, 0x632e6d65,
	0x200a0d29, 0x31303820, 0x33304532, 0x30302030,
	0x30303030, 0x2e204431, 0x61746164, 0x40202020,
	0x28093137, 0x6d657469, 0x0d29632e, 0x3820200a,
	0x45323130, 0x20303530, 0x30303030, 0x37313030,
	0x61642e20, 0x20206174, 0x32374020, 0x74692809,
	0x632e6d65, 0x200a0d29, 0x31303820, 0x36304532,
	0x30302038, 0x30303030, 0x2e203931, 0x61746164,
	0x40202020, 0x28093337, 0x6d657469, 0x0d29632e,
	0x3820200a, 0x45323130, 0x20343830, 0x30303030,
	0x31313030, 0x61642e20, 0x20206174, 0x34374020,
	0x74692809, 0x632e6d65, 0x200a0d29, 0x31303820,
	0x39304532, 0x30302038, 0x30303030, 0x2e203731,
	0x61746164, 0x40202020, 0x28093537, 0x6d657469,
	0x0d29632e, 0x3820200a, 0x45323130, 0x20304230,
	0x30303030, 0x35313030, 0x61642e20, 0x20206174,
	0x36374020, 0x74692809, 0x632e6d65, 0x200a0d29,
	0x31303820, 0x43304532, 0x30302038, 0x30303030,
	0x2e204631, 0x61746164, 0x40202020, 0x28093737,
	0x6d657469, 0x0d29632e, 0x3820200a, 0x45323130,
	0x20384530, 0x30303030, 0x37313030, 0x61642e20,
	0x20206174, 0x38374020, 0x74692809, 0x632e6d65,
	0x200a0d29, 0x31303820, 0x30314532, 0x30302030,
	0x30303030, 0x2e204631, 0x61746164, 0x40202020,
	0x28093937, 0x6d657469, 0x0d29632e, 0x3820200a,
	0x45323130, 0x20303231, 0x30303030, 0x33323030,
	0x61642e20, 0x20206174, 0x30384020, 0x74692809,
	0x632e6d65, 0x200a0d29, 0x31303820, 0x34314532,
	0x30302034, 0x30303030, 0x2e203331, 0x61746164,
	0x40202020, 0x28093138, 0x6d657469, 0x0d29632e,
	0x3820200a, 0x45323130, 0x20383531, 0x30303030,
	0x39313030, 0x61642e20, 0x20206174, 0x32384020,
	0x74692809, 0x632e6d65, 0x200a0d29, 0x31303820,
	0x37314532, 0x30302034, 0x30303030, 0x2e203931,
	0x61746164, 0x40202020, 0x28093338, 0x6d657469,
	0x0d29632e, 0x3820200a, 0x45323130, 0x20303931,
	0x30303030, 0x33313030, 0x61642e20, 0x20206174,
	0x34384020, 0x74692809, 0x632e6d65, 0x200a0d29,
	0x31303820, 0x41314532, 0x30302034, 0x30303030,
	0x2e204231, 0x61746164, 0x40202020, 0x28093538,
	0x6d657469, 0x0d29632e, 0x3820200a, 0x45323130,
	0x20304331, 0x30303030, 0x44313030, 0x61642e20,
	0x20206174, 0x36384020, 0x74692809, 0x632e6d65,
	0x200a0d29, 0x31303820, 0x45314532, 0x30302030,
	0x30303030, 0x2e203331, 0x61746164, 0x40202020,
	0x28093738, 0x6d657469, 0x0d29632e, 0x3820200a,
	0x45323130, 0x20344631, 0x30303030, 0x44313030,
	0x61642e20, 0x20206174, 0x38384020, 0x74692809,
	0x632e6d65, 0x200a0d29, 0x31303820, 0x31324532,
	0x30302034, 0x30303030, 0x2e203331, 0x61746164,
	0x40202020, 0x28093938, 0x6d657469, 0x0d29632e,
	0x3820200a, 0x45323130, 0x20383232, 0x30303030,
	0x35313030, 0x61642e20, 0x20206174, 0x30394020,
	0x74692809, 0x632e6d65, 0x200a0d29, 0x31303820,
	0x34324532, 0x30302030, 0x30303030, 0x2e204431,
	0x61746164, 0x40202020, 0x28093139, 0x6d657469,
	0x0d29632e, 0x3820200a, 0x45323130, 0x20303632,
	0x30303030, 0x35323030, 0x61642e20, 0x20206174,
	0x32394020, 0x74692809, 0x632e6d65, 0x200a0d29,
	0x31303820, 0x38324532, 0x30302038, 0x30303030,
	0x2e203933, 0x61746164, 0x40202020, 0x28093339,
	0x6d657469, 0x0d29632e, 0x3820200a, 0x45323130,
	0x20344332, 0x30303030, 0x46313030, 0x61642e20,
	0x20206174, 0x34394020, 0x74692809, 0x632e6d65,
	0x200a0d29, 0x31303820, 0x45324532, 0x30302034,
	0x30303030, 0x2e203731, 0x61746164, 0x40202020,
	0x28093539, 0x6d657469, 0x0d29632e, 0x3820200a,
	0x45323130, 0x20434632, 0x30303030, 0x35313030,
	0x61642e20, 0x20206174, 0x36394020, 0x74692809,
	0x632e6d65, 0x200a0d29, 0x31303820, 0x31334532,
	0x30302034, 0x30303030, 0x2e203532, 0x61746164,
	0x40202020, 0x28093739, 0x6d657469, 0x0d29632e,
	0x3820200a, 0x45323130, 0x20433333, 0x30303030,
	0x31323030, 0x61642e20, 0x20206174, 0x38394020,
	0x74692809, 0x632e6d65, 0x200a0d29, 0x31303820,
	0x36334532, 0x30302030, 0x30303030, 0x2e203531,
	0x61746164, 0x40202020, 0x28093939, 0x6d657469,
	0x0d29632e, 0x3820200a, 0x45323130, 0x20383733,
	0x30303030, 0x39313030, 0x61642e20, 0x20206174,
	0x30314020, 0x69280930, 0x2e6d6574, 0x0a0d2963,
	0x30382020, 0x33453231, 0x30203439, 0x30303030,
	0x20393130, 0x7461642e, 0x20202061, 0x31303140,
	0x74692809, 0x632e6d65, 0x200a0d29, 0x31303820,
	0x42334532, 0x30302030, 0x30303030, 0x2e204631,
	0x61746164, 0x40202020, 0x09323031, 0x65746928,
	0x29632e6d, 0x20200a0d, 0x32313038, 0x30443345,
	0x30303020, 0x31303030, 0x642e2039, 0x20617461,
	0x31402020, 0x28093330, 0x6d657469, 0x0d29632e,
	0x3820200a, 0x45323130, 0x20434533, 0x30303030,
	0x44313030, 0x61642e20, 0x20206174, 0x30314020,
	0x69280934, 0x2e6d6574, 0x0a0d2963, 0x30382020,
	0x34453231, 0x30204330, 0x30303030, 0x20463130,
	0x7461642e, 0x20202061, 0x35303140, 0x74692809,
	0x632e6d65, 0x200a0d29, 0x31303820, 0x32344532,
	0x30302043, 0x30303030, 0x2e203332, 0x61746164,
	0x40202020, 0x09363031, 0x65746928, 0x29632e6d,
	0x20200a0d, 0x32313038, 0x30353445, 0x30303020,
	0x31303030, 0x642e2046, 0x20617461, 0x31402020,
	0x28093730, 0x6d657469, 0x0d29632e, 0x3820200a,
	0x45323130, 0x20303734, 0x30303030, 0x33323030,
	0x61642e20, 0x20206174, 0x30314020, 0x69280938,
	0x2e6d6574, 0x0a0d2963, 0x30382020, 0x34453231,
	0x30203439, 0x30303030, 0x20333230, 0x7461642e,
	0x20202061, 0x39303140, 0x74692809, 0x632e6d65,
	0x200a0d29, 0x31303820, 0x42344532, 0x30302038,
	0x30303030, 0x2e204231, 0x61746164, 0x40202020,
	0x09303131, 0x65746928, 0x29632e6d, 0x20200a0d,
	0x32313038, 0x34443445, 0x30303020, 0x32303030,
	0x642e2035, 0x20617461, 0x31402020, 0x28093131,
	0x6d657469, 0x0d29632e, 0x3820200a, 0x45323130,
	0x20434634, 0x30303030, 0x37313030, 0x61642e20,
	0x20206174, 0x31314020, 0x69280932, 0x2e6d6574,
	0x0a0d2963, 0x30382020, 0x35453231, 0x30203431,
	0x30303030, 0x20353230, 0x7461642e, 0x20202061,
	0x33313140, 0x74692809, 0x632e6d65, 0x200a0d29,
	0x31303820, 0x33354532, 0x30302043, 0x30303030,
	0x2e203532, 0x61746164, 0x40202020, 0x09343131,
	0x65746928, 0x29632e6d, 0x20200a0d, 0x32313038,
	0x34363545, 0x30303020, 0x32303030, 0x642e2035,
	0x20617461, 0x31402020, 0x28093531, 0x6d657469,
	0x0d29632e, 0x3820200a, 0x45323130, 0x20433835,
	0x30303030, 0x35323030, 0x61642e20, 0x20206174,
	0x31314020, 0x69280936, 0x2e6d6574, 0x0a0d2963,
	0x30382020, 0x35453231, 0x30203442, 0x30303030,
	0x20443030, 0x7461642e, 0x20202061, 0x37313140,
	0x74692809, 0x632e6d65, 0x200a0d29, 0x31303820,
	0x43354532, 0x30302034, 0x30303030, 0x2e203731,
	0x61746164, 0x40202020, 0x09383131, 0x65746928,
	0x29632e6d, 0x20200a0d, 0x32313038, 0x43443545,
	0x30303020, 0x31303030, 0x642e2039, 0x20617461,
	0x31402020, 0x28093931, 0x6d657469, 0x0d29632e,
	0x3820200a, 0x45323130, 0x20384635, 0x30303030,
	0x39313030, 0x61642e20, 0x20206174, 0x32314020,
	0x69280930, 0x2e6d6574, 0x0a0d2963, 0x30382020,
	0x36453231, 0x30203431, 0x30303030, 0x20393130,
	0x7461642e, 0x20202061, 0x31323140, 0x74692809,
	0x632e6d65, 0x200a0d29, 0x31303820, 0x33364532,
	0x30302030, 0x30303030, 0x2e203331, 0x61746164,
	0x40202020, 0x09323231, 0x65746928, 0x29632e6d,
	0x20200a0d, 0x32313038, 0x34343645, 0x30303020,
	0x31303030, 0x642e2033, 0x20617461, 0x31402020,
	0x28093332, 0x6d657469, 0x0d29632e, 0x3820200a,
	0x45323130, 0x20383536, 0x30303030, 0x31313030,
	0x61642e20, 0x20206174, 0x32314020, 0x69280934,
	0x2e6d6574, 0x0a0d2963, 0x30382020, 0x36453231,
	0x30204336, 0x30303030, 0x20373130, 0x7461642e,
	0x20202061, 0x35323140, 0x74692809, 0x632e6d65,
	0x200a0d29, 0x31303820, 0x38364532, 0x30302034,
	0x30303030, 0x2e204630, 0x61746164, 0x40202020,
	0x09363231, 0x65746928, 0x29632e6d, 0x20200a0d,
	0x32313038, 0x34393645, 0x30303020, 0x31303030,
	0x642e2037, 0x20617461, 0x31402020, 0x28093732,
	0x6d657469, 0x0d29632e, 0x3820200a, 0x45323130,
	0x20434136, 0x30303030, 0x39313030, 0x61642e20,
	0x20206174, 0x32314020, 0x69280938, 0x2e6d6574,
	0x0a0d2963, 0x30382020, 0x36453231, 0x30203843,
	0x30303030, 0x20463030, 0x7461642e, 0x20202061,
	0x39323140, 0x74692809, 0x632e6d65, 0x200a0d29,
	0x31303820, 0x44364532, 0x30302038, 0x30303030,
	0x2e203731, 0x61746164, 0x40202020, 0x09303331,
	0x65746928, 0x29632e6d, 0x20200a0d, 0x32313038,
	0x30463645, 0x30303020, 0x30303030, 0x642e2046,
	0x20617461, 0x31402020, 0x28093133, 0x6d657469,
	0x0d29632e, 0x3820200a, 0x45323130, 0x20303037,
	0x30303030, 0x31313030, 0x61642e20, 0x20206174,
	0x33314020, 0x69280932, 0x2e6d6574, 0x0a0d2963,
	0x30382020, 0x37453231, 0x30203431, 0x30303030,
	0x20333130, 0x7461642e, 0x20202061, 0x33333140,
	0x74692809, 0x632e6d65, 0x200a0d29, 0x31303820,
	0x32374532, 0x30302038, 0x30303030, 0x2e203331,
	0x61746164, 0x40202020, 0x09343331, 0x65746928,
	0x29632e6d, 0x20200a0d, 0x32313038, 0x43333745,
	0x30303020, 0x31303030, 0x642e2037, 0x20617461,
	0x31402020, 0x28093533, 0x6d657469, 0x0d29632e,
	0x3820200a, 0x45323130, 0x20343537, 0x30303030,
	0x33313030, 0x61642e20, 0x20206174, 0x33314020,
	0x69280936, 0x2e6d6574, 0x0a0d2963, 0x30382020,
	0x37453231, 0x30203836, 0x30303030, 0x20393130,
	0x7461642e, 0x20202061, 0x37333140, 0x74692809,
	0x632e6d65, 0x200a0d29, 0x31303820, 0x38374532,
	0x30302034, 0x30303030, 0x2e203731, 0x61746164,
	0x40202020, 0x09383331, 0x65746928, 0x29632e6d,
	0x20200a0d, 0x32313038, 0x43393745, 0x30303020,
	0x31303030, 0x642e2039, 0x20617461, 0x31402020,
	0x28093933, 0x6d657469, 0x0d29632e, 0x3820200a,
	0x45323130, 0x20384237, 0x30303030, 0x35313030,
	0x61642e20, 0x20206174, 0x34314020, 0x69280930,
	0x2e6d6574, 0x0a0d2963, 0x30382020, 0x37453231,
	0x30203044, 0x30303030, 0x20333130, 0x7461642e,
	0x20202061, 0x31343140, 0x74692809, 0x632e6d65,
	0x200a0d29, 0x31303820, 0x45374532, 0x30302034,
	0x30303030, 0x2e203331, 0x61746164, 0x40202020,
	0x09323431, 0x65746928, 0x29632e6d, 0x20200a0d,
	0x32313038, 0x38463745, 0x30303020, 0x31303030,
	0x642e2035, 0x20617461, 0x31402020, 0x28093334,
	0x6d657469, 0x0d29632e, 0x3820200a, 0x45323130,
	0x20303138, 0x30303030, 0x35313030, 0x61642e20,
	0x20206174, 0x34314020, 0x69280934, 0x2e6d6574,
	0x0a0d2963, 0x30382020, 0x38453231, 0x30203832,
	0x30303030, 0x20463030, 0x7461642e, 0x20202061,
	0x35343140, 0x74692809, 0x632e6d65, 0x200a0d29,
	0x31303820, 0x33384532, 0x30302038, 0x30303030,
	0x2e204630, 0x61746164, 0x40202020, 0x09363431,
	0x65746928, 0x29632e6d, 0x20200a0d, 0x32313038,
	0x38343845, 0x30303020, 0x31303030, 0x642e2039,
	0x20617461, 0x31402020, 0x28093734, 0x6d657469,
	0x0d29632e, 0x3820200a, 0x45323130, 0x20343638,
	0x30303030, 0x39313030, 0x61642e20, 0x20206174,
	0x34314020, 0x69280938, 0x2e6d6574, 0x0a0d2963,
	0x30382020, 0x38453231, 0x30203038, 0x30303030,
	0x20393130, 0x7461642e, 0x20202061, 0x39343140,
	0x74692809, 0x632e6d65, 0x200a0d29, 0x31303820,
	0x39384532, 0x30302043, 0x30303030, 0x2e203731,
	0x61746164, 0x40202020, 0x09303531, 0x65746928,
	0x29632e6d, 0x20200a0d, 0x32313038, 0x34423845,
	0x30303020, 0x30303030, 0x642e2044, 0x20617461,
	0x31402020, 0x28093135, 0x6d657469, 0x0d29632e,
	0x3820200a, 0x45323130, 0x20344338, 0x30303030,
	0x37313030, 0x61642e20, 0x20206174, 0x35314020,
	0x69280932, 0x2e6d6574, 0x0a0d2963, 0x30382020,
	0x38453231, 0x30204344, 0x30303030, 0x20373130,
	0x7461642e, 0x20202061, 0x33353140, 0x74692809,
	0x632e6d65, 0x200a0d29, 0x31303820, 0x46384532,
	0x30302034, 0x30303030, 0x2e203531, 0x61746164,
	0x40202020, 0x09343531, 0x65746928, 0x29632e6d,
	0x20200a0d, 0x32313038, 0x43303945, 0x30303020,
	0x31303030, 0x642e2037, 0x20617461, 0x31402020,
	0x28093535, 0x6d657469, 0x0d29632e, 0x3820200a,
	0x45323130, 0x20343239, 0x30303030, 0x39303030,
	0x61642e20, 0x20206174, 0x35314020, 0x69280936,
	0x2e6d6574, 0x0a0d2963, 0x30382020, 0x39453231,
	0x30203033, 0x30303030, 0x20353130, 0x7461642e,
	0x20202061, 0x37353140, 0x74692809, 0x632e6d65,
	0x200a0d29, 0x31303820, 0x34394532, 0x30302038,
	0x30303030, 0x2e204630, 0x61746164, 0x40202020,
	0x09383531, 0x65746928, 0x29632e6d, 0x20200a0d,
	0x32313038, 0x38353945, 0x30303020, 0x31303030,
	0x642e2037, 0x20617461, 0x31402020, 0x28093935,
	0x6d657469, 0x0d29632e, 0x3820200a, 0x45323130,
	0x20303739, 0x30303030, 0x37313030, 0x61642e20,
	0x20206174, 0x36314020, 0x69280930, 0x2e6d6574,
	0x0a0d2963, 0x30382020, 0x39453231, 0x30203838,
	0x30303030, 0x20373130, 0x7461642e, 0x20202061,
	0x31363140, 0x74692809, 0x632e6d65, 0x200a0d29,
	0x31303820, 0x41394532, 0x30302030, 0x30303030,
	0x2e203531, 0x61746164, 0x40202020, 0x09323631,
	0x65746928, 0x29632e6d, 0x20200a0d, 0x32313038,
	0x38423945, 0x30303020, 0x31303030, 0x642e2035,
	0x20617461, 0x31402020, 0x28093336, 0x6d657469,
	0x0d29632e, 0x3820200a, 0x45323130, 0x20304439,
	0x30303030, 0x39313030, 0x61642e20, 0x20206174,
	0x36314020, 0x69280934, 0x2e6d6574, 0x0a0d2963,
	0x30382020, 0x39453231, 0x30204345, 0x30303030,
	0x20333130, 0x7461642e, 0x20202061, 0x35363140,
	0x74692809, 0x632e6d65, 0x200a0d29, 0x31303820,
	0x30414532, 0x30302030, 0x30303030, 0x2e203531,
	0x61746164, 0x40202020, 0x09363631, 0x65746928,
	0x29632e6d, 0x20200a0d, 0x32313038, 0x38314145,
	0x30303020, 0x31303030, 0x642e2033, 0x20617461,
	0x31402020, 0x28093736, 0x6d657469, 0x0d29632e,
	0x3820200a, 0x45323130, 0x20433241, 0x30303030,
	0x39313030, 0x61642e20, 0x20206174, 0x36314020,
	0x69280938, 0x2e6d6574, 0x0a0d2963, 0x30382020,
	0x41453231, 0x30203834, 0x30303030, 0x20333130,
	0x7461642e, 0x20202061, 0x39363140, 0x74692809,
	0x632e6d65, 0x200a0d29, 0x31303820, 0x35414532,
	0x30302043, 0x30303030, 0x2e203331, 0x61746164,
	0x40202020, 0x09303731, 0x65746928, 0x29632e6d,
	0x20200a0d, 0x32313038, 0x30374145, 0x30303020,
	0x31303030, 0x642e2037, 0x20617461, 0x31402020,
	0x28093137, 0x6d657469, 0x0d29632e, 0x3820200a,
	0x45323130, 0x20383841, 0x30303030, 0x37313030,
	0x61642e20, 0x20206174, 0x37314020, 0x69280932,
	0x2e6d6574, 0x0a0d2963, 0x30382020, 0x41453231,
	0x30203041, 0x30303030, 0x20353130, 0x7461642e,
	0x20202061, 0x33373140, 0x74692809, 0x632e6d65,
	0x200a0d29, 0x31303820, 0x42414532, 0x30302038,
	0x30303030, 0x2e203931, 0x61746164, 0x40202020,
	0x09343731, 0x65746928, 0x29632e6d, 0x20200a0d,
	0x32313038, 0x34444145, 0x30303020, 0x31303030,
	0x642e2039, 0x20617461, 0x31402020, 0x28093537,
	0x6d657469, 0x0d29632e, 0x3820200a, 0x45323130,
	0x20304641, 0x30303030, 0x35313030, 0x61642e20,
	0x20206174, 0x37314020, 0x69280936, 0x2e6d6574,
	0x0a0d2963, 0x30382020, 0x42453231, 0x30203830,
	0x30303030, 0x20353130, 0x7461642e, 0x20202061,
	0x37373140, 0x74692809, 0x632e6d65, 0x200a0d29,
	0x31303820, 0x32424532, 0x30302030, 0x30303030,
	0x2e203531, 0x61746164, 0x40202020, 0x09383731,
	0x65746928, 0x29632e6d, 0x20200a0d, 0x32313038,
	0x38334245, 0x30303020, 0x31303030, 0x642e2035,
	0x20617461, 0x31402020, 0x28093937, 0x6d657469,
	0x0d29632e, 0x3820200a, 0x45323130, 0x20303542,
	0x30303030, 0x37313030, 0x61642e20, 0x20206174,
	0x38314020, 0x69280930, 0x2e6d6574, 0x0a0d2963,
	0x30382020, 0x42453231, 0x30203836, 0x30303030,
	0x20373130, 0x7461642e, 0x20202061, 0x31383140,
	0x74692809, 0x632e6d65, 0x200a0d29, 0x31303820,
	0x38424532, 0x30302030, 0x30303030, 0x2e203331,
	0x61746164, 0x40202020, 0x09323831, 0x65746928,
	0x29632e6d, 0x20200a0d, 0x32313038, 0x34394245,
	0x30303020, 0x31303030, 0x642e2037, 0x20617461,
	0x31402020, 0x28093338, 0x6d657469, 0x0d29632e,
	0x3820200a, 0x45323130, 0x20434142, 0x30303030,
	0x37313030, 0x61642e20, 0x20206174, 0x38314020,
	0x69280934, 0x2e6d6574, 0x0a0d2963, 0x30382020,
	0x42453231, 0x30203443, 0x30303030, 0x20373130,
	0x7461642e, 0x20202061, 0x35383140, 0x74692809,
	0x632e6d65, 0x200a0d29, 0x31303820, 0x44424532,
	0x30302043, 0x30303030, 0x2e203531, 0x61746164,
	0x40202020, 0x09363831, 0x65746928, 0x29632e6d,
	0x20200a0d, 0x32313038, 0x34464245, 0x30303020,
	0x31303030, 0x642e2037, 0x20617461, 0x31402020,
	0x28093738, 0x6d657469, 0x0d29632e, 0x3820200a,
	0x45323130, 0x20433043, 0x30303030, 0x37313030,
	0x61642e20, 0x20206174, 0x38314020, 0x69280938,
	0x2e6d6574, 0x0a0d2963, 0x30382020, 0x43453231,
	0x30203432, 0x30303030, 0x20353130, 0x7461642e,
	0x20202061, 0x39383140, 0x74692809, 0x632e6d65,
	0x200a0d29, 0x31303820, 0x33434532, 0x30302043,
	0x30303030, 0x2e203931, 0x61746164, 0x40202020,
	0x09303931, 0x65746928, 0x29632e6d, 0x20200a0d,
	0x32313038, 0x38354345, 0x30303020, 0x31303030,
	0x642e2033, 0x20617461, 0x31402020, 0x28093139,
	0x6d657469, 0x0d29632e, 0x3820200a, 0x45323130,
	0x20433643, 0x30303030, 0x35313030, 0x61642e20,
	0x20206174, 0x39314020, 0x69280932, 0x2e6d6574,
	0x0a0d2963, 0x30382020, 0x43453231, 0x30203438,
	0x30303030, 0x20373130, 0x7461642e, 0x20202061,
	0x33393140, 0x74692809, 0x632e6d65, 0x200a0d29,
	0x31303820, 0x39434532, 0x30302043, 0x30303030,
	0x2e203931, 0x61746164, 0x40202020, 0x09343931,
	0x65746928, 0x29632e6d, 0x20200a0d, 0x32313038,
	0x38424345, 0x30303020, 0x31303030, 0x642e2037,
	0x20617461, 0x31402020, 0x28093539, 0x6d657469,
	0x0d29632e, 0x3820200a, 0x45323130, 0x20304443,
	0x30303030, 0x35313030, 0x61642e20, 0x20206174,
	0x39314020, 0x69280936, 0x2e6d6574, 0x0a0d2963,
	0x30382020, 0x43453231, 0x30203845, 0x30303030,
	0x20393130, 0x7461642e, 0x20202061, 0x37393140,
	0x74692809, 0x632e6d65, 0x200a0d29, 0x31303820,
	0x30444532, 0x30302034, 0x30303030, 0x2e203731,
	0x61746164, 0x40202020, 0x09383931, 0x65746928,
	0x29632e6d, 0x20200a0d, 0x32313038, 0x43314445,
	0x30303020, 0x31303030, 0x642e2033, 0x20617461,
	0x31402020, 0x28093939, 0x6d657469, 0x0d29632e,
	0x3820200a, 0x45323130, 0x20303344, 0x30303030,
	0x33313030, 0x61642e20, 0x20206174, 0x30324020,
	0x69280930, 0x2e6d6574, 0x0a0d2963, 0x30382020,
	0x44453231, 0x30203434, 0x30303030, 0x20373130,
	0x7461642e, 0x20202061, 0x31303240, 0x74692809,
	0x632e6d65, 0x200a0d29, 0x31303820, 0x35444532,
	0x30302043, 0x30303030, 0x2e204630, 0x61746164,
	0x40202020, 0x09323032, 0x65746928, 0x29632e6d,
	0x20200a0d, 0x32313038, 0x43364445, 0x30303020,
	0x30303030, 0x642e2046, 0x20617461, 0x32402020,
	0x28093330, 0x6d657469, 0x0d29632e, 0x3820200a,
	0x45323130, 0x20433744, 0x30303030, 0x37313030,
	0x61642e20, 0x20206174, 0x30324020, 0x69280934,
	0x2e6d6574, 0x0a0d2963, 0x30382020, 0x44453231,
	0x30203439, 0x30303030, 0x20393130, 0x7461642e,
	0x20202061, 0x35303240, 0x74692809, 0x632e6d65,
	0x200a0d29, 0x31303820, 0x42444532, 0x30302030,
	0x30303030, 0x2e203531, 0x61746164, 0x40202020,
	0x09363032, 0x65746928, 0x29632e6d, 0x20200a0d,
	0x32313038, 0x38434445, 0x30303020, 0x31303030,
	0x642e2037, 0x20617461, 0x32402020, 0x28093730,
	0x6d657469, 0x0d29632e, 0x3820200a, 0x45323130,
	0x20304544, 0x30303030, 0x39313030, 0x61642e20,
	0x20206174, 0x30324020, 0x69280938, 0x2e6d6574,
	0x0a0d2963, 0x30382020, 0x44453231, 0x30204346,
	0x30303030, 0x20353130, 0x7461642e, 0x20202061,
	0x39303240, 0x74692809, 0x632e6d65, 0x200a0d29,
	0x31303820, 0x31454532, 0x30302034, 0x30303030,
	0x2e203331, 0x61746164, 0x40202020, 0x09303132,
	0x65746928, 0x29632e6d, 0x20200a0d, 0x32313038,
	0x38324545, 0x30303020, 0x31303030, 0x642e2035,
	0x20617461, 0x32402020, 0x28093131, 0x6d657469,
	0x0d29632e, 0x3820200a, 0x45323130, 0x20303445,
	0x30303030, 0x39313030, 0x61642e20, 0x20206174,
	0x31324020, 0x69280932, 0x2e6d6574, 0x0a0d2963,
	0x30382020, 0x45453231, 0x30204335, 0x30303030,
	0x20373130, 0x7461642e, 0x20202061, 0x33313240,
	0x74692809, 0x632e6d65, 0x200a0d29, 0x31303820,
	0x37454532, 0x30302034, 0x30303030, 0x2e203731,
	0x61746164, 0x40202020, 0x09343132, 0x65746928,
	0x29632e6d, 0x20200a0d, 0x32313038, 0x43384545,
	0x30303020, 0x31303030, 0x642e2035, 0x20617461,
	0x32402020, 0x28093531, 0x6d657469, 0x0d29632e,
	0x3820200a, 0x45323130, 0x20344145, 0x30303030,
	0x37313030, 0x61642e20, 0x20206174, 0x31324020,
	0x69280936, 0x2e6d6574, 0x0a0d2963, 0x30382020,
	0x45453231, 0x30204342, 0x30303030, 0x20353130,
	0x7461642e, 0x20202061, 0x37313240, 0x74692809,
	0x632e6d65, 0x200a0d29, 0x31303820, 0x44454532,
	0x30302034, 0x30303030, 0x2e203731, 0x61746164,
	0x40202020, 0x09383132, 0x65746928, 0x29632e6d,
	0x20200a0d, 0x32313038, 0x43454545, 0x30303020,
	0x31303030, 0x642e2033, 0x20617461, 0x32402020,
	0x28093931, 0x6d657469, 0x0d29632e, 0x3820200a,
	0x45323130, 0x20303046, 0x30303030, 0x37313030,
	0x61642e20, 0x20206174, 0x32324020, 0x69280930,
	0x2e6d6574, 0x0a0d2963, 0x30382020, 0x46453231,
	0x30203831, 0x30303030, 0x20373130, 0x7461642e,
	0x20202061, 0x31323240, 0x74692809, 0x632e6d65,
	0x200a0d29, 0x31303820, 0x33464532, 0x30302030,
	0x30303030, 0x2e203131, 0x61746164, 0x40202020,
	0x09323232, 0x65746928, 0x29632e6d, 0x20200a0d,
	0x32313038, 0x34344645, 0x30303020, 0x31303030,
	0x642e2037, 0x20617461, 0x32402020, 0x28093332,
	0x6d657469, 0x0d29632e, 0x3820200a, 0x45323130,
	0x20433546, 0x30303030, 0x33313030, 0x61642e20,
	0x20206174, 0x32324020, 0x69280934, 0x2e6d6574,
	0x0a0d2963, 0x30382020, 0x46453231, 0x30203037,
	0x30303030, 0x20463030, 0x7461642e, 0x20202061,
	0x35323240, 0x74692809, 0x632e6d65, 0x200a0d29,
	0x31303820, 0x38464532, 0x30302030, 0x30303030,
	0x2e203731, 0x61746164, 0x40202020, 0x09363232,
	0x65746928, 0x29632e6d, 0x20200a0d, 0x32313038,
	0x38394645, 0x30303020, 0x31303030, 0x642e2033,
	0x20617461, 0x32402020, 0x28093732, 0x6d657469,
	0x0d29632e, 0x3820200a, 0x45323130, 0x20434146,
	0x30303030, 0x31313030, 0x61642e20, 0x20206174,
	0x32324020, 0x69280938, 0x2e6d6574, 0x0a0d2963,
	0x30382020, 0x46453231, 0x30203043, 0x30303030,
	0x20373130, 0x7461642e, 0x20202061, 0x39323240,
	0x74692809, 0x632e6d65, 0x200a0d29, 0x31303820,
	0x44464532, 0x30302038, 0x30303030, 0x2e203731,
	0x61746164, 0x40202020, 0x09303332, 0x65746928,
	0x29632e6d, 0x20200a0d, 0x32313038, 0x30464645,
	0x30303020, 0x31303030, 0x642e2037, 0x20617461,
	0x32402020, 0x28093133, 0x6d657469, 0x0d29632e,
	0x3820200a, 0x46323130, 0x20383030, 0x30303030,
	0x35313030, 0x61642e20, 0x20206174, 0x33324020,
	0x69280932, 0x2e6d6574, 0x0a0d2963, 0x30382020,
	0x30463231, 0x30203032, 0x30303030, 0x20463030,
	0x7461642e, 0x20202061, 0x33333240, 0x74692809,
	0x632e6d65, 0x200a0d29, 0x31303820, 0x33304632,
	0x30302030, 0x30303030, 0x2e203731, 0x61746164,
	0x40202020, 0x09343332, 0x65746928, 0x29632e6d,
	0x20200a0d, 0x32313038, 0x38343046, 0x30303020,
	0x31303030, 0x642e2039, 0x20617461, 0x32402020,
	0x28093533, 0x6d657469, 0x0d29632e, 0x3820200a,
	0x46323130, 0x20343630, 0x30303030, 0x37313030,
	0x61642e20, 0x20206174, 0x33324020, 0x69280936,
	0x2e6d6574, 0x0a0d2963, 0x30382020, 0x30463231,
	0x30204337, 0x30303030, 0x20393030, 0x7461642e,
	0x20202061, 0x37333240, 0x74692809, 0x632e6d65,
	0x200a0d29, 0x31303820, 0x38304632, 0x30302038,
	0x30303030, 0x2e203531, 0x61746164, 0x40202020,
	0x09383332, 0x65746928, 0x29632e6d, 0x20200a0d,
	0x32313038, 0x30413046, 0x30303020, 0x31303030,
	0x642e2035, 0x20617461, 0x32402020, 0x28093933,
	0x6d657469, 0x0d29632e, 0x3820200a, 0x46323130,
	0x20384230, 0x30303030, 0x33313030, 0x61642e20,
	0x20206174, 0x34324020, 0x69280930, 0x2e6d6574,
	0x0a0d2963, 0x30382020, 0x30463231, 0x30204343,
	0x30303030, 0x20333130, 0x7461642e, 0x20202061,
	0x31343240, 0x74692809, 0x632e6d65, 0x200a0d29,
	0x31303820, 0x45304632, 0x30302030, 0x30303030,
	0x2e203531, 0x61746164, 0x40202020, 0x09323432,
	0x65746928, 0x29632e6d, 0x20200a0d, 0x32313038,
	0x38463046, 0x30303020, 0x31303030, 0x642e2039,
	0x20617461, 0x32402020, 0x28093334, 0x6d657469,
	0x0d29632e, 0x3820200a, 0x46323130, 0x20343131,
	0x30303030, 0x46323030, 0x61642e20, 0x20206174,
	0x34324020, 0x69280934, 0x2e6d6574, 0x0a0d2963,
	0x30382020, 0x31463231, 0x30203434, 0x30303030,
	0x20333330, 0x7461642e, 0x20202061, 0x36343240,
	0x74692809, 0x632e6d65, 0x200a0d29, 0x31303820,
	0x37314632, 0x30302038, 0x30303030, 0x2e203133,
	0x61746164, 0x40202020, 0x09373432, 0x65746928,
	0x29632e6d, 0x20200a0d, 0x32313038, 0x43413146,
	0x30303020, 0x32303030, 0x642e2046, 0x20617461,
	0x32402020, 0x28093834, 0x6d657469, 0x0d29632e,
	0x3820200a, 0x46323130, 0x20434431, 0x30303030,
	0x35333030, 0x61642e20, 0x20206174, 0x34324020,
	0x69280939, 0x2e6d6574, 0x0a0d2963, 0x30382020,
	0x32463231, 0x30203431, 0x30303030, 0x20333330,
	0x7461642e, 0x20202061, 0x30353240, 0x74692809,
	0x632e6d65, 0x200a0d29, 0x31303820, 0x34324632,
	0x30302038, 0x30303030, 0x2e203133, 0x61746164,
	0x40202020, 0x09313532, 0x65746928, 0x29632e6d,
	0x20200a0d, 0x32313038, 0x43373246, 0x30303020,
	0x33303030, 0x642e2031, 0x20617461, 0x32402020,
	0x28093235, 0x6d657469, 0x0d29632e, 0x3820200a,
	0x46323130, 0x20304232, 0x30303030, 0x39313030,
	0x61642e20, 0x20206174, 0x35324020, 0x69280933,
	0x2e6d6574, 0x0a0d2963, 0x30382020, 0x32463231,
	0x30204343, 0x30303030, 0x20353330, 0x7461642e,
	0x20202061, 0x34353240, 0x74692809, 0x632e6d65,
	0x200a0d29, 0x31303820, 0x30334632, 0x30302034,
	0x30303030, 0x2e204633, 0x61746164, 0x40202020,
	0x09353532, 0x65746928, 0x29632e6d, 0x20200a0d,
	0x32313038, 0x34343346, 0x30303020, 0x33303030,
	0x642e2033, 0x20617461, 0x32402020, 0x28093635,
	0x6d657469, 0x0d29632e, 0x3820200a, 0x46323130,
	0x20383733, 0x30303030, 0x42333030, 0x61642e20,
	0x20206174, 0x35324020, 0x69280937, 0x2e6d6574,
	0x0a0d2963, 0x30382020, 0x33463231, 0x30203442,
	0x30303030, 0x20393330, 0x7461642e, 0x20202061,
	0x38353240, 0x74692809, 0x632e6d65, 0x200a0d29,
	0x31303820, 0x46334632, 0x30302030, 0x30303030,
	0x2e204632, 0x61746164, 0x40202020, 0x09393532,
	0x65746928, 0x29632e6d, 0x20200a0d, 0x32313038,
	0x30323446, 0x30303020, 0x33303030, 0x642e2037,
	0x20617461, 0x32402020, 0x28093036, 0x6d657469,
	0x0d29632e, 0x3820200a, 0x46323130, 0x20383534,
	0x30303030, 0x37333030, 0x61642e20, 0x20206174,
	0x36324020, 0x69280931, 0x2e6d6574, 0x0a0d2963,
	0x30382020, 0x34463231, 0x30203039, 0x30303030,
	0x20443230, 0x7461642e, 0x20202061, 0x32363240,
	0x74692809, 0x632e6d65, 0x200a0d29, 0x31303820,
	0x43344632, 0x30302030, 0x30303030, 0x2e203733,
	0x61746164, 0x40202020, 0x09333632, 0x65746928,
	0x29632e6d, 0x20200a0d, 0x32313038, 0x38463446,
	0x30303020, 0x33303030, 0x642e2039, 0x20617461,
	0x32402020, 0x28093436, 0x6d657469, 0x0d29632e,
	0x3820200a, 0x46323130, 0x20343335, 0x30303030,
	0x39333030, 0x61642e20, 0x20206174, 0x36324020,
	0x69280935, 0x2e6d6574, 0x0a0d2963, 0x30382020,
	0x35463231, 0x30203037, 0x30303030, 0x20373330,
	0x7461642e, 0x20202061, 0x36363240, 0x74692809,
	0x632e6d65, 0x200a0d29, 0x31303820, 0x41354632,
	0x30302038, 0x30303030, 0x2e203334, 0x61746164,
	0x40202020, 0x09373632, 0x65746928, 0x29632e6d,
	0x20200a0d, 0x32313038, 0x43453546, 0x30303020,
	0x33303030, 0x642e2042, 0x20617461, 0x32402020,
	0x28093836, 0x6d657469, 0x0d29632e, 0x3820200a,
	0x46323130, 0x20383236, 0x30303030, 0x46323030,
	0x61642e20, 0x20206174, 0x36324020, 0x69280939,
	0x2e6d6574, 0x0a0d2963, 0x30382020, 0x36463231,
	0x30203835, 0x30303030, 0x20373330, 0x7461642e,
	0x20202061, 0x30373240, 0x74692809, 0x632e6d65,
	0x200a0d29, 0x31303820, 0x39364632, 0x30302030,
	0x30303030, 0x2e203533, 0x61746164, 0x40202020,
	0x09313732, 0x65746928, 0x29632e6d, 0x20200a0d,
	0x32313038, 0x38433646, 0x30303020, 0x33303030,
	0x642e2031, 0x20617461, 0x32402020, 0x28093237,
	0x6d657469, 0x0d29632e, 0x3820200a, 0x46323130,
	0x20434636, 0x30303030, 0x31333030, 0x61642e20,
	0x20206174, 0x37324020, 0x69280933, 0x2e6d6574,
	0x0a0d2963, 0x30382020, 0x37463231, 0x30203033,
	0x30303030, 0x20313430, 0x7461642e, 0x20202061,
	0x34373240, 0x74692809, 0x632e6d65, 0x200a0d29,
	0x31303820, 0x37374632, 0x30302034, 0x30303030,
	0x2e204633, 0x61746164, 0x40202020, 0x09353732,
	0x65746928, 0x29632e6d, 0x20200a0d, 0x32313038,
	0x34423746, 0x30303020, 0x33303030, 0x642e2039,
	0x20617461, 0x32402020, 0x28093637, 0x6d657469,
	0x0d29632e, 0x3820200a, 0x46323130, 0x20304637,
	0x30303030, 0x42323030, 0x61642e20, 0x20206174,
	0x37324020, 0x69280937, 0x2e6d6574, 0x0a0d2963,
	0x30382020, 0x38463231, 0x30204331, 0x30303030,
	0x20423330, 0x7461642e, 0x20202061, 0x38373240,
	0x74692809, 0x632e6d65, 0x200a0d29, 0x31303820,
	0x35384632, 0x30302038, 0x30303030, 0x2e203333,
	0x61746164, 0x40202020, 0x09393732, 0x65746928,
	0x29632e6d, 0x20200a0d, 0x32313038, 0x43383846,
	0x30303020, 0x32303030, 0x642e2033, 0x20617461,
	0x32402020, 0x28093038, 0x6d657469, 0x0d29632e,
	0x3820200a, 0x46323130, 0x20304238, 0x30303030,
	0x31333030, 0x61642e20, 0x20206174, 0x38324020,
	0x69280931, 0x2e6d6574, 0x0a0d2963, 0x30382020,
	0x38463231, 0x30203445, 0x30303030, 0x20443230,
	0x7461642e, 0x20202061, 0x32383240, 0x74692809,
	0x632e6d65, 0x200a0d29, 0x31303820, 0x31394632,
	0x30302034, 0x30303030, 0x2e203133, 0x61746164,
	0x40202020, 0x09333832, 0x65746928, 0x29632e6d,
	0x20200a0d, 0x32313038, 0x38343946, 0x30303020,
	0x33303030, 0x642e2031, 0x20617461, 0x32402020,
	0x28093438, 0x6d657469, 0x0d29632e, 0x3820200a,
	0x46323130, 0x20433739, 0x30303030, 0x46323030,
	0x61642e20, 0x20206174, 0x38324020, 0x69280935,
	0x2e6d6574, 0x0a0d2963, 0x30382020, 0x39463231,
	0x30204341, 0x30303030, 0x20443230, 0x7461642e,
	0x20202061, 0x36383240, 0x74692809, 0x632e6d65,
	0x200a0d29, 0x31303820, 0x44394632, 0x30302043,
	0x30303030, 0x2e203333, 0x61746164, 0x40202020,
	0x09373832, 0x65746928, 0x29632e6d, 0x20200a0d,
	0x32313038, 0x30314146, 0x30303020, 0x33303030,
	0x642e2039, 0x20617461, 0x32402020, 0x28093838,
	0x6d657469, 0x0d29632e, 0x3820200a, 0x46323130,
	0x20433441, 0x30303030, 0x46323030, 0x61642e20,
	0x20206174, 0x38324020, 0x69280939, 0x2e6d6574,
	0x0a0d2963, 0x30382020, 0x41463231, 0x30204337,
	0x30303030, 0x20393330, 0x7461642e, 0x20202061,
	0x30393240, 0x74692809, 0x632e6d65, 0x200a0d29,
	0x31303820, 0x42414632, 0x30302038, 0x30303030,
	0x2e203932, 0x61746164, 0x40202020, 0x09313932,
	0x65746928, 0x29632e6d, 0x20200a0d, 0x32313038,
	0x34454146, 0x30303020, 0x33303030, 0x642e2035,
	0x20617461, 0x32402020, 0x28093239, 0x6d657469,
	0x0d29632e, 0x3820200a, 0x46323130, 0x20433142,
	0x30303030, 0x33333030, 0x61642e20, 0x20206174,
	0x39324020, 0x69280933, 0x2e6d6574, 0x0a0d2963,
	0x30382020, 0x42463231, 0x30203035, 0x30303030,
	0x20373330, 0x7461642e, 0x20202061, 0x34393240,
	0x74692809, 0x632e6d65, 0x200a0d29, 0x31303820,
	0x38424632, 0x30302038, 0x30303030, 0x2e203334,
	0x61746164, 0x40202020, 0x09353932, 0x65746928,
	0x29632e6d, 0x20200a0d, 0x32313038, 0x43434246,
	0x30303020, 0x32303030, 0x642e2044, 0x20617461,
	0x32402020, 0x28093639, 0x6d657469, 0x0d29632e,
	0x3820200a, 0x46323130, 0x20434642, 0x30303030,
	0x46323030, 0x61642e20, 0x20206174, 0x39324020,
	0x69280937, 0x2e6d6574, 0x0a0d2963, 0x30382020,
	0x43463231, 0x30204332, 0x30303030, 0x20423230,
	0x7461642e, 0x20202061, 0x38393240, 0x74692809,
	0x632e6d65, 0x200a0d29, 0x31303820, 0x35434632,
	0x30302038, 0x30303030, 0x2e204433, 0x61746164,
	0x40202020, 0x09393932, 0x65746928, 0x29632e6d,
	0x20200a0d, 0x32313038, 0x38394346, 0x30303020,
	0x32303030, 0x642e2039, 0x20617461, 0x33402020,
	0x28093030, 0x6d657469, 0x0d29632e, 0x3820200a,
	0x46323130, 0x20344343, 0x30303030, 0x39323030,
	0x61642e20, 0x20206174, 0x30334020, 0x69280931,
	0x2e6d6574, 0x0a0d2963, 0x30382020, 0x43463231,
	0x30203046, 0x30303030, 0x20443230, 0x7461642e,
	0x20202061, 0x32303340, 0x74692809, 0x632e6d65,
	0x200a0d29, 0x31303820, 0x32444632, 0x30302030,
	0x30303030, 0x2e203532, 0x61746164, 0x40202020,
	0x09333033, 0x65746928, 0x29632e6d, 0x20200a0d,
	0x32313038, 0x38344446, 0x30303020, 0x32303030,
	0x642e2039, 0x20617461, 0x33402020, 0x28093430,
	0x6d657469, 0x0d29632e, 0x3820200a, 0x46323130,
	0x20343744, 0x30303030, 0x39323030, 0x61642e20,
	0x20206174, 0x30334020, 0x69280935, 0x2e6d6574,
	0x0a0d2963, 0x30382020, 0x44463231, 0x30203041,
	0x30303030, 0x20393230, 0x7461642e, 0x20202061,
	0x36303340, 0x74692809, 0x632e6d65, 0x200a0d29,
	0x31303820, 0x43444632, 0x30302043, 0x30303030,
	0x2e203133, 0x61746164, 0x40202020, 0x09373033,
	0x65746928, 0x29632e6d, 0x20200a0d, 0x32313038,
	0x30304546, 0x30303020, 0x33303030, 0x642e2037,
	0x20617461, 0x33402020, 0x28093830, 0x6d657469,
	0x0d29632e, 0x3820200a, 0x46323130, 0x20383345,
	0x30303030, 0x35333030, 0x61642e20, 0x20206174,
	0x30334020, 0x69280939, 0x2e6d6574, 0x0a0d2963,
	0x30382020, 0x45463231, 0x30203037, 0x30303030,
	0x20423330, 0x7461642e, 0x20202061, 0x30313340,
	0x74692809, 0x632e6d65, 0x200a0d29, 0x31303820,
	0x41454632, 0x30302043, 0x30303030, 0x2e204232,
	0x61746164, 0x40202020, 0x09313133, 0x65746928,
	0x29632e6d, 0x20200a0d, 0x32313038, 0x38444546,
	0x30303020, 0x32303030, 0x642e2042, 0x20617461,
	0x33402020, 0x28093231, 0x6d657469, 0x0d29632e,
	0x3820200a, 0x46323130, 0x20343046, 0x30303030,
	0x46323030, 0x61642e20, 0x20206174, 0x31334020,
	0x69280933, 0x2e6d6574, 0x0a0d2963, 0x30382020,
	0x46463231, 0x30203433, 0x30303030, 0x20463230,
	0x7461642e, 0x20202061, 0x34313340, 0x74692809,
	0x632e6d65, 0x200a0d29, 0x31303820, 0x36464632,
	0x30302034, 0x30303030, 0x2e203333, 0x61746164,
	0x40202020, 0x09353133, 0x65746928, 0x29632e6d,
	0x20200a0d, 0x32313038, 0x38394646, 0x30303020,
	0x33303030, 0x642e2031, 0x20617461, 0x33402020,
	0x28093631, 0x6d657469, 0x0d29632e, 0x3820200a,
	0x46323130, 0x20434346, 0x30303030, 0x31333030,
	0x61642e20, 0x20206174, 0x31334020, 0x69280937,
	0x2e6d6574, 0x0a0d2963, 0x30382020, 0x30303331,
	0x30203030, 0x30303030, 0x20423230, 0x7461642e,
	0x20202061, 0x38313340, 0x74692809, 0x632e6d65,
	0x200a0d29, 0x31303820, 0x32303033, 0x30302043,
	0x30303030, 0x2e204232, 0x61746164, 0x40202020,
	0x09393133, 0x65746928, 0x29632e6d, 0x20200a0d,
	0x33313038, 0x38353030, 0x30303020, 0x32303030,
	0x642e2039, 0x20617461, 0x33402020, 0x28093032,
	0x6d657469, 0x0d29632e, 0x3820200a, 0x30333130,
	0x20343830, 0x30303030, 0x42323030, 0x61642e20,
	0x20206174, 0x32334020, 0x69280931, 0x2e6d6574,
	0x0a0d2963, 0x30382020, 0x30303331, 0x30203042,
	0x30303030, 0x20423230, 0x7461642e, 0x20202061,
	0x32323340, 0x74692809, 0x632e6d65, 0x200a0d29,
	0x31303820, 0x44303033, 0x30302043, 0x30303030,
	0x2e203333, 0x61746164, 0x40202020, 0x09333233,
	0x65746928, 0x29632e6d, 0x20200a0d, 0x33313038,
	0x30313130, 0x30303020, 0x33303030, 0x642e2031,
	0x20617461, 0x33402020, 0x28093432, 0x6d657469,
	0x0d29632e, 0x3820200a, 0x30333130, 0x20343431,
	0x30303030, 0x31333030, 0x61642e20, 0x20206174,
	0x32334020, 0x69280935, 0x2e6d6574, 0x0a0d2963,
	0x30382020, 0x31303331, 0x30203837, 0x30303030,
	0x20393230, 0x7461642e, 0x20202061, 0x36323340,
	0x74692809, 0x632e6d65, 0x200a0d29, 0x31303820,
	0x41313033, 0x30302034, 0x30303030, 0x2e203333,
	0x61746164, 0x40202020, 0x09373233, 0x65746928,
	0x29632e6d, 0x20200a0d, 0x33313038, 0x38443130,
	0x30303020, 0x32303030, 0x642e2046, 0x20617461,
	0x33402020, 0x28093832, 0x6d657469, 0x0d29632e,
	0x3820200a, 0x30333130, 0x20383032, 0x30303030,
	0x44323030, 0x61642e20, 0x20206174, 0x32334020,
	0x69280939, 0x2e6d6574, 0x0a0d2963, 0x30382020,
	0x32303331, 0x30203833, 0x30303030, 0x20393230,
	0x7461642e, 0x20202061, 0x30333340, 0x74692809,
	0x632e6d65, 0x200a0d29, 0x31303820, 0x36323033,
	0x30302034, 0x30303030, 0x2e204632, 0x61746164,
	0x40202020, 0x09313333, 0x65746928, 0x29632e6d,
	0x20200a0d, 0x33313038, 0x34393230, 0x30303020,
	0x32303030, 0x642e2044, 0x20617461, 0x33402020,
	0x28093233, 0x6d657469, 0x0d29632e, 0x3820200a,
	0x30333130, 0x20344332, 0x30303030, 0x44323030,
	0x61642e20, 0x20206174, 0x33334020, 0x69280933,
	0x2e6d6574, 0x0a0d2963, 0x30382020, 0x32303331,
	0x30203446, 0x30303030, 0x20443230, 0x7461642e,
	0x20202061, 0x34333340, 0x74692809, 0x632e6d65,
	0x200a0d29, 0x31303820, 0x32333033, 0x30302034,
	0x30303030, 0x2e204632, 0x61746164, 0x40202020,
	0x09353333, 0x65746928, 0x29632e6d, 0x20200a0d,
	0x33313038, 0x34353330, 0x30303020, 0x32303030,
	0x642e2044, 0x20617461, 0x33402020, 0x28093633,
	0x6d657469, 0x0d29632e, 0x3820200a, 0x30333130,
	0x20343833, 0x30303030, 0x44323030, 0x61642e20,
	0x20206174, 0x33334020, 0x69280937, 0x2e6d6574,
	0x0a0d2963, 0x30382020, 0x33303331, 0x30203442,
	0x30303030, 0x20423230, 0x7461642e, 0x20202061,
	0x38333340, 0x74692809, 0x632e6d65, 0x200a0d29,
	0x31303820, 0x45333033, 0x30302030, 0x30303030,
	0x2e203533, 0x61746164, 0x40202020, 0x09393333,
	0x65746928, 0x29632e6d, 0x20200a0d, 0x33313038,
	0x38313430, 0x30303020, 0x33303030, 0x642e2035,
	0x20617461, 0x33402020, 0x28093034, 0x6d657469,
	0x0d29632e, 0x3820200a, 0x30333130, 0x20303534,
	0x30303030, 0x44323030, 0x61642e20, 0x20206174,
	0x34334020, 0x69280931, 0x2e6d6574, 0x0a0d2963,
	0x30382020, 0x34303331, 0x30203038, 0x30303030,
	0x20313330, 0x7461642e, 0x20202061, 0x32343340,
	0x74692809, 0x632e6d65, 0x200a0d29, 0x31303820,
	0x42343033, 0x30302034, 0x30303030, 0x2e204232,
	0x61746164, 0x40202020, 0x09333433, 0x65746928,
	0x29632e6d, 0x20200a0d, 0x33313038, 0x30453430,
	0x30303020, 0x33303030, 0x642e2035, 0x20617461,
	0x33402020, 0x28093434, 0x6d657469, 0x0d29632e,
	0x3820200a, 0x30333130, 0x20383135, 0x30303030,
	0x42323030, 0x61642e20, 0x20206174, 0x34334020,
	0x69280935, 0x2e6d6574, 0x0a0d2963, 0x30382020,
	0x35303331, 0x30203434, 0x30303030, 0x20443230,
	0x7461642e, 0x20202061, 0x36343340, 0x74692809,
	0x632e6d65, 0x200a0d29, 0x31303820, 0x37353033,
	0x30302034, 0x30303030, 0x2e204632, 0x61746164,
	0x40202020, 0x09373433, 0x65746928, 0x29632e6d,
	0x20200a0d, 0x33313038, 0x34413530, 0x30303020,
	0x32303030, 0x642e2042, 0x20617461, 0x33402020,
	0x28093834, 0x6d657469, 0x0d29632e, 0x3820200a,
	0x30333130, 0x20304435, 0x30303030, 0x39323030,
	0x61642e20, 0x20206174, 0x34334020, 0x69280939,
	0x2e6d6574, 0x0a0d2963, 0x30382020, 0x35303331,
	0x30204346, 0x30303030, 0x20333330, 0x7461642e,
	0x20202061, 0x30353340, 0x74692809, 0x632e6d65,
	0x200a0d29, 0x31303820, 0x33363033, 0x30302030,
	0x30303030, 0x2e203133, 0x61746164, 0x40202020,
	0x09313533, 0x65746928, 0x29632e6d, 0x20200a0d,
	0x33313038, 0x34363630, 0x30303020, 0x34303030,
	0x642e2033, 0x20617461, 0x33402020, 0x28093235,
	0x6d657469, 0x0d29632e, 0x3820200a, 0x30333130,
	0x20384136, 0x30303030, 0x37333030, 0x61642e20,
	0x20206174, 0x35334020, 0x69280933, 0x2e6d6574,
	0x0a0d2963, 0x30382020, 0x36303331, 0x30203045,
	0x30303030, 0x20373330, 0x7461642e, 0x20202061,
	0x34353340, 0x74692809, 0x632e6d65, 0x200a0d29,
	0x31303820, 0x31373033, 0x30302038, 0x30303030,
	0x2e204633, 0x61746164, 0x40202020, 0x09353533,
	0x65746928, 0x29632e6d, 0x20200a0d, 0x33313038,
	0x38353730, 0x30303020, 0x33303030, 0x642e2044,
	0x20617461, 0x33402020, 0x28093635, 0x6d657469,
	0x0d29632e, 0x3820200a, 0x30333130, 0x20383937,
	0x30303030, 0x33343030, 0x61642e20, 0x20206174,
	0x35334020, 0x69280937, 0x2e6d6574, 0x0a0d2963,
	0x30382020, 0x37303331, 0x30204344, 0x30303030,
	0x20423030, 0x7461642e, 0x20202061, 0x38353340,
	0x74692809, 0x632e6d65, 0x200a0d29, 0x31303820,
	0x45373033, 0x30302038, 0x30303030, 0x2e204233,
	0x61746164, 0x40202020, 0x09393533, 0x65746928,
	0x29632e6d, 0x20200a0d, 0x33313038, 0x34323830,
	0x30303020, 0x31303030, 0x642e2035, 0x20617461,
	0x33402020, 0x28093036, 0x6d657469, 0x0d29632e,
	0x3820200a, 0x30333130, 0x20433338, 0x30303030,
	0x37333030, 0x61642e20, 0x20206174, 0x36334020,
	0x69280931, 0x2e6d6574, 0x0a0d2963, 0x30382020,
	0x38303331, 0x30203437, 0x30303030, 0x20443330,
	0x7461642e, 0x20202061, 0x33363340, 0x74692809,
	0x632e6d65, 0x200a0d29, 0x31303820, 0x42383033,
	0x30302034, 0x30303030, 0x2e203133, 0x61746164,
	0x40202020, 0x09343633, 0x65746928, 0x29632e6d,
	0x20200a0d, 0x33313038, 0x38453830, 0x30303020,
	0x33303030, 0x642e2035, 0x20617461, 0x33402020,
	0x28093536, 0x6d657469, 0x0d29632e, 0x3820200a,
	0x30333130, 0x20303239, 0x30303030, 0x37333030,
	0x61642e20, 0x20206174, 0x36334020, 0x69280936,
	0x2e6d6574, 0x0a0d2963, 0x30382020, 0x39303331,
	0x30203835, 0x30303030, 0x20463030, 0x7461642e,
	0x20202061, 0x37363340, 0x74692809, 0x632e6d65,
	0x200a0d29, 0x31303820, 0x36393033, 0x30302038,
	0x30303030, 0x2e203133, 0x61746164, 0x40202020,
	0x09383633, 0x65746928, 0x29632e6d, 0x20200a0d,
	0x33313038, 0x43393930, 0x30303020, 0x32303030,
	0x642e2046, 0x20617461, 0x33402020, 0x28093936,
	0x6d657469, 0x0d29632e, 0x3820200a, 0x30333130,
	0x20434339, 0x30303030, 0x33333030, 0x61642e20,
	0x20206174, 0x37334020, 0x69280930, 0x2e6d6574,
	0x0a0d2963, 0x30382020, 0x41303331, 0x30203030,
	0x30303030, 0x20453130, 0x7461642e, 0x20202061,
	0x39373440, 0x74692809, 0x632e6d65, 0x200a0d29,
	0x31303820, 0x32413033, 0x30302030, 0x30303030,
	0x2e204531, 0x61746164, 0x40202020, 0x09303834,
	0x65746928, 0x29632e6d, 0x20200a0d, 0x33313038,
	0x30344130, 0x30303020, 0x31303030, 0x642e2033,
	0x20617461, 0x36402020, 0x28093233, 0x6d657469,
	0x0d29632e, 0x3820200a, 0x30333130, 0x20343541,
	0x30303030, 0x31333030, 0x61642e20, 0x20206174,
	0x4f436720, 0x4e45474e, 0x094c4149, 0x65746928,
	0x29632e6d, 0x20200a0d, 0x33313038, 0x38384130,
	0x30303020, 0x41303030, 0x642e2045, 0x20617461,
	0x4d672020, 0x45545341, 0x41525f52, 0x28094554,
	0x6d657469, 0x0d29632e, 0x3820200a, 0x30333130,
	0x20383342, 0x30303030, 0x38453130, 0x61642e20,
	0x20206174, 0x41576720, 0x4e5f415a, 0x09454d41,
	0x65746928, 0x29632e6d, 0x20200a0d, 0x33313038,
	0x30324430, 0x30303020, 0x41373030, 0x642e2030,
	0x20617461, 0x57672020, 0x5f415a41, 0x4f464e49,
	0x74692809, 0x632e6d65, 0x200a0d29, 0x31303820,
	0x43343133, 0x30302030, 0x36303030, 0x2e203030,
	0x61746164, 0x67202020, 0x4d455449, 0x464e495f,
	0x6928094f, 0x2e6d6574, 0x0a0d2963, 0x30382020,
	0x41313331, 0x30203043, 0x30303030, 0x20303032,
	0x7461642e, 0x20202061, 0x45544967, 0x4e495f4d,
	0x4e5f4f46, 0x09656d61, 0x65746928, 0x29632e6d,
	0x20200a0d, 0x33313038, 0x30434331, 0x30303020,
	0x30343030, 0x642e2030, 0x20617461, 0x49672020,
	0x5f4d4554, 0x4d4d4f43, 0x09544e45, 0x65746928,
	0x29632e6d, 0x20200a0d, 0x33313038, 0x30433032,
	0x30303020, 0x38303030, 0x642e2030, 0x20617461,
	0x49672020, 0x5f4e4f43, 0x094c4150, 0x65746928,
	0x29632e6d, 0x20200a0d, 0x33313038, 0x30343132,
	0x30303020, 0x32303030, 0x642e2043, 0x20617461,
	0x49672020, 0x5f4d4554, 0x494f5645, 0x69280944,
	0x2e6d6574, 0x0a0d2963, 0x30382020, 0x31323331,
	0x30204336, 0x30303030, 0x20303032, 0x7461642e,
	0x20202061, 0x65746967, 0x75665f6d, 0x2809636e,
	0x6d657469, 0x0d29632e, 0x3820200a, 0x32333130,
	0x20433633, 0x30303030, 0x39303030, 0x61642e20,
	0x20206174, 0x09374020, 0x756f7328, 0x632e646e,
	0x200a0d29, 0x31303820, 0x37333233, 0x30302038,
	0x30303030, 0x2e203930, 0x61746164, 0x40202020,
	0x73280938, 0x646e756f, 0x0d29632e, 0x3820200a,
	0x32333130, 0x20343833, 0x30303030, 0x39303030,
	0x61642e20, 0x20206174, 0x30314020, 0x73280938,
	0x646e756f, 0x0d29632e, 0x3820200a, 0x32333130,
	0x20303933, 0x30303030, 0x42303030, 0x61642e20,
	0x20206174, 0x36314020, 0x73280938, 0x646e756f,
	0x0d29632e, 0x3820200a, 0x32333130, 0x20433933,
	0x30303030, 0x38323030, 0x61642e20, 0x20206174,
	0x41566720, 0x45485f42, 0x09704441, 0x756f7328,
	0x632e646e, 0x200a0d29, 0x31303820, 0x43333233,
	0x30302034, 0x30303030, 0x2e203832, 0x61746164,
	0x67202020, 0x54757053, 0x736e6172, 0x72646441,
	0x6f732809, 0x2e646e75, 0x0a0d2963, 0x30382020,
	0x33323331, 0x30204345, 0x30303030, 0x20323430,
	0x7461642e, 0x20202061, 0x59544d53, 0x4c5f4550,
	0x09454649, 0x756f7328, 0x632e646e, 0x200a0d29,
	0x31303820, 0x33343233, 0x30302030, 0x30303030,
	0x2e203442, 0x61746164, 0x53202020, 0x5059544d,
	0x41425f45, 0x454c5454, 0x6f732809, 0x2e646e75,
	0x0a0d2963, 0x30382020, 0x34323331, 0x30203445,
	0x30303030, 0x20383530, 0x7461642e, 0x20202061,
	0x485f5345, 0x09444145, 0x756f7328, 0x632e646e,
	0x200a0d29, 0x31303820, 0x33353233, 0x30302043,
	0x30303030, 0x2e203430, 0x61746164, 0x5f202020,
	0x5f757073, 0x7264616d, 0x494c2809, 0x55505342,
	0x6c2e412e, 0x0d296269, 0x3820200a, 0x32333130,
	0x20303435, 0x30303030, 0x34303030, 0x61642e20,
	0x20206174, 0x70735f20, 0x63625f75, 0x4c280972,
	0x50534249, 0x2e412e55, 0x2962696c, 0x20200a0d,
	0x33313038, 0x34343532, 0x30303020, 0x30303030,
	0x642e2034, 0x20617461, 0x735f2020, 0x635f7570,
	0x09726368, 0x42494c28, 0x2e555053, 0x696c2e41,
	0x0a0d2962, 0x30382020, 0x35323331, 0x30203834,
	0x30303030, 0x20343030, 0x7461642e, 0x20202061,
	0x7570735f, 0x7379735f, 0x7263705f, 0x494c2809,
	0x55505342, 0x6c2e412e, 0x0d296269, 0x3820200a,
	0x32333130, 0x20433435, 0x30303030, 0x34303030,
	0x61642e20, 0x20206174, 0x70735f20, 0x65645f75,
	0x0979616c, 0x42494c28, 0x2e555053, 0x696c2e41,
	0x0a0d2962, 0x30382020, 0x35323331, 0x30203035,
	0x30303030, 0x20303130, 0x7461642e, 0x20202061,
	0x7570735f, 0x6d75645f, 0x322e796d, 0x494c2809,
	0x55505342, 0x6c2e412e, 0x0d296269, 0x3820200a,
	0x32333130, 0x20303635, 0x30303030, 0x34303030,
	0x61642e20, 0x20206174, 0x70735f20, 0x6d645f75,
	0x6f6d5f61, 0x28096564, 0x5342494c, 0x412e5550,
	0x62696c2e, 0x200a0d29, 0x31303820, 0x36353233,
	0x30302034, 0x30303030, 0x2e203430, 0x61746164,
	0x5f202020, 0x5f757073, 0x6e617274, 0x72656673,
	0x6174735f, 0x64617472, 0x28097264, 0x5342494c,
	0x412e5550, 0x62696c2e, 0x200a0d29, 0x31303820,
	0x36353233, 0x30302038, 0x30303030, 0x2e203830,
	0x61746164, 0x5f202020, 0x5f757073, 0x6e617274,
	0x72656673, 0x6d69745f, 0x4c280965, 0x50534249,
	0x2e412e55, 0x2962696c, 0x20200a0d, 0x33313038,
	0x30373532, 0x30303020, 0x30303030, 0x642e2034,
	0x20617461, 0x735f2020, 0x525f7570, 0x28095858,
	0x5342494c, 0x412e5550, 0x62696c2e, 0x200a0d29,
	0x31303820, 0x37353233, 0x30302034, 0x30303030,
	0x2e203430, 0x61746164, 0x5f202020, 0x5f757073,
	0x09617374, 0x42494c28, 0x2e555053, 0x696c2e41,
	0x0a0d2962, 0x30382020, 0x35323331, 0x30203837,
	0x30303030, 0x20343030, 0x7461642e, 0x20202061,
	0x7570735f, 0x6172745f, 0x6f4d736e, 0x28096564,
	0x5342494c, 0x412e5550, 0x62696c2e, 0x200a0d29,
	0x31303820, 0x37353233, 0x30302043, 0x30303030,
	0x2e203430, 0x61746164, 0x5f202020, 0x5f757073,
	0x72646461, 0x65646f4d, 0x494c2809, 0x55505342,
	0x6c2e412e, 0x0d296269, 0x3820200a, 0x32333130,
	0x20303835, 0x30303030, 0x34303030, 0x61642e20,
	0x20206174, 0x70735f20, 0x656d5f75, 0x6f6d5f6d,
	0x28096564, 0x5342494c, 0x412e5550, 0x62696c2e,
	0x200a0d29, 0x31303820, 0x38353233, 0x30302034,
	0x30303030, 0x2e203430, 0x61746164, 0x5f202020,
	0x5f757073, 0x5f6d656d, 0x65646f6d, 0x756c705f,
	0x4c280973, 0x50534249, 0x2e412e55, 0x2962696c,
	0x20200a0d, 0x33313038, 0x38383532, 0x30303020,
	0x30303030, 0x642e2034, 0x20617461, 0x735f2020,
	0x6d5f7570, 0x6d5f6d65, 0x5f65646f, 0x74696e75,
	0x494c2809, 0x55505342, 0x6c2e412e, 0x0d296269,
	0x3820200a, 0x32333130, 0x20433835, 0x30303030,
	0x34303030, 0x61642e20, 0x20206174, 0x70735f20,
	0x656d5f75, 0x6f6d5f6d, 0x755f6564, 0x4d74696e,
	0x494c2809, 0x55505342, 0x6c2e412e, 0x0d296269,
	0x3820200a, 0x32333130, 0x20303935, 0x30303030,
	0x34303030, 0x61642e20, 0x20206174, 0x70735f20,
	0x6e695f75, 0x6e617254, 0x72656673, 0x494c2809,
	0x55505342, 0x6c2e412e, 0x0d296269, 0x3820200a,
	0x32333130, 0x20343935, 0x30303030, 0x34303030,
	0x61642e20, 0x20206174, 0x70735f20, 0x72745f75,
	0x66736e61, 0x61437265, 0x61626c6c, 0x28096b63,
	0x5342494c, 0x412e5550, 0x62696c2e, 0x200a0d29,
	0x31303820, 0x39353233, 0x30302038, 0x30303030,
	0x2e203430, 0x61746164, 0x5f202020, 0x5f757073,
	0x43515249, 0x626c6c61, 0x096b6361, 0x42494c28,
	0x2e555053, 0x696c2e41, 0x0a0d2962, 0x30382020,
	0x35323331, 0x30204339, 0x30303030, 0x20343030,
	0x7461642e, 0x20202061, 0x7570735f, 0x6456455f,
	0x2809616d, 0x5342494c, 0x412e5550, 0x62696c2e,
	0x200a0d29, 0x31303820, 0x41353233, 0x30302030,
	0x30303030, 0x2e203430, 0x61746164, 0x5f202020,
	0x5f757073, 0x7379656b, 0x09746174, 0x42494c28,
	0x2e555053, 0x696c2e41, 0x0a0d2962, 0x30382020,
	0x35323331, 0x30203441, 0x30303030, 0x20343030,
	0x7461642e, 0x20202061, 0x7570735f, 0x6172745f,
	0x6d5f736e, 0x0965646f, 0x42494c28, 0x2e555053,
	0x696c2e41, 0x0a0d2962, 0x30382020, 0x35323331,
	0x30203841, 0x30303030, 0x20343030, 0x7461642e,
	0x20202061, 0x7570735f, 0x7665725f, 0x616c665f,
	0x4c280967, 0x50534249, 0x2e412e55, 0x2962696c,
	0x20200a0d, 0x33313038, 0x43413532, 0x30303020,
	0x30303030, 0x642e2034, 0x20617461, 0x735f2020,
	0x725f7570, 0x725f7665, 0x72657365, 0x775f6576,
	0x4c280961, 0x50534249, 0x2e412e55, 0x2962696c,
	0x20200a0d, 0x33313038, 0x30423532, 0x30303020,
	0x30303030, 0x642e2034, 0x20617461, 0x735f2020,
	0x725f7570, 0x6f5f7665, 0x65736666, 0x64646174,
	0x4c280972, 0x50534249, 0x2e412e55, 0x2962696c,
	0x20200a0d, 0x33313038, 0x34423532, 0x30303020,
	0x31303030, 0x642e2034, 0x20617461, 0x735f2020,
	0x725f7570, 0x615f7665, 0x09727474, 0x42494c28,
	0x2e555053, 0x696c2e41, 0x0a0d2962, 0x30382020,
	0x35323331, 0x30203843, 0x30303030, 0x20343030,
	0x7461642e, 0x20202061, 0x7570735f, 0x7651525f,
	0x6563696f, 0x494c2809, 0x55505342, 0x6c2e412e,
	0x0d296269, 0x3820200a, 0x32333130, 0x20434335,
	0x30303030, 0x34303030, 0x61642e20, 0x20206174,
	0x70735f20, 0x51525f75, 0x6b73616d, 0x494c2809,
	0x55505342, 0x6c2e412e, 0x0d296269, 0x3820200a,
	0x32333130, 0x20304435, 0x30303030, 0x30333030,
	0x61642e20, 0x20206174, 0x70735f20, 0x6f765f75,
	0x5f656369, 0x746e6563, 0x6f4e7265, 0x28096574,
	0x5342494c, 0x412e5550, 0x62696c2e, 0x200a0d29,
	0x31303820, 0x30363233, 0x30302030, 0x30303030,
	0x2e203430, 0x61746164, 0x5f202020, 0x5f757073,
	0x09766e65, 0x42494c28, 0x2e555053, 0x696c2e41,
	0x0a0d2962, 0x30382020, 0x36323331, 0x30203430,
	0x30303030, 0x20303130, 0x7461642e, 0x20202061,
	0x7570735f, 0x4373695f, 0x656c6c61, 0x4c280964,
	0x50534249, 0x2e412e55, 0x2962696c, 0x20200a0d,
	0x33313038, 0x34313632, 0x30303020, 0x30303030,
	0x642e2034, 0x20617461, 0x735f2020, 0x415f7570,
	0x636f6c6c, 0x636f6c42, 0x6d754e6b, 0x494c2809,
	0x55505342, 0x6c2e412e, 0x0d296269, 0x3820200a,
	0x32333130, 0x20383136, 0x30303030, 0x34303030,
	0x61642e20, 0x20206174, 0x70735f20, 0x6c415f75,
	0x4c636f6c, 0x4e747361, 0x28096d75, 0x5342494c,
	0x412e5550, 0x62696c2e, 0x200a0d29, 0x31303820,
	0x31363233, 0x30302043, 0x30303030, 0x2e203830,
	0x61746164, 0x5f202020, 0x5f757073, 0x4c6d656d,
	0x09747369, 0x42494c28, 0x2e555053, 0x696c2e41,
	0x0a0d2962, 0x30382020, 0x36323331, 0x30203432,
	0x30303030, 0x20303034, 0x7461642e, 0x20202061,
	0x7570735f, 0x72657a5f, 0x6675626f, 0x494c2809,
	0x55505342, 0x6c2e412e, 0x0d296269, 0x3820200a,
	0x32333130, 0x20343241, 0x30303030, 0x38313030,
	0x61642e20, 0x20206174, 0x70735f20, 0x544e5f75,
	0x656c6261, 0x494c2809, 0x55505342, 0x6c2e412e,
	0x0d296269, 0x3820200a, 0x32333130, 0x20433341,
	0x30303030, 0x38303130, 0x61642e20, 0x20206174,
	0x70735f20, 0x54465f75, 0x656c6261, 0x494c2809,
	0x55505342, 0x6c2e412e, 0x0d296269, 0x3820200a,
	0x32333130, 0x20343442, 0x30303030, 0x30333030,
	0x61642e20, 0x20206174, 0x70735f20, 0x65725f75,
	0x74735f76, 0x61747261, 0x09726464, 0x42494c28,
	0x2e555053, 0x696c2e41, 0x0a0d2962, 0x30382020,
	0x42323331, 0x30203437, 0x30303030, 0x20304232,
	0x7461642e, 0x20202061, 0x7570735f, 0x7665725f,
	0x7261705f, 0x28096d61, 0x5342494c, 0x412e5550,
	0x62696c2e, 0x200a0d29, 0x31303820, 0x32453233,
	0x30302034, 0x30303030, 0x2e203432, 0x61746164,
	0x76202020, 0x6d756c6f, 0x61645f65, 0x09322e74,
	0x42494c28, 0x2e444e53, 0x696c2e41, 0x0a0d2962,
	0x30382020, 0x45323331, 0x30203834, 0x30303030,
	0x20343030, 0x7461642e, 0x20202061, 0x646e735f,
	0x616d765f, 0x28096b73, 0x5342494c, 0x412e444e,
	0x62696c2e, 0x200a0d29, 0x31303820, 0x34453233,
	0x30302043, 0x30303030, 0x2e204330, 0x61746164,
	0x6e202020, 0x2809342e, 0x5342494c, 0x412e444e,
	0x62696c2e, 0x200a0d29, 0x31303820, 0x35453233,
	0x30302038, 0x30303030, 0x2e203431, 0x61746164,
	0x5f202020, 0x5f646e73, 0x5f716573, 0x6b636974,
	0x766e655f, 0x494c2809, 0x444e5342, 0x6c2e412e,
	0x0d296269, 0x3820200a, 0x32333130, 0x20433645,
	0x30303030, 0x38313030, 0x61642e20, 0x20206174,
	0x76735f20, 0x746e5f6d, 0x656c6261, 0x494c2809,
	0x444e5342, 0x6c2e412e, 0x0d296269, 0x3820200a,
	0x32333130, 0x20343845, 0x30303030, 0x38303130,
	0x61642e20, 0x20206174, 0x76735f20, 0x74665f6d,
	0x656c6261, 0x494c2809, 0x444e5342, 0x6c2e412e,
	0x0d296269, 0x3820200a, 0x32333130, 0x20433846,
	0x30303030, 0x30343030, 0x61642e20, 0x20206174,
	0x676e6120, 0x2809656c, 0x63656863, 0x7469486b,
	0x0d29632e, 0x3820200a, 0x32333130, 0x20434346,
	0x30303030, 0x42313030, 0x61642e20, 0x20206174,
	0x09334020, 0x2e676228, 0x0a0d2963, 0x30382020,
	0x46323331, 0x30203845, 0x30303030, 0x20373130,
	0x7461642e, 0x20202061, 0x28093440, 0x632e6762,
	0x200a0d29, 0x31303820, 0x30303333, 0x30302030,
	0x30303030, 0x2e204631, 0x61746164, 0x40202020,
	0x62280935, 0x29632e67, 0x20200a0d, 0x33313038,
	0x30323033, 0x30303020, 0x32303030, 0x642e2042,
	0x20617461, 0x36402020, 0x67622809, 0x0d29632e,
	0x3820200a, 0x33333130, 0x20433430, 0x30303030,
	0x46313030, 0x61642e20, 0x20206174, 0x09374020,
	0x2e676228, 0x0a0d2963, 0x30382020, 0x30333331,
	0x30204336, 0x30303030, 0x20463130, 0x7461642e,
	0x20202061, 0x28093840, 0x632e6762, 0x200a0d29,
	0x31303820, 0x38303333, 0x30302043, 0x30303030,
	0x2e204631, 0x61746164, 0x40202020, 0x62280939,
	0x29632e67, 0x20200a0d, 0x33313038, 0x43413033,
	0x30303020, 0x32303030, 0x642e2044, 0x20617461,
	0x31402020, 0x62280930, 0x29632e67, 0x20200a0d,
	0x33313038, 0x43443033, 0x30303020, 0x31303030,
	0x642e2033, 0x20617461, 0x31402020, 0x62280931,
	0x29632e67, 0x20200a0d, 0x33313038, 0x30463033,
	0x30303020, 0x32303030, 0x642e2037, 0x20617461,
	0x31402020, 0x62280932, 0x29632e67, 0x20200a0d,
	0x33313038, 0x38313133, 0x30303020, 0x32303030,
	0x642e2039, 0x20617461, 0x31402020, 0x62280933,
	0x29632e67, 0x20200a0d, 0x33313038, 0x34343133,
	0x30303020, 0x32303030, 0x642e2046, 0x20617461,
	0x31402020, 0x62280934, 0x29632e67, 0x20200a0d,
	0x33313038, 0x34373133, 0x30303020, 0x31303030,
	0x642e2039, 0x20617461, 0x31402020, 0x62280935,
	0x29632e67, 0x20200a0d, 0x33313038, 0x30393133,
	0x30303020, 0x32303030, 0x642e2044, 0x20617461,
	0x31402020, 0x62280936, 0x29632e67, 0x20200a0d,
	0x33313038, 0x30433133, 0x30303020, 0x32303030,
	0x642e2044, 0x20617461, 0x31402020, 0x62280937,
	0x29632e67, 0x20200a0d, 0x33313038, 0x30463133,
	0x30303020, 0x32303030, 0x642e2031, 0x20617461,
	0x31402020, 0x62280938, 0x29632e67, 0x20200a0d,
	0x33313038, 0x34313233, 0x30303020, 0x32303030,
	0x642e2033, 0x20617461, 0x31402020, 0x62280939,
	0x29632e67, 0x20200a0d, 0x33313038, 0x38333233,
	0x30303020, 0x31303030, 0x642e2033, 0x20617461,
	0x32402020, 0x62280930, 0x29632e67, 0x20200a0d,
	0x33313038, 0x43343233, 0x30303020, 0x31303030,
	0x642e2031, 0x20617461, 0x32402020, 0x62280931,
	0x29632e67, 0x20200a0d, 0x33313038, 0x30363233,
	0x30303020, 0x32303030, 0x642e2033, 0x20617461,
	0x32402020, 0x62280932, 0x29632e67, 0x20200a0d,
	0x33313038, 0x34383233, 0x30303020, 0x32303030,
	0x642e2042, 0x20617461, 0x32402020, 0x62280933,
	0x29632e67, 0x20200a0d, 0x33313038, 0x30423233,
	0x30303020, 0x32303030, 0x642e2042, 0x20617461,
	0x32402020, 0x62280934, 0x29632e67, 0x20200a0d,
	0x33313038, 0x43443233, 0x30303020, 0x32303030,
	0x642e2037, 0x20617461, 0x32402020, 0x62280935,
	0x29632e67, 0x20200a0d, 0x33313038, 0x34303333,
	0x30303020, 0x32303030, 0x642e2033, 0x20617461,
	0x32402020, 0x62280936, 0x29632e67, 0x20200a0d,
	0x33313038, 0x38323333, 0x30303020, 0x32303030,
	0x642e2044, 0x20617461, 0x32402020, 0x62280937,
	0x29632e67, 0x20200a0d, 0x33313038, 0x38353333,
	0x30303020, 0x31303030, 0x642e2042, 0x20617461,
	0x32402020, 0x62280938, 0x29632e67, 0x20200a0d,
	0x33313038, 0x34373333, 0x30303020, 0x31303030,
	0x642e2046, 0x20617461, 0x32402020, 0x62280939,
	0x29632e67, 0x20200a0d, 0x33313038, 0x34393333,
	0x30303020, 0x32303030, 0x642e2039, 0x20617461,
	0x33402020, 0x62280930, 0x29632e67, 0x20200a0d,
	0x33313038, 0x30433333, 0x30303020, 0x32303030,
	0x642e2037, 0x20617461, 0x33402020, 0x62280931,
	0x29632e67, 0x20200a0d, 0x33313038, 0x38453333,
	0x30303020, 0x31303030, 0x642e2046, 0x20617461,
	0x33402020, 0x62280932, 0x29632e67, 0x20200a0d,
	0x33313038, 0x38303433, 0x30303020, 0x31303030,
	0x642e2039, 0x20617461, 0x33402020, 0x62280933,
	0x29632e67, 0x20200a0d, 0x33313038, 0x34323433,
	0x30303020, 0x32303030, 0x642e2037, 0x20617461,
	0x33402020, 0x62280934, 0x29632e67, 0x20200a0d,
	0x33313038, 0x43343433, 0x30303020, 0x32303030,
	0x642e2044, 0x20617461, 0x33402020, 0x62280935,
	0x29632e67, 0x20200a0d, 0x33313038, 0x43373433,
	0x30303020, 0x32303030, 0x642e2042, 0x20617461,
	0x33402020, 0x62280936, 0x29632e67, 0x20200a0d,
	0x33313038, 0x38413433, 0x30303020, 0x31303030,
	0x642e2035, 0x20617461, 0x33402020, 0x62280937,
	0x29632e67, 0x20200a0d, 0x33313038, 0x30433433,
	0x30303020, 0x31303030, 0x642e2042, 0x20617461,
	0x33402020, 0x62280938, 0x29632e67, 0x20200a0d,
	0x33313038, 0x43443433, 0x30303020, 0x31303030,
	0x642e2033, 0x20617461, 0x33402020, 0x62280939,
	0x29632e67, 0x20200a0d, 0x33313038, 0x30463433,
	0x30303020, 0x33303030, 0x642e2031, 0x20617461,
	0x34402020, 0x62280930, 0x29632e67, 0x20200a0d,
	0x33313038, 0x34323533, 0x30303020, 0x31303030,
	0x642e2037, 0x20617461, 0x34402020, 0x62280931,
	0x29632e67, 0x20200a0d, 0x33313038, 0x43333533,
	0x30303020, 0x31303030, 0x642e2039, 0x20617461,
	0x34402020, 0x62280932, 0x29632e67, 0x20200a0d,
	0x33313038, 0x38353533, 0x30303020, 0x31303030,
	0x642e2035, 0x20617461, 0x34402020, 0x62280933,
	0x29632e67, 0x20200a0d, 0x33313038, 0x30373533,
	0x30303020, 0x31303030, 0x642e2039, 0x20617461,
	0x34402020, 0x62280934, 0x29632e67, 0x20200a0d,
	0x33313038, 0x43383533, 0x30303020, 0x31303030,
	0x642e2037, 0x20617461, 0x34402020, 0x62280935,
	0x29632e67, 0x20200a0d, 0x33313038, 0x34413533,
	0x30303020, 0x31303030, 0x642e2042, 0x20617461,
	0x34402020, 0x62280936, 0x29632e67, 0x20200a0d,
	0x33313038, 0x30433533, 0x30303020, 0x31303030,
	0x642e2035, 0x20617461, 0x34402020, 0x62280937,
	0x29632e67, 0x20200a0d, 0x33313038, 0x38443533,
	0x30303020, 0x31303030, 0x642e2033, 0x20617461,
	0x34402020, 0x62280938, 0x29632e67, 0x20200a0d,
	0x33313038, 0x43453533, 0x30303020, 0x31303030,
	0x642e2046, 0x20617461, 0x34402020, 0x62280939,
	0x29632e67, 0x20200a0d, 0x33313038, 0x43303633,
	0x30303020, 0x32303030, 0x642e2031, 0x20617461,
	0x35402020, 0x62280930, 0x29632e67, 0x20200a0d,
	0x33313038, 0x30333633, 0x30303020, 0x31303030,
	0x642e2031, 0x20617461, 0x35402020, 0x62280931,
	0x29632e67, 0x20200a0d, 0x33313038, 0x34343633,
	0x30303020, 0x32303030, 0x642e2033, 0x20617461,
	0x35402020, 0x62280932, 0x29632e67, 0x20200a0d,
	0x33313038, 0x38363633, 0x30303020, 0x31303030,
	0x642e2044, 0x20617461, 0x35402020, 0x62280933,
	0x29632e67, 0x20200a0d, 0x33313038, 0x38383633,
	0x30303020, 0x32303030, 0x642e2031, 0x20617461,
	0x35402020, 0x62280934, 0x29632e67, 0x20200a0d,
	0x33313038, 0x43413633, 0x30303020, 0x31303030,
	0x642e2037, 0x20617461, 0x35402020, 0x62280935,
	0x29632e67, 0x20200a0d, 0x33313038, 0x34433633,
	0x30303020, 0x31303030, 0x642e2042, 0x20617461,
	0x35402020, 0x62280936, 0x29632e67, 0x20200a0d,
	0x33313038, 0x30453633, 0x30303020, 0x31303030,
	0x642e2044, 0x20617461, 0x35402020, 0x62280937,
	0x29632e67, 0x20200a0d, 0x33313038, 0x30303733,
	0x30303020, 0x30303030, 0x642e2042, 0x20617461,
	0x35402020, 0x62280938, 0x29632e67, 0x20200a0d,
	0x33313038, 0x43303733, 0x30303020, 0x31303030,
	0x642e2037, 0x20617461, 0x35402020, 0x62280939,
	0x29632e67, 0x20200a0d, 0x33313038, 0x34323733,
	0x30303020, 0x31303030, 0x642e2039, 0x20617461,
	0x36402020, 0x62280930, 0x29632e67, 0x20200a0d,
	0x33313038, 0x30343733, 0x30303020, 0x32303030,
	0x642e2031, 0x20617461, 0x36402020, 0x62280931,
	0x29632e67, 0x20200a0d, 0x33313038, 0x34363733,
	0x30303020, 0x31303030, 0x642e2037, 0x20617461,
	0x36402020, 0x62280932, 0x29632e67, 0x20200a0d,
	0x33313038, 0x43373733, 0x30303020, 0x31303030,
	0x642e2042, 0x20617461, 0x36402020, 0x62280933,
	0x29632e67, 0x20200a0d, 0x33313038, 0x38393733,
	0x30303020, 0x31303030, 0x642e2037, 0x20617461,
	0x36402020, 0x62280934, 0x29632e67, 0x20200a0d,
	0x33313038, 0x30423733, 0x30303020, 0x32303030,
	0x642e2031, 0x20617461, 0x36402020, 0x62280935,
	0x29632e67, 0x20200a0d, 0x33313038, 0x34443733,
	0x30303020, 0x31303030, 0x642e2044, 0x20617461,
	0x36402020, 0x62280936, 0x29632e67, 0x20200a0d,
	0x33313038, 0x34463733, 0x30303020, 0x31303030,
	0x642e2042, 0x20617461, 0x36402020, 0x62280937,
	0x29632e67, 0x20200a0d, 0x33313038, 0x30313833,
	0x30303020, 0x31303030, 0x642e2039, 0x20617461,
	0x36402020, 0x62280938, 0x29632e67, 0x20200a0d,
	0x33313038, 0x43323833, 0x30303020, 0x30303030,
	0x642e2041, 0x20617461, 0x32402020, 0x28093636,
	0x632e6762, 0x200a0d29, 0x31303820, 0x33383333,
	0x30302038, 0x30303030, 0x2e203930, 0x61746164,
	0x40202020, 0x09323936, 0x2e676228, 0x0a0d2963,
	0x30382020, 0x38333331, 0x30203434, 0x30303030,
	0x20423030, 0x7461642e, 0x20202061, 0x33393640,
	0x67622809, 0x0d29632e, 0x3820200a, 0x33333130,
	0x20303538, 0x30303030, 0x35313030, 0x61642e20,
	0x20206174, 0x37374020, 0x62280938, 0x29632e67,
	0x20200a0d, 0x33313038, 0x38363833, 0x30303020,
	0x31313030, 0x642e2038, 0x20617461, 0x52412020,
	0x4e5f4145, 0x09454d41, 0x2e676228, 0x0a0d2963,
	0x30382020, 0x39333331, 0x30203038, 0x30303030,
	0x20304646, 0x7461642e, 0x20202061, 0x5f50414d,
	0x454c4946, 0x67622809, 0x0d29632e, 0x3820200a,
	0x34333130, 0x20303739, 0x30303030, 0x39303030,
	0x61642e20, 0x20206174, 0x09344020, 0x65746928,
	0x6e69776d, 0x0d29632e, 0x3820200a, 0x34333130,
	0x20433739, 0x30303030, 0x39303030, 0x61642e20,
	0x20206174, 0x09354020, 0x65746928, 0x6e69776d,
	0x0d29632e, 0x3820200a, 0x34333130, 0x20383839,
	0x30303030, 0x39303030, 0x61642e20, 0x20206174,
	0x09364020, 0x65746928, 0x6e69776d, 0x0d29632e,
	0x3820200a, 0x34333130, 0x20343939, 0x30303030,
	0x44303030, 0x61642e20, 0x20206174, 0x30314020,
	0x69280931, 0x776d6574, 0x632e6e69, 0x200a0d29,
	0x31303820, 0x41393433, 0x30302034, 0x30303030,
	0x2e204230, 0x61746164, 0x40202020, 0x09323031,
	0x65746928, 0x6e69776d, 0x0d29632e, 0x3820200a,
	0x34333130, 0x20304239, 0x30303030, 0x42303030,
	0x61642e20, 0x20206174, 0x30314020, 0x69280933,
	0x776d6574, 0x632e6e69, 0x200a0d29, 0x31303820,
	0x42393433, 0x30302043, 0x30303030, 0x2e204231,
	0x61746164, 0x40202020, 0x09343131, 0x65746928,
	0x6e69776d, 0x0d29632e, 0x3820200a, 0x34333130,
	0x20384439, 0x30303030, 0x32313030, 0x61642e20,
	0x20206174, 0x726f7320, 0x61745f74, 0x09656c62,
	0x65746928, 0x6e69776d, 0x0d29632e, 0x3820200a,
	0x34333130, 0x20434539, 0x30303030, 0x30313030,
	0x61642e20, 0x20206174, 0x4f436720, 0x4e414d4d,
	0x69280944, 0x776d6574, 0x632e6e69, 0x200a0d29,
	0x31303820, 0x46393433, 0x30302043, 0x30303030,
	0x2e203531, 0x61746164, 0x40202020, 0x28093335,
	0x656d6974, 0x0d29632e, 0x3820200a, 0x34333130,
	0x20343141, 0x30303030, 0x30313030, 0x61642e20,
	0x20206174, 0x34354020, 0x69742809, 0x632e656d,
	0x200a0d29, 0x31303820, 0x32413433, 0x30302034,
	0x30303030, 0x2e203831, 0x61746164, 0x67202020,
	0x656d6954, 0x72614872, 0x09583269, 0x6d697428,
	0x29632e65, 0x20200a0d, 0x33313038, 0x43334134,
	0x30303020, 0x31303030, 0x642e2038, 0x20617461,
	0x54672020, 0x72656d69, 0x69726148, 0x28095932,
	0x656d6974, 0x0d29632e, 0x3820200a, 0x34333130,
	0x20343541, 0x30303030, 0x32313030, 0x61642e20,
	0x20206174, 0x09344020, 0x78657428, 0x6f727074,
	0x29632e67, 0x20200a0d, 0x33313038, 0x38364134,
	0x30303020, 0x30303030, 0x642e2044, 0x20617461,
	0x35402020, 0x65742809, 0x72707478, 0x632e676f,
	0x200a0d29, 0x31303820, 0x37413433, 0x30302038,
	0x30303030, 0x2e203831, 0x61746164, 0x40202020,
	0x28093833, 0x74786574, 0x676f7270, 0x0d29632e,
	0x3820200a, 0x34333130, 0x20303941, 0x30303030,
	0x41313030, 0x61642e20, 0x20206174, 0x39334020,
	0x65742809, 0x72707478, 0x632e676f, 0x200a0d29,
	0x31303820, 0x41413433, 0x30302043, 0x30303030,
	0x2e203431, 0x61746164, 0x40202020, 0x09363132,
	0x78657428, 0x6f727074, 0x29632e67, 0x20200a0d,
	0x33313038, 0x30434134, 0x30303020, 0x31303030,
	0x642e2039, 0x20617461, 0x32402020, 0x28093938,
	0x74786574, 0x676f7270, 0x0d29632e, 0x3820200a,
	0x34333130, 0x20434441, 0x30303030, 0x42303030,
	0x61642e20, 0x20206174, 0x39324020, 0x74280930,
	0x70747865, 0x2e676f72, 0x0a0d2963, 0x30382020,
	0x41343331, 0x30203845, 0x30303030, 0x20383130,
	0x7461642e, 0x20202061, 0x32313540, 0x65742809,
	0x72707478, 0x632e676f, 0x200a0d29, 0x31303820,
	0x30423433, 0x30302030, 0x30303030, 0x2e203431,
	0x61746164, 0x40202020, 0x09393237, 0x78657428,
	0x6f727074, 0x29632e67, 0x20200a0d, 0x33313038,
	0x34314234, 0x30303020, 0x30303030, 0x642e2045,
	0x20617461, 0x37402020, 0x28093033, 0x74786574,
	0x676f7270, 0x0d29632e, 0x3820200a, 0x34333130,
	0x20343242, 0x30303030, 0x36313030, 0x61642e20,
	0x20206174, 0x33384020, 0x74280932, 0x70747865,
	0x2e676f72, 0x0a0d2963, 0x30382020, 0x42343331,
	0x30204333, 0x30303030, 0x20323130, 0x7461642e,
	0x20202061, 0x30353840, 0x65742809, 0x72707478,
	0x632e676f, 0x200a0d29, 0x31303820, 0x35423433,
	0x30302030, 0x30303030, 0x2e203131, 0x61746164,
	0x40202020, 0x09393638, 0x78657428, 0x6f727074,
	0x29632e67, 0x20200a0d, 0x33313038, 0x34364234,
	0x30303020, 0x31303030, 0x642e2031, 0x20617461,
	0x38402020, 0x28093638, 0x74786574, 0x676f7270,
	0x0d29632e, 0x3820200a, 0x34333130, 0x20383742,
	0x30303030, 0x35313030, 0x61642e20, 0x20206174,
	0x756f6220, 0x2809646e, 0x6e756f62, 0x6d754e64,
	0x0d29632e, 0x3820200a, 0x34333130, 0x20303942,
	0x30303030, 0x39303030, 0x61642e20, 0x20206174,
	0x09334020, 0x78655428, 0x62755374, 0x0d29632e,
	0x3820200a, 0x34333130, 0x20433942, 0x30303030,
	0x46303030, 0x61642e20, 0x20206174, 0x09354020,
	0x78655428, 0x62755374, 0x0d29632e, 0x3820200a,
	0x34333130, 0x20434142, 0x30303030, 0x31313030,
	0x61642e20, 0x20206174, 0x09364020, 0x78655428,
	0x62755374, 0x0d29632e, 0x3820200a, 0x34333130,
	0x20304342, 0x30303030, 0x46303030, 0x61642e20,
	0x20206174, 0x09374020, 0x78655428, 0x62755374,
	0x0d29632e, 0x3820200a, 0x34333130, 0x20304442,
	0x30303030, 0x44303030, 0x61642e20, 0x20206174,
	0x09384020, 0x78655428, 0x62755374, 0x0d29632e,
	0x3820200a, 0x34333130, 0x20304542, 0x30303030,
	0x43323030, 0x61642e20, 0x20206174, 0x78614d20,
	0x4d415250, 0x61746144, 0x65542809, 0x75537478,
	0x29632e62, 0x20200a0d, 0x33313038, 0x43304334,
	0x30303020, 0x31303030, 0x642e2030, 0x20617461,
	0x36402020, 0x54280935, 0x53747865, 0x632e6275,
	0x200a0d29, 0x31303820, 0x31433433, 0x30302043,
	0x30303030, 0x2e203831, 0x61746164, 0x40202020,
	0x09383433, 0x78655428, 0x62755374, 0x0d29632e,
	0x3820200a, 0x34333130, 0x20343343, 0x30303030,
	0x35313030, 0x61642e20, 0x20206174, 0x38334020,
	0x54280933, 0x53747865, 0x632e6275, 0x200a0d29,
	0x31303820, 0x34433433, 0x30302043, 0x30303030,
	0x2e203131, 0x61746164, 0x40202020, 0x09353634,
	0x78655428, 0x62755374, 0x0d29632e, 0x3820200a,
	0x34333130, 0x20303643, 0x30303030, 0x38313030,
	0x61642e20, 0x20206174, 0x434f4c20, 0x4e5f4c41,
	0x5f454d41, 0x5453494c, 0x65542809, 0x75537478,
	0x29632e62, 0x20200a0d, 0x33313038, 0x38374334,
	0x30303020, 0x30303030, 0x642e2042, 0x20617461,
	0x35402020, 0x6d280932, 0x6d696e61, 0x0d29632e,
	0x3820200a, 0x34333130, 0x20343843, 0x30303030,
	0x42303030, 0x61642e20, 0x20206174, 0x33354020,
	0x616d2809, 0x2e6d696e, 0x0a0d2963, 0x30382020,
	0x43343331, 0x30203039, 0x30303030, 0x20313130,
	0x7461642e, 0x20202061, 0x09363540, 0x6e616d28,
	0x632e6d69, 0x200a0d29, 0x31303820, 0x41433433,
	0x30302034, 0x30303030, 0x2e203031, 0x61746164,
	0x40202020, 0x28093735, 0x696e616d, 0x29632e6d,
	0x20200a0d, 0x33313038, 0x34424334, 0x30303020,
	0x31303030, 0x642e2030, 0x20617461, 0x35402020,
	0x6d280938, 0x6d696e61, 0x0d29632e, 0x3820200a,
	0x34333130, 0x20344343, 0x30303030, 0x32313030,
	0x61642e20, 0x20206174, 0x31364020, 0x616d2809,
	0x2e6d696e, 0x0a0d2963, 0x30382020, 0x43343331,
	0x30203844, 0x30303030, 0x20303130, 0x7461642e,
	0x20202061, 0x09383640, 0x6e616d28, 0x632e6d69,
	0x200a0d29, 0x31303820, 0x45433433, 0x30302038,
	0x30303030, 0x2e203031, 0x61746164, 0x40202020,
	0x28093838, 0x696e616d, 0x29632e6d, 0x20200a0d,
	0x33313038, 0x38464334, 0x30303020, 0x31303030,
	0x642e2030, 0x20617461, 0x38402020, 0x6d280939,
	0x6d696e61, 0x0d29632e, 0x3820200a, 0x34333130,
	0x20383044, 0x30303030, 0x46303030, 0x61642e20,
	0x20206174, 0x31394020, 0x616d2809, 0x2e6d696e,
	0x0a0d2963, 0x30382020, 0x44343331, 0x30203831,
	0x30303030, 0x20303130, 0x7461642e, 0x20202061,
	0x09323940, 0x6e616d28, 0x632e6d69, 0x200a0d29,
	0x31303820, 0x32443433, 0x30302038, 0x30303030,
	0x2e203131, 0x61746164, 0x40202020, 0x28093439,
	0x696e616d, 0x29632e6d, 0x20200a0d, 0x33313038,
	0x43334434, 0x30303020, 0x31303030, 0x642e2030,
	0x20617461, 0x39402020, 0x6d280935, 0x6d696e61,
	0x0d29632e, 0x3820200a, 0x34333130, 0x20433444,
	0x30303030, 0x30313030, 0x61642e20, 0x20206174,
	0x36394020, 0x616d2809, 0x2e6d696e, 0x0a0d2963,
	0x30382020, 0x44343331, 0x30204335, 0x30303030,
	0x20323130, 0x7461642e, 0x20202061, 0x33303140,
	0x616d2809, 0x2e6d696e, 0x0a0d2963, 0x30382020,
	0x44343331, 0x30203037, 0x30303030, 0x20323130,
	0x7461642e, 0x20202061, 0x34303140, 0x616d2809,
	0x2e6d696e, 0x0a0d2963, 0x30382020, 0x44343331,
	0x30203438, 0x30303030, 0x20303130, 0x7461642e,
	0x20202061, 0x35303140, 0x616d2809, 0x2e6d696e,
	0x0a0d2963, 0x30382020, 0x44343331, 0x30203439,
	0x30303030, 0x20303130, 0x7461642e, 0x20202061,
	0x37303140, 0x616d2809, 0x2e6d696e, 0x0a0d2963,
	0x30382020, 0x44343331, 0x30203441, 0x30303030,
	0x20303130, 0x7461642e, 0x20202061, 0x38303140,
	0x616d2809, 0x2e6d696e, 0x0a0d2963, 0x30382020,
	0x44343331, 0x30203442, 0x30303030, 0x20303130,
	0x7461642e, 0x20202061, 0x30313140, 0x616d2809,
	0x2e6d696e, 0x0a0d2963, 0x30382020, 0x44343331,
	0x30203443, 0x30303030, 0x20303130, 0x7461642e,
	0x20202061, 0x31313140, 0x616d2809, 0x2e6d696e,
	0x0a0d2963, 0x30382020, 0x44343331, 0x30203444,
	0x30303030, 0x20463030, 0x7461642e, 0x20202061,
	0x34313140, 0x616d2809, 0x2e6d696e, 0x0a0d2963,
	0x30382020, 0x44343331, 0x30203445, 0x30303030,
	0x20303130, 0x7461642e, 0x20202061, 0x34303240,
	0x616d2809, 0x2e6d696e, 0x0a0d2963, 0x30382020,
	0x44343331, 0x30203446, 0x30303030, 0x20303130,
	0x7461642e, 0x20202061, 0x39323240, 0x616d2809,
	0x2e6d696e, 0x0a0d2963, 0x30382020, 0x45343331,
	0x30203430, 0x30303030, 0x20303130, 0x7461642e,
	0x20202061, 0x33353240, 0x616d2809, 0x2e6d696e,
	0x0a0d2963, 0x30382020, 0x45343331, 0x30203431,
	0x30303030, 0x20303130, 0x7461642e, 0x20202061,
	0x35383240, 0x616d2809, 0x2e6d696e, 0x0a0d2963,
	0x30382020, 0x45343331, 0x30203432, 0x30303030,
	0x20393230, 0x7461642e, 0x20202061, 0x28093340,
	0x74786554, 0x2e637445, 0x0a0d2963, 0x30382020,
	0x45343331, 0x30203035, 0x30303030, 0x20423330,
	0x7461642e, 0x20202061, 0x28093440, 0x74786554,
	0x2e637445, 0x0a0d2963, 0x30382020, 0x45343331,
	0x30204338, 0x30303030, 0x20463130, 0x7461642e,
	0x20202061, 0x28093540, 0x74786554, 0x2e637445,
	0x0a0d2963, 0x30382020, 0x45343331, 0x30204341,
	0x30303030, 0x20313330, 0x7461642e, 0x20202061,
	0x28093640, 0x74786554, 0x2e637445, 0x0a0d2963,
	0x30382020, 0x45343331, 0x30203045, 0x30303030,
	0x20373230, 0x7461642e, 0x20202061, 0x28093740,
	0x74786554, 0x2e637445, 0x0a0d2963, 0x30382020,
	0x46343331, 0x30203830, 0x30303030, 0x20393330,
	0x7461642e, 0x20202061, 0x28093840, 0x74786554,
	0x2e637445, 0x0a0d2963, 0x30382020, 0x46343331,
	0x30203434, 0x30303030, 0x20353230, 0x7461642e,
	0x20202061, 0x28093940, 0x74786554, 0x2e637445,
	0x0a0d2963, 0x30382020, 0x46343331, 0x30204336,
	0x30303030, 0x20443130, 0x7461642e, 0x20202061,
	0x09303140, 0x78655428, 0x63744574, 0x0d29632e,
	0x3820200a, 0x34333130, 0x20433846, 0x30303030,
	0x31333030, 0x61642e20, 0x20206174, 0x31314020,
	0x65542809, 0x74457478, 0x29632e63, 0x20200a0d,
	0x33313038, 0x30434634, 0x30303020, 0x31303030,
	0x642e2042, 0x20617461, 0x31402020, 0x54280932,
	0x45747865, 0x632e6374, 0x200a0d29, 0x31303820,
	0x44463433, 0x30302043, 0x30303030, 0x2e203132,
	0x61746164, 0x40202020, 0x28093331, 0x74786554,
	0x2e637445, 0x0a0d2963, 0x30382020, 0x30353331,
	0x30203030, 0x30303030, 0x20313230, 0x7461642e,
	0x20202061, 0x09343140, 0x78655428, 0x63744574,
	0x0d29632e, 0x3820200a, 0x35333130, 0x20343230,
	0x30303030, 0x31323030, 0x61642e20, 0x20206174,
	0x35314020, 0x65542809, 0x74457478, 0x29632e63,
	0x20200a0d, 0x33313038, 0x38343035, 0x30303020,
	0x32303030, 0x642e2031, 0x20617461, 0x31402020,
	0x54280936, 0x45747865, 0x632e6374, 0x200a0d29,
	0x31303820, 0x36303533, 0x30302043, 0x30303030,
	0x2e203533, 0x61746164, 0x40202020, 0x28093731,
	0x74786554, 0x2e637445, 0x0a0d2963, 0x30382020,
	0x30353331, 0x30203441, 0x30303030, 0x20443230,
	0x7461642e, 0x20202061, 0x09383140, 0x78655428,
	0x63744574, 0x0d29632e, 0x3820200a, 0x35333130,
	0x20344430, 0x30303030, 0x37323030, 0x61642e20,
	0x20206174, 0x39314020, 0x65542809, 0x74457478,
	0x29632e63, 0x20200a0d, 0x33313038, 0x43463035,
	0x30303020, 0x33303030, 0x642e2039, 0x20617461,
	0x32402020, 0x54280930, 0x45747865, 0x632e6374,
	0x200a0d29, 0x31303820, 0x33313533, 0x30302038,
	0x30303030, 0x2e204231, 0x61746164, 0x40202020,
	0x28093132, 0x74786554, 0x2e637445, 0x0a0d2963,
	0x30382020, 0x31353331, 0x30203435, 0x30303030,
	0x20373230, 0x7461642e, 0x20202061, 0x09323240,
	0x78655428, 0x63744574, 0x0d29632e, 0x3820200a,
	0x35333130, 0x20433731, 0x30303030, 0x39333030,
	0x61642e20, 0x20206174, 0x33324020, 0x65542809,
	0x74457478, 0x29632e63, 0x20200a0d, 0x33313038,
	0x38423135, 0x30303020, 0x35303030, 0x642e2037,
	0x20617461, 0x32402020, 0x54280934, 0x45747865,
	0x632e6374, 0x200a0d29, 0x31303820, 0x31323533,
	0x30302030, 0x30303030, 0x2e203936, 0x61746164,
	0x40202020, 0x28093532, 0x74786554, 0x2e637445,
	0x0a0d2963, 0x30382020, 0x32353331, 0x30204337,
	0x30303030, 0x20423530, 0x7461642e, 0x20202061,
	0x09363240, 0x78655428, 0x63744574, 0x0d29632e,
	0x3820200a, 0x35333130, 0x20384432, 0x30303030,
	0x44363030, 0x61642e20, 0x20206174, 0x37324020,
	0x65542809, 0x74457478, 0x29632e63, 0x20200a0d,
	0x33313038, 0x38343335, 0x30303020, 0x32303030,
	0x642e2033, 0x20617461, 0x32402020, 0x54280938,
	0x45747865, 0x632e6374, 0x200a0d29, 0x31303820,
	0x36333533, 0x30302043, 0x30303030, 0x2e203533,
	0x61746164, 0x40202020, 0x28093932, 0x74786554,
	0x2e637445, 0x0a0d2963, 0x30382020, 0x33353331,
	0x30203441, 0x30303030, 0x20313230, 0x7461642e,
	0x20202061, 0x09303340, 0x78655428, 0x63744574,
	0x0d29632e, 0x3820200a, 0x35333130, 0x20384333,
	0x30303030, 0x46313030, 0x61642e20, 0x20206174,
	0x31334020, 0x65542809, 0x74457478, 0x29632e63,
	0x20200a0d, 0x33313038, 0x38453335, 0x30303020,
	0x32303030, 0x642e2031, 0x20617461, 0x33402020,
	0x54280932, 0x45747865, 0x632e6374, 0x200a0d29,
	0x31303820, 0x30343533, 0x30302043, 0x30303030,
	0x2e203533, 0x61746164, 0x40202020, 0x28093333,
	0x74786554, 0x2e637445, 0x0a0d2963, 0x30382020,
	0x34353331, 0x30203434, 0x30303030, 0x20333230,
	0x7461642e, 0x20202061, 0x09343340, 0x78655428,
	0x63744574, 0x0d29632e, 0x3820200a, 0x35333130,
	0x20383634, 0x30303030, 0x35333030, 0x61642e20,
	0x20206174, 0x35334020, 0x65542809, 0x74457478,
	0x29632e63, 0x20200a0d, 0x33313038, 0x30413435,
	0x30303020, 0x32303030, 0x642e2035, 0x20617461,
	0x33402020, 0x54280936, 0x45747865, 0x632e6374,
	0x200a0d29, 0x31303820, 0x43343533, 0x30302038,
	0x30303030, 0x2e203733, 0x61746164, 0x40202020,
	0x28093733, 0x74786554, 0x2e637445, 0x0a0d2963,
	0x30382020, 0x35353331, 0x30203030, 0x30303030,
	0x20393230, 0x7461642e, 0x20202061, 0x09383340,
	0x78655428, 0x63744574, 0x0d29632e, 0x3820200a,
	0x35333130, 0x20433235, 0x30303030, 0x46313030,
	0x61642e20, 0x20206174, 0x39334020, 0x65542809,
	0x74457478, 0x29632e63, 0x20200a0d, 0x33313038,
	0x43343535, 0x30303020, 0x32303030, 0x642e2031,
	0x20617461, 0x34402020, 0x54280930, 0x45747865,
	0x632e6374, 0x200a0d29, 0x31303820, 0x37353533,
	0x30302030, 0x30303030, 0x2e203333, 0x61746164,
	0x40202020, 0x28093134, 0x74786554, 0x2e637445,
	0x0a0d2963, 0x30382020, 0x35353331, 0x30203441,
	0x30303030, 0x20393130, 0x7461642e, 0x20202061,
	0x09323440, 0x78655428, 0x63744574, 0x0d29632e,
	0x3820200a, 0x35333130, 0x20304335, 0x30303030,
	0x42323030, 0x61642e20, 0x20206174, 0x33344020,
	0x65542809, 0x74457478, 0x29632e63, 0x20200a0d,
	0x33313038, 0x43453535, 0x30303020, 0x33303030,
	0x642e2044, 0x20617461, 0x34402020, 0x54280934,
	0x45747865, 0x632e6374, 0x200a0d29, 0x31303820,
	0x32363533, 0x30302043, 0x30303030, 0x2e203532,
	0x61746164, 0x40202020, 0x28093534, 0x74786554,
	0x2e637445, 0x0a0d2963, 0x30382020, 0x36353331,
	0x30203435, 0x30303030, 0x20373330, 0x7461642e,
	0x20202061, 0x09363440, 0x78655428, 0x63744574,
	0x0d29632e, 0x3820200a, 0x35333130, 0x20433836,
	0x30303030, 0x31333030, 0x61642e20, 0x20206174,
	0x37344020, 0x65542809, 0x74457478, 0x29632e63,
	0x20200a0d, 0x33313038, 0x30433635, 0x30303020,
	0x32303030, 0x642e2037, 0x20617461, 0x34402020,
	0x54280938, 0x45747865, 0x632e6374, 0x200a0d29,
	0x31303820, 0x45363533, 0x30302038, 0x30303030,
	0x2e203132, 0x61746164, 0x40202020, 0x28093934,
	0x74786554, 0x2e637445, 0x0a0d2963, 0x30382020,
	0x37353331, 0x30204330, 0x30303030, 0x20313230,
	0x7461642e, 0x20202061, 0x09303540, 0x78655428,
	0x63744574, 0x0d29632e, 0x3820200a, 0x35333130,
	0x20303337, 0x30303030, 0x33333030, 0x61642e20,
	0x20206174, 0x31354020, 0x65542809, 0x74457478,
	0x29632e63, 0x20200a0d, 0x33313038, 0x34363735,
	0x30303020, 0x33303030, 0x642e2037, 0x20617461,
	0x35402020, 0x54280932, 0x45747865, 0x632e6374,
	0x200a0d29, 0x31303820, 0x39373533, 0x30302043,
	0x30303030, 0x2e203332, 0x61746164, 0x40202020,
	0x28093335, 0x74786554, 0x2e637445, 0x0a0d2963,
	0x30382020, 0x37353331, 0x30203043, 0x30303030,
	0x20333330, 0x7461642e, 0x20202061, 0x09343540,
	0x78655428, 0x63744574, 0x0d29632e, 0x3820200a,
	0x35333130, 0x20344637, 0x30303030, 0x33333030,
	0x61642e20, 0x20206174, 0x35354020, 0x65542809,
	0x74457478, 0x29632e63, 0x20200a0d, 0x33313038,
	0x38323835, 0x30303020, 0x33303030, 0x642e2037,
	0x20617461, 0x35402020, 0x54280936, 0x45747865,
	0x632e6374, 0x200a0d29, 0x31303820, 0x36383533,
	0x30302030, 0x30303030, 0x2e203133, 0x61746164,
	0x40202020, 0x28093735, 0x74786554, 0x2e637445,
	0x0a0d2963, 0x30382020, 0x38353331, 0x30203439,
	0x30303030, 0x20373230, 0x7461642e, 0x20202061,
	0x09383540, 0x78655428, 0x63744574, 0x0d29632e,
	0x3820200a, 0x35333130, 0x20434238, 0x30303030,
	0x39323030, 0x61642e20, 0x20206174, 0x39354020,
	0x65542809, 0x74457478, 0x29632e63, 0x20200a0d,
	0x33313038, 0x38453835, 0x30303020, 0x33303030,
	0x642e2031, 0x20617461, 0x36402020, 0x54280930,
	0x45747865, 0x632e6374, 0x200a0d29, 0x31303820,
	0x31393533, 0x30302043, 0x30303030, 0x2e203133,
	0x61746164, 0x40202020, 0x28093136, 0x74786554,
	0x2e637445, 0x0a0d2963, 0x30382020, 0x39353331,
	0x30203035, 0x30303030, 0x20373230, 0x7461642e,
	0x20202061, 0x09323640, 0x78655428, 0x63744574,
	0x0d29632e, 0x3820200a, 0x35333130, 0x20383739,
	0x30303030, 0x39323030, 0x61642e20, 0x20206174,
	0x33364020, 0x65542809, 0x74457478, 0x29632e63,
	0x20200a0d, 0x33313038, 0x34413935, 0x30303020,
	0x32303030, 0x642e2044, 0x20617461, 0x36402020,
	0x54280934, 0x45747865, 0x632e6374, 0x200a0d29,
	0x31303820, 0x44393533, 0x30302034, 0x30303030,
	0x2e203532, 0x61746164, 0x40202020, 0x28093536,
	0x74786554, 0x2e637445, 0x0a0d2963, 0x30382020,
	0x39353331, 0x30204346, 0x30303030, 0x20463030,
	0x7461642e, 0x20202061, 0x09363640, 0x78655428,
	0x63744574, 0x0d29632e, 0x3820200a, 0x35333130,
	0x20433041, 0x30303030, 0x46303030, 0x61642e20,
	0x20206174, 0x37364020, 0x65542809, 0x74457478,
	0x29632e63, 0x20200a0d, 0x33313038, 0x43314135,
	0x30303020, 0x30303030, 0x642e2046, 0x20617461,
	0x36402020, 0x54280938, 0x45747865, 0x632e6374,
	0x200a0d29, 0x31303820, 0x32413533, 0x30302043,
	0x30303030, 0x2e204630, 0x61746164, 0x40202020,
	0x28093936, 0x74786554, 0x2e637445, 0x0a0d2963,
	0x30382020, 0x41353331, 0x30204333, 0x30303030,
	0x20463030, 0x7461642e, 0x20202061, 0x09303740,
	0x78655428, 0x63744574, 0x0d29632e, 0x3820200a,
	0x35333130, 0x20433441, 0x30303030, 0x42303030,
	0x61642e20, 0x20206174, 0x31374020, 0x65542809,
	0x74457478, 0x29632e63, 0x20200a0d, 0x33313038,
	0x38354135, 0x30303020, 0x31303030, 0x642e2039,
	0x20617461, 0x37402020, 0x54280932, 0x45747865,
	0x632e6374, 0x200a0d29, 0x31303820, 0x37413533,
	0x30302034, 0x30303030, 0x2e203931, 0x61746164,
	0x40202020, 0x28093337, 0x74786554, 0x2e637445,
	0x0a0d2963, 0x30382020, 0x41353331, 0x30203039,
	0x30303030, 0x20393130, 0x7461642e, 0x20202061,
	0x09343740, 0x78655428, 0x63744574, 0x0d29632e,
	0x3820200a, 0x35333130, 0x20434141, 0x30303030,
	0x39313030, 0x61642e20, 0x20206174, 0x35374020,
	0x65542809, 0x74457478, 0x29632e63, 0x20200a0d,
	0x33313038, 0x38434135, 0x30303020, 0x32303030,
	0x642e2037, 0x20617461, 0x37402020, 0x54280936,
	0x45747865, 0x632e6374, 0x200a0d29, 0x31303820,
	0x46413533, 0x30302030, 0x30303030, 0x2e203131,
	0x61746164, 0x40202020, 0x28093737, 0x74786554,
	0x2e637445, 0x0a0d2963, 0x30382020, 0x42353331,
	0x30203430, 0x30303030, 0x20423130, 0x7461642e,
	0x20202061, 0x09383740, 0x78655428, 0x63744574,
	0x0d29632e, 0x3820200a, 0x35333130, 0x20303242,
	0x30303030, 0x46313030, 0x61642e20, 0x20206174,
	0x39374020, 0x65542809, 0x74457478, 0x29632e63,
	0x20200a0d, 0x33313038, 0x30344235, 0x30303020,
	0x31303030, 0x642e2031, 0x20617461, 0x38402020,
	0x54280930, 0x45747865, 0x632e6374, 0x200a0d29,
	0x31303820, 0x35423533, 0x30302034, 0x30303030,
	0x2e203531, 0x61746164, 0x40202020, 0x28093138,
	0x74786554, 0x2e637445, 0x0a0d2963, 0x30382020,
	0x42353331, 0x30204336, 0x30303030, 0x20373130,
	0x7461642e, 0x20202061, 0x09323840, 0x78655428,
	0x63744574, 0x0d29632e, 0x3820200a, 0x35333130,
	0x20343842, 0x30303030, 0x33313030, 0x61642e20,
	0x20206174, 0x33384020, 0x65542809, 0x74457478,
	0x29632e63, 0x20200a0d, 0x33313038, 0x38394235,
	0x30303020, 0x31303030, 0x642e2031, 0x20617461,
	0x38402020, 0x54280934, 0x45747865, 0x632e6374,
	0x200a0d29, 0x31303820, 0x41423533, 0x30302043,
	0x30303030, 0x2e203131, 0x61746164, 0x40202020,
	0x28093538, 0x74786554, 0x2e637445, 0x0a0d2963,
	0x30382020, 0x42353331, 0x30203043, 0x30303030,
	0x20353130, 0x7461642e, 0x20202061, 0x09363840,
	0x78655428, 0x63744574, 0x0d29632e, 0x3820200a,
	0x35333130, 0x20384442, 0x30303030, 0x33313030,
	0x61642e20, 0x20206174, 0x37384020, 0x65542809,
	0x74457478, 0x29632e63, 0x20200a0d, 0x33313038,
	0x43454235, 0x30303020, 0x31303030, 0x642e2035,
	0x20617461, 0x38402020, 0x54280938, 0x45747865,
	0x632e6374, 0x200a0d29, 0x31303820, 0x30433533,
	0x30302034, 0x30303030, 0x2e203432, 0x61746164,
	0x67202020, 0x6b754673, 0x73616469, 0x54280969,
	0x45747865, 0x632e6374, 0x200a0d29, 0x31303820,
	0x32433533, 0x30302038, 0x30303030, 0x2e204531,
	0x61746164, 0x40202020, 0x09363434, 0x78655428,
	0x63744574, 0x0d29632e, 0x3820200a, 0x35333130,
	0x20383443, 0x30303030, 0x45313030, 0x61642e20,
	0x20206174, 0x39344020, 0x54280935, 0x45747865,
	0x632e6374, 0x200a0d29, 0x31303820, 0x36433533,
	0x30302038, 0x30303030, 0x2e203833, 0x61746164,
	0x40202020, 0x09363736, 0x78655428, 0x63744574,
	0x0d29632e, 0x3820200a, 0x35333130, 0x20304143,
	0x30303030, 0x42303030, 0x61642e20, 0x20206174,
	0x30384020, 0x54280931, 0x45747865, 0x632e6374,
	0x200a0d29, 0x31303820, 0x41433533, 0x30302043,
	0x30303030, 0x2e203031, 0x61746164, 0x53202020,
	0x4d706f68, 0x694c7061, 0x28097473, 0x74786554,
	0x2e637445, 0x0a0d2963, 0x30382020, 0x43353331,
	0x30204342, 0x30303030, 0x20453430, 0x7461642e,
	0x20202061, 0x6b72614d, 0x694c7465, 0x74497473,
	0x28096d65, 0x74786554, 0x2e637445, 0x0a0d2963,
	0x30382020, 0x44353331, 0x30204330, 0x30303030,
	0x20434630, 0x7461642e, 0x20202061, 0x4953554d,
	0x414e5f43, 0x4c5f454d, 0x09545349, 0x78655428,
	0x63744574, 0x0d29632e, 0x3820200a, 0x35333130,
	0x20383045, 0x30303030, 0x34313030, 0x61642e20,
	0x20206174, 0x52414320, 0x52505f44, 0x09454349,
	0x78655428, 0x63744574, 0x0d29632e, 0x3820200a,
	0x35333130, 0x20433145, 0x30303030, 0x38303130,
	0x61642e20, 0x20206174, 0x52414320, 0x494c5f44,
	0x28095453, 0x74786554, 0x2e637445, 0x0a0d2963,
	0x30382020, 0x46353331, 0x30203432, 0x30303030,
	0x20433530, 0x7461642e, 0x20202061, 0x48474946,
	0x4e455f54, 0x5f595254, 0x454d414e, 0x65542809,
	0x74457478, 0x29632e63, 0x20200a0d, 0x33313038,
	0x30384635, 0x30303020, 0x35303030, 0x642e2043,
	0x20617461, 0x49462020, 0x5f544847, 0x52544e45,
	0x414d5f59, 0x28094b52, 0x74786554, 0x2e637445,
	0x0a0d2963, 0x30382020, 0x46353331, 0x30204344,
	0x30303030, 0x20344230, 0x7461642e, 0x20202061,
	0x4a454353, 0x52485559, 0x54280955, 0x45747865,
	0x632e6374, 0x200a0d29, 0x31303820, 0x39303633,
	0x30302030, 0x30303030, 0x2e203033, 0x61746164,
	0x57202020, 0x5f505241, 0x5453494c, 0x65542809,
	0x74457478, 0x29632e63, 0x20200a0d, 0x33313038,
	0x30433036, 0x30303020, 0x34303030, 0x642e2030,
	0x20617461, 0x42482020, 0x6e4f7261, 0x65542809,
	0x74457478, 0x29632e63, 0x20200a0d, 0x33313038,
	0x30303136, 0x30303020, 0x34303030, 0x642e2030,
	0x20617461, 0x69572020, 0x65704f6e, 0x5428096e,
	0x45747865, 0x632e6374, 0x200a0d29, 0x31303820,
	0x34313633, 0x30302030, 0x30303030, 0x2e203031,
	0x61746164, 0x43202020, 0x69537275, 0x2809657a,
	0x74786554, 0x2e637445, 0x0a0d2963, 0x30382020,
	0x31363331, 0x30203035, 0x30303030, 0x20344536,
	0x7461642e, 0x20202061, 0x65725067, 0x096f7645,
	0x6f766528, 0x6974756c, 0x632e6e6f, 0x200a0d29,
	0x31303820, 0x33383633, 0x30302034, 0x33303030,
	0x2e204339, 0x61746164, 0x67202020, 0x69736142,
	0x6f764563, 0x76652809, 0x74756c6f, 0x2e6e6f69,
	0x0a0d2963, 0x30382020, 0x42363331, 0x30203044,
	0x30303030, 0x20414132, 0x7461642e, 0x20202061,
	0x6f764567, 0x28094142, 0x6c6f7665, 0x6f697475,
	0x29632e6e, 0x20200a0d, 0x33313038, 0x43374536,
	0x30303020, 0x31303030, 0x642e2031, 0x20617461,
	0x34402020, 0x6c280935, 0x6964616f, 0x632e676e,
	0x200a0d29, 0x31303820, 0x39453633, 0x30302030,
	0x30303030, 0x2e204630, 0x61746164, 0x40202020,
	0x28093634, 0x64616f6c, 0x2e676e69, 0x0a0d2963,
	0x30382020, 0x45363331, 0x30203041, 0x30303030,
	0x20393130, 0x7461642e, 0x20202061, 0x09383440,
	0x616f6c28, 0x676e6964, 0x0d29632e, 0x3820200a,
	0x36333130, 0x20434245, 0x30303030, 0x36313030,
	0x61642e20, 0x20206174, 0x30344020, 0x69462809,
	0x6e696873, 0x29632e67, 0x20200a0d, 0x33313038,
	0x34444536, 0x30303020, 0x31303030, 0x642e2034,
	0x20617461, 0x36402020, 0x46280938, 0x69687369,
	0x632e676e, 0x200a0d29, 0x31303820, 0x45453633,
	0x30302038, 0x30303030, 0x2e203531, 0x61746164,
	0x40202020, 0x28093936, 0x68736946, 0x2e676e69,
	0x0a0d2963, 0x30382020, 0x46363331, 0x30203030,
	0x30303030, 0x20423130, 0x7461642e, 0x20202061,
	0x09303740, 0x73694628, 0x676e6968, 0x0d29632e,
	0x3820200a, 0x36333130, 0x20433146, 0x30303030,
	0x36313030, 0x61642e20, 0x20206174, 0x31374020,
	0x69462809, 0x6e696873, 0x29632e67, 0x20200a0d,
	0x33313038, 0x34334636, 0x30303020, 0x33303030,
	0x642e2036, 0x20617461, 0x6f632020, 0x09726f6c,
	0x735f7428, 0x632e6275, 0x200a0d29, 0x31303820,
	0x36463633, 0x30302043, 0x30303030, 0x2e204531,
	0x61746164, 0x64202020, 0x66707369, 0x616d726f,
	0x74280974, 0x6275735f, 0x0d29632e, 0x3820200a,
	0x36333130, 0x20433846, 0x30303030, 0x30343030,
	0x61642e20, 0x20206174, 0x6c766f20, 0x6464615f,
	0x74280972, 0x6275735f, 0x0d29632e, 0x3820200a,
	0x36333130, 0x20434346, 0x30303030, 0x42303030,
	0x61642e20, 0x20206174, 0x31314020, 0x74280933,
	0x6275735f, 0x0d29632e, 0x3820200a, 0x36333130,
	0x20384446, 0x30303030, 0x43303030, 0x61642e20,
	0x20206174, 0x31314020, 0x74280934, 0x6275735f,
	0x0d29632e, 0x3820200a, 0x36333130, 0x20344546,
	0x30303030, 0x43303030, 0x61642e20, 0x20206174,
	0x31314020, 0x74280935, 0x6275735f, 0x0d29632e,
	0x3820200a, 0x36333130, 0x20304646, 0x30303030,
	0x43303030, 0x61642e20, 0x20206174, 0x31314020,
	0x74280936, 0x6275735f, 0x0d29632e, 0x3820200a,
	0x36333130, 0x20434646, 0x30303030, 0x43303030,
	0x61642e20, 0x20206174, 0x31314020, 0x74280937,
	0x6275735f, 0x0d29632e, 0x3820200a, 0x37333130,
	0x20383030, 0x30303030, 0x41303030, 0x61642e20,
	0x20206174, 0x31314020, 0x74280939, 0x6275735f,
	0x0d29632e, 0x3820200a, 0x37333130, 0x20343130,
	0x30303030, 0x41303030, 0x61642e20, 0x20206174,
	0x32314020, 0x74280930, 0x6275735f, 0x0d29632e,
	0x3820200a, 0x37333130, 0x20303230, 0x30303030,
	0x39303030, 0x61642e20, 0x20206174, 0x32314020,
	0x74280931, 0x6275735f, 0x0d29632e, 0x3820200a,
	0x37333130, 0x20433230, 0x30303030, 0x39303030,
	0x61642e20, 0x20206174, 0x32314020, 0x74280933,
	0x6275735f, 0x0d29632e, 0x3820200a, 0x37333130,
	0x20383330, 0x30303030, 0x39303030, 0x61642e20,
	0x20206174, 0x32314020, 0x74280934, 0x6275735f,
	0x0d29632e, 0x3820200a, 0x37333130, 0x20343430,
	0x30303030, 0x39303030, 0x61642e20, 0x20206174,
	0x32314020, 0x74280935, 0x6275735f, 0x0d29632e,
	0x3820200a, 0x37333130, 0x20303530, 0x30303030,
	0x42303030, 0x61642e20, 0x20206174, 0x32314020,
	0x74280936, 0x6275735f, 0x0d29632e, 0x3820200a,
	0x37333130, 0x20433530, 0x30303030, 0x42303030,
	0x61642e20, 0x20206174, 0x32314020, 0x74280937,
	0x6275735f, 0x0d29632e, 0x3820200a, 0x37333130,
	0x20383630, 0x30303030, 0x30343030, 0x61642e20,
	0x20206174, 0x6c766f20, 0x6c69665f, 0x6d614e65,
	0x74280965, 0x6275735f, 0x0d29632e, 0x3820200a,
	0x37333130, 0x20384130, 0x30303030, 0x42303030,
	0x61642e20, 0x20206174, 0x36314020, 0x74280933,
	0x6275735f, 0x0d29632e, 0x3820200a, 0x37333130,
	0x20344230, 0x30303030, 0x43303030, 0x61642e20,
	0x20206174, 0x64654d20, 0x4c656c61, 0x09747369,
	0x45474428, 0x7972746e, 0x0d29632e, 0x3820200a,
	0x37333130, 0x20304330, 0x30303030, 0x41303030,
	0x61642e20, 0x20206174, 0x6c616220, 0x6163735f,
	0x2809656c, 0x74726170, 0x0d29632e, 0x3820200a,
	0x37333130, 0x20434330, 0x30303030, 0x44323030,
	0x61642e20, 0x20206174, 0x48436720, 0x4f535f52,
	0x09444e55, 0x72617028, 0x29632e74, 0x20200a0d,
	0x33313038, 0x43463037, 0x30303020, 0x30303030,
	0x642e2046, 0x20617461, 0x38402020, 0x70280936,
	0x2e747261, 0x0a0d2963, 0x30382020, 0x31373331,
	0x30204330, 0x30303030, 0x20463030, 0x7461642e,
	0x20202061, 0x09373840, 0x72617028, 0x29632e74,
	0x20200a0d, 0x33313038, 0x43313137, 0x30303020,
	0x31303030, 0x642e2034, 0x20617461, 0x38402020,
	0x70280938, 0x2e747261, 0x0a0d2963, 0x30382020,
	0x31373331, 0x30203033, 0x30303030, 0x20303130,
	0x7461642e, 0x20202061, 0x09393840, 0x72617028,
	0x29632e74, 0x20200a0d, 0x33313038, 0x30343137,
	0x30303020, 0x31303030, 0x642e2033, 0x20617461,
	0x39402020, 0x70280930, 0x2e747261, 0x0a0d2963,
	0x30382020, 0x31373331, 0x30203435, 0x30303030,
	0x20393030, 0x7461642e, 0x20202061, 0x6c626174,
	0x70280965, 0x2e747261, 0x0a0d2963, 0x30382020,
	0x31373331, 0x30203036, 0x30303030, 0x20323130,
	0x7461642e, 0x20202061, 0x47554d67, 0x4d5f4e45,
	0x28095041, 0x74726170, 0x0d29632e, 0x3820200a,
	0x37333130, 0x20343731, 0x30303030, 0x30353030,
	0x61642e20, 0x20206174, 0x4e496720, 0x485f4f46,
	0x756f7342, 0x2809646e, 0x304c564f, 0x6f735f5f,
	0x2e646e75, 0x0a0d2963, 0x30382020, 0x31373331,
	0x30203443, 0x30303030, 0x20393030, 0x7461642e,
	0x20202061, 0x28093640, 0x304c564f, 0x6f735f5f,
	0x2e646e75, 0x0a0d2963, 0x30382020, 0x31373331,
	0x30203044, 0x30303030, 0x20423030, 0x7461642e,
	0x20202061, 0x09343140, 0x4c564f28, 0x735f5f30,
	0x646e756f, 0x0d29632e, 0x3820200a, 0x37333130,
	0x20434431, 0x30303030, 0x34383030, 0x61642e20,
	0x20206174, 0x65646d20, 0x71695f63, 0x494c2809,
	0x45525042, 0x412e5353, 0x62696c2e, 0x200a0d29,
	0x31303820, 0x36323733, 0x30302030, 0x30303030,
	0x2e203438, 0x61746164, 0x6d202020, 0x5f636564,
	0x66656f63, 0x494c2809, 0x45525042, 0x412e5353,
	0x62696c2e, 0x200a0d29, 0x31303820, 0x45323733,
	0x30302034, 0x30303030, 0x2e203430, 0x61746164,
	0x64202020, 0x616d5f30, 0x28097264, 0x5042494c,
	0x53534552, 0x6c2e412e, 0x0d296269, 0x3820200a,
	0x37333130, 0x20384532, 0x30303030, 0x34303030,
	0x61642e20, 0x20206174, 0x5f306420, 0x09726362,
	0x42494c28, 0x53455250, 0x2e412e53, 0x2962696c,
	0x20200a0d, 0x33313038, 0x43453237, 0x30303020,
	0x30303030, 0x642e2034, 0x20617461, 0x30642020,
	0x6368635f, 0x4c280972, 0x52504249, 0x2e535345,
	0x696c2e41, 0x0a0d2962, 0x30382020, 0x32373331,
	0x30203046, 0x30303030, 0x20343030, 0x7461642e,
	0x20202061, 0x6d5f3164, 0x09726461, 0x42494c28,
	0x53455250, 0x2e412e53, 0x2962696c, 0x20200a0d,
	0x33313038, 0x34463237, 0x30303020, 0x30303030,
	0x642e2034, 0x20617461, 0x31642020, 0x7263625f,
	0x494c2809, 0x45525042, 0x412e5353, 0x62696c2e,
	0x200a0d29, 0x31303820, 0x46323733, 0x30302038,
	0x30303030, 0x2e203430, 0x61746164, 0x64202020,
	0x68635f31, 0x28097263, 0x5042494c, 0x53534552,
	0x6c2e412e, 0x0d296269, 0x3820200a, 0x37333130,
	0x20434632, 0x30303030, 0x34303030, 0x61642e20,
	0x20206174, 0x65646d20, 0x28093063, 0x5042494c,
	0x53534552, 0x6c2e412e, 0x0d296269, 0x3820200a,
	0x37333130, 0x20303033, 0x30303030, 0x34303030,
	0x61642e20, 0x20206174, 0x65646d20, 0x28093163,
	0x5042494c, 0x53534552, 0x6c2e412e, 0x0d296269,
	0x3820200a, 0x37333130, 0x20343033, 0x30303030,
	0x38303030, 0x61642e20, 0x20206174, 0x705f6420,
	0x28097263, 0x5042494c, 0x53534552, 0x6c2e412e,
	0x0d296269, 0x3820200a, 0x37333130, 0x20433033,
	0x30303030, 0x34303030, 0x61642e20, 0x20206174,
	0x65726220, 0x635f6b61, 0x2809746e, 0x5042494c,
	0x53534552, 0x6c2e412e, 0x0d296269, 0x3820200a,
	0x37333130, 0x20303133, 0x30303030, 0x34323030,
	0x61642e20, 0x20206174, 0x76617320, 0x65725f65,
	0x28097367, 0x5042494c, 0x53534552, 0x6c2e412e,
	0x0d296269, 0x3820200a, 0x37333130, 0x20343333,
	0x30303030, 0x38303030, 0x61642e20, 0x20206174,
	0x646e6520, 0x7274705f, 0x494c2809, 0x45525042,
	0x412e5353, 0x62696c2e, 0x200a0d29, 0x31303820,
	0x33333733, 0x30302043, 0x45303030, 0x2e203031,
	0x61746164, 0x64202020, 0x2e617461, 0x4c280932,
	0x52504249, 0x2e535345, 0x696c2e41, 0x0a0d2962,
	0x30382020, 0x31383331, 0x30204334, 0x30303030,
	0x20343230, 0x7461642e, 0x20202061, 0x50534767,
	0x6d46415f, 0x5f6c6165, 0x74747562, 0x6c667472,
	0x28093279, 0x665f4641, 0x65776f6c, 0x632e3272,
	0x200a0d29, 0x31303820, 0x37313833, 0x30302030,
	0x30303030, 0x2e203331, 0x61746164, 0x40202020,
	0x6d280933, 0x2e756e65, 0x0a0d2963, 0x30382020,
	0x31383331, 0x30203438, 0x30303030, 0x20443130,
	0x7461642e, 0x20202061, 0x28093440, 0x756e656d,
	0x0d29632e, 0x3820200a, 0x38333130, 0x20344131,
	0x30303030, 0x37313030, 0x61642e20, 0x20206174,
	0x09354020, 0x6e656d28, 0x29632e75, 0x20200a0d,
	0x33313038, 0x43423138, 0x30303020, 0x31303030,
	0x642e2037, 0x20617461, 0x36402020, 0x656d2809,
	0x632e756e, 0x200a0d29, 0x31303820, 0x44313833,
	0x30302034, 0x30303030, 0x2e203931, 0x61746164,
	0x40202020, 0x6d280937, 0x2e756e65, 0x0a0d2963,
	0x30382020, 0x31383331, 0x30203046, 0x30303030,
	0x20463130, 0x7461642e, 0x20202061, 0x28093840,
	0x756e656d, 0x0d29632e, 0x3820200a, 0x38333130,
	0x20303132, 0x30303030, 0x39313030, 0x61642e20,
	0x20206174, 0x09394020, 0x6e656d28, 0x29632e75,
	0x20200a0d, 0x33313038, 0x43323238, 0x30303020,
	0x31303030, 0x642e2044, 0x20617461, 0x31402020,
	0x6d280930, 0x2e756e65, 0x0a0d2963, 0x30382020,
	0x32383331, 0x30204334, 0x30303030, 0x20333130,
	0x7461642e, 0x20202061, 0x09313140, 0x6e656d28,
	0x29632e75, 0x20200a0d, 0x33313038, 0x30363238,
	0x30303020, 0x31303030, 0x642e2039, 0x20617461,
	0x31402020, 0x6d280932, 0x2e756e65, 0x0a0d2963,
	0x30382020, 0x32383331, 0x30204337, 0x30303030,
	0x20333130, 0x7461642e, 0x20202061, 0x09333140,
	0x6e656d28, 0x29632e75, 0x20200a0d, 0x33313038,
	0x30393238, 0x30303020, 0x32303030, 0x642e2039,
	0x20617461, 0x31402020, 0x6d280934, 0x2e756e65,
	0x0a0d2963, 0x30382020, 0x32383331, 0x30204342,
	0x30303030, 0x20313230, 0x7461642e, 0x20202061,
	0x09353140, 0x6e656d28, 0x29632e75, 0x20200a0d,
	0x33313038, 0x30453238, 0x30303020, 0x32303030,
	0x642e2033, 0x20617461, 0x31402020, 0x6d280936,
	0x2e756e65, 0x0a0d2963, 0x30382020, 0x33383331,
	0x30203430, 0x30303030, 0x20333230, 0x7461642e,
	0x20202061, 0x09373140, 0x6e656d28, 0x29632e75,
	0x20200a0d, 0x33313038, 0x38323338, 0x30303020,
	0x32303030, 0x642e2035, 0x20617461, 0x31402020,
	0x6d280938, 0x2e756e65, 0x0a0d2963, 0x30382020,
	0x33383331, 0x30203035, 0x30303030, 0x20443230,
	0x7461642e, 0x20202061, 0x09393140, 0x6e656d28,
	0x29632e75, 0x20200a0d, 0x33313038, 0x30383338,
	0x30303020, 0x31303030, 0x642e2044, 0x20617461,
	0x32402020, 0x6d280931, 0x2e756e65, 0x0a0d2963,
	0x30382020, 0x33383331, 0x30203041, 0x30303030,
	0x20353130, 0x7461642e, 0x20202061, 0x09323240,
	0x6e656d28, 0x29632e75, 0x20200a0d, 0x33313038,
	0x38423338, 0x30303020, 0x32303030, 0x642e2044,
	0x20617461, 0x32402020, 0x6d280933, 0x2e756e65,
	0x0a0d2963, 0x30382020, 0x33383331, 0x30203845,
	0x30303030, 0x20443130, 0x7461642e, 0x20202061,
	0x09343240, 0x6e656d28, 0x29632e75, 0x20200a0d,
	0x33313038, 0x38303438, 0x30303020, 0x33303030,
	0x642e2033, 0x20617461, 0x32402020, 0x6d280935,
	0x2e756e65, 0x0a0d2963, 0x30382020, 0x34383331,
	0x30204333, 0x30303030, 0x20333230, 0x7461642e,
	0x20202061, 0x09363240, 0x6e656d28, 0x29632e75,
	0x20200a0d, 0x33313038, 0x30363438, 0x30303020,
	0x33303030, 0x642e2033, 0x20617461, 0x32402020,
	0x6d280937, 0x2e756e65, 0x0a0d2963, 0x30382020,
	0x34383331, 0x30203439, 0x30303030, 0x20423230,
	0x7461642e, 0x20202061, 0x09383240, 0x6e656d28,
	0x29632e75, 0x20200a0d, 0x33313038, 0x30433438,
	0x30303020, 0x33303030, 0x642e2033, 0x20617461,
	0x32402020, 0x6d280939, 0x2e756e65, 0x0a0d2963,
	0x30382020, 0x34383331, 0x30203446, 0x30303030,
	0x20393130, 0x7461642e, 0x20202061, 0x09303340,
	0x6e656d28, 0x29632e75, 0x20200a0d, 0x33313038,
	0x30313538, 0x30303020, 0x32303030, 0x642e2033,
	0x20617461, 0x33402020, 0x6d280931, 0x2e756e65,
	0x0a0d2963, 0x30382020, 0x35383331, 0x30203433,
	0x30303030, 0x20443130, 0x7461642e, 0x20202061,
	0x09323340, 0x6e656d28, 0x29632e75, 0x20200a0d,
	0x33313038, 0x34353538, 0x30303020, 0x32303030,
	0x642e2037, 0x20617461, 0x33402020, 0x6d280933,
	0x2e756e65, 0x0a0d2963, 0x30382020, 0x35383331,
	0x30204337, 0x30303030, 0x20333330, 0x7461642e,
	0x20202061, 0x09343340, 0x6e656d28, 0x29632e75,
	0x20200a0d, 0x33313038, 0x30423538, 0x30303020,
	0x32303030, 0x642e2042, 0x20617461, 0x33402020,
	0x6d280935, 0x2e756e65, 0x0a0d2963, 0x30382020,
	0x35383331, 0x30204344, 0x30303030, 0x20333330,
	0x7461642e, 0x20202061, 0x09363340, 0x6e656d28,
	0x29632e75, 0x20200a0d, 0x33313038, 0x30313638,
	0x30303020, 0x31303030, 0x642e2044, 0x20617461,
	0x33402020, 0x6d280937, 0x2e756e65, 0x0a0d2963,
	0x30382020, 0x36383331, 0x30203033, 0x30303030,
	0x20393230, 0x7461642e, 0x20202061, 0x09383340,
	0x6e656d28, 0x29632e75, 0x20200a0d, 0x33313038,
	0x43353638, 0x30303020, 0x31303030, 0x642e2042,
	0x20617461, 0x33402020, 0x6d280939, 0x2e756e65,
	0x0a0d2963, 0x30382020, 0x36383331, 0x30203837,
	0x30303030, 0x20313230, 0x7461642e, 0x20202061,
	0x09303440, 0x6e656d28, 0x29632e75, 0x20200a0d,
	0x33313038, 0x43393638, 0x30303020, 0x32303030,
	0x642e2042, 0x20617461, 0x34402020, 0x6d280931,
	0x2e756e65, 0x0a0d2963, 0x30382020, 0x36383331,
	0x30203843, 0x30303030, 0x20313230, 0x7461642e,
	0x20202061, 0x09323440, 0x6e656d28, 0x29632e75,
	0x20200a0d, 0x33313038, 0x43453638, 0x30303020,
	0x32303030, 0x642e2046, 0x20617461, 0x31402020,
	0x28093339, 0x756e656d, 0x0d29632e, 0x3820200a,
	0x38333130, 0x20433137, 0x30303030, 0x42313030,
	0x61642e20, 0x20206174, 0x39314020, 0x6d280934,
	0x2e756e65, 0x0a0d2963, 0x30382020, 0x37383331,
	0x30203833, 0x30303030, 0x20353330, 0x7461642e,
	0x20202061, 0x35393140, 0x656d2809, 0x632e756e,
	0x200a0d29, 0x31303820, 0x37373833, 0x30302030,
	0x30303030, 0x2e204232, 0x61746164, 0x40202020,
	0x09363931, 0x6e656d28, 0x29632e75, 0x20200a0d,
	0x33313038, 0x43393738, 0x30303020, 0x32303030,
	0x642e2039, 0x20617461, 0x31402020, 0x28093739,
	0x756e656d, 0x0d29632e, 0x3820200a, 0x38333130,
	0x20384337, 0x30303030, 0x33323030, 0x61642e20,
	0x20206174, 0x39314020, 0x6d280938, 0x2e756e65,
	0x0a0d2963, 0x30382020, 0x37383331, 0x30204345,
	0x30303030, 0x20313330, 0x7461642e, 0x20202061,
	0x39393140, 0x656d2809, 0x632e756e, 0x200a0d29,
	0x31303820, 0x32383833, 0x30302030, 0x30303030,
	0x2e203732, 0x61746164, 0x40202020, 0x09303032,
	0x6e656d28, 0x29632e75, 0x20200a0d, 0x33313038,
	0x38343838, 0x30303020, 0x32303030, 0x642e2044,
	0x20617461, 0x32402020, 0x28093130, 0x756e656d,
	0x0d29632e, 0x3820200a, 0x38333130, 0x20383738,
	0x30303030, 0x42303030, 0x61642e20, 0x20206174,
	0x30324020, 0x6d280932, 0x2e756e65, 0x0a0d2963,
	0x30382020, 0x38383331, 0x30203438, 0x30303030,
	0x20313130, 0x7461642e, 0x20202061, 0x33303240,
	0x656d2809, 0x632e756e, 0x200a0d29, 0x31303820,
	0x39383833, 0x30302038, 0x30303030, 0x2e204631,
	0x61746164, 0x40202020, 0x09343032, 0x6e656d28,
	0x29632e75, 0x20200a0d, 0x33313038, 0x38423838,
	0x30303020, 0x32303030, 0x642e2042, 0x20617461,
	0x32402020, 0x28093530, 0x756e656d, 0x0d29632e,
	0x3820200a, 0x38333130, 0x20344538, 0x30303030,
	0x42323030, 0x61642e20, 0x20206174, 0x30324020,
	0x6d280936, 0x2e756e65, 0x0a0d2963, 0x30382020,
	0x39383331, 0x30203031, 0x30303030, 0x20373230,
	0x7461642e, 0x20202061, 0x37303240, 0x656d2809,
	0x632e756e, 0x200a0d29, 0x31303820, 0x33393833,
	0x30302038, 0x30303030, 0x2e203731, 0x61746164,
	0x40202020, 0x09383032, 0x6e656d28, 0x29632e75,
	0x20200a0d, 0x33313038, 0x30353938, 0x30303020,
	0x30303030, 0x642e2042, 0x20617461, 0x32402020,
	0x28093930, 0x756e656d, 0x0d29632e, 0x3820200a,
	0x38333130, 0x20433539, 0x30303030, 0x35313030,
	0x61642e20, 0x20206174, 0x31324020, 0x6d280930,
	0x2e756e65, 0x0a0d2963, 0x30382020, 0x39383331,
	0x30203437, 0x30303030, 0x20393130, 0x7461642e,
	0x20202061, 0x31313240, 0x656d2809, 0x632e756e,
	0x200a0d29, 0x31303820, 0x39393833, 0x30302030,
	0x30303030, 0x2e203731, 0x61746164, 0x40202020,
	0x09323132, 0x6e656d28, 0x29632e75, 0x20200a0d,
	0x33313038, 0x38413938, 0x30303020, 0x31303030,
	0x642e2046, 0x20617461, 0x32402020, 0x28093331,
	0x756e656d, 0x0d29632e, 0x3820200a, 0x38333130,
	0x20384339, 0x30303030, 0x37333030, 0x61642e20,
	0x20206174, 0x31324020, 0x6d280934, 0x2e756e65,
	0x0a0d2963, 0x30382020, 0x41383331, 0x30203030,
	0x30303030, 0x20353330, 0x7461642e, 0x20202061,
	0x35313240, 0x656d2809, 0x632e756e, 0x200a0d29,
	0x31303820, 0x33413833, 0x30302038, 0x30303030,
	0x2e203733, 0x61746164, 0x40202020, 0x09363132,
	0x6e656d28, 0x29632e75, 0x20200a0d, 0x33313038,
	0x30374138, 0x30303020, 0x33303030, 0x642e2037,
	0x20617461, 0x32402020, 0x28093731, 0x756e656d,
	0x0d29632e, 0x3820200a, 0x38333130, 0x20384141,
	0x30303030, 0x39303030, 0x61642e20, 0x20206174,
	0x31324020, 0x6d280938, 0x2e756e65, 0x0a0d2963,
	0x30382020, 0x41383331, 0x30203442, 0x30303030,
	0x20393330, 0x7461642e, 0x20202061, 0x37323240,
	0x656d2809, 0x632e756e, 0x200a0d29, 0x31303820,
	0x46413833, 0x30302030, 0x30303030, 0x2e203731,
	0x61746164, 0x40202020, 0x09383232, 0x6e656d28,
	0x29632e75, 0x20200a0d, 0x33313038, 0x38304238,
	0x30303020, 0x31303030, 0x642e2046, 0x20617461,
	0x32402020, 0x28093033, 0x756e656d, 0x0d29632e,
	0x3820200a, 0x38333130, 0x20383242, 0x30303030,
	0x37323030, 0x61642e20, 0x20206174, 0x33324020,
	0x6d280931, 0x2e756e65, 0x0a0d2963, 0x30382020,
	0x42383331, 0x30203035, 0x30303030, 0x20463230,
	0x7461642e, 0x20202061, 0x32333240, 0x656d2809,
	0x632e756e, 0x200a0d29, 0x31303820, 0x38423833,
	0x30302030, 0x30303030, 0x2e203532, 0x61746164,
	0x40202020, 0x09333332, 0x6e656d28, 0x29632e75,
	0x20200a0d, 0x33313038, 0x38414238, 0x30303020,
	0x33303030, 0x642e2032, 0x20617461, 0x32402020,
	0x28093433, 0x756e656d, 0x0d29632e, 0x3820200a,
	0x38333130, 0x20434442, 0x30303030, 0x46303030,
	0x61642e20, 0x20206174, 0x33324020, 0x6d280935,
	0x2e756e65, 0x0a0d2963, 0x30382020, 0x42383331,
	0x30204345, 0x30303030, 0x20423230, 0x7461642e,
	0x20202061, 0x36333240, 0x656d2809, 0x632e756e,
	0x200a0d29, 0x31303820, 0x31433833, 0x30302038,
	0x30303030, 0x2e203932, 0x61746164, 0x40202020,
	0x09373332, 0x6e656d28, 0x29632e75, 0x20200a0d,
	0x33313038, 0x34344338, 0x30303020, 0x32303030,
	0x642e2039, 0x20617461, 0x32402020, 0x28093833,
	0x756e656d, 0x0d29632e, 0x3820200a, 0x38333130,
	0x20303743, 0x30303030, 0x46313030, 0x61642e20,
	0x20206174, 0x33324020, 0x6d280939, 0x2e756e65,
	0x0a0d2963, 0x30382020, 0x43383331, 0x30203039,
	0x30303030, 0x20333230, 0x7461642e, 0x20202061,
	0x30343240, 0x656d2809, 0x632e756e, 0x200a0d29,
	0x31303820, 0x42433833, 0x30302034, 0x30303030,
	0x2e204630, 0x61746164, 0x40202020, 0x09313432,
	0x6e656d28, 0x29632e75, 0x20200a0d, 0x33313038,
	0x34434338, 0x30303020, 0x32303030, 0x642e2037,
	0x20617461, 0x32402020, 0x28093434, 0x756e656d,
	0x0d29632e, 0x3820200a, 0x38333130, 0x20434543,
	0x30303030, 0x33313030, 0x61642e20, 0x20206174,
	0x34324020, 0x6d280935, 0x2e756e65, 0x0a0d2963,
	0x30382020, 0x44383331, 0x30203030, 0x30303030,
	0x20353230, 0x7461642e, 0x20202061, 0x36343240,
	0x656d2809, 0x632e756e, 0x200a0d29, 0x31303820,
	0x32443833, 0x30302038, 0x30303030, 0x2e203532,
	0x61746164, 0x40202020, 0x09373432, 0x6e656d28,
	0x29632e75, 0x20200a0d, 0x33313038, 0x30354438,
	0x30303020, 0x30303030, 0x642e2046, 0x20617461,
	0x32402020, 0x28093834, 0x756e656d, 0x0d29632e,
	0x3820200a, 0x38333130, 0x20303644, 0x30303030,
	0x46323030, 0x61642e20, 0x20206174, 0x34324020,
	0x6d280939, 0x2e756e65, 0x0a0d2963, 0x30382020,
	0x44383331, 0x30203039, 0x30303030, 0x20393230,
	0x7461642e, 0x20202061, 0x30353240, 0x656d2809,
	0x632e756e, 0x200a0d29, 0x31303820, 0x42443833,
	0x30302043, 0x30303030, 0x2e203332, 0x61746164,
	0x40202020, 0x09313532, 0x6e656d28, 0x29632e75,
	0x20200a0d, 0x33313038, 0x30454438, 0x30303020,
	0x32303030, 0x642e2044, 0x20617461, 0x32402020,
	0x28093235, 0x756e656d, 0x0d29632e, 0x3820200a,
	0x38333130, 0x20303145, 0x30303030, 0x44303030,
	0x61642e20, 0x20206174, 0x36324020, 0x6d280933,
	0x2e756e65, 0x0a0d2963, 0x30382020, 0x45383331,
	0x30203032, 0x30303030, 0x20453130, 0x7461642e,
	0x20202061, 0x34383840, 0x656d2809, 0x632e756e,
	0x200a0d29, 0x31303820, 0x34453833, 0x30302030,
	0x30303030, 0x2e204531, 0x61746164, 0x40202020,
	0x09353838, 0x6e656d28, 0x29632e75, 0x20200a0d,
	0x33313038, 0x30364538, 0x30303020, 0x30303030,
	0x642e2044, 0x20617461, 0x38402020, 0x28093239,
	0x756e656d, 0x0d29632e, 0x3820200a, 0x38333130,
	0x20303745, 0x30303030, 0x46303030, 0x61642e20,
	0x20206174, 0x39384020, 0x6d280933, 0x2e756e65,
	0x0a0d2963, 0x30382020, 0x45383331, 0x30203038,
	0x30303030, 0x20303130, 0x7461642e, 0x20202061,
	0x545f434d, 0x47525458, 0x6d280942, 0x2e756e65,
	0x0a0d2963, 0x30382020, 0x45383331, 0x30203039,
	0x30303030, 0x20303130, 0x7461642e, 0x20202061,
	0x5f524843, 0x094d554e, 0x6e656d28, 0x29632e75,
	0x20200a0d, 0x33313038, 0x30414538, 0x30303020,
	0x36303030, 0x642e2030, 0x20617461, 0x4e4b2020,
	0x554e5f4a, 0x6d28094d, 0x2e756e65, 0x0a0d2963,
	0x30382020, 0x46383331, 0x30203030, 0x30303030,
	0x20303631, 0x7461642e, 0x20202061, 0x72754367,
	0x09726f73, 0x6e656d28, 0x29632e75, 0x20200a0d,
	0x33313038, 0x30363039, 0x30303020, 0x35303030,
	0x642e2030, 0x20617461, 0x50672020, 0x4d636f72,
	0x09756e65, 0x6e656d28, 0x29632e75, 0x20200a0d,
	0x33313038, 0x30423039, 0x30303020, 0x31303030,
	0x642e2030, 0x20617461, 0x4d6b2020, 0x5f4e4941,
	0x4c544954, 0x28097045, 0x756e656d, 0x0d29632e,
	0x3820200a, 0x39333130, 0x20304330, 0x30303030,
	0x30323030, 0x61642e20, 0x20206174, 0x52506b20,
	0x545f434f, 0x454c5449, 0x6d280970, 0x2e756e65,
	0x0a0d2963, 0x30382020, 0x30393331, 0x30203045,
	0x30303030, 0x20383130, 0x7461642e, 0x20202061,
	0x43434d6b, 0x545f4b48, 0x454c5449, 0x6d280970,
	0x2e756e65, 0x0a0d2963, 0x30382020, 0x30393331,
	0x30203846, 0x30303030, 0x20383530, 0x7461642e,
	0x20202061, 0x5252456b, 0x4d5f524f, 0x41535345,
	0x09704547, 0x6e656d28, 0x29632e75, 0x20200a0d,
	0x33313038, 0x30353139, 0x30303020, 0x35303030,
	0x642e2038, 0x20617461, 0x456b2020, 0x524f5252,
	0x53454d5f, 0x45474153, 0x28093270, 0x756e656d,
	0x0d29632e, 0x3820200a, 0x39333130, 0x20384131,
	0x30303030, 0x30323030, 0x61642e20, 0x20206174,
	0x4f436b20, 0x4c49464e, 0x454d5f45, 0x47415353,
	0x28097045, 0x756e656d, 0x0d29632e, 0x3820200a,
	0x39333130, 0x20384331, 0x30303030, 0x30313030,
	0x61642e20, 0x20206174, 0x58456b20, 0x4e454d50,
	0x49545f55, 0x70454c54, 0x656d2809, 0x632e756e,
	0x200a0d29, 0x31303820, 0x44313933, 0x30302038,
	0x30303030, 0x2e203032, 0x61746164, 0x4d202020,
	0x4e465f43, 0x09454d41, 0x6e656d28, 0x29632e75,
	0x20200a0d, 0x33313038, 0x38463139, 0x30303020,
	0x34303030, 0x642e2031, 0x20617461, 0x434d2020,
	0x5449545f, 0x2809454c, 0x756e656d, 0x0d29632e,
	0x3820200a, 0x39333130, 0x20433332, 0x30303030,
	0x30323030, 0x61642e20, 0x20206174, 0x5f434d20,
	0x54554c43, 0x656d2809, 0x632e756e, 0x200a0d29,
	0x31303820, 0x35323933, 0x30302043, 0x31303030,
	0x2e203038, 0x61746164, 0x4d202020, 0x43495f43,
	0x28094e4f, 0x756e656d, 0x0d29632e, 0x3820200a,
	0x39333130, 0x20434433, 0x30303030, 0x34303030,
	0x61642e20, 0x20206174, 0x63767220, 0x746e756f,
	0x0936312e, 0x42494c28, 0x4452434d, 0x6c2e412e,
	0x0d296269, 0x3820200a, 0x39333130, 0x20304533,
	0x30303030, 0x34303030, 0x61642e20, 0x20206174,
	0x69747220, 0x756f656d, 0x37312e74, 0x494c2809,
	0x52434d42, 0x2e412e44, 0x2962696c, 0x20200a0d,
	0x33313038, 0x34453339, 0x30303020, 0x30303030,
	0x642e2034, 0x20617461, 0x6e632020, 0x35332e74,
	0x494c2809, 0x52434d42, 0x2e412e44, 0x2962696c,
	0x20200a0d, 0x33313038, 0x38453339, 0x30303020,
	0x30303030, 0x642e2034, 0x20617461, 0x6e632020,
	0x30342e74, 0x494c2809, 0x52434d42, 0x2e412e44,
	0x2962696c, 0x20200a0d, 0x33313038, 0x43453339,
	0x30303020, 0x30303030, 0x642e2034, 0x20617461,
	0x6e632020, 0x35342e74, 0x494c2809, 0x52434d42,
	0x2e412e44, 0x2962696c, 0x20200a0d, 0x33313038,
	0x30463339, 0x30303020, 0x30303030, 0x642e2043,
	0x20617461, 0x6e632020, 0x30352e74, 0x494c2809,
	0x52434d42, 0x2e412e44, 0x2962696c, 0x20200a0d,
	0x33313038, 0x43463339, 0x30303020, 0x31303030,
	0x642e2030, 0x20617461, 0x55702020, 0x09726573,
	0x42494c28, 0x4452434d, 0x6c2e412e, 0x0d296269,
	0x3820200a, 0x39333130, 0x20433034, 0x30303030,
	0x34323030, 0x61642e20, 0x20206174, 0x53476720,
	0x46415f50, 0x6c61656d, 0x61656d5f, 0x4128096c,
	0x656d5f46, 0x632e6c61, 0x200a0d29, 0x31303820,
	0x33343933, 0x30302030, 0x30303030, 0x2e203432,
	0x61746164, 0x67202020, 0x5f505347, 0x656d4641,
	0x735f6c61, 0x6c6f6f74, 0x46412809, 0x61656d5f,
	0x29632e6c, 0x20200a0d, 0x33313038, 0x34353439,
	0x30303020, 0x32303030, 0x642e2034, 0x20617461,
	0x47672020, 0x415f5053, 0x61656d46, 0x6f625f6c,
	0x2809656e, 0x6d5f4641, 0x2e6c6165, 0x0a0d2963,
	0x30382020, 0x34393331, 0x30203837, 0x30303030,
	0x20343230, 0x7461642e, 0x20202061, 0x50534767,
	0x6d46415f, 0x5f6c6165, 0x776f7264, 0x736e6973,
	0x28096f73, 0x6d5f4641, 0x2e6c6165, 0x0a0d2963,
	0x30382020, 0x34393331, 0x30204339, 0x30303030,
	0x20343230, 0x7461642e, 0x20202061, 0x50534767,
	0x6d46415f, 0x5f6c6165, 0x776f7264, 0x656e6973,
	0x09317373, 0x5f464128, 0x6c61656d, 0x0d29632e,
	0x3820200a, 0x39333130, 0x20304334, 0x30303030,
	0x34323030, 0x61642e20, 0x20206174, 0x53476720,
	0x46415f50, 0x6c61656d, 0x6f72645f, 0x6e697377,
	0x32737365, 0x46412809, 0x61656d5f, 0x29632e6c,
	0x20200a0d, 0x33313038, 0x34453439, 0x30303020,
	0x32303030, 0x642e2034, 0x20617461, 0x47672020,
	0x415f5053, 0x61656d46, 0x77735f6c, 0x09746165,
	0x5f464128, 0x6c61656d, 0x0d29632e, 0x3820200a,
	0x39333130, 0x20383035, 0x30303030, 0x34323030,
	0x61642e20, 0x20206174, 0x53476720, 0x46415f50,
	0x6c61656d, 0x6165645f, 0x28096874, 0x6d5f4641,
	0x2e6c6165, 0x0a0d2963, 0x30382020, 0x35393331,
	0x30204332, 0x30303030, 0x20343230, 0x7461642e,
	0x20202061, 0x50534767, 0x6d46415f, 0x5f6c6165,
	0x756a6e69, 0x28097972, 0x6d5f4641, 0x2e6c6165,
	0x0a0d2963, 0x30382020, 0x35393331, 0x30203035,
	0x30303030, 0x20343230, 0x7461642e, 0x20202061,
	0x50534767, 0x6d46415f, 0x5f6c6165, 0x6c6f7665,
	0x28096576, 0x6d5f4641, 0x2e6c6165, 0x0a0d2963,
	0x30382020, 0x35393331, 0x30203437, 0x30303030,
	0x20343230, 0x7461642e, 0x20202061, 0x50534767,
	0x6d46415f, 0x5f6c6165, 0x626d6f62, 0x46412809,
	0x61656d5f, 0x29632e6c, 0x20200a0d, 0x33313038,
	0x38393539, 0x30303020, 0x32303030, 0x642e2034,
	0x20617461, 0x47672020, 0x415f5053, 0x61656d46,
	0x72665f6c, 0x09656d61, 0x5f464128, 0x6c61656d,
	0x0d29632e, 0x3820200a, 0x39333130, 0x20434235,
	0x30303030, 0x43303030, 0x61642e20, 0x20206174,
	0x62615420, 0x675f656c, 0x5f505347, 0x656d4641,
	0x645f6c61, 0x73776f72, 0x73656e69, 0x28093173,
	0x6d5f4641, 0x2e6c6165, 0x0a0d2963, 0x30382020,
	0x35393331, 0x30203843, 0x30303030, 0x20303130,
	0x7461642e, 0x20202061, 0x6c626154, 0x47675f65,
	0x415f5053, 0x61656d46, 0x72645f6c, 0x6973776f,
	0x7373656e, 0x41280932, 0x656d5f46, 0x632e6c61,
	0x200a0d29, 0x31303820, 0x44353933, 0x30302038,
	0x30303030, 0x2e204330, 0x61746164, 0x54202020,
	0x656c6261, 0x5347675f, 0x46415f50, 0x6c61656d,
	0x6f72645f, 0x6e697377, 0x33737365, 0x46412809,
	0x61656d5f, 0x29632e6c, 0x20200a0d, 0x33313038,
	0x34453539, 0x30303020, 0x33303030, 0x642e2030,
	0x20617461, 0x61542020, 0x5f656c62, 0x50534770,
	0x6d46415f, 0x096c6165, 0x5f464128, 0x6c61656d,
	0x0d29632e, 0x3820200a, 0x39333130, 0x20343136,
	0x30303030, 0x33313030, 0x61642e20, 0x20206174,
	0x33354020, 0x46412809, 0x61656d5f, 0x29632e6c,
	0x20200a0d, 0x33313038, 0x38323639, 0x30303020,
	0x30303030, 0x642e2044, 0x20617461, 0x36402020,
	0x41280930, 0x656d5f46, 0x632e6c61, 0x200a0d29,
	0x31303820, 0x33363933, 0x30302038, 0x30303030,
	0x2e203431, 0x61746164, 0x40202020, 0x28093436,
	0x6d5f4641, 0x2e6c6165, 0x0a0d2963, 0x30382020,
	0x36393331, 0x30204334, 0x30303030, 0x20333130,
	0x7461642e, 0x20202061, 0x09363640, 0x5f464128,
	0x6c61656d, 0x0d29632e, 0x3820200a, 0x39333130,
	0x20303636, 0x30303030, 0x43313030, 0x61642e20,
	0x20206174, 0x62615420, 0x645f656c, 0x41280975,
	0x656d5f46, 0x00000000,
};
// clang-format on
