#include <sys/types.h>

#include <dw/doo2.h>

// clang-format off
Doo2ShardSet DOO2_SHARD_SETS[6] = {
	{ 0, 0, 0, 0, 0, 0, { 0, 0 } },
	{ 0, 0, 0, 0, 0, 0, { 0, 0 } },
	{ 0, 0, 0, 0, 0, 0, { 0, 0 } },
	{ 0, 0, 0, 0, 0, 0, { 0, 0 } },
	{ 0, 0, 0, 0, 0, 0, { 0, 0 } },
	{ 0x6475, 0x6f69, 0x612d782f, 0x01666669, 0x00000000, 0x0000, { 0x00, 0x09 } },
};

u_long DOO2_D_80071B5C[33] = {
	0x45000500, 0x6e657478, 0x6e6f6973, 0x6669612e,
	0x00000166, 0x00000000, 0x26000500, 0x534c4300,
	0x307b4449, 0x39383535, 0x2d316166, 0x36353363,
	0x6331312d, 0x66622d65, 0x302d3130, 0x30616130,
	0x35353530, 0x7d613539, 0x00000001, 0x00000000,
	0x00260010, 0x766f4d41, 0x422e6569, 0x432e4b41,
	0x4449534c, 0x3535307b, 0x61663938, 0x33632d31,
	0x312d3635, 0x2d656331, 0x31306662, 0x6130302d,
	0x35303061,
};

u_long DOO2_D_80071BE0[193] = {
	0x35393535, 0x009a7d61, 0x00110000, 0x009a0005,
	0x00050000, 0x00000004, 0x612e0000, 0x01636669,
	0x00000000, 0x00000000, 0x41000800, 0x46464649,
	0x01656c69, 0x00000000, 0x0c000000, 0x43000a00,
	0x65746e6f, 0x5420746e, 0x61657079, 0x6f696475,
	0x6669612f, 0x00000166, 0x00000000, 0x08000a00,
	0x6f4d4100, 0x2e656976, 0x414b4142, 0x46464649,
	0x01656c69, 0x00000000, 0x17000000, 0x41000a00,
	0x69766f4d, 0x41422e65, 0x6f432e4b, 0x6e65746e,
	0x79542074, 0x75616570, 0x2f6f6964, 0x66666961,
	0x00000099, 0x0005001d, 0x00000099, 0x00040003,
	0x00000000, 0x0175612e, 0x00000000, 0x00000000,
	0x41000600, 0x6c694655, 0x00000165, 0x00000000,
	0x0b000c00, 0x6e6f4300, 0x746e6574, 0x70795420,
	0x64756165, 0x622f6f69, 0x63697361, 0x00000001,
	0x00000000, 0x0009000a, 0x766f4d41, 0x422e6569,
	0x454e4b41, 0x6f535457, 0x01646e75, 0x00000000,
	0x17000000, 0x41000b00, 0x69766f4d, 0x41422e65,
	0x6f432e4b, 0x6e65746e, 0x79542074, 0x75616570,
	0x2f6f6964, 0x69736162, 0x0000b063, 0x05002c00,
	0x0000b000, 0x03000b00, 0x00000000, 0x64756100,
	0x622f6f69, 0x63697361, 0x00000001, 0x00000000,
	0x00030009, 0x65747845, 0x6f69736e, 0x75612e6e,
	0x00000001, 0x00000000, 0x00260005, 0x49534c43,
	0x35307b44, 0x66393835, 0x632d3161, 0x2d363533,
	0x65633131, 0x3066622d, 0x30302d31, 0x30306161,
	0x39353535, 0x017d6135, 0x00000000, 0x10000000,
	0x41002600, 0x69766f4d, 0x41422e65, 0x4c432e4b,
	0x7b444953, 0x38353530, 0x31616639, 0x3533632d,
	0x31312d36, 0x622d6563, 0x2d313066, 0x61613030,
	0x35353030, 0x61353935, 0x00009a7d, 0x05001e00,
	0x00009a00, 0x04000400, 0x00000000, 0x6e732e00,
	0x00000164, 0x00000000, 0x06000000, 0x46554100,
	0x01656c69, 0x00000000, 0x0c000000, 0x43000b00,
	0x65746e6f, 0x5420746e, 0x61657079, 0x6f696475,
	0x7361622f, 0x00016369, 0x00000000, 0x000a0000,
	0x4d410009, 0x6569766f, 0x4b41422e, 0x5457454e,
	0x6e756f53, 0x00000164, 0x00000000, 0x0b001700,
	0x6f4d4100, 0x2e656976, 0x2e4b4142, 0x746e6f43,
	0x20746e65, 0x65707954, 0x69647561, 0x61622f6f,
	0x95636973, 0x2f000000, 0x82000500, 0x04000000,
	0x00000200, 0x2e000000, 0x016d7072, 0x00000000,
	0x0c000000, 0x43001b00, 0x65746e6f, 0x5420746e,
	0x61657079, 0x6f696475, 0x702d782f, 0x65722d6e,
	0x75616c61, 0x2d6f6964, 0x67756c70, 0x00016e69,
	0x00000000, 0x00050000, 0x4c430026, 0x7b444953,
	0x44434643, 0x33304141, 0x4542382d, 0x31312d34,
	0x422d4643, 0x2d423438, 0x30323030, 0x42424641,
	0x41464343,
};

u_long DOO2_D_80071EE4[9730] = {
	0x0000007d, 0x61720007, 0x6c69666d, 0x6d617265,
	0x656c6966, 0x00000065, 0x00050046, 0x00000065,
	0x0002000f, 0x00000000, 0x74726563, 0x63696669,
	0x66657461, 0x01656c69, 0x00000000, 0x00000000,
	0x49001d00, 0x7265746e, 0x2074656e, 0x75636553,
	0x79746972, 0x72654320, 0x69666974, 0x65746163,
	0x00000003, 0x00000000, 0x00040009, 0x74696445,
	0x67616c46, 0x01000073, 0x00005d00, 0x05002d00,
	0x00005d00, 0x02000300, 0x00000000, 0x61722e00,
	0x00000001, 0x00000000, 0x000e0000, 0x6c616552,
	0x69647541, 0x6946206f, 0x0001656c, 0x00000000,
	0x000c0000, 0x6f430014, 0x6e65746e, 0x79542074,
	0x75616570, 0x2f6f6964, 0x6e702d78, 0x6165722d,
	0x6475616c, 0x005e6f69, 0x002e0000, 0x005e0005,
	0x00040000, 0x00000002, 0x722e0000, 0x00016d61,
	0x00000000, 0x00000000, 0x6552000e, 0x75416c61,
	0x206f6964, 0x656c6946, 0x00000001, 0x00000000,
	0x0014000c, 0x746e6f43, 0x20746e65, 0x65707954,
	0x69647561, 0x2d782f6f, 0x722d6e70, 0x616c6165,
	0x6f696475, 0x000005a8, 0xffffffff, 0xffffffff,
	0x02000400, 0x00000000, 0x61722e00, 0x0000016d,
	0x00000000, 0x0a000000, 0x2c617200, 0x666d6172,
	0x01656c69, 0x00000000, 0x0c000000, 0x43001400,
	0x65746e6f, 0x5420746e, 0x61657079, 0x6f696475,
	0x702d782f, 0x65722d6e, 0x75616c61, 0x5d6f6964,
	0x2d000000, 0x5d000500, 0x03000000, 0x00000200,
	0x2e000000, 0x00016172, 0x00000000, 0x00000000,
	0x6552000e, 0x75416c61, 0x206f6964, 0x656c6946,
	0x00000001, 0x00000000, 0x0014000c, 0x746e6f43,
	0x20746e65, 0x65707954, 0x69647561, 0x2d782f6f,
	0x722d6e70, 0x616c6165, 0x6f696475, 0x0000005e,
	0x0005002e, 0x0000005e, 0x00020004, 0x00000000,
	0x6d61722e, 0x00000001, 0x00000000, 0x000e0000,
	0x6c616552, 0x69647541, 0x6946206f, 0x0001656c,
	0x00000000, 0x000c0000, 0x6f430014, 0x6e65746e,
	0x79542074, 0x75616570, 0x2f6f6964, 0x6e702d78,
	0x6165722d, 0x6475616c, 0x04926f69, 0xffff0000,
	0xffffffff, 0x0400ffff, 0x00000000, 0x69612e00,
	0x00016366, 0x00000000, 0x00000000, 0x49410008,
	0x69464646, 0x0001656c, 0x00000000, 0x000c0000,
	0x6f43000a, 0x6e65746e, 0x79542074, 0x75616570,
	0x2f6f6964, 0x66666961, 0x00000001, 0x00000000,
	0x0008000a, 0x766f4d41, 0x422e6569, 0x49414b41,
	0x69464646, 0x0001656c, 0x00000000, 0x00170000,
	0x4d41000a, 0x6569766f, 0x4b41422e, 0x6e6f432e,
	0x746e6574, 0x70795420, 0x64756165, 0x612f6f69,
	0x99666669, 0x1d000000, 0x99000500, 0x03000000,
	0x00000400, 0x2e000000, 0x00017561, 0x00000000,
	0x00000000, 0x55410006, 0x656c6946, 0x00000001,
	0x00000000, 0x000b000c, 0x746e6f43, 0x20746e65,
	0x65707954, 0x69647561, 0x61622f6f, 0x01636973,
	0x00000000, 0x0a000000, 0x41000900, 0x69766f4d,
	0x41422e65, 0x57454e4b, 0x756f5354, 0x0001646e,
	0x00000000, 0x00170000, 0x4d41000b, 0x6569766f,
	0x4b41422e, 0x6e6f432e, 0x746e6574, 0x70795420,
	0x64756165, 0x622f6f69, 0x63697361, 0x000000b0,
	0x0005002c, 0x000000b0, 0x0003000b, 0x00000000,
	0x69647561, 0x61622f6f, 0x01636973, 0x00000000,
	0x09000000, 0x45000300, 0x6e657478, 0x6e6f6973,
	0x0175612e, 0x00000000, 0x05000000, 0x43002600,
	0x4449534c, 0x3535307b, 0x61663938, 0x33632d31,
	0x312d3635, 0x2d656331, 0x31306662, 0x6130302d,
	0x35303061, 0x35393535, 0x00017d61, 0x00000000,
	0x00100000, 0x4d410026, 0x6569766f, 0x4b41422e,
	0x534c432e, 0x307b4449, 0x39383535, 0x2d316166,
	0x36353363, 0x6331312d, 0x66622d65, 0x302d3130,
	0x30616130, 0x35353530, 0x7d613539, 0x0000009a,
	0x0005001e, 0x0000009a, 0x00040004, 0x00000000,
	0x646e732e, 0x00000001, 0x00000000, 0x00060000,
	0x69465541, 0x0001656c, 0x00000000, 0x000c0000,
	0x6f43000b, 0x6e65746e, 0x79542074, 0x75616570,
	0x2f6f6964, 0x69736162, 0x00000163, 0x00000000,
	0x09000a00, 0x6f4d4100, 0x2e656976, 0x4e4b4142,
	0x53545745, 0x646e756f, 0x00000001, 0x00000000,
	0x000b0017, 0x766f4d41, 0x422e6569, 0x432e4b41,
	0x65746e6f, 0x5420746e, 0x61657079, 0x6f696475,
	0x7361622f, 0x02166369, 0xffff0000, 0xffffffff,
	0x0000ffff, 0x00000000, 0x00000000, 0x00000000,
	0x00000000, 0x00000000, 0x00000000, 0x00000000,
	0x00000000, 0x00000000, 0x00000000, 0x00000000,
	0x00000000, 0x00000000, 0x00000000, 0x00000000,
	0x00000000, 0x00000000, 0x00000000, 0x00000000,
	0x00000000, 0x00000000, 0x00000000, 0x00000000,
	0x00000000, 0x00000000, 0x00000000, 0x00000000,
	0x00000000, 0x00000000, 0x00000000, 0x00000000,
	0x00000000, 0x00000000, 0x00000000, 0x00000000,
	0x00000000, 0x00000000, 0x00000000, 0x00000000,
	0x00000000, 0x00000000, 0x00000000, 0x00000000,
	0x00000000, 0x00000000, 0x00000000, 0x00000000,
	0x00000000, 0x00000000, 0x00000000, 0x00000000,
	0x00000000, 0x00000000, 0x00000000, 0x00000000,
	0x00000000, 0x00000000, 0x00000000, 0x00000000,
	0x00000000, 0x00000000, 0x00000000, 0x00000000,
	0x00000000, 0x00000000, 0x00000000, 0x00000000,
	0x00000000, 0x00000000, 0x00000000, 0x00000000,
	0x00000000, 0x00000000, 0x00000000, 0x00000000,
	0x00000000, 0x00000000, 0x00000000, 0x00000000,
	0x00000000, 0x00000000, 0x00000000, 0x00000000,
	0x00000000, 0x00000000, 0x00000000, 0x00000000,
	0x00000000, 0x00000000, 0x00000000, 0x00000000,
	0x00000000, 0x00000000, 0x00000000, 0x00000000,
	0x00000000, 0x00000000, 0x00000000, 0x00000000,
	0x00000000, 0x00000000, 0x00000000, 0x00000000,
	0x00000000, 0x00000000, 0x00000000, 0x00000000,
	0x00000000, 0x00000000, 0x00000000, 0x00000000,
	0x00000000, 0x00000000, 0x00000000, 0x00000000,
	0x00000000, 0x00000000, 0x00000000, 0x00000000,
	0x00000000, 0x00000000, 0x00000000, 0x00000000,
	0x00000000, 0x00000000, 0x00000000, 0x00000000,
	0x00000000, 0x00000000, 0x00000000, 0x42444752,
	0x00005078, 0x00000762, 0x0006000d, 0x00004916,
	0x00ff00fe, 0xc5201084, 0xb8e8eef2, 0x0000002b,
	0x00060000, 0x0000002b, 0x0001000a, 0x00000000,
	0x4d6d754e, 0x6f687465, 0x00017364, 0x00000000,
	0x00000000, 0x55360001, 0x01000000, 0x55000600,
	0x26000000, 0x00000100, 0x7b000000, 0x30303030,
	0x38313030, 0x3030302d, 0x30302d30, 0x432d3030,
	0x2d303030, 0x30303030, 0x30303030, 0x36343030,
	0x0000017d, 0x00000000, 0x0f000000, 0x74534900,
	0x72614d64, 0x6c616873, 0x6f666e49, 0x0000002b,
	0x00060002, 0x0000002b, 0x0001000a, 0x00000000,
	0x4d6d754e, 0x6f687465, 0x00017364, 0x00000000,
	0x00000000, 0x59340001, 0x03000000, 0x59000600,
	0x26000000, 0x00000100, 0x7b000000, 0x30303030,
	0x39313030, 0x3030302d, 0x30302d30, 0x432d3030,
	0x2d303030, 0x30303030, 0x30303030, 0x36343030,
	0x0000017d, 0x00000000, 0x13000000, 0x78454900,
	0x6e726574, 0x6f436c61, 0x63656e6e, 0x6e6f6974,
	0x0000002b, 0x00060004, 0x0000002b, 0x0001000a,
	0x00000000, 0x4d6d754e, 0x6f687465, 0x00017364,
	0x00000000, 0x00000000, 0x52350001, 0x05000000,
	0x52000600, 0x26000000, 0x00000100, 0x7b000000,
	0x30303030, 0x30303130, 0x3030302d, 0x30302d30,
	0x432d3030, 0x2d303030, 0x30303030, 0x30303030,
	0x36343030, 0x0000017d, 0x00000000, 0x0c000000,
	0x6e454900, 0x6e556d75, 0x776f6e6b, 0x00002b6e,
	0x06000600, 0x00002b00, 0x01000a00, 0x00000000,
	0x6d754e00, 0x6874654d, 0x0173646f, 0x00000000,
	0x00000000, 0x37000100, 0x00000056, 0x00060007,
	0x00000056, 0x00010010, 0x00000000, 0x786f7250,
	0x75745379, 0x736c4362, 0x32336469, 0x00000001,
	0x00000000, 0x00260000, 0x3030307b, 0x32333030,
	0x30302d30, 0x302d3030, 0x2d303030, 0x30303043,
	0x3030302d, 0x30303030, 0x34303030, 0x00517d36,
	0x00080000, 0x00510006, 0x00260000, 0x00000001,
	0x307b0000, 0x30303030, 0x2d313031, 0x30303030,
	0x3030302d, 0x30432d30, 0x302d3030, 0x30303030,
	0x30303030, 0x7d363430, 0x00000001, 0x00000000,
	0x000b0000, 0x756e4549, 0x7274536d, 0x2b676e69,
	0x09000000, 0x2b000600, 0x0a000000, 0x00000100,
	0x4e000000, 0x654d6d75, 0x646f6874, 0x00000173,
	0x00000000, 0x01000000, 0x00563700, 0x000a0000,
	0x00560006, 0x00100000, 0x00000001, 0x72500000,
	0x5379786f, 0x43627574, 0x6469736c, 0x00013233,
	0x00000000, 0x00000000, 0x307b0026, 0x30303030,
	0x2d303233, 0x30303030, 0x3030302d, 0x30432d30,
	0x302d3030, 0x30303030, 0x30303030, 0x7d363430,
	0x00000052, 0x0006000b, 0x00000052, 0x00010026,
	0x00000000, 0x3030307b, 0x30313030, 0x30302d32,
	0x302d3030, 0x2d303030, 0x30303043, 0x3030302d,
	0x30303030, 0x34303030, 0x00017d36, 0x00000000,
	0x00000000, 0x4549000c, 0x4d6d756e, 0x6b696e6f,
	0x002b7265, 0x000c0000, 0x002b0006, 0x000a0000,
	0x00000001, 0x754e0000, 0x74654d6d, 0x73646f68,
	0x00000001, 0x00000000, 0x00010000, 0x00005637,
	0x06000d00, 0x00005600, 0x01001000, 0x00000000,
	0x6f725000, 0x74537978, 0x6c436275, 0x33646973,
	0x00000132, 0x00000000, 0x26000000, 0x30307b00,
	0x33303030, 0x302d3032, 0x2d303030, 0x30303030,
	0x3030432d, 0x30302d30, 0x30303030, 0x30303030,
	0x547d3634, 0x0e000000, 0x54000600, 0x26000000,
	0x00000100, 0x7b000000, 0x30303030, 0x33303130,
	0x3030302d, 0x30302d30, 0x432d3030, 0x2d303030,
	0x30303030, 0x30303030, 0x36343030, 0x0000017d,
	0x00000000, 0x0e000000, 0x6e454900, 0x4f466d75,
	0x54414d52, 0x2b435445, 0x0f000000, 0x2b000600,
	0x0a000000, 0x00000100, 0x4e000000, 0x654d6d75,
	0x646f6874, 0x00000173, 0x00000000, 0x01000000,
	0x00563700, 0x00100000, 0x00560006, 0x00100000,
	0x00000001, 0x72500000, 0x5379786f, 0x43627574,
	0x6469736c, 0x00013233, 0x00000000, 0x00000000,
	0x307b0026, 0x30303030, 0x2d303233, 0x30303030,
	0x3030302d, 0x30432d30, 0x302d3030, 0x30303030,
	0x30303030, 0x7d363430, 0x00000052, 0x00060011,
	0x00000052, 0x00010026, 0x00000000, 0x3030307b,
	0x30313030, 0x30302d34, 0x302d3030, 0x2d303030,
	0x30303043, 0x3030302d, 0x30303030, 0x34303030,
	0x00017d36, 0x00000000, 0x00000000, 0x4549000c,
	0x4f6d756e, 0x4556454c, 0x002b4252, 0x00120000,
	0x002b0006, 0x000a0000, 0x00000001, 0x754e0000,
	0x74654d6d, 0x73646f68, 0x00000001, 0x00000000,
	0x00010000, 0x00005637, 0x06001300, 0x00005600,
	0x01001000, 0x00000000, 0x6f725000, 0x74537978,
	0x6c436275, 0x33646973, 0x00000132, 0x00000000,
	0x26000000, 0x30307b00, 0x33303030, 0x302d3032,
	0x2d303030, 0x30303030, 0x3030432d, 0x30302d30,
	0x30303030, 0x30303030, 0x537d3634, 0x14000000,
	0x53000600, 0x26000000, 0x00000100, 0x7b000000,
	0x30303030, 0x35303130, 0x3030302d, 0x30302d30,
	0x432d3030, 0x2d303030, 0x30303030, 0x30303030,
	0x36343030, 0x0000017d, 0x00000000, 0x0d000000,
	0x6e454900, 0x54536d75, 0x41445441, 0x002b4154,
	0x00150000, 0x002b0006, 0x000a0000, 0x00000001,
	0x754e0000, 0x74654d6d, 0x73646f68, 0x00000001,
	0x00000000, 0x00010000, 0x00005637, 0x06001600,
	0x00005600, 0x01001000, 0x00000000, 0x6f725000,
	0x74537978, 0x6c436275, 0x33646973, 0x00000132,
	0x00000000, 0x26000000, 0x30307b00, 0x33303030,
	0x302d3032, 0x2d303030, 0x30303030, 0x3030432d,
	0x30302d30, 0x30303030, 0x30303030, 0x547d3634,
	0x17000000, 0x54000600, 0x26000000, 0x00000100,
	0x7b000000, 0x30303030, 0x39303130, 0x3030302d,
	0x30302d30, 0x432d3030, 0x2d303030, 0x30303030,
	0x30303030, 0x36343030, 0x0000017d, 0x00000000,
	0x0e000000, 0x65504900, 0x73697372, 0x72745374,
	0x536d6165, 0x18000000, 0x53000600, 0x0d000000,
	0x00000100, 0x42000000, 0x49657361, 0x7265746e,
	0x65636166, 0x00000001, 0x00000000, 0x00260000,
	0x3030307b, 0x30313030, 0x30302d43, 0x302d3030,
	0x2d303030, 0x30303043, 0x3030302d, 0x30303030,
	0x34303030, 0x002b7d36, 0x00190000, 0x002b0006,
	0x000a0000, 0x00000001, 0x754e0000, 0x74654d6d,
	0x73646f68, 0x00000001, 0x00000000, 0x00010000,
	0x00005638, 0x06001a00, 0x00005600, 0x01001000,
	0x00000000, 0x6f725000, 0x74537978, 0x6c436275,
	0x33646973, 0x00000132, 0x00000000, 0x26000000,
	0x30307b00, 0x33303030, 0x302d3032, 0x2d303030,
	0x30303030, 0x3030432d, 0x30302d30, 0x30303030,
	0x30303030, 0x557d3634, 0x1b000000, 0x55000600,
	0x26000000, 0x00000100, 0x7b000000, 0x30303030,
	0x61303130, 0x3030302d, 0x30302d30, 0x432d3030,
	0x2d303030, 0x30303030, 0x30303030, 0x36343030,
	0x0000017d, 0x00000000, 0x0f000000, 0x65504900,
	0x73697372, 0x6f745374, 0x65676172, 0x00000053,
	0x0006001c, 0x00000053, 0x0001000d, 0x00000000,
	0x65736142, 0x65746e49, 0x63616672, 0x00000165,
	0x00000000, 0x26000000, 0x30307b00, 0x31303030,
	0x302d4330, 0x2d303030, 0x30303030, 0x3030432d,
	0x30302d30, 0x30303030, 0x30303030, 0x2c7d3634,
	0x1d000000, 0x2c000600, 0x0a000000, 0x00000100,
	0x4e000000, 0x654d6d75, 0x646f6874, 0x00000173,
	0x00000000, 0x02000000, 0x56303100, 0x1e000000,
	0x56000600, 0x10000000, 0x00000100, 0x50000000,
	0x79786f72, 0x62757453, 0x69736c43, 0x01323364,
	0x00000000, 0x00000000, 0x7b002600, 0x30303030,
	0x30323330, 0x3030302d, 0x30302d30, 0x432d3030,
	0x2d303030, 0x30303030, 0x30303030, 0x36343030,
	0x0000527d, 0x06001f00, 0x00005200, 0x01002600,
	0x00000000, 0x30307b00, 0x31303030, 0x302d6230,
	0x2d303030, 0x30303030, 0x3030432d, 0x30302d30,
	0x30303030, 0x30303030, 0x017d3634, 0x00000000,
	0x00000000, 0x49000c00, 0x73726550, 0x46747369,
	0x53656c69, 0x20000000, 0x53000600, 0x0d000000,
	0x00000100, 0x42000000, 0x49657361, 0x7265746e,
	0x65636166, 0x00000001, 0x00000000, 0x00260000,
	0x3030307b, 0x30313030, 0x30302d63, 0x302d3030,
	0x2d303030, 0x30303043, 0x3030302d, 0x30303030,
	0x34303030, 0x002b7d36, 0x00210000, 0x002b0006,
	0x000a0000, 0x00000001, 0x754e0000, 0x74654d6d,
	0x73646f68, 0x00000001, 0x00000000, 0x00010000,
	0x00005639, 0x06002200, 0x00005600, 0x01001000,
	0x00000000, 0x6f725000, 0x74537978, 0x6c436275,
	0x33646973, 0x00000132, 0x00000000, 0x26000000,
	0x30307b00, 0x33303030, 0x302d3032, 0x2d303030,
	0x30303030, 0x3030432d, 0x30302d30, 0x30303030,
	0x30303030, 0x4e7d3634, 0x23000000, 0x4e000600,
	0x26000000, 0x00000100, 0x7b000000, 0x30303030,
	0x63303130, 0x3030302d, 0x30302d30, 0x432d3030,
	0x2d303030, 0x30303030, 0x30303030, 0x36343030,
	0x0000017d, 0x00000000, 0x08000000, 0x65504900,
	0x73697372, 0x00002b74, 0x06002400, 0x00002b00,
	0x01000a00, 0x00000000, 0x6d754e00, 0x6874654d,
	0x0173646f, 0x00000000, 0x00000000, 0x34000100,
	0x00000056, 0x00060025, 0x00000056, 0x00010010,
	0x00000000, 0x786f7250, 0x75745379, 0x736c4362,
	0x32336469, 0x00000001, 0x00000000, 0x00260000,
	0x3030307b, 0x32333030, 0x30302d30, 0x302d3030,
	0x2d303030, 0x30303043, 0x3030302d, 0x30303030,
	0x34303030, 0x00517d36, 0x00260000, 0x00510006,
	0x00260000, 0x00000001, 0x307b0000, 0x30303030,
	0x2d643031, 0x30303030, 0x3030302d, 0x30432d30,
	0x302d3030, 0x30303030, 0x30303030, 0x7d363430,
	0x00000001, 0x00000000, 0x000b0000, 0x65695649,
	0x6a624f77, 0x2b746365, 0x27000000, 0x2b000600,
	0x0a000000, 0x00000100, 0x4e000000, 0x654d6d75,
	0x646f6874, 0x00000173, 0x00000000, 0x01000000,
	0x00513900, 0x00280000, 0x00510006, 0x00260000,
	0x00000001, 0x307b0000, 0x30303030, 0x2d653031,
	0x30303030, 0x3030302d, 0x30432d30, 0x302d3030,
	0x30303030, 0x30303030, 0x7d363430, 0x00000001,
	0x00000000, 0x000b0000, 0x74614449, 0x6a624f61,
	0x2c746365, 0x29000000, 0x2c000600, 0x0a000000,
	0x00000100, 0x4e000000, 0x654d6d75, 0x646f6874,
	0x00000173, 0x00000000, 0x02000000, 0x56323100,
	0x2a000000, 0x56000600, 0x10000000, 0x00000100,
	0x50000000, 0x79786f72, 0x62757453, 0x69736c43,
	0x01323364, 0x00000000, 0x00000000, 0x7b002600,
	0x30303030, 0x30323330, 0x3030302d, 0x30302d30,
	0x432d3030, 0x2d303030, 0x30303030, 0x30303030,
	0x36343030, 0x0000517d, 0x06002b00, 0x00005100,
	0x01002600, 0x00000000, 0x30307b00, 0x31303030,
	0x302d6630, 0x2d303030, 0x30303030, 0x3030432d,
	0x30302d30, 0x30303030, 0x30303030, 0x017d3634,
	0x00000000, 0x00000000, 0x49000b00, 0x69766441,
	0x69536573, 0x002b6b6e, 0x002c0000, 0x002b0006,
	0x000a0000, 0x00000001, 0x754e0000, 0x74654d6d,
	0x73646f68, 0x00000001, 0x00000000, 0x00010000,
	0x00005638, 0x06002d00, 0x00005600, 0x01001000,
	0x00000000, 0x6f725000, 0x74537978, 0x6c436275,
	0x33646973, 0x00000132, 0x00000000, 0x26000000,
	0x30307b00, 0x33303030, 0x302d3032, 0x2d303030,
	0x30303030, 0x3030432d, 0x30302d30, 0x30303030,
	0x30303030, 0x577d3634, 0x2e000000, 0x57000600,
	0x26000000, 0x00000100, 0x7b000000, 0x30303030,
	0x30313130, 0x3030302d, 0x30302d30, 0x432d3030,
	0x2d303030, 0x30303030, 0x30303030, 0x36343030,
	0x0000017d, 0x00000000, 0x11000000, 0x61444900,
	0x64416174, 0x65736976, 0x646c6f48, 0x002b7265,
	0x002f0000, 0x002b0006, 0x000a0000, 0x00000001,
	0x754e0000, 0x74654d6d, 0x73646f68, 0x00000001,
	0x00000000, 0x00010000, 0x00005637, 0x06003000,
	0x00005600, 0x01002600, 0x00000000, 0x30307b00,
	0x31303030, 0x302d3131, 0x2d303030, 0x30303030,
	0x3030432d, 0x30302d30, 0x30303030, 0x30303030,
	0x017d3634, 0x00000000, 0x00000000, 0x49001000,
	0x41656c4f, 0x73697664, 0x6c6f4865, 0x2b726564,
	0x31000000, 0x2b000600, 0x0a000000, 0x00000100,
	0x4e000000, 0x654d6d75, 0x646f6874, 0x00000173,
	0x00000000, 0x01000000, 0x00503900, 0x00320000,
	0x00500006, 0x00260000, 0x00000001, 0x307b0000,
	0x30303030, 0x2d323131, 0x30303030, 0x3030302d,
	0x30432d30, 0x302d3030, 0x30303030, 0x30303030,
	0x7d363430, 0x00000001, 0x00000000, 0x000a0000,
	0x656c4f49, 0x656a624f, 0x002c7463, 0x00330000,
	0x002c0006, 0x000a0000, 0x00000001, 0x754e0000,
	0x74654d6d, 0x73646f68, 0x00000001, 0x00000000,
	0x00020000, 0x00563432, 0x00340000, 0x00560006,
	0x00100000, 0x00000001, 0x72500000, 0x5379786f,
	0x43627574, 0x6469736c, 0x00013233, 0x00000000,
	0x00000000, 0x307b0026, 0x30303030, 0x2d303233,
	0x30303030, 0x3030302d, 0x30432d30, 0x302d3030,
	0x30303030, 0x30303030, 0x7d363430, 0x00000057,
	0x00060035, 0x00000057, 0x00010026, 0x00000000,
	0x3030307b, 0x31313030, 0x30302d33, 0x302d3030,
	0x2d303030, 0x30303043, 0x3030302d, 0x30303030,
	0x34303030, 0x00017d36, 0x00000000, 0x00000000,
	0x4f490011, 0x6e49656c, 0x63616c50, 0x6a624f65,
	0x53746365, 0x36000000, 0x53000600, 0x0d000000,
	0x00000100, 0x42000000, 0x49657361, 0x7265746e,
	0x65636166, 0x00000001, 0x00000000, 0x00260000,
	0x3030307b, 0x31313030, 0x30302d34, 0x302d3030,
	0x2d303030, 0x30303043, 0x3030302d, 0x30303030,
	0x34303030, 0x002b7d36, 0x00370000, 0x002b0006,
	0x000a0000, 0x00000001, 0x754e0000, 0x74654d6d,
	0x73646f68, 0x00000001, 0x00000000, 0x00010000,
	0x00005639, 0x06003800, 0x00005600, 0x01001000,
	0x00000000, 0x6f725000, 0x74537978, 0x6c436275,
	0x33646973, 0x00000132, 0x00000000, 0x26000000,
	0x30307b00, 0x33303030, 0x302d3032, 0x2d303030,
	0x30303030, 0x3030432d, 0x30302d30, 0x30303030,
	0x30303030, 0x507d3634, 0x39000000, 0x50000600,
	0x26000000, 0x00000100, 0x7b000000, 0x30303030,
	0x34313130, 0x3030302d, 0x30302d30, 0x432d3030,
	0x2d303030, 0x30303030, 0x30303030, 0x36343030,
	0x0000017d, 0x00000000, 0x0a000000, 0x6c4f4900,
	0x6e695765, 0x2b776f64, 0x3a000000, 0x2b000600,
	0x0a000000, 0x00000100, 0x4e000000, 0x654d6d75,
	0x646f6874, 0x00000173, 0x00000000, 0x01000000,
	0x00523500, 0x003e0000, 0x002b0006, 0x000a0000,
	0x00000001, 0x754e0000, 0x74654d6d, 0x73646f68,
	0x00000001, 0x00000000, 0x00010000, 0x302d3039,
	0x30303030, 0x30303030, 0x7d363430, 0x00000000,
	0x00000000, 0x00000000, 0x00000000, 0x00000000,
	0x00000000, 0x00000056, 0x0006003b, 0x00000056,
	0x00010010, 0x00000000, 0x786f7250, 0x75745379,
	0x736c4362, 0x32336469, 0x00000001, 0x00000000,
	0x00260000, 0x3030307b, 0x32333030, 0x30302d30,
	0x302d3030, 0x2d303030, 0x30303043, 0x3030302d,
	0x30303030, 0x34303030, 0x00597d36, 0x003c0000,
	0x00590006, 0x00260000, 0x00000001, 0x307b0000,
	0x30303030, 0x2d353131, 0x30303030, 0x3030302d,
	0x30432d30, 0x302d3030, 0x30303030, 0x30303030,
	0x7d363430, 0x00000001, 0x00000000, 0x00130000,
	0x656c4f49, 0x6c506e49, 0x55656361, 0x6e695749,
	0x53776f64, 0x3d000000, 0x53000600, 0x0d000000,
	0x00000100, 0x42000000, 0x49657361, 0x7265746e,
	0x65636166, 0x00000001, 0x00000000, 0x00260000,
	0x3030307b, 0x31313030, 0x30302d34, 0x302d3030,
	0x2d303030, 0x30303043, 0x3030302d, 0x30303030,
	0x34303030, 0x00567d36, 0x003f0000, 0x00560006,
	0x00100000, 0x00000001, 0x72500000, 0x5379786f,
	0x43627574, 0x6469736c, 0x00013233, 0x00000000,
	0x00000000, 0x307b0026, 0x30303030, 0x2d303233,
	0x30303030, 0x3030302d, 0x30432d30, 0x302d3030,
	0x30303030, 0x30303030, 0x7d363430, 0x00000056,
	0x00060040, 0x00000056, 0x00010026, 0x00000000,
	0x3030307b, 0x31313030, 0x30302d36, 0x302d3030,
	0x2d303030, 0x30303043, 0x3030302d, 0x30303030,
	0x34303030, 0x00017d36, 0x00000000, 0x00000000,
	0x4f490010, 0x6e49656c, 0x63616c50, 0x61724665,
	0x002c656d, 0x00410000, 0x002c0006, 0x000a0000,
	0x00000001, 0x754e0000, 0x74654d6d, 0x73646f68,
	0x00000001, 0x00000000, 0x00020000, 0x00563531,
	0x00420000, 0x00560006, 0x00100000, 0x00000001,
	0x72500000, 0x5379786f, 0x43627574, 0x6469736c,
	0x00013233, 0x00000000, 0x00000000, 0x307b0026,
	0x30303030, 0x2d303233, 0x30303030, 0x3030302d,
	0x30432d30, 0x302d3030, 0x30303030, 0x30303030,
	0x7d363430, 0x0000005d, 0x00060043, 0x0000005d,
	0x00010026, 0x00000000, 0x3030307b, 0x31313030,
	0x30302d37, 0x302d3030, 0x2d303030, 0x30303043,
	0x3030302d, 0x30303030, 0x34303030, 0x00017d36,
	0x00000000, 0x00000000, 0x4f490017, 0x6e49656c,
	0x63616c50, 0x74634165, 0x4f657669, 0x63656a62,
	0x00005374, 0x06004400, 0x00005300, 0x01000d00,
	0x00000000, 0x73614200, 0x746e4965, 0x61667265,
	0x00016563, 0x00000000, 0x00000000, 0x307b0026,
	0x30303030, 0x2d343131, 0x30303030, 0x3030302d,
	0x30432d30, 0x302d3030, 0x30303030, 0x30303030,
	0x7d363430, 0x0000002c, 0x00060045, 0x0000002c,
	0x0001000a, 0x00000000, 0x4d6d754e, 0x6f687465,
	0x00017364, 0x00000000, 0x00000000, 0x30310002,
	0x00000056, 0x00060046, 0x00000056, 0x00010010,
	0x00000000, 0x786f7250, 0x75745379, 0x736c4362,
	0x32336469, 0x00000001, 0x00000000, 0x00260000,
	0x3030307b, 0x32333030, 0x30302d30, 0x302d3030,
	0x2d303030, 0x30303043, 0x3030302d, 0x30303030,
	0x34303030, 0x00547d36, 0x00470000, 0x00540006,
	0x00260000, 0x00000001, 0x307b0000, 0x30303030,
	0x2d383131, 0x30303030, 0x3030302d, 0x30432d30,
	0x302d3030, 0x30303030, 0x30303030, 0x7d363430,
	0x00000001, 0x00000000, 0x000e0000, 0x656c4f49,
	0x65696c43, 0x6953746e, 0x002b6574, 0x00480000,
	0x002b0006, 0x000a0000, 0x00000001, 0x754e0000,
	0x74654d6d, 0x73646f68, 0x00000001, 0x00000000,
	0x00010000, 0x00005639, 0x06004900, 0x00005600,
	0x01001000, 0x00000000, 0x6f725000, 0x74537978,
	0x6c436275, 0x33646973, 0x00000132, 0x00000000,
	0x26000000, 0x30307b00, 0x33303030, 0x302d3032,
	0x2d303030, 0x30303030, 0x3030432d, 0x30302d30,
	0x30303030, 0x30303030, 0x557d3634, 0x4a000000,
	0x55000600, 0x26000000, 0x00000100, 0x7b000000,
	0x30303030, 0x39313130, 0x3030302d, 0x30302d30,
	0x432d3030, 0x2d303030, 0x30303030, 0x30303030,
	0x36343030, 0x0000017d, 0x00000000, 0x0f000000,
	0x6c4f4900, 0x506e4965, 0x6563616c, 0x65746953,
	0x00000053, 0x0006004b, 0x00000053, 0x0001000d,
	0x00000000, 0x65736142, 0x65746e49, 0x63616672,
	0x00000165, 0x00000000, 0x26000000, 0x30307b00,
	0x31303030, 0x302d3431, 0x2d303030, 0x30303030,
	0x3030432d, 0x30302d30, 0x30303030, 0x30303030,
	0x2c7d3634, 0x4c000000, 0x2c000600, 0x0a000000,
	0x00000100, 0x4e000000, 0x654d6d75, 0x646f6874,
	0x00000173, 0x00000000, 0x02000000, 0x56353100,
	0x4d000000, 0x56000600, 0x10000000, 0x00000100,
	0x50000000, 0x79786f72, 0x62757453, 0x69736c43,
	0x01323364, 0x00000000, 0x00000000, 0x7b002600,
	0x30303030, 0x30323330, 0x3030302d, 0x30302d30,
	0x432d3030, 0x2d303030, 0x30303030, 0x30303030,
	0x36343030, 0x0000577d, 0x06004e00, 0x00005700,
	0x01002600, 0x00000000, 0x30307b00, 0x31303030,
	0x302d6131, 0x2d303030, 0x30303030, 0x3030432d,
	0x30302d30, 0x30303030, 0x30303030, 0x017d3634,
	0x00000000, 0x00000000, 0x49001100, 0x73726150,
	0x73694465, 0x79616c70, 0x656d614e, 0x0000002b,
	0x0006004f, 0x0000002b, 0x0001000a, 0x00000000,
	0x4d6d754e, 0x6f687465, 0x00017364, 0x00000000,
	0x00000000, 0x56340001, 0x50000000, 0x56000600,
	0x10000000, 0x00000100, 0x50000000, 0x79786f72,
	0x62757453, 0x69736c43, 0x01323364, 0x00000000,
	0x00000000, 0x7b002600, 0x30303030, 0x30323330,
	0x3030302d, 0x30302d30, 0x432d3030, 0x2d303030,
	0x30303030, 0x30303030, 0x36343030, 0x0000537d,
	0x06005100, 0x00005300, 0x01002600, 0x00000000,
	0x30307b00, 0x31303030, 0x302d6231, 0x2d303030,
	0x30303030, 0x3030432d, 0x30302d30, 0x30303030,
	0x30303030, 0x017d3634, 0x00000000, 0x00000000,
	0x49000d00, 0x43656c4f, 0x61746e6f, 0x72656e69,
	0x00000053, 0x00060052, 0x00000053, 0x0001000d,
	0x00000000, 0x65736142, 0x65746e49, 0x63616672,
	0x00000165, 0x00000000, 0x26000000, 0x30307b00,
	0x31303030, 0x302d6131, 0x2d303030, 0x30303030,
	0x3030432d, 0x30302d30, 0x30303030, 0x30303030,
	0x2b7d3634, 0x53000000, 0x2b000600, 0x0a000000,
	0x00000100, 0x4e000000, 0x654d6d75, 0x646f6874,
	0x00000173, 0x00000000, 0x01000000, 0x00563600,
	0x00540000, 0x00560006, 0x00100000, 0x00000001,
	0x72500000, 0x5379786f, 0x43627574, 0x6469736c,
	0x00013233, 0x00000000, 0x00000000, 0x307b0026,
	0x30303030, 0x2d303233, 0x30303030, 0x3030302d,
	0x30432d30, 0x302d3030, 0x30303030, 0x30303030,
	0x7d363430, 0x00000057, 0x00060055, 0x00000057,
	0x00010026, 0x00000000, 0x3030307b, 0x31313030,
	0x30302d63, 0x302d3030, 0x2d303030, 0x30303043,
	0x3030302d, 0x30303030, 0x34303030, 0x00017d36,
	0x00000000, 0x00000000, 0x4f490011, 0x7449656c,
	0x6f436d65, 0x6961746e, 0x5372656e, 0x56000000,
	0x53000600, 0x0d000000, 0x00000100, 0x42000000,
	0x49657361, 0x7265746e, 0x65636166, 0x00000001,
	0x00000000, 0x00260000, 0x3030307b, 0x31313030,
	0x30302d62, 0x302d3030, 0x2d303030, 0x30303043,
	0x3030302d, 0x30303030, 0x34303030, 0x002b7d36,
	0x00570000, 0x002b0006, 0x000a0000, 0x00000001,
	0x754e0000, 0x74654d6d, 0x73646f68, 0x00000001,
	0x00000000, 0x00010000, 0x00005639, 0x06005800,
	0x00005600, 0x01001000, 0x00000000, 0x6f725000,
	0x74537978, 0x6c436275, 0x33646973, 0x00000132,
	0x00000000, 0x26000000, 0x30307b00, 0x33303030,
	0x302d3032, 0x2d303030, 0x30303030, 0x3030432d,
	0x30302d30, 0x30303030, 0x30303030, 0x4e7d3634,
	0x59000000, 0x4e000600, 0x26000000, 0x00000100,
	0x7b000000, 0x30303030, 0x64313130, 0x3030302d,
	0x30302d30, 0x432d3030, 0x2d303030, 0x30303030,
	0x30303030, 0x36343030, 0x0000017d, 0x00000000,
	0x08000000, 0x6c4f4900, 0x6e694c65, 0x00002c6b,
	0x06005a00, 0x00002c00, 0x01000a00, 0x00000000,
	0x6d754e00, 0x6874654d, 0x0173646f, 0x00000000,
	0x00000000, 0x31000200, 0x00004f34, 0x06005b00,
	0x00004f00, 0x01002600, 0x00000000, 0x30307b00,
	0x31303030, 0x302d6531, 0x2d303030, 0x30303030,
	0x3030432d, 0x30302d30, 0x30303030, 0x30303030,
	0x017d3634, 0x00000000, 0x00000000, 0x49000900,
	0x43656c4f, 0x65686361, 0x0000002b, 0x0006005c,
	0x0000002b, 0x0001000a, 0x00000000, 0x4d6d754e,
	0x6f687465, 0x00017364, 0x00000000, 0x00000000,
	0x51380001, 0x5d000000, 0x51000600, 0x26000000,
	0x00000100, 0x7b000000, 0x30303030, 0x31323130,
	0x3030302d, 0x30302d30, 0x432d3030, 0x2d303030,
	0x30303030, 0x30303030, 0x36343030, 0x0000017d,
	0x00000000, 0x0b000000, 0x72444900, 0x6f53706f,
	0x65637275, 0x0000002b, 0x0006005e, 0x0000002b,
	0x0001000a, 0x00000000, 0x4d6d754e, 0x6f687465,
	0x00017364, 0x00000000, 0x00000000, 0x51350001,
	0x5f000000, 0x51000600, 0x26000000, 0x00000100,
	0x7b000000, 0x30303030, 0x32323130, 0x3030302d,
	0x30302d30, 0x432d3030, 0x2d303030, 0x30303030,
	0x30303030, 0x36343030, 0x0000017d, 0x00000000,
	0x0b000000, 0x72444900, 0x6154706f, 0x74656772,
	0x0000002b, 0x00060060, 0x0000002b, 0x0001000a,
	0x00000000, 0x4d6d754e, 0x6f687465, 0x00017364,
	0x00000000, 0x00000000, 0x56370001, 0x61000000,
	0x56000600, 0x10000000, 0x00000100, 0x50000000,
	0x79786f72, 0x62757453, 0x69736c43, 0x01323364,
	0x00000000, 0x00000000, 0x7b002600, 0x30303030,
	0x30323330, 0x3030302d, 0x30302d30, 0x432d3030,
	0x2d303030, 0x30303030, 0x30303030, 0x36343030,
	0x0000527d, 0x06006200, 0x00005200, 0x01002600,
	0x00000000, 0x30307b00, 0x31303030, 0x302d3432,
	0x2d303030, 0x30303030, 0x3030432d, 0x30302d30,
	0x30303030, 0x30303030, 0x017d3634, 0x00000000,
	0x00000000, 0x49000c00, 0x75626544, 0x72745367,
	0x2c6d6165, 0x63000000, 0x2c000600, 0x0a000000,
	0x00000100, 0x4e000000, 0x654d6d75, 0x646f6874,
	0x00000173, 0x00000000, 0x02000000, 0x52393100,
	0x64000000, 0x52000600, 0x26000000, 0x00000100,
	0x7b000000, 0x30303030, 0x35323130, 0x3030302d,
	0x30302d30, 0x432d3030, 0x2d303030, 0x30303030,
	0x30303030, 0x36343030, 0x0000017d, 0x00000000,
	0x0c000000, 0x64414900, 0x65736976, 0x6b6e6953,
	0x00005332, 0x06006500, 0x00005300, 0x01000d00,
	0x00000000, 0x73614200, 0x746e4965, 0x61667265,
	0x00016563, 0x00000000, 0x00000000, 0x307b0026,
	0x30303030, 0x2d663031, 0x30303030, 0x3030302d,
	0x30432d30, 0x302d3030, 0x30303030, 0x30303030,
	0x7d363430, 0x0000002b, 0x00060066, 0x0000002b,
	0x0001000a, 0x00000000, 0x4d6d754e, 0x6f687465,
	0x00017364, 0x00000000, 0x00000000, 0x56390001,
	0x67000000, 0x56000600, 0x10000000, 0x00000100,
	0x50000000, 0x79786f72, 0x62757453, 0x69736c43,
	0x01323364, 0x00000000, 0x00000000, 0x7b002600,
	0x30303030, 0x30323330, 0x3030302d, 0x30302d30,
	0x432d3030, 0x2d303030, 0x30303030, 0x30303030,
	0x36343030, 0x0000557d, 0x06006800, 0x00005500,
	0x01002600, 0x00000000, 0x30307b00, 0x31303030,
	0x302d3632, 0x2d303030, 0x30303030, 0x3030432d,
	0x30302d30, 0x30303030, 0x30303030, 0x017d3634,
	0x00000000, 0x00000000, 0x49000f00, 0x6e6e7552,
	0x656c6261, 0x656a624f, 0x002b7463, 0x00690000,
	0x002b0006, 0x000a0000, 0x00000001, 0x754e0000,
	0x74654d6d, 0x73646f68, 0x00000001, 0x00000000,
	0x00010000, 0x00005238, 0x06006a00, 0x00005200,
	0x01002600, 0x00000000, 0x30307b00, 0x31303030,
	0x302d3732, 0x2d303030, 0x30303030, 0x3030432d,
	0x30302d30, 0x30303030, 0x30303030, 0x017d3634,
	0x00000000, 0x00000000, 0x49000c00, 0x77656956,
	0x656a624f, 0x53327463, 0x6b000000, 0x53000600,
	0x0d000000, 0x00000100, 0x42000000, 0x49657361,
	0x7265746e, 0x65636166, 0x00000001, 0x00000000,
	0x00260000, 0x3030307b, 0x30313030, 0x30302d64,
	0x302d3030, 0x2d303030, 0x30303043, 0x3030302d,
	0x30303030, 0x34303030, 0x002c7d36, 0x006c0000,
	0x002c0006, 0x000a0000, 0x00000001, 0x754e0000,
	0x74654d6d, 0x73646f68, 0x00000001, 0x00000000,
	0x00020000, 0x00503031, 0x006d0000, 0x00500006,
	0x00260000, 0x00000001, 0x307b0000, 0x30303030,
	0x2d383231, 0x30303030, 0x3030302d, 0x30432d30,
	0x302d3030, 0x30303030, 0x30303030, 0x7d363430,
	0x00000001, 0x00000000, 0x000a0000, 0x656c4f49,
	0x68636143, 0x00533265, 0x006e0000, 0x00530006,
	0x000d0000, 0x00000001, 0x61420000, 0x6e496573,
	0x66726574, 0x01656361, 0x00000000, 0x00000000,
	0x7b002600, 0x30303030, 0x65313130, 0x3030302d,
	0x30302d30, 0x432d3030, 0x2d303030, 0x30303030,
	0x30303030, 0x36343030, 0x00002c7d, 0x06006f00,
	0x00002c00, 0x01000a00, 0x00000000, 0x6d754e00,
	0x6874654d, 0x0173646f, 0x00000000, 0x00000000,
	0x31000200, 0x00005630, 0x06007000, 0x00005600,
	0x01002600, 0x00000000, 0x30307b00, 0x31303030,
	0x302d3932, 0x2d303030, 0x30303030, 0x3030432d,
	0x30302d30, 0x30303030, 0x30303030, 0x017d3634,
	0x00000000, 0x00000000, 0x49001000, 0x43656c4f,
	0x65686361, 0x746e6f43, 0x2b6c6f72, 0x71000000,
	0x2b000600, 0x0a000000, 0x00000100, 0x4e000000,
	0x654d6d75, 0x646f6874, 0x00000173, 0x00000000,
	0x01000000, 0x00563500, 0x00720000, 0x00560006,
	0x00260000, 0x00000001, 0x447b0000, 0x36354635,
	0x2d304439, 0x42333935, 0x3130312d, 0x35422d41,
	0x302d3936, 0x32303038, 0x42443242, 0x7d413746,
	0x00000001, 0x00000000, 0x00100000, 0x46535049,
	0x6f746361, 0x75427972, 0x72656666, 0x0000002b,
	0x00060073, 0x0000002b, 0x0001000a, 0x00000000,
	0x4d6d754e, 0x6f687465, 0x00017364, 0x00000000,
	0x00000000, 0x6d350001, 0x74000000, 0x55000600,
	0x26000000, 0x00000100, 0x7b000000, 0x35463544,
	0x34334136, 0x3339352d, 0x30312d42, 0x422d4131,
	0x2d393635, 0x30303830, 0x44324232, 0x41374642,
	0x0000017d, 0x00000000, 0x0f000000, 0x70524900,
	0x6f725063, 0x75427978, 0x72656666, 0x00000000,
	0x00000000, 0x00000000, 0x00000000, 0x00000000,
	0x00000000, 0x0000002b, 0x00060075, 0x0000002b,
	0x0001000a, 0x00000000, 0x4d6d754e, 0x6f687465,
	0x00017364, 0x00000000, 0x00000000, 0x54350001,
	0x76000000, 0x54000600, 0x26000000, 0x00000100,
	0x7b000000, 0x35463544, 0x43464136, 0x3339352d,
	0x30312d42, 0x422d4131, 0x2d393635, 0x30303830,
	0x44324232, 0x41374642, 0x0000017d, 0x00000000,
	0x0e000000, 0x70524900, 0x75745363, 0x66754262,
	0x2c726566, 0x77000000, 0x2c000600, 0x0a000000,
	0x00000100, 0x4e000000, 0x654d6d75, 0x646f6874,
	0x00000173, 0x00000000, 0x02000000, 0x57303100,
	0x78000000, 0x57000600, 0x26000000, 0x00000100,
	0x7b000000, 0x35463544, 0x30364236, 0x3339352d,
	0x30312d42, 0x422d4131, 0x2d393635, 0x30303830,
	0x44324232, 0x41374642, 0x0000017d, 0x00000000,
	0x11000000, 0x70524900, 0x61684363, 0x6c656e6e,
	0x66667542, 0x002b7265, 0x00790000, 0x002b0006,
	0x000a0000, 0x00000001, 0x754e0000, 0x74654d6d,
	0x73646f68, 0x00000001, 0x00000000, 0x00010000,
	0x00005738, 0x06007a00, 0x00005700, 0x01002600,
	0x00000000, 0x30307b00, 0x30303330, 0x302d3730,
	0x2d303030, 0x30303030, 0x3030432d, 0x30302d30,
	0x30303030, 0x30303030, 0x017d3634, 0x00000000,
	0x00000000, 0x4d001100, 0x6f726369, 0x74666f73,
	0x61724420, 0x676e6977, 0x0000002c, 0x0006007b,
	0x0000002c, 0x00010006, 0x00000000, 0x676f7250,
	0x00014449, 0x00000000, 0x00000000, 0x534d0006,
	0x77617244, 0x0000002f, 0x0006007c, 0x0000002f,
	0x00010009, 0x00000000, 0x31656c4f, 0x73616c43,
	0x00000173, 0x00000000, 0x06000000, 0x44534d00,
	0x2d776172, 0x7d000000, 0x2d000600, 0x0a000000,
	0x00000100, 0x4d000000, 0x53637369, 0x75746174,
	0x00000173, 0x00000000, 0x03000000, 0x32313500,
	0x0000002e, 0x0006007e, 0x0000002e, 0x00010007,
	0x00000000, 0x6b636150, 0x01656761, 0x00000000,
	0x00000000, 0xca000700, 0xb0b9afdf, 0x004bdebc,
	0x007f0000, 0x004b0006, 0x00050000, 0x00000001,
	0x4c430000, 0x01444953, 0x00000000, 0x00000000,
	0x7b002600, 0x33303030, 0x43303030, 0x3030302d,
	0x30302d30, 0x432d3030, 0x2d303030, 0x30303030,
	0x30303030, 0x36343030, 0x0000297d, 0x06008000,
	0x00001c00, 0x00000800, 0x00000000, 0x6f727000,
	0x6f636f74, 0x0000006c, 0x00000000, 0x00000000,
	0x002f0000, 0x00810000, 0x00220006, 0x000e0000,
	0x00000000, 0x74530000, 0x6c694664, 0x69644565,
	0x676e6974, 0x00000000, 0x00000000, 0x00000000,
	0x00003200, 0x06008200, 0x00003200, 0x01000600,
	0x00000000, 0x72657300, 0x01726576, 0x00000000,
	0x00000000, 0x70000c00, 0x616b6361, 0x2e726567,
	0x25657865, 0x83000000, 0x18000600, 0x04000000,
	0x00000000, 0x76000000, 0x00627265, 0x00000000,
	0x00000000, 0x00000000, 0x0000002f, 0x00060084,
	0x0000002f, 0x00010001, 0x00000000, 0x00000130,
	0x00000000, 0x0e000000, 0x97e09300, 0x8df08265,
	0x28b690c4, 0x32294126, 0x85000000, 0x32000600,
	0x01000000, 0x00000100, 0x31000000, 0x00000001,
	0x00000000, 0x00110000, 0xb9afdfca, 0x82debcb0,
	0x8fd295cc, 0x45262857, 0x00004d29, 0x06008600,
	0x00004d00, 0x01002600, 0x00000000, 0x30307b00,
	0x30303330, 0x302d4330, 0x2d303030, 0x30303030,
	0x3030432d, 0x30302d30, 0x30303030, 0x30303030,
	0x017d3634, 0x00000000, 0x00000000, 0xca000700,
	0xb0b9afdf, 0x0030debc, 0x00870000, 0x00300006,
	0x00090000, 0x00000001, 0x6c4f0000, 0x6c433165,
	0x01737361, 0x00000000, 0x00000000, 0x50000700,
	0x616b6361, 0x002d6567, 0x00880000, 0x002d0006,
	0x00060000, 0x00000001, 0x72500000, 0x4449676f,
	0x00000001, 0x00000000, 0x00070000, 0x6b636150,
	0x24656761, 0x89000000, 0x17000600, 0x03000000,
	0x00000000, 0x52000000, 0x00006370, 0x00000000,
	0x00000000, 0x4f000000, 0x8c000000, 0x4f000600,
	0x26000000, 0x00000100, 0x7b000000, 0x32303030,
	0x30303430, 0x3030302d, 0x30302d30, 0x432d3030,
	0x2d303030, 0x30303030, 0x30303030, 0x36343030,
	0x0000017d, 0x00000000, 0x09000000, 0x69444900,
	0x74617073, 0x00546863, 0x008d0000, 0x00540006,
	0x000e0000, 0x00000001, 0x72500000, 0x5379786f,
	0x43627574, 0x6469736c, 0x00000001, 0x00000000,
	0x00260000, 0x3030307b, 0x32343032, 0x30302d30,
	0x302d3030, 0x2d303030, 0x30303043, 0x3030302d,
	0x30303030, 0x34303030, 0x00567d36, 0x008e0000,
	0x00560006, 0x00100000, 0x00000001, 0x72500000,
	0x5379786f, 0x43627574, 0x6469736c, 0x00013233,
	0x00000000, 0x00000000, 0x307b0026, 0x30323030,
	0x2d303234, 0x30303030, 0x3030302d, 0x30432d30,
	0x302d3030, 0x30303030, 0x30303030, 0x7d363430,
	0x0000002b, 0x0006008f, 0x0000002b, 0x0001000a,
	0x00000000, 0x4d6d754e, 0x6f687465, 0x00017364,
	0x00000000, 0x00000000, 0x52370001, 0x90000000,
	0x52000600, 0x26000000, 0x00000100, 0x7b000000,
	0x32303030, 0x34303430, 0x3030302d, 0x30302d30,
	0x432d3030, 0x2d303030, 0x30303030, 0x30303030,
	0x36343030, 0x0000017d, 0x00000000, 0x0c000000,
	0x6e454900, 0x41566d75, 0x4e414952, 0x00005454,
	0x06009100, 0x00005400, 0x01000e00, 0x00000000,
	0x6f725000, 0x74537978, 0x6c436275, 0x01646973,
	0x00000000, 0x00000000, 0x7b002600, 0x32303030,
	0x31323430, 0x3030302d, 0x30302d30, 0x432d3030,
	0x2d303030, 0x30303030, 0x30303030, 0x36343030,
	0x0000567d, 0x06009200, 0x00005600, 0x01001000,
	0x00000000, 0x6f725000, 0x74537978, 0x6c436275,
	0x33646973, 0x00000132, 0x00000000, 0x26000000,
	0x30307b00, 0x34303230, 0x302d3132, 0x2d303030,
	0x30303030, 0x3030432d, 0x30302d30, 0x30303030,
	0x30303030, 0x2b7d3634, 0x93000000, 0x2b000600,
	0x0a000000, 0x00000100, 0x4e000000, 0x654d6d75,
	0x646f6874, 0x00000173, 0x00000000, 0x01000000,
	0x004f3700, 0x00940000, 0x004f0006, 0x00260000,
	0x00000001, 0x307b0000, 0x30323030, 0x2d313034,
	0x30303030, 0x3030302d, 0x30432d30, 0x302d3030,
	0x30303030, 0x30303030, 0x7d363430, 0x00000001,
	0x00000000, 0x00090000, 0x70795449, 0x666e4965,
	0x0000546f, 0x06009500, 0x00005400, 0x01000e00,
	0x00000000, 0x6f725000, 0x74537978, 0x6c436275,
	0x01646973, 0x00000000, 0x00000000, 0x7b002600,
	0x32303030, 0x32323430, 0x3030302d, 0x30302d30,
	0x432d3030, 0x2d303030, 0x30303030, 0x30303030,
	0x36343030, 0x0000567d, 0x06009600, 0x00005600,
	0x01001000, 0x00000000, 0x6f725000, 0x74537978,
	0x6c436275, 0x33646973, 0x00000132, 0x00000000,
	0x26000000, 0x30307b00, 0x34303230, 0x302d3232,
	0x2d303030, 0x30303030, 0x3030432d, 0x30302d30,
	0x30303030, 0x30303030, 0x2c7d3634, 0x97000000,
	0x2c000600, 0x0a000000, 0x00000100, 0x4e000000,
	0x654d6d75, 0x646f6874, 0x00000173, 0x00000000,
	0x02000000, 0x4e323200, 0x98000000, 0x4e000600,
	0x26000000, 0x00000100, 0x7b000000, 0x32303030,
	0x32303430, 0x3030302d, 0x30302d30, 0x432d3030,
	0x2d303030, 0x30303030, 0x30303030, 0x36343030,
	0x0000017d, 0x00000000, 0x08000000, 0x79544900,
	0x694c6570, 0x00005462, 0x06009900, 0x00005400,
	0x01000e00, 0x00000000, 0x6f725000, 0x74537978,
	0x6c436275, 0x01646973, 0x00000000, 0x00000000,
	0x7b002600, 0x32303030, 0x33323430, 0x3030302d,
	0x30302d30, 0x432d3030, 0x2d303030, 0x30303030,
	0x30303030, 0x36343030, 0x0000567d, 0x06009a00,
	0x00005600, 0x01001000, 0x00000000, 0x6f725000,
	0x74537978, 0x6c436275, 0x33646973, 0x00000132,
	0x00000000, 0x26000000, 0x30307b00, 0x34303230,
	0x302d3332, 0x2d303030, 0x30303030, 0x3030432d,
	0x30302d30, 0x30303030, 0x30303030, 0x2c7d3634,
	0x9b000000, 0x2c000600, 0x0a000000, 0x00000100,
	0x4e000000, 0x654d6d75, 0x646f6874, 0x00000173,
	0x00000000, 0x02000000, 0x4f333100, 0x9c000000,
	0x4f000600, 0x26000000, 0x00000100, 0x7b000000,
	0x32303030, 0x33303430, 0x3030302d, 0x30302d30,
	0x432d3030, 0x2d303030, 0x30303030, 0x30303030,
	0x36343030, 0x0000017d, 0x00000000, 0x09000000,
	0x79544900, 0x6f436570, 0x0054706d, 0x009d0000,
	0x00540006, 0x000e0000, 0x00000001, 0x72500000,
	0x5379786f, 0x43627574, 0x6469736c, 0x00000001,
	0x00000000, 0x00260000, 0x3030307b, 0x32343032,
	0x30302d35, 0x302d3030, 0x2d303030, 0x30303043,
	0x3030302d, 0x30303030, 0x34303030, 0x00567d36,
	0x009e0000, 0x00560006, 0x00100000, 0x00000001,
	0x72500000, 0x5379786f, 0x43627574, 0x6469736c,
	0x00013233, 0x00000000, 0x00000000, 0x307b0026,
	0x30323030, 0x2d353234, 0x30303030, 0x3030302d,
	0x30432d30, 0x302d3030, 0x30303030, 0x30303030,
	0x7d363430, 0x0000002b, 0x0006009f, 0x0000002b,
	0x0001000a, 0x00000000, 0x4d6d754e, 0x6f687465,
	0x00017364, 0x00000000, 0x00000000, 0x55350001,
	0xa0000000, 0x55000600, 0x26000000, 0x00000100,
	0x7b000000, 0x32303030, 0x35303430, 0x3030302d,
	0x30302d30, 0x432d3030, 0x2d303030, 0x30303030,
	0x30303030, 0x36343030, 0x0000017d, 0x00000000,
	0x0f000000, 0x72434900, 0x65746165, 0x65707954,
	0x6f666e49, 0x0000002c, 0x000600a1, 0x0000002c,
	0x0001000a, 0x00000000, 0x4d6d754e, 0x6f687465,
	0x00017364, 0x00000000, 0x00000000, 0x36320002,
	0x00000054, 0x000600a2, 0x00000054, 0x00010026,
	0x00000000, 0x3030307b, 0x30343032, 0x30302d36,
	0x302d3030, 0x2d303030, 0x30303043, 0x3030302d,
	0x30303030, 0x34303030, 0x00017d36, 0x00000000,
	0x00000000, 0x4349000e, 0x74616572, 0x70795465,
	0x62694c65, 0x0000002c, 0x000600a3, 0x0000002c,
	0x0001000a, 0x00000000, 0x4d6d754e, 0x6f687465,
	0x00017364, 0x00000000, 0x00000000, 0x33310002,
	0x00000047, 0x000600a5, 0x00000046, 0x00010026,
	0x00000000, 0x3030307b, 0x33343032, 0x30302d30,
	0x302d3030, 0x2d303030, 0x30303043, 0x3030302d,
	0x30303030, 0x34303030, 0x00017d36, 0x00000000,
	0x00000000, 0x31000000, 0xa6000000, 0x31000600,
	0x03000000, 0x00000100, 0x31000000, 0x0001302e,
	0x00000000, 0x00000000, 0x4c4f000e, 0x75412045,
	0x616d6f74, 0x6e6f6974, 0x00000028, 0x000600a7,
	0x00000027, 0x00010007, 0x00000000, 0x504c4548,
	0x01524944, 0x00000000, 0x00000000, 0x00000000,
	0x00000022, 0x000600a8, 0x00000015, 0x00000001,
	0x00000000, 0x00000030, 0x00000000, 0x00000000,
	0x002f0000, 0x00a90000, 0x002f0006, 0x00050000,
	0x00000001, 0x69770000, 0x0136316e, 0x00000000,
	0x00000000, 0x73000a00, 0x6c6f6474, 0x6c742e65,
	0x00005062, 0x0600ab00, 0x00005000, 0x01002600,
	0x00000000, 0x30307b00, 0x34303230, 0x302d3032,
	0x2d303030, 0x30303030, 0x3030432d, 0x30302d30,
	0x30303030, 0x30303030, 0x017d3634, 0x00000000,
	0x00000000, 0x50000a00, 0x73694453, 0x63746170,
	0x00005d68, 0x0600ac00, 0x00005800, 0x02000e00,
	0x00000000, 0x706e4900, 0x53636f72, 0x65767265,
	0x01323372, 0x00000000, 0x00000000, 0x6f000c00,
	0x7561656c, 0x2e323374, 0x016c6c64, 0x00000000,
	0x0e000000, 0x54000400, 0x61657268, 0x676e6964,
	0x65646f4d, 0x746f426c, 0x656d7468, 0x0038746e,
	0x00ad0000, 0x00380006, 0x000c0000, 0x00000001,
	0x6e490000, 0x636f7270, 0x76726553, 0x00017265,
	0x00000000, 0x00000000, 0x6c6f000c, 0x69643265,
	0x642e7073, 0x00506c6c, 0x00ae0000, 0x00500006,
	0x00260000, 0x00000001, 0x307b0000, 0x30323030,
	0x2d323234, 0x30303030, 0x3030302d, 0x30432d30,
	0x302d3030, 0x30303030, 0x30303030, 0x7d363430,
	0x00000001, 0x00000000, 0x000a0000, 0x79545350,
	0x6e496570, 0x005d6f66, 0x00af0000, 0x00580006,
	0x000e0000, 0x00000002, 0x6e490000, 0x636f7270,
	0x76726553, 0x32337265, 0x00000001, 0x00000000,
	0x000c0000, 0x61656c6f, 0x32337475, 0x6c6c642e,
	0x00000001, 0x00000000, 0x0004000e, 0x65726854,
	0x6e696461, 0x646f4d67, 0x6f426c65, 0x6d746874,
	0x38746e65, 0xb0000000, 0x38000600, 0x0c000000,
	0x00000100, 0x49000000, 0x6f72706e, 0x72655363,
	0x01726576, 0x00000000, 0x00000000, 0x6f000c00,
	0x6432656c, 0x2e707369, 0x536c6c64, 0xb1000000,
	0x53000600, 0x26000000, 0x00000100, 0x7b000000,
	0x32303030, 0x31323430, 0x3030302d, 0x30302d30,
	0x432d3030, 0x2d303030, 0x30303030, 0x30303030,
	0x36343030, 0x0000017d, 0x00000000, 0x0d000000,
	0x45535000, 0x566d756e, 0x41495241, 0x005d544e,
	0x00b20000, 0x00580006, 0x000e0000, 0x00000002,
	0x6e490000, 0x636f7270, 0x76726553, 0x32337265,
	0x00000001, 0x00000000, 0x000c0000, 0x61656c6f,
	0x32337475, 0x6c6c642e, 0x00000001, 0x00000000,
	0x0004000e, 0x65726854, 0x6e696461, 0x646f4d67,
	0x6f426c65, 0x6d746874, 0x38746e65, 0xb3000000,
	0x38000600, 0x0c000000, 0x00000100, 0x49000000,
	0x6f72706e, 0x72655363, 0x01726576, 0x00000000,
	0x00000000, 0x6f000c00, 0x6432656c, 0x2e707369,
	0x6e6c6c64, 0xb4000000, 0x4f000600, 0x26000000,
	0x00000100, 0x7b000000, 0x32303030, 0x33323430,
	0x3030302d, 0x30302d30, 0x432d3030, 0x2d303030,
	0x30303030, 0x30303030, 0x36343030, 0x0000017d,
	0x00000000, 0x09000000, 0x54535000, 0x4c657079,
	0x00006269, 0x00000000, 0x00000000, 0x00000000,
	0x00000000, 0x00000000, 0x00000000, 0x00000000,
	0x00005d00, 0x0600b500, 0x00005800, 0x02000e00,
	0x00000000, 0x706e4900, 0x53636f72, 0x65767265,
	0x01323372, 0x00000000, 0x00000000, 0x6f000c00,
	0x7561656c, 0x2e323374, 0x016c6c64, 0x00000000,
	0x0e000000, 0x54000400, 0x61657268, 0x676e6964,
	0x65646f4d, 0x746f426c, 0x656d7468, 0x0038746e,
	0x00b60000, 0x00380006, 0x000c0000, 0x00000001,
	0x6e490000, 0x636f7270, 0x76726553, 0x00017265,
	0x00000000, 0x00000000, 0x6c6f000c, 0x69643265,
	0x642e7073, 0x00506c6c, 0x00b70000, 0x00500006,
	0x00260000, 0x00000001, 0x307b0000, 0x30323030,
	0x2d353234, 0x30303030, 0x3030302d, 0x30432d30,
	0x302d3030, 0x30303030, 0x30303030, 0x7d363430,
	0x00000001, 0x00000000, 0x000a0000, 0x79545350,
	0x6f436570, 0x005d706d, 0x00b80000, 0x00580006,
	0x000e0000, 0x00000002, 0x6e490000, 0x636f7270,
	0x76726553, 0x32337265, 0x00000001, 0x00000000,
	0x000c0000, 0x61656c6f, 0x32337475, 0x6c6c642e,
	0x00000001, 0x00000000, 0x0004000e, 0x65726854,
	0x6e696461, 0x646f4d67, 0x6f426c65, 0x6d746874,
	0x38746e65, 0xb9000000, 0x38000600, 0x0c000000,
	0x00000100, 0x49000000, 0x6f72706e, 0x72655363,
	0x01726576, 0x00000000, 0x00000000, 0x6f000c00,
	0x6432656c, 0x2e707369, 0x526c6c64, 0xba000000,
	0x52000600, 0x26000000, 0x00000100, 0x7b000000,
	0x32303030, 0x34323430, 0x3030302d, 0x30302d30,
	0x432d3030, 0x2d303030, 0x30303030, 0x30303030,
	0x36343030, 0x0000017d, 0x00000000, 0x0c000000,
	0x41535000, 0x6d6f7475, 0x6f697461, 0x00005d6e,
	0x0600bb00, 0x00005800, 0x02000e00, 0x00000000,
	0x706e4900, 0x53636f72, 0x65767265, 0x01323372,
	0x00000000, 0x00000000, 0x6f000c00, 0x7561656c,
	0x2e323374, 0x016c6c64, 0x00000000, 0x0e000000,
	0x54000400, 0x61657268, 0x676e6964, 0x65646f4d,
	0x746f426c, 0x656d7468, 0x0038746e, 0x00bc0000,
	0x00380006, 0x000c0000, 0x00000001, 0x6e490000,
	0x636f7270, 0x76726553, 0x00017265, 0x00000000,
	0x00000000, 0x6c6f000c, 0x69643265, 0x642e7073,
	0x00586c6c, 0x00bd0000, 0x00580006, 0x00260000,
	0x00000001, 0x447b0000, 0x33423046, 0x2d303644,
	0x46383435, 0x3130312d, 0x45382d42, 0x302d3536,
	0x32303038, 0x44423242, 0x7d393131, 0x00000001,
	0x00000000, 0x00120000, 0x75535350, 0x726f7070,
	0x72724574, 0x6e49726f, 0x00386f66, 0x00be0000,
	0x00380006, 0x000c0000, 0x00000001, 0x6e490000,
	0x636f7270, 0x76726553, 0x00017265, 0x00000000,
	0x00000000, 0x6c6f000c, 0x69643265, 0x642e7073,
	0x003a6c6c, 0x00bf0000, 0x003a0006, 0x000e0000,
	0x00000001, 0x6e490000, 0x636f7270, 0x76726553,
	0x32337265, 0x00000001, 0x00000000, 0x000c0000,
	0x61656c6f, 0x32337475, 0x6c6c642e, 0x00000057,
	0x000600c0, 0x00000057, 0x00010026, 0x00000000,
	0x3046447b, 0x36443342, 0x34352d30, 0x312d4638,
	0x2d423130, 0x35364538, 0x3038302d, 0x32423230,
	0x31314442, 0x00017d39, 0x00000000, 0x00000000,
	0x53490011, 0x6f707075, 0x72457472, 0x49726f72,
	0x2b6f666e, 0xc1000000, 0x2b000600, 0x0a000000,
	0x00000100, 0x4e000000, 0x654d6d75, 0x646f6874,
	0x00000173, 0x00000000, 0x01000000, 0x00543400,
	0x00c20000, 0x00540006, 0x000e0000, 0x00000001,
	0x72500000, 0x5379786f, 0x43627574, 0x6469736c,
	0x00000001, 0x00000000, 0x00260000, 0x3046447b,
	0x36443342, 0x34352d30, 0x312d4638, 0x2d423130,
	0x35364538, 0x3038302d, 0x32423230, 0x31314442,
	0x00567d39, 0x00c30000, 0x00560006, 0x00100000,
	0x00000001, 0x72500000, 0x5379786f, 0x43627574,
	0x6469736c, 0x00013233, 0x00000000, 0x00000000,
	0x447b0026, 0x33423046, 0x2d303644, 0x46383435,
	0x3130312d, 0x45382d42, 0x302d3536, 0x32303038,
	0x44423242, 0x7d393131, 0x00000050, 0x000600c4,
	0x00000050, 0x00010026, 0x00000000, 0x3334657b,
	0x62626536, 0x32352d32, 0x312d6634, 0x2d656331,
	0x33356639, 0x3230302d, 0x30666130, 0x37376162,
	0x00017d30, 0x00000000, 0x00000000, 0xa8cc000a,
	0xcf20c0d9, 0xb0dfcaaf, 0x00000068, 0x000600c5,
	0x00000068, 0x0002000e, 0x00000000, 0x72706e49,
	0x6553636f, 0x72657672, 0x00013233, 0x00000000,
	0x00000000, 0x3a43001c, 0x4e49575c, 0x53574f44,
	0x5359535c, 0x5c4d4554, 0x72617571, 0x642e7a74,
	0x00016c6c, 0x00000000, 0x000e0000, 0x68540004,
	0x64616572, 0x4d676e69, 0x6c65646f, 0x68746f42,
	0x0000004f, 0x000600c6, 0x0000004f, 0x00010026,
	0x00000000, 0x3334657b, 0x62626536, 0x32352d33,
	0x312d6634, 0x2d656331, 0x33356639, 0x3230302d,
	0x30666130, 0x37376162, 0x00017d30, 0x00000000,
	0x00000000, 0xa8cc0009, 0xb820c0d9, 0x68ccd7de,
	0xc7000000, 0x68000600, 0x0e000000, 0x00000200,
	0x49000000, 0x6f72706e, 0x72655363, 0x33726576,
	0x00000132, 0x00000000, 0x1c000000, 0x5c3a4300,
	0x444e4957, 0x5c53574f, 0x54535953, 0x715c4d45,
	0x74726175, 0x6c642e7a, 0x0000016c, 0x00000000,
	0x04000e00, 0x72685400, 0x69646165, 0x6f4d676e,
	0x426c6564, 0x4f68746f, 0xc8000000, 0x4f000600,
	0x26000000, 0x00000100, 0x7b000000, 0x36333465,
	0x31626265, 0x3432352d, 0x31312d66, 0x392d6563,
	0x2d333566, 0x30323030, 0x62306661, 0x30373761,
	0x0000017d, 0x00000000, 0x09000000, 0xc3bdbc00,
	0xdbb820d1, 0x0068b8af, 0x00c90000, 0x00680006,
	0x000e0000, 0x00000002, 0x6e490000, 0x636f7270,
	0x76726553, 0x32337265, 0x00000001, 0x00000000,
	0x001c0000, 0x575c3a43, 0x4f444e49, 0x535c5357,
	0x45545359, 0x75715c4d, 0x7a747261, 0x6c6c642e,
	0x00000001, 0x00000000, 0x0004000e, 0x65726854,
	0x6e696461, 0x646f4d67, 0x6f426c65, 0x004d6874,
	0x00ca0000, 0x004d0006, 0x00070000, 0x00000001,
	0x79540000, 0x694c6570, 0x00000162, 0x00000000,
	0x26000000, 0x36357b00, 0x38363861, 0x302d3062,
	0x2d346461, 0x65633131, 0x3330622d, 0x30302d61,
	0x66613032, 0x37616230, 0x357d3037, 0xcb000000,
	0x35000600, 0x06000000, 0x00000100, 0x50000000,
	0x49676f72, 0x00000144, 0x00000000, 0x0f000000,
	0x6c694600, 0x70617267, 0x6e614d68, 0x72656761,
	0x00000047, 0x000600cc, 0x0000003a, 0x00000026,
	0x00000000, 0x6136357b, 0x62383638, 0x61302d30,
	0x312d3464, 0x2d656331, 0x61333062, 0x3230302d,
	0x30666130, 0x37376162, 0x00007d30, 0x00000000,
	0x00000000, 0x24000000, 0xcd000000, 0x17000600,
	0x03000000, 0x00000000, 0x31000000, 0x0000302e,
	0x00000000, 0x00000000, 0x22000000, 0xce000000,
	0x15000600, 0x01000000, 0x00000000, 0x30000000,
	0x00000000, 0x00000000, 0x00000000, 0x00004100,
	0x0600cf00, 0x00004100, 0x01000500, 0x00000000,
	0x6e697700, 0x00013233, 0x00000000, 0x00000000,
	0x3a43001c, 0x4e49575c, 0x53574f44, 0x5359535c,
	0x5c4d4554, 0x72617571, 0x642e7a74, 0x006a6c6c,
	0x00d00000, 0x006a0006, 0x00260000, 0x00000001,
	0x657b0000, 0x65363334, 0x2d346262, 0x66343235,
	0x6331312d, 0x66392d65, 0x302d3335, 0x61303230,
	0x61623066, 0x7d303737, 0x00000001, 0x00000000,
	0x00240000, 0xc0d9a8cc, 0xd7deb820, 0xddba20cc,
	0xd9b0dbc4, 0xd7dfcc20, 0xddb2deb8, 0xa8dec320,
	0xcbd8c4bd, 0xc0b0adde, 0x00000068, 0x000600d1,
	0x00000068, 0x0002000e, 0x00000000, 0x72706e49,
	0x6553636f, 0x72657672, 0x00013233, 0x00000000,
	0x00000000, 0x3a43001c, 0x4e49575c, 0x53574f44,
	0x5359535c, 0x5c4d4554, 0x72617571, 0x642e7a74,
	0x00016c6c, 0x00000000, 0x000e0000, 0x68540004,
	0x64616572, 0x4d676e69, 0x6c65646f, 0x68746f42,
	0x00000054, 0x000600d2, 0x00000054, 0x00010026,
	0x00000000, 0x6136357b, 0x62383638, 0x61302d32,
	0x312d3464, 0x2d656331, 0x61333062, 0x3230302d,
	0x30666130, 0x37376162, 0x00017d30, 0x00000000,
	0x00000000, 0x4d49000e, 0x61696465, 0x69736f50,
	0x6e6f6974, 0x00000051, 0x000600d3, 0x00000051,
	0x0001000b, 0x00000000, 0x74736944, 0x75626972,
	0x01726f74, 0x00000000, 0x00000000, 0x7b002600,
	0x36333465, 0x34626265, 0x3432352d, 0x31312d66,
	0x392d6563, 0x2d333566, 0x30323030, 0x62306661,
	0x30373761, 0x0000537d, 0x0600d400, 0x00005300,
	0x01002600, 0x00000000, 0x36337b00, 0x38333762,
	0x632d3038, 0x2d386332, 0x66633131, 0x3462382d,
	0x30302d36, 0x66353038, 0x66656336, 0x017d3036,
	0x00000000, 0x00000000, 0x49000d00, 0x6964654d,
	0x65655361, 0x676e696b, 0x00000051, 0x000600d5,
	0x00000051, 0x0001000b, 0x00000000, 0x74736944,
	0x75626972, 0x01726f74, 0x00000000, 0x00000000,
	0x7b002600, 0x36333465, 0x34626265, 0x3432352d,
	0x31312d66, 0x392d6563, 0x2d333566, 0x30323030,
	0x62306661, 0x30373761, 0x0000517d, 0x0600d600,
	0x00005100, 0x01002600, 0x00000000, 0x36357b00,
	0x38363861, 0x302d3362, 0x2d346461, 0x65633131,
	0x3330622d, 0x30302d61, 0x66613032, 0x37616230,
	0x017d3037, 0x00000000, 0x00000000, 0x49000b00,
	0x69736142, 0x64754163, 0x00516f69, 0x00d70000,
	0x00510006, 0x000b0000, 0x00000001, 0x69440000,
	0x69727473, 0x6f747562, 0x00000172, 0x00000000,
	0x26000000, 0x34657b00, 0x62653633, 0x352d3462,
	0x2d663432, 0x65633131, 0x3566392d, 0x30302d33,
	0x66613032, 0x37616230, 0x527d3037, 0xd8000000,
	0x52000600, 0x26000000, 0x00000100, 0x7b000000,
	0x38613635, 0x34623836, 0x6461302d, 0x31312d34,
	0x622d6563, 0x2d613330, 0x30323030, 0x62306661,
	0x30373761, 0x0000017d, 0x00000000, 0x0c000000,
	0x69564900, 0x576f6564, 0x6f646e69, 0x00005177,
	0x0600d900, 0x00005100, 0x01000b00, 0x00000000,
	0x73694400, 0x62697274, 0x726f7475, 0x00000001,
	0x00000000, 0x00260000, 0x3334657b, 0x62626536,
	0x32352d34, 0x312d6634, 0x2d656331, 0x33356639,
	0x3230302d, 0x30666130, 0x37376162, 0x00517d30,
	0x00da0000, 0x00510006, 0x00260000, 0x00000001,
	0x357b0000, 0x36386136, 0x2d356238, 0x34646130,
	0x6331312d, 0x30622d65, 0x302d6133, 0x61303230,
	0x61623066, 0x7d303737, 0x00000001, 0x00000000,
	0x000b0000, 0x73614249, 0x69566369, 0x516f6564,
	0xdb000000, 0x51000600, 0x0b000000, 0x00000100,
	0x44000000, 0x72747369, 0x74756269, 0x0001726f,
	0x00000000, 0x00000000, 0x657b0026, 0x65363334,
	0x2d346262, 0x66343235, 0x6331312d, 0x66392d65,
	0x302d3335, 0x61303230, 0x61623066, 0x7d303737,
	0x00000051, 0x000600dc, 0x00000051, 0x00010026,
	0x00000000, 0x6136357b, 0x62383638, 0x61302d36,
	0x312d3464, 0x2d656331, 0x61333062, 0x3230302d,
	0x30666130, 0x37376162, 0x00017d30, 0x00000000,
	0x00000000, 0x4d49000b, 0x61696465, 0x6e657645,
	0x00005174, 0x0600dd00, 0x00005100, 0x01000b00,
	0x00000000, 0x73694400, 0x62697274, 0x726f7475,
	0x00000001, 0x00000000, 0x00260000, 0x3334657b,
	0x62626536, 0x32352d34, 0x312d6634, 0x2d656331,
	0x33356639, 0x3230302d, 0x30666130, 0x37376162,
	0x00537d30, 0x00de0000, 0x00530006, 0x00260000,
	0x00000001, 0x357b0000, 0x36386136, 0x2d376238,
	0x34646130, 0x6331312d, 0x30622d65, 0x302d6133,
	0x61303230, 0x61623066, 0x7d303737, 0x00000001,
	0x00000000, 0x000d0000, 0x65755149, 0x6f436575,
	0x6e616d6d, 0x00005164, 0x0600df00, 0x00005100,
	0x01000b00, 0x00000000, 0x73694400, 0x62697274,
	0x726f7475, 0x00000001, 0x00000000, 0x00260000,
	0x3334657b, 0x62626536, 0x32352d34, 0x312d6634,
	0x2d656331, 0x33356639, 0x3230302d, 0x30666130,
	0x37376162, 0x00557d30, 0x00e00000, 0x00550006,
	0x00260000, 0x00000001, 0x357b0000, 0x36386136,
	0x2d326138, 0x34646130, 0x6331312d, 0x30622d65,
	0x302d6133, 0x61303230, 0x61623066, 0x7d303737,
	0x00000001, 0x00000000, 0x000f0000, 0x64654d49,
	0x76456169, 0x53746e65, 0x516b6e69, 0xe1000000,
	0x51000600, 0x0b000000, 0x00000100, 0x44000000,
	0x72747369, 0x74756269, 0x0001726f, 0x00000000,
	0x00000000, 0x657b0026, 0x65363334, 0x2d346262,
	0x66343235, 0x6331312d, 0x66392d65, 0x302d3335,
	0x61303230, 0x61623066, 0x7d303737, 0x00000053,
	0x000600e2, 0x00000053, 0x00010026, 0x00000000,
	0x6136357b, 0x62383638, 0x61302d31, 0x312d3464,
	0x2d656331, 0x61333062, 0x3230302d, 0x30666130,
	0x37376162, 0x00017d30, 0x00000000, 0x00000000,
	0x4d49000d, 0x61696465, 0x746e6f43, 0x516c6f72,
	0xe3000000, 0x51000600, 0x0b000000, 0x00000100,
	0x44000000, 0x72747369, 0x74756269, 0x0001726f,
	0x00000000, 0x00000000, 0x657b0026, 0x65363334,
	0x2d346262, 0x66343235, 0x6331312d, 0x66392d65,
	0x302d3335, 0x61303230, 0x61623066, 0x7d303737,
	0x00000056, 0x000600e4, 0x00000056, 0x00010026,
	0x00000000, 0x6136357b, 0x61383638, 0x61302d63,
	0x312d3464, 0x2d656331, 0x61333062, 0x3230302d,
	0x30666130, 0x37376162, 0x00017d30, 0x00000000,
	0x00000000, 0x52490010, 0x756f7365, 0x4d656372,
	0x67616e61, 0x00517265, 0x00e50000, 0x00510006,
	0x000b0000, 0x00000001, 0x69440000, 0x69727473,
	0x6f747562, 0x00000172, 0x00000000, 0x26000000,
	0x34657b00, 0x62653633, 0x352d3462, 0x2d663432,
	0x65633131, 0x3566392d, 0x30302d33, 0x66613032,
	0x37616230, 0x6a7d3037, 0xe6000000, 0x6a000600,
	0x26000000, 0x00000100, 0x7b000000, 0x36333465,
	0x37626265, 0x3432352d, 0x31312d66, 0x392d6563,
	0x2d333566, 0x30323030, 0x62306661, 0x30373761,
	0x0000017d, 0x00000000, 0x24000000, 0x65504900,
	0x73697372, 0x6f4d2074, 0x656b696e, 0xdfcc2072,
	0xb2deb8d7, 0xdec320dd, 0xd8c4bda8, 0xb0addecb,
	0x000090c0, 0x0600e700, 0x00006800, 0x02000e00,
	0x00000000, 0x706e4900, 0x53636f72, 0x65767265,
	0x01323372, 0x00000000, 0x00000000, 0x43001c00,
	0x49575c3a, 0x574f444e, 0x59535c53, 0x4d455453,
	0x6175715c, 0x2e7a7472, 0x016c6c64, 0x00000000,
	0x0e000000, 0x54000400, 0x61657268, 0x676e6964,
	0x65646f4d, 0x746f426c, 0x00000068, 0x00000000,
	0x00000000, 0x00000000, 0x00000000, 0x00000000,
	0x00000000, 0x00000000, 0x00000000, 0x00000000,
	0x00005100, 0x0600e800, 0x00005100, 0x01000b00,
	0x00000000, 0x73694400, 0x62697274, 0x726f7475,
	0x00000001, 0x00000000, 0x00260000, 0x3334657b,
	0x62626536, 0x32352d37, 0x312d6634, 0x2d656331,
	0x33356639, 0x3230302d, 0x30666130, 0x37376162,
	0x00517d30, 0x00e90000, 0x00510006, 0x000b0000,
	0x00000001, 0x69440000, 0x69727473, 0x6f747562,
	0x00000172, 0x00000000, 0x26000000, 0x34657b00,
	0x62653633, 0x352d3762, 0x2d663432, 0x65633131,
	0x3566392d, 0x30302d33, 0x66613032, 0x37616230,
	0x277d3037, 0xea000000, 0x26000600, 0x06000000,
	0x00000100, 0x46000000, 0x65746c69, 0x00000172,
	0x00000000, 0x00000000, 0x00560000, 0x00eb0000,
	0x00560006, 0x00260000, 0x00000001, 0x447b0000,
	0x38383533, 0x2d304241, 0x31383730, 0x6331312d,
	0x30422d65, 0x302d4133, 0x41303230, 0x41423046,
	0x7d303737, 0x00000001, 0x00000000, 0x00100000,
	0x2f495641, 0x20564157, 0xd9b2a7cc, 0xbdb0bf20,
	0x0000004e, 0x000600ec, 0x0000004e, 0x00010026,
	0x00000000, 0x3446437b, 0x45344439, 0x31312d30,
	0x312d3531, 0x2d656331, 0x41333042, 0x3230302d,
	0x30464130, 0x37374142, 0x00017d30, 0x00000000,
	0x00000000, 0x56410008, 0x57932049, 0x004f4a8a,
	0x00ed0000, 0x004f0006, 0x00260000, 0x00000001,
	0x367b0000, 0x63383061, 0x2d303866, 0x38316530,
	0x6331312d, 0x32612d66, 0x302d6434, 0x61303230,
	0x39376466, 0x7d373637, 0x00000001, 0x00000000,
	0x00090000, 0x204d4341, 0xdfcaafd7, 0x000057b0,
	0x0600ee00, 0x00005700, 0x01002600, 0x00000000,
	0x61347b00, 0x36383232, 0x372d3065, 0x2d666562,
	0x65633131, 0x6462392d, 0x30302d39, 0x32653030,
	0x39353230, 0x017d6339, 0x00000000, 0x00000000,
	0x4d001100, 0x20474550, 0xdec3b0b5, 0x4320b5a8,
	0x6365646f, 0x00000056, 0x000600ef, 0x00000056,
	0x00010026, 0x00000000, 0x6265667b, 0x34373035,
	0x62372d30, 0x312d6665, 0x2d656331, 0x39646239,
	0x3030302d, 0x30326530, 0x39393532, 0x00017d63,
	0x00000000, 0x00000000, 0x504d0010, 0xcb204745,
	0xb5dec3de, 0x646f4320, 0x00516365, 0x00f00000,
	0x00510006, 0x00260000, 0x00000001, 0x377b0000,
	0x30316530, 0x2d306232, 0x36353535, 0x6331312d,
	0x37392d65, 0x302d3063, 0x30616130, 0x35353530,
	0x7d613539, 0x00000001, 0x00000000, 0x000b0000,
	0xdec3decb, 0xddda20b5, 0x52d7dec0, 0xf1000000,
	0x52000600, 0x26000000, 0x00000100, 0x7b000000,
	0x36303365, 0x31643932, 0x6537322d, 0x31312d35,
	0x382d6563, 0x2d643537, 0x30363030, 0x37626338,
	0x36363038, 0x0000017d, 0x00000000, 0x0c000000,
	0xc3b0b500, 0x20b5a8de, 0xdec0ddda, 0x000053d7,
	0x0600f200, 0x00005300, 0x01002600, 0x00000000,
	0x36317b00, 0x31653334, 0x392d3038, 0x2d356630,
	0x65633131, 0x6437392d, 0x30302d35, 0x30306161,
	0x39353535, 0x017d6135, 0x00000000, 0x00000000,
	0x90000d00, 0xdfcdbd46, 0xcc82bdb0, 0x588dcf95,
	0x00000059, 0x000600f3, 0x00000059, 0x00010026,
	0x00000000, 0x3633337b, 0x64353734, 0x34392d30,
	0x312d6132, 0x2d656331, 0x30373861, 0x6130302d,
	0x32303061, 0x62616566, 0x00017d35, 0x00000000,
	0x00000000, 0x504d0013, 0x492d4745, 0xd8c4bd20,
	0xbd20d1b0, 0xafd8dfcc, 0x000050c0, 0x0600f400,
	0x00005000, 0x01002600, 0x00000000, 0x42317b00,
	0x43343435, 0x462d3032, 0x2d423044, 0x65633131,
	0x3643382d, 0x30302d33, 0x30304141, 0x35423434,
	0x017d4531, 0x00000000, 0x00000000, 0x41000a00,
	0xbd204956, 0xafd8dfcc, 0x000057c0, 0x0600f500,
	0x00005700, 0x01002600, 0x00000000, 0x34657b00,
	0x62653633, 0x352d3562, 0x2d663432, 0x65633131,
	0x3566392d, 0x30302d33, 0x66613032, 0x37616230,
	0x017d3037, 0x00000000, 0x00000000, 0xcc001100,
	0x20d9b2a7, 0x20bdb0bf, 0x79734128, 0x292e636e,
	0x00000054, 0x000600f6, 0x00000054, 0x00010026,
	0x00000000, 0x3334657b, 0x62626536, 0x32352d36,
	0x312d6634, 0x2d656331, 0x33356639, 0x3230302d,
	0x30666130, 0x37376162, 0x00017d30, 0x00000000,
	0x00000000, 0xa7cc000e, 0xbf20d9b2, 0x2820bdb0,
	0x294c5255, 0x0000005b, 0x000600f7, 0x0000005b,
	0x00010026, 0x00000000, 0x3135447b, 0x41354442,
	0x35372d30, 0x312d3834, 0x2d666331, 0x30323541,
	0x3830302d, 0x37374330, 0x38354645, 0x00017d41,
	0x00000000, 0x00000000, 0x75510015, 0x546b6369,
	0x20656d69, 0xdecbb0d1, 0xdfca20b0, 0x50b0bbb0,
	0xf8000000, 0x50000600, 0x26000000, 0x00000100,
	0x7b000000, 0x42313544, 0x31413544, 0x3435372d,
	0x31312d38, 0x412d6663, 0x2d303235, 0x30383030,
	0x45373743, 0x41383546, 0x0000017d, 0x00000000,
	0x0a000000, 0x76615700, 0xdfca2065, 0x53b0bbb0,
	0xf9000000, 0x53000600, 0x26000000, 0x00000100,
	0x7b000000, 0x36313730, 0x35363637, 0x3130352d,
	0x31312d31, 0x422d6663, 0x2d333346, 0x41413030,
	0x35353030, 0x41353935, 0x0000017d, 0x00000000,
	0x0d000000, 0xbdd9cc00, 0xddb0d8b8, 0xc0ddda20,
	0x0054d7de, 0x00fa0000, 0x00540006, 0x00260000,
	0x00000001, 0x317b0000, 0x38306164, 0x2d303035,
	0x63646539, 0x6331312d, 0x63622d66, 0x302d3031,
	0x30616130, 0x37636130, 0x7d366634, 0x00000001,
	0x00000000, 0x000e0000, 0x20414756, 0x90203631,
	0xa8dec346, 0x0053debb, 0x00fb0000, 0x00530006,
	0x00260000, 0x00000001, 0x337b0000, 0x35343331,
	0x2d393436, 0x30303030, 0x3130302d, 0x30382d30,
	0x302d3030, 0x30414130, 0x39383330, 0x7d313742,
	0x00000001, 0x00000000, 0x000d0000, 0x31345649,
	0x8a579320, 0xd9a8cc4a, 0x000053c0, 0x0600fc00,
	0x00005300, 0x01002600, 0x00000000, 0x32417b00,
	0x46313535, 0x372d3036, 0x2d463530, 0x46433131,
	0x3234412d, 0x30302d34, 0x30304141, 0x35333733,
	0x017d4542, 0x00000000, 0x00000000, 0x49000d00,
	0x20313456, 0x4a8a5793, 0xc0d9a8cc, 0x0000006b,
	0x000600fd, 0x0000006b, 0x00020026, 0x00000000,
	0x3533447b, 0x42413838, 0x37302d30, 0x312d3138,
	0x2d656331, 0x41333042, 0x3230302d, 0x30464130,
	0x37374142, 0x00017d30, 0x00000000, 0x00000000,
	0x56410010, 0x41572f49, 0xa7cc2056, 0xbf20d9b2,
	0x0003bdb0, 0x00000000, 0x00050000, 0x654d0004,
	0x00746972, 0x68004000, 0xfe000000, 0x68000600,
	0x0e000000, 0x00000200, 0x49000000, 0x6f72706e,
	0x72655363, 0x33726576, 0x00000132, 0x00000000,
	0x1c000000, 0x5c3a4300, 0x444e4957, 0x5c53574f,
	0x54535953, 0x715c4d45, 0x74726175, 0x6c642e7a,
	0x0000016c, 0x00000000, 0x04000e00, 0x72685400,
	0x69646165, 0x6f4d676e, 0x426c6564, 0x4d68746f,
	0xa4000000, 0x4d000600, 0x07000000, 0x00000100,
	0x54000000, 0x4c657079, 0x00016269, 0x00000000,
	0x00000000, 0x457b0026, 0x42364131, 0x2d334138,
	0x33303633, 0x3130312d, 0x43412d43, 0x302d4536,
	0x32323034, 0x39303034, 0x7d323043, 0x00000043,
	0x000600aa, 0x00000043, 0x00010005, 0x00000000,
	0x336e6977, 0x00000132, 0x00000000, 0x1e000000,
	0x5c3a4300, 0x444e4957, 0x5c53574f, 0x54535953,
	0x735c4d45, 0x6c6f6474, 0x2e323365, 0xc1626c74,
	0x8a000000, 0xa1000600, 0x0f000000, 0x00000400,
	0x43000000, 0x6e65696c, 0x6f725074, 0x6f636f74,
	0x0001736c, 0x00000000, 0x00070000, 0x636e0007,
	0x70726c61, 0x61636e63, 0x6370726c, 0x00000001,
	0x00000000, 0x000b000b, 0x6361636e, 0x626e5f6e,
	0x72626e5f, 0x746c6370, 0x642e3563, 0x00016c6c,
	0x00000000, 0x00080000, 0x636e000b, 0x5f6e6361,
	0x7072706e, 0x63746c63, 0x6c642e31, 0x0000016c,
	0x00000000, 0x0b000c00, 0x61636e00, 0x695f6e63,
	0x63745f70, 0x63707270, 0x3363746c, 0x6c6c642e,
	0x00000000, 0x0b000c00, 0x61636e00, 0x695f6e63,
	0x63745f70, 0x63707270, 0x3363746c, 0x6c6c642e,
	0x000000a2, 0x0006008b, 0x00000082, 0x0003000f,
	0x00000000, 0x76726553, 0x72507265, 0x636f746f,
	0x01736c6f, 0x00000000, 0x07000000, 0x6e000700,
	0x726c6163, 0x636e6370, 0x70726c61, 0x00000163,
	0x00000000, 0x0b000b00, 0x61636e00, 0x6e5f6e63,
	0x626e5f62, 0x6c637072, 0x2e357374, 0x016c6c64,
	0x00000000, 0x0c000000, 0x6e000b00, 0x6e636163,
	0x5f70695f, 0x72706374, 0x746c6370, 0x642e3373,
	0x00006c6c, 0x0c000000, 0x6e000b00, 0x6e636163,
	0x5f70695f, 0x72706374, 0x746c6370, 0x642e3373,
	0x07626c6c, 0xffff0000, 0xffffffff, 0x636effff,
	0x70726c61, 0x61636e63, 0x6370726c, 0x00000001,
	0x00000000, 0x000b000b, 0x6361636e, 0x626e5f6e,
	0x72626e5f, 0x746c6370, 0x642e3573, 0x00016c6c,
	0x00000000, 0x00090000, 0x636e000b, 0x5f6e6361,
	0x72787073, 0x746c6370, 0x642e3673, 0x00016c6c,
	0x00000000, 0x000c0000, 0x636e000b, 0x5f6e6361,
	0x745f7069, 0x70727063, 0x73746c63, 0x6c642e33,
	0x0006e36c, 0xffffff00, 0xffffffff, 0x6c6163ff,
	0x01637072, 0x00000000, 0x0b000000, 0x6e000b00,
	0x6e636163, 0x5f626e5f, 0x7072626e, 0x73746c63,
	0x6c642e35, 0x0000016c, 0x00000000, 0x0b000900,
	0x61636e00, 0x735f6e63, 0x70727870, 0x73746c63,
	0x6c642e36, 0x00009e6c, 0x06008a00, 0x00009e00,
	0x04000f00, 0x00000000, 0x696c4300, 0x50746e65,
	0x6f746f72, 0x736c6f63, 0x00000001, 0x00000000,
	0x00070007, 0x6c61636e, 0x6e637072, 0x726c6163,
	0x00016370, 0x00000000, 0x000b0000, 0x636e000b,
	0x5f6e6361, 0x6e5f626e, 0x63707262, 0x3563746c,
	0x6c6c642e, 0x00000001, 0x00000000, 0x000b0009,
	0x6361636e, 0x70735f6e, 0x63707278, 0x3663746c,
	0x6c6c642e, 0x00000001, 0x00000000, 0x000b0008,
	0x6361636e, 0x706e5f6e, 0x6c637072, 0x2e316374,
	0xf16c6c64, 0xff000005, 0xffffffff, 0x00ffffff,
	0x00000000, 0x00000000, 0x00000000, 0x00000000,
	0x00000000, 0x00000000, 0x00000000, 0x00000000,
	0x00000000, 0x00000000, 0x00000000, 0x00000000,
	0x00000000, 0x00000000, 0x00000000, 0x00000000,
	0x00000000, 0x00000000, 0x00000000, 0x00000000,
	0x00000000, 0x00000000, 0x00000000, 0x00000000,
	0x00000000, 0x00000000, 0x00000000, 0x00000000,
	0x00000000, 0x00000000, 0x00000000, 0x00000000,
	0x00000000, 0x00000000, 0x00000000, 0x00000000,
	0x00000000, 0x00000000, 0x00000000, 0x00000000,
	0x00000000, 0x00000000, 0x00000000, 0x00000000,
	0x00000000, 0x00000000, 0x00000000, 0x00000000,
	0x00000000, 0x00000000, 0x00000000, 0x00000000,
	0x00000000, 0x00000000, 0x00000000, 0x00000000,
	0x00000000, 0x00000000, 0x00000000, 0x00000000,
	0x00000000, 0x00000000, 0x00000000, 0x00000000,
	0x00000000, 0x00000000, 0x00000000, 0x00000000,
	0x00000000, 0x00000000, 0x00000000, 0x00000000,
	0x00000000, 0x00000000, 0x00000000, 0x00000000,
	0x00000000, 0x00000000, 0x00000000, 0x00000000,
	0x00000000, 0x00000000, 0x00000000, 0x00000000,
	0x00000000, 0x00000000, 0x00000000, 0x00000000,
	0x00000000, 0x00000000, 0x00000000, 0x00000000,
	0x00000000, 0x00000000, 0x00000000, 0x00000000,
	0x00000000, 0x00000000, 0x00000000, 0x00000000,
	0x00000000, 0x00000000, 0x00000000, 0x00000000,
	0x00000000, 0x00000000, 0x00000000, 0x00000000,
	0x00000000, 0x00000000, 0x00000000, 0x00000000,
	0x00000000, 0x00000000, 0x00000000, 0x00000000,
	0x00000000, 0x00000000, 0x00000000, 0x00000000,
	0x00000000, 0x00000000, 0x00000000, 0x00000000,
	0x00000000, 0x00000000, 0x00000000, 0x00000000,
	0x00000000, 0x00000000, 0x00000000, 0x00000000,
	0x00000000, 0x00000000, 0x00000000, 0x00000000,
	0x00000000, 0x00000000, 0x00000000, 0x00000000,
	0x00000000, 0x00000000, 0x00000000, 0x00000000,
	0x00000000, 0x00000000, 0x00000000, 0x00000000,
	0x00000000, 0x00000000, 0x00000000, 0x00000000,
	0x00000000, 0x00000000, 0x00000000, 0x00000000,
	0x00000000, 0x00000000, 0x00000000, 0x00000000,
	0x00000000, 0x00000000, 0x00000000, 0x00000000,
	0x00000000, 0x00000000, 0x00000000, 0x00000000,
	0x00000000, 0x00000000, 0x00000000, 0x00000000,
	0x00000000, 0x00000000, 0x00000000, 0x00000000,
	0x00000000, 0x00000000, 0x00000000, 0x00000000,
	0x00000000, 0x00000000, 0x00000000, 0x00000000,
	0x00000000, 0x00000000, 0x00000000, 0x00000000,
	0x00000000, 0x00000000, 0x00000000, 0x00000000,
	0x00000000, 0x00000000, 0x00000000, 0x00000000,
	0x00000000, 0x00000000, 0x00000000, 0x00000000,
	0x00000000, 0x00000000, 0x00000000, 0x00000000,
	0x00000000, 0x00000000, 0x00000000, 0x00000000,
	0x00000000, 0x00000000, 0x00000000, 0x00000000,
	0x00000000, 0x00000000, 0x00000000, 0x00000000,
	0x00000000, 0x00000000, 0x00000000, 0x00000000,
	0x00000000, 0x00000000, 0x00000000, 0x00000000,
	0x00000000, 0x00000000, 0x00000000, 0x00000000,
	0x00000000, 0x00000000, 0x00000000, 0x00000000,
	0x00000000, 0x00000000, 0x00000000, 0x00000000,
	0x00000000, 0x00000000, 0x00000000, 0x00000000,
	0x00000000, 0x00000000, 0x00000000, 0x00000000,
	0x00000000, 0x00000000, 0x00000000, 0x00000000,
	0x00000000, 0x00000000, 0x00000000, 0x00000000,
	0x00000000, 0x00000000, 0x00000000, 0x00000000,
	0x00000000, 0x00000000, 0x00000000, 0x00000000,
	0x00000000, 0x00000000, 0x00000000, 0x00000000,
	0x00000000, 0x00000000, 0x00000000, 0x00000000,
	0x00000000, 0x00000000, 0x00000000, 0x00000000,
	0x00000000, 0x00000000, 0x00000000, 0x00000000,
	0x00000000, 0x00000000, 0x00000000, 0x00000000,
	0x00000000, 0x00000000, 0x00000000, 0x00000000,
	0x00000000, 0x00000000, 0x00000000, 0x00000000,
	0x00000000, 0x00000000, 0x00000000, 0x00000000,
	0x00000000, 0x00000000, 0x00000000, 0x00000000,
	0x00000000, 0x00000000, 0x00000000, 0x00000000,
	0x00000000, 0x00000000, 0x00000000, 0x00000000,
	0x00000000, 0x00000000, 0x00000000, 0x00000000,
	0x00000000, 0x00000000, 0x00000000, 0x00000000,
	0x00000000, 0x00000000, 0x00000000, 0x00000000,
	0x00000000, 0x00000000, 0x00000000, 0x00000000,
	0x00000000, 0x00000000, 0x00000000, 0x00000000,
	0x00000000, 0x00000000, 0x00000000, 0x00000000,
	0x00000000, 0x00000000, 0x00000000, 0x00000000,
	0x00000000, 0x00000000, 0x00000000, 0x00000000,
	0x00000000, 0x00000000, 0x00000000, 0x00000000,
	0x00000000, 0x00000000, 0x00000000, 0x00000000,
	0x00000000, 0x00000000, 0x00000000, 0x00000000,
	0x00000000, 0x00000000, 0x00000000, 0x00000000,
	0x00000000, 0x00000000, 0x00000000, 0x00000000,
	0x00000000, 0x00000000, 0x00000000, 0x00000000,
	0x00000000, 0x00000000, 0x00000000, 0x00000000,
	0x00000000, 0x00000000, 0x00000000, 0x00000000,
	0x00000000, 0x00000000, 0x00000000, 0x00000000,
	0x00000000, 0x00000000, 0x00000000, 0x00000000,
	0x00000000, 0x42444752, 0x00006070, 0x00000a08,
	0x0007000c, 0x00005668, 0x00ff00fe, 0xc522a61c,
	0x0203e03d, 0x00000025, 0x00070000, 0x00000024,
	0x00010004, 0x00000000, 0x736e6950, 0x00000001,
	0x00000000, 0x00000000, 0x00008800, 0x07000100,
	0x00008800, 0x04000b00, 0x00000000, 0x64695600,
	0x754f6f65, 0x74757074, 0x00000003, 0x00000000,
	0x00040009, 0x65726944, 0x6f697463, 0x0000016e,
	0x00000300, 0x00000000, 0x04000a00, 0x52734900,
	0x65646e65, 0x00646572, 0x03000000, 0x00000000,
	0x0b000000, 0x41000400, 0x776f6c6c, 0x655a6465,
	0x00016f72, 0x00030000, 0x00000000, 0x000b0000,
	0x6c410004, 0x65776f6c, 0x6e614d64, 0x00000179,
	0x00002600, 0x07000200, 0x00002500, 0x01000500,
	0x00000000, 0x70795400, 0x00017365, 0x00000000,
	0x00000000, 0x47000000, 0x03000000, 0x46000700,
	0x26000000, 0x00000100, 0x7b000000, 0x34363337,
	0x36373936, 0x3030302d, 0x30302d30, 0x382d3031,
	0x2d303030, 0x41413030, 0x38333030, 0x31374239,
	0x0000017d, 0x00000000, 0x00000000, 0x00470000,
	0x00040000, 0x00460007, 0x00260000, 0x00000001,
	0x307b0000, 0x30303030, 0x2d303030, 0x30303030,
	0x3030302d, 0x30302d30, 0x302d3030, 0x30303030,
	0x30303030, 0x7d303030, 0x00000001, 0x00000000,
	0x00000000, 0x00008800, 0x07000500, 0x00008800,
	0x04000b00, 0x00000000, 0x64754100, 0x754f6f69,
	0x74757074, 0x00000003, 0x00000000, 0x00040009,
	0x65726944, 0x6f697463, 0x0000016e, 0x00000300,
	0x00000000, 0x04000a00, 0x52734900, 0x65646e65,
	0x00646572, 0x03000000, 0x00000000, 0x0b000000,
	0x41000400, 0x776f6c6c, 0x655a6465, 0x00016f72,
	0x00030000, 0x00000000, 0x000b0000, 0x6c410004,
	0x65776f6c, 0x6e614d64, 0x00000179, 0x00002600,
	0x07000600, 0x00002500, 0x01000500, 0x00000000,
	0x70795400, 0x00017365, 0x00000000, 0x00000000,
	0x47000000, 0x07000000, 0x46000700, 0x26000000,
	0x00000100, 0x7b000000, 0x34363337, 0x31363537,
	0x3030302d, 0x30302d30, 0x382d3031, 0x2d303030,
	0x41413030, 0x38333030, 0x31374239, 0x0000017d,
	0x00000000, 0x00000000, 0x00470000, 0x00080000,
	0x00460007, 0x00260000, 0x00000001, 0x307b0000,
	0x30303030, 0x2d303030, 0x30303030, 0x3030302d,
	0x30302d30, 0x302d3030, 0x30303030, 0x30303030,
	0x7d303030, 0x00000001, 0x00000000, 0x00000000,
	0x00006300, 0x07000900, 0x00006300, 0x02002600,
	0x00000000, 0x46437b00, 0x34443934, 0x312d3045,
	0x2d353131, 0x65633131, 0x3330422d, 0x30302d41,
	0x46413032, 0x37414230, 0x017d3037, 0x00000000,
	0x00000000, 0x41000800, 0x93204956, 0x034a8a57,
	0x00000000, 0x05000000, 0x4d000400, 0x74697265,
	0x00600000, 0x00000068, 0x0007000a, 0x00000068,
	0x0002000e, 0x00000000, 0x72706e49, 0x6553636f,
	0x72657672, 0x00013233, 0x00000000, 0x00000000,
	0x3a43001c, 0x4e49575c, 0x53574f44, 0x5359535c,
	0x5c4d4554, 0x72617571, 0x642e7a74, 0x00016c6c,
	0x00000000, 0x000e0000, 0x68540004, 0x64616572,
	0x4d676e69, 0x6c65646f, 0x68746f42, 0x00000025,
	0x0007000b, 0x00000024, 0x00010004, 0x00000000,
	0x736e6950, 0x00000001, 0x00000000, 0x00000000,
	0x0000a100, 0x07000c00, 0x0000a100, 0x05000500,
	0x00000000, 0x706e4900, 0x00037475, 0x00000000,
	0x00090000, 0x69440004, 0x74636572, 0x006e6f69,
	0x03000000, 0x00000000, 0x0a000000, 0x49000400,
	0x6e655273, 0x65726564, 0x00000064, 0x00000300,
	0x00000000, 0x04000b00, 0x6c6c4100, 0x6465776f,
	0x6f72655a, 0x00000000, 0x00000003, 0x00000000,
	0x0004000b, 0x6f6c6c41, 0x4d646577, 0x00796e61,
	0x01000000, 0x00000000, 0x0d000000, 0x43000600,
	0x656e6e6f, 0x54737463, 0x6e69506f, 0x7074754f,
	0x00267475, 0x000d0000, 0x00250007, 0x00050000,
	0x00000001, 0x79540000, 0x01736570, 0x00000000,
	0x00000000, 0x00000000, 0x00000047, 0x0007000e,
	0x00000046, 0x00010026, 0x00000000, 0x3633377b,
	0x37393634, 0x30302d36, 0x302d3030, 0x2d303130,
	0x30303038, 0x4130302d, 0x33303041, 0x37423938,
	0x00017d31, 0x00000000, 0x00000000, 0x47000000,
	0x0f000000, 0x46000700, 0x26000000, 0x00000100,
	0x7b000000, 0x30303030, 0x30303030, 0x3030302d,
	0x30302d30, 0x302d3030, 0x2d303030, 0x30303030,
	0x30303030, 0x30303030, 0x0000017d, 0x00000000,
	0x00000000, 0x00a10000, 0x00100000, 0x00a10007,
	0x00060000, 0x00000005, 0x754f0000, 0x74757074,
	0x00000003, 0x00000000, 0x00040009, 0x65726944,
	0x6f697463, 0x0000016e, 0x00000300, 0x00000000,
	0x04000a00, 0x52734900, 0x65646e65, 0x00646572,
	0x03000000, 0x00000000, 0x0b000000, 0x41000400,
	0x776f6c6c, 0x655a6465, 0x00006f72, 0x00030000,
	0x00000000, 0x000b0000, 0x6c410004, 0x65776f6c,
	0x6e614d64, 0x00000079, 0x00000100, 0x00000000,
	0x05000d00, 0x6e6f4300, 0x7463656e, 0x506f5473,
	0x6e496e69, 0x26747570, 0x11000000, 0x25000700,
	0x05000000, 0x00000100, 0x54000000, 0x73657079,
	0x00000001, 0x00000000, 0x00000000, 0x00004700,
	0x07001200, 0x00004600, 0x01002600, 0x00000000,
	0x33377b00, 0x39363436, 0x302d3637, 0x2d303030,
	0x30313030, 0x3030382d, 0x30302d30, 0x30304141,
	0x42393833, 0x017d3137, 0x00000000, 0x00000000,
	0x00000000, 0x00000047, 0x00070013, 0x00000046,
	0x00010026, 0x00000000, 0x3030307b, 0x30303030,
	0x30302d30, 0x302d3030, 0x2d303030, 0x30303030,
	0x3030302d, 0x30303030, 0x30303030, 0x00017d30,
	0x00000000, 0x00000000, 0x64000000, 0x14000000,
	0x64000700, 0x26000000, 0x00000200, 0x7b000000,
	0x38306136, 0x30386663, 0x3165302d, 0x31312d38,
	0x612d6663, 0x2d643432, 0x30323030, 0x37646661,
	0x37363739, 0x0000017d, 0x00000000, 0x09000000,
	0x4d434100, 0xcaafd720, 0x0003b0df, 0x00000000,
	0x00050000, 0x654d0004, 0x00746972, 0x68006000,
	0x15000000, 0x68000700, 0x0e000000, 0x00000200,
	0x49000000, 0x6f72706e, 0x72655363, 0x33726576,
	0x00000132, 0x00000000, 0x1c000000, 0x5c3a4300,
	0x444e4957, 0x5c53574f, 0x54535953, 0x715c4d45,
	0x74726175, 0x6c642e7a, 0x0000016c, 0x00000000,
	0x04000e00, 0x72685400, 0x69646165, 0x6f4d676e,
	0x426c6564, 0x2568746f, 0x16000000, 0x24000700,
	0x04000000, 0x00000100, 0x50000000, 0x01736e69,
	0x00000000, 0x00000000, 0x00000000, 0x000000a1,
	0x00070017, 0x000000a1, 0x00050005, 0x00000000,
	0x75706e49, 0x00000374, 0x00000000, 0x04000900,
	0x72694400, 0x69746365, 0x00006e6f, 0x00030000,
	0x00000000, 0x000a0000, 0x73490004, 0x646e6552,
	0x64657265, 0x00000000, 0x00000003, 0x00000000,
	0x0004000b, 0x6f6c6c41, 0x5a646577, 0x006f7265,
	0x03000000, 0x00000000, 0x0b000000, 0x41000400,
	0x776f6c6c, 0x614d6465, 0x0000796e, 0x00010000,
	0x00000000, 0x000d0000, 0x6f430006, 0x63656e6e,
	0x6f547374, 0x4f6e6950, 0x75707475, 0x00002674,
	0x07001800, 0x00002500, 0x01000500, 0x00000000,
	0x70795400, 0x00017365, 0x00000000, 0x00000000,
	0x47000000, 0x19000000, 0x46000700, 0x26000000,
	0x00000100, 0x7b000000, 0x34363337, 0x31363537,
	0x3030302d, 0x30302d30, 0x382d3031, 0x2d303030,
	0x41413030, 0x38333030, 0x31374239, 0x0000017d,
	0x00000000, 0x00000000, 0x00470000, 0x001a0000,
	0x00460007, 0x00260000, 0x00000001, 0x307b0000,
	0x30303030, 0x2d303030, 0x30303030, 0x3030302d,
	0x30302d30, 0x302d3030, 0x30303030, 0x30303030,
	0x7d303030, 0x00000001, 0x00000000, 0x00000000,
	0x0000a100, 0x07001b00, 0x0000a100, 0x05000600,
	0x00000000, 0x74754f00, 0x03747570, 0x00000000,
	0x09000000, 0x44000400, 0x63657269, 0x6e6f6974,
	0x00000001, 0x00000003, 0x00000000, 0x0004000a,
	0x65527349, 0x7265646e, 0x00006465, 0x00030000,
	0x00000000, 0x000b0000, 0x6c410004, 0x65776f6c,
	0x72655a64, 0x0000006f, 0x00000300, 0x00000000,
	0x04000b00, 0x6c6c4100, 0x6465776f, 0x796e614d,
	0x00000000, 0x00000001, 0x00000000, 0x0005000d,
	0x6e6e6f43, 0x73746365, 0x69506f54, 0x706e496e,
	0x00267475, 0x001c0000, 0x00250007, 0x00050000,
	0x00000001, 0x79540000, 0x01736570, 0x00000000,
	0x00000000, 0x00000000, 0x00000047, 0x0007001d,
	0x00000046, 0x00010026, 0x00000000, 0x3633377b,
	0x36353734, 0x30302d31, 0x302d3030, 0x2d303130,
	0x30303038, 0x4130302d, 0x33303041, 0x37423938,
	0x00017d31, 0x00000000, 0x00000000, 0x47000000,
	0x1e000000, 0x46000700, 0x26000000, 0x00000100,
	0x7b000000, 0x30303030, 0x30303030, 0x3030302d,
	0x30302d30, 0x302d3030, 0x2d303030, 0x30303030,
	0x30303030, 0x30303030, 0x0000017d, 0x00000000,
	0x00000000, 0x006c0000, 0x001f0000, 0x006c0007,
	0x00260000, 0x00000002, 0x347b0000, 0x38323261,
	0x2d306536, 0x66656237, 0x6331312d, 0x62392d65,
	0x302d3964, 0x65303030, 0x35323032, 0x7d633939,
	0x00000001, 0x00000000, 0x00110000, 0x4745504d,
	0xc3b0b520, 0x20b5a8de, 0x65646f43, 0x00000363,
	0x00000000, 0x04000500, 0x72654d00, 0x00007469,
	0x00680068, 0x00200000, 0x00680007, 0x000e0000,
	0x00000002, 0x6e490000, 0x636f7270, 0x76726553,
	0x32337265, 0x00000001, 0x00000000, 0x001c0000,
	0x575c3a43, 0x4f444e49, 0x535c5357, 0x45545359,
	0x75715c4d, 0x7a747261, 0x6c6c642e, 0x00000001,
	0x00000000, 0x0004000e, 0x65726854, 0x6e696461,
	0x646f4d67, 0x6f426c65, 0x00256874, 0x00210000,
	0x00240007, 0x00040000, 0x00000001, 0x69500000,
	0x0001736e, 0x00000000, 0x00000000, 0xa1000000,
	0x22000000, 0xa1000700, 0x05000000, 0x00000500,
	0x49000000, 0x7475706e, 0x00000003, 0x00000000,
	0x00040009, 0x65726944, 0x6f697463, 0x0000006e,
	0x00000300, 0x00000000, 0x04000a00, 0x52734900,
	0x65646e65, 0x00646572, 0x03000000, 0x00000000,
	0x0b000000, 0x41000400, 0x776f6c6c, 0x655a6465,
	0x00006f72, 0x00030000, 0x00000000, 0x000b0000,
	0x6c410004, 0x65776f6c, 0x6e614d64, 0x00000079,
	0x00000100, 0x00000000, 0x06000d00, 0x6e6f4300,
	0x7463656e, 0x506f5473, 0x754f6e69, 0x74757074,
	0x00000026, 0x00070023, 0x00000025, 0x00010005,
	0x00000000, 0x65707954, 0x00000173, 0x00000000,
	0x00000000, 0x00470000, 0x00240000, 0x00460007,
	0x00260000, 0x00000001, 0x377b0000, 0x37343633,
	0x2d313635, 0x30303030, 0x3130302d, 0x30382d30,
	0x302d3030, 0x30414130, 0x39383330, 0x7d313742,
	0x00000001, 0x00000000, 0x00000000, 0x00004700,
	0x07002500, 0x00004600, 0x01002600, 0x00000000,
	0x34657b00, 0x62653633, 0x352d3038, 0x2d663432,
	0x65633131, 0x3566392d, 0x30302d33, 0x66613032,
	0x37616230, 0x017d3037, 0x00000000, 0x00000000,
	0x00000000, 0x00000047, 0x00070026, 0x00000046,
	0x00010026, 0x00000000, 0x3334657b, 0x38626536,
	0x32352d31, 0x312d6634, 0x2d656331, 0x33356639,
	0x3230302d, 0x30666130, 0x37376162, 0x00017d30,
	0x00000000, 0x00000000, 0xa1000000, 0x27000000,
	0xa1000700, 0x06000000, 0x00000500, 0x4f000000,
	0x75707475, 0x00000374, 0x00000000, 0x04000900,
	0x72694400, 0x69746365, 0x00016e6f, 0x00030000,
	0x00000000, 0x000a0000, 0x73490004, 0x646e6552,
	0x64657265, 0x00000000, 0x00000003, 0x00000000,
	0x0004000b, 0x6f6c6c41, 0x5a646577, 0x006f7265,
	0x03000000, 0x00000000, 0x0b000000, 0x41000400,
	0x776f6c6c, 0x614d6465, 0x0000796e, 0x00010000,
	0x00000000, 0x000d0000, 0x6f430005, 0x63656e6e,
	0x6f547374, 0x496e6950, 0x7475706e, 0x00000026,
	0x00070028, 0x00000025, 0x00010005, 0x00000000,
	0x65707954, 0x00000173, 0x00000000, 0x00000000,
	0x00470000, 0x00290000, 0x00460007, 0x00260000,
	0x00000001, 0x377b0000, 0x37343633, 0x2d313635,
	0x30303030, 0x3130302d, 0x30382d30, 0x302d3030,
	0x30414130, 0x39383330, 0x7d313742, 0x00000001,
	0x00000000, 0x00000000, 0x00004700, 0x07002a00,
	0x00004600, 0x01002600, 0x00000000, 0x30307b00,
	0x30303030, 0x302d3030, 0x2d303030, 0x30303030,
	0x3030302d, 0x30302d30, 0x30303030, 0x30303030,
	0x017d3030, 0x00000000, 0x00000000, 0x00000000,
	0x00000065, 0x0007002b, 0x00000065, 0x00010026,
	0x00000000, 0x3743437b, 0x36383538, 0x32422d30,
	0x312d4143, 0x2d656331, 0x42324438, 0x3030302d,
	0x30324530, 0x39393532, 0x00017d43, 0x00000000,
	0x00000000, 0x504d001f, 0xcb204745, 0xb5dec3de,
	0xbadec320, 0x20dec0b0, 0xcadbdfcc, 0x20a8c3df,
	0xbcb0dfcd, 0x000068de, 0x07002c00, 0x00006800,
	0x02000e00, 0x00000000, 0x706e4900, 0x53636f72,
	0x65767265, 0x01323372, 0x00000000, 0x00000000,
	0x43001c00, 0x49575c3a, 0x574f444e, 0x59535c53,
	0x4d455453, 0x6175715c, 0x2e7a7472, 0x016c6c64,
	0x00000000, 0x0e000000, 0x54000400, 0x61657268,
	0x676e6964, 0x65646f4d, 0x746f426c, 0x00006b68,
	0x07002d00, 0x00006b00, 0x02002600, 0x00000000,
	0x65667b00, 0x37303562, 0x372d3034, 0x2d666562,
	0x65633131, 0x6462392d, 0x30302d39, 0x32653030,
	0x39353230, 0x017d6339, 0x00000000, 0x00000000,
	0x4d001000, 0x20474550, 0xdec3decb, 0x6f4320b5,
	0x03636564, 0x00000000, 0x05000000, 0x4d000400,
	0x74697265, 0x00680000, 0x00000068, 0x0007002e,
	0x00000068, 0x0002000e, 0x00000000, 0x72706e49,
	0x6553636f, 0x72657672, 0x00013233, 0x00000000,
	0x00000000, 0x3a43001c, 0x4e49575c, 0x53574f44,
	0x5359535c, 0x5c4d4554, 0x72617571, 0x642e7a74,
	0x00016c6c, 0x00000000, 0x000e0000, 0x68540004,
	0x64616572, 0x4d676e69, 0x6c65646f, 0x68746f42,
	0x00000025, 0x0007002f, 0x00000024, 0x00010004,
	0x00000000, 0x736e6950, 0x00000001, 0x00000000,
	0x00000000, 0x0000a100, 0x07003000, 0x0000a100,
	0x05000500, 0x00000000, 0x706e4900, 0x00037475,
	0x00000000, 0x00090000, 0x69440004, 0x74636572,
	0x006e6f69, 0x03000000, 0x00000000, 0x0a000000,
	0x49000400, 0x6e655273, 0x65726564, 0x00000064,
	0x00000300, 0x00000000, 0x04000b00, 0x6c6c4100,
	0x6465776f, 0x6f72655a, 0x00000000, 0x00000003,
	0x00000000, 0x0004000b, 0x6f6c6c41, 0x4d646577,
	0x00796e61, 0x01000000, 0x00000000, 0x0d000000,
	0x43000600, 0x656e6e6f, 0x54737463, 0x6e69506f,
	0x7074754f, 0x002e7475, 0x00310000, 0x00250007,
	0x00050000, 0x00000001, 0x79540000, 0x01736570,
	0x00000000, 0x00000000, 0x00000000, 0x00000000,
	0x00000000, 0x00000047, 0x00070032, 0x00000046,
	0x00010026, 0x00000000, 0x3633377b, 0x37393634,
	0x30302d36, 0x302d3030, 0x2d303130, 0x30303038,
	0x4130302d, 0x33303041, 0x37423938, 0x00017d31,
	0x00000000, 0x00000000, 0x47000000, 0x33000000,
	0x46000700, 0x26000000, 0x00000100, 0x7b000000,
	0x36333465, 0x31386265, 0x3432352d, 0x31312d66,
	0x392d6563, 0x2d333566, 0x30323030, 0x62306661,
	0x30373761, 0x0000017d, 0x00000000, 0x00000000,
	0x00470000, 0x00340000, 0x00460007, 0x00260000,
	0x00000001, 0x657b0000, 0x65363334, 0x2d303862,
	0x66343235, 0x6331312d, 0x66392d65, 0x302d3335,
	0x61303230, 0x61623066, 0x7d303737, 0x00000001,
	0x00000000, 0x00000000, 0x0000a100, 0x07003500,
	0x0000a100, 0x05000600, 0x00000000, 0x74754f00,
	0x03747570, 0x00000000, 0x09000000, 0x44000400,
	0x63657269, 0x6e6f6974, 0x00000001, 0x00000003,
	0x00000000, 0x0004000a, 0x65527349, 0x7265646e,
	0x00006465, 0x00030000, 0x00000000, 0x000b0000,
	0x6c410004, 0x65776f6c, 0x72655a64, 0x0000006f,
	0x00000300, 0x00000000, 0x04000b00, 0x6c6c4100,
	0x6465776f, 0x796e614d, 0x00000000, 0x00000001,
	0x00000000, 0x0005000d, 0x6e6e6f43, 0x73746365,
	0x69506f54, 0x706e496e, 0x00267475, 0x00360000,
	0x00250007, 0x00050000, 0x00000001, 0x79540000,
	0x01736570, 0x00000000, 0x00000000, 0x00000000,
	0x00000047, 0x00070037, 0x00000046, 0x00010026,
	0x00000000, 0x3633377b, 0x37393634, 0x30302d36,
	0x302d3030, 0x2d303130, 0x30303038, 0x4130302d,
	0x33303041, 0x37423938, 0x00017d31, 0x00000000,
	0x00000000, 0x47000000, 0x38000000, 0x46000700,
	0x26000000, 0x00000100, 0x7b000000, 0x30303030,
	0x30303030, 0x3030302d, 0x30302d30, 0x302d3030,
	0x2d303030, 0x30303030, 0x30303030, 0x30303030,
	0x0000017d, 0x00000000, 0x00000000, 0x00650000,
	0x00390000, 0x00650007, 0x00260000, 0x00000001,
	0x457b0000, 0x45344235, 0x2d304141, 0x41433242,
	0x6331312d, 0x44382d65, 0x302d4232, 0x45303030,
	0x35323032, 0x7d433939, 0x00000001, 0x00000000,
	0x001f0000, 0x4745504d, 0xc3decb20, 0xc320b5de,
	0xc0b0bade, 0xdfcc20de, 0xc3dfcadb, 0xdfcd20a8,
	0x68debcb0, 0x3a000000, 0x68000700, 0x0e000000,
	0x00000200, 0x49000000, 0x6f72706e, 0x72655363,
	0x33726576, 0x00000132, 0x00000000, 0x1c000000,
	0x5c3a4300, 0x444e4957, 0x5c53574f, 0x54535953,
	0x715c4d45, 0x74726175, 0x6c642e7a, 0x0000016c,
	0x00000000, 0x04000e00, 0x72685400, 0x69646165,
	0x6f4d676e, 0x426c6564, 0x6668746f, 0x3b000000,
	0x66000700, 0x26000000, 0x00000200, 0x7b000000,
	0x31653037, 0x30623230, 0x3535352d, 0x31312d36,
	0x392d6563, 0x2d306337, 0x61613030, 0x35353030,
	0x61353935, 0x0000017d, 0x00000000, 0x0b000000,
	0xc3decb00, 0xda20b5de, 0xd7dec0dd, 0x00000003,
	0x00000000, 0x00040005, 0x6972654d, 0x80000074,
	0x00006800, 0x07003c00, 0x00006800, 0x02000e00,
	0x00000000, 0x706e4900, 0x53636f72, 0x65767265,
	0x01323372, 0x00000000, 0x00000000, 0x43001c00,
	0x49575c3a, 0x574f444e, 0x59535c53, 0x4d455453,
	0x6175715c, 0x2e7a7472, 0x016c6c64, 0x00000000,
	0x0e000000, 0x54000400, 0x61657268, 0x676e6964,
	0x65646f4d, 0x746f426c, 0x00002568, 0x07003d00,
	0x00002400, 0x01000400, 0x00000000, 0x6e695000,
	0x00000173, 0x00000000, 0x00000000, 0x00820000,
	0x003e0000, 0x00820007, 0x00050000, 0x00000004,
	0x6e490000, 0x03747570, 0x00000000, 0x09000000,
	0x44000400, 0x63657269, 0x6e6f6974, 0x00000000,
	0x00000003, 0x00000000, 0x0004000a, 0x65527349,
	0x7265646e, 0x00016465, 0x00030000, 0x00000000,
	0x000b0000, 0x6c410004, 0x65776f6c, 0x72655a64,
	0x0000006f, 0x00000300, 0x00000000, 0x04000b00,
	0x6c6c4100, 0x6465776f, 0x796e614d, 0x00000000,
	0x00000026, 0x0007003f, 0x00000025, 0x00010005,
	0x00000000, 0x65707954, 0x00000173, 0x00000000,
	0x00000000, 0x00470000, 0x00400000, 0x00460007,
	0x00260000, 0x00000001, 0x377b0000, 0x36343633,
	0x2d363739, 0x30303030, 0x3130302d, 0x30382d30,
	0x302d3030, 0x30414130, 0x39383330, 0x7d313742,
	0x00000001, 0x00000000, 0x00000000, 0x00004700,
	0x07004100, 0x00004600, 0x01002600, 0x00000000,
	0x30307b00, 0x30303030, 0x302d3030, 0x2d303030,
	0x30303030, 0x3030302d, 0x30302d30, 0x30303030,
	0x30303030, 0x017d3030, 0x00000000, 0x00000000,
	0x00000000, 0x0000005e, 0x00070042, 0x0000005e,
	0x00010026, 0x00000000, 0x3434397b, 0x30633464,
	0x64642d30, 0x312d3235, 0x2d656331, 0x65306662,
	0x6130302d, 0x35303061, 0x35393535, 0x00017d61,
	0x00000000, 0x00000000, 0x69440018, 0x74636572,
	0x77617244, 0xdbdfcc20, 0xa8c3dfca, 0xb0dfcd20,
	0x0068debc, 0x00430000, 0x00680007, 0x000e0000,
	0x00000002, 0x6e490000, 0x636f7270, 0x76726553,
	0x32337265, 0x00000001, 0x00000000, 0x001c0000,
	0x575c3a43, 0x4f444e49, 0x535c5357, 0x45545359,
	0x75715c4d, 0x7a747261, 0x6c6c642e, 0x00000001,
	0x00000000, 0x0004000e, 0x65726854, 0x6e696461,
	0x646f4d67, 0x6f426c65, 0x005b6874, 0x00440000,
	0x005b0007, 0x00260000, 0x00000001, 0x347b0000,
	0x66613831, 0x2d303762, 0x38623866, 0x6331312d,
	0x61612d65, 0x302d3663, 0x61303230, 0x39623066,
	0x7d336139, 0x00000001, 0x00000000, 0x00150000,
	0xbf8e6995, 0x9d97c78a, 0xcadbdfcc, 0x20a8c3df,
	0xbcb0dfcd, 0x000068de, 0x07004500, 0x00006800,
	0x02000e00, 0x00000000, 0x706e4900, 0x53636f72,
	0x65767265, 0x01323372, 0x00000000, 0x00000000,
	0x43001c00, 0x49575c3a, 0x574f444e, 0x59535c53,
	0x4d455453, 0x6175715c, 0x2e7a7472, 0x016c6c64,
	0x00000000, 0x0e000000, 0x54000400, 0x61657268,
	0x676e6964, 0x65646f4d, 0x746f426c, 0x00005c68,
	0x07004600, 0x00005c00, 0x01002600, 0x00000000,
	0x39357b00, 0x38366563, 0x612d3038, 0x2d386663,
	0x66633131, 0x3635622d, 0x30302d65, 0x37633038,
	0x36623463, 0x017d6138, 0x00000000, 0x00000000,
	0xca001600, 0xb0abccdf, 0x20bdddcf, 0xcadbdfcc,
	0x20a8c3df, 0xbcb0dfcd, 0x000068de, 0x07004700,
	0x00006800, 0x02000e00, 0x00000000, 0x706e4900,
	0x53636f72, 0x65767265, 0x01323372, 0x00000000,
	0x00000000, 0x43001c00, 0x49575c3a, 0x574f444e,
	0x59535c53, 0x4d455453, 0x6175715c, 0x2e7a7472,
	0x016c6c64, 0x00000000, 0x0e000000, 0x54000400,
	0x61657268, 0x676e6964, 0x65646f4d, 0x746f426c,
	0x00006768, 0x07004800, 0x00006700, 0x02002600,
	0x00000000, 0x33657b00, 0x39323630, 0x322d3164,
	0x2d356537, 0x65633131, 0x3537382d, 0x30302d64,
	0x63383036, 0x30383762, 0x017d3636, 0x00000000,
	0x00000000, 0xb5000c00, 0xa8dec3b0, 0xddda20b5,
	0x03d7dec0, 0x00000000, 0x05000000, 0x4d000400,
	0x74697265, 0x00800000, 0x00000068, 0x00070049,
	0x00000068, 0x0002000e, 0x00000000, 0x72706e49,
	0x6553636f, 0x72657672, 0x00013233, 0x00000000,
	0x00000000, 0x3a43001c, 0x4e49575c, 0x53574f44,
	0x5359535c, 0x5c4d4554, 0x72617571, 0x642e7a74,
	0x00016c6c, 0x00000000, 0x000e0000, 0x68540004,
	0x64616572, 0x4d676e69, 0x6c65646f, 0x68746f42,
	0x00000025, 0x0007004a, 0x00000024, 0x00010004,
	0x00000000, 0x736e6950, 0x00000001, 0x00000000,
	0x00000000, 0x00008200, 0x07004b00, 0x00008200,
	0x04000500, 0x00000000, 0x706e4900, 0x00037475,
	0x00000000, 0x00090000, 0x69440004, 0x74636572,
	0x006e6f69, 0x03000000, 0x00000000, 0x0a000000,
	0x49000400, 0x6e655273, 0x65726564, 0x00000164,
	0x00000300, 0x00000000, 0x04000b00, 0x6c6c4100,
	0x6465776f, 0x6f72655a, 0x00000000, 0x00000003,
	0x00000000, 0x0004000b, 0x6f6c6c41, 0x4d646577,
	0x00796e61, 0x26000000, 0x4c000000, 0x25000700,
	0x05000000, 0x00000100, 0x54000000, 0x73657079,
	0x00000001, 0x00000000, 0x00000000, 0x00004700,
	0x07004d00, 0x00004600, 0x01002600, 0x00000000,
	0x33377b00, 0x35373436, 0x302d3136, 0x2d303030,
	0x30313030, 0x3030382d, 0x30302d30, 0x30304141,
	0x42393833, 0x017d3137, 0x00000000, 0x00000000,
	0x00000000, 0x00000047, 0x0007004e, 0x00000046,
	0x00010026, 0x00000000, 0x3030307b, 0x30303030,
	0x30302d30, 0x302d3030, 0x2d303030, 0x30303030,
	0x3030302d, 0x30303030, 0x30303030, 0x00017d30,
	0x00000000, 0x00000000, 0x60000000, 0x4f000000,
	0x60000700, 0x26000000, 0x00000100, 0x7b000000,
	0x38353530, 0x66616639, 0x3533632d, 0x31312d36,
	0x622d6563, 0x2d313066, 0x61613030, 0x35353030,
	0x61353935, 0x0000017d, 0x00000000, 0x1a000000,
	0xc3b0b500, 0x20b5a8de, 0xdec0ddda, 0xdfcc20d7,
	0xc3dfcadb, 0xdfcd20a8, 0x68debcb0, 0x50000000,
	0x68000700, 0x0e000000, 0x00000200, 0x49000000,
	0x6f72706e, 0x72655363, 0x33726576, 0x00000132,
	0x00000000, 0x1c000000, 0x5c3a4300, 0x444e4957,
	0x5c53574f, 0x54535953, 0x715c4d45, 0x74726175,
	0x6c642e7a, 0x0000016c, 0x00000000, 0x04000e00,
	0x72685400, 0x69646165, 0x6f4d676e, 0x426c6564,
	0x6868746f, 0x51000000, 0x68000700, 0x26000000,
	0x00000200, 0x7b000000, 0x33343631, 0x30383165,
	0x6630392d, 0x31312d35, 0x392d6563, 0x2d356437,
	0x61613030, 0x35353030, 0x61353935, 0x0000017d,
	0x00000000, 0x0d000000, 0xbd469000, 0xbdb0dfcd,
	0xcf95cc82, 0x0003588d, 0x00000000, 0x00050000,
	0x654d0004, 0x00746972, 0x68004000, 0x52000000,
	0x68000700, 0x0e000000, 0x00000200, 0x49000000,
	0x6f72706e, 0x72655363, 0x33726576, 0x00000132,
	0x00000000, 0x1c000000, 0x5c3a4300, 0x444e4957,
	0x5c53574f, 0x54535953, 0x715c4d45, 0x74726175,
	0x6c642e7a, 0x0000016c, 0x00000000, 0x04000e00,
	0x72685400, 0x69646165, 0x6f4d676e, 0x426c6564,
	0x2568746f, 0x53000000, 0x24000700, 0x04000000,
	0x00000100, 0x50000000, 0x01736e69, 0x00000000,
	0x00000000, 0x00000000, 0x00000082, 0x00070054,
	0x00000082, 0x00040005, 0x00000000, 0x75706e49,
	0x00000374, 0x00000000, 0x04000900, 0x72694400,
	0x69746365, 0x00006e6f, 0x00030000, 0x00000000,
	0x000a0000, 0x73490004, 0x646e6552, 0x64657265,
	0x00000000, 0x00000003, 0x00000000, 0x0004000b,
	0x6f6c6c41, 0x5a646577, 0x006f7265, 0x03000000,
	0x00000000, 0x0b000000, 0x41000400, 0x776f6c6c,
	0x614d6465, 0x0000796e, 0x00260000, 0x00550000,
	0x00250007, 0x00050000, 0x00000001, 0x79540000,
	0x01736570, 0x00000000, 0x00000000, 0x00000000,
	0x00000047, 0x00070056, 0x00000046, 0x00010026,
	0x00000000, 0x3633377b, 0x37393634, 0x30302d36,
	0x302d3030, 0x2d303130, 0x30303038, 0x4130302d,
	0x33303041, 0x37423938, 0x00017d31, 0x00000000,
	0x00000000, 0x47000000, 0x57000000, 0x46000700,
	0x26000000, 0x00000100, 0x7b000000, 0x30303030,
	0x30303030, 0x3030302d, 0x30302d30, 0x302d3030,
	0x2d303030, 0x30303030, 0x30303030, 0x30303030,
	0x0000017d, 0x00000000, 0x00000000, 0x00830000,
	0x00580000, 0x00830007, 0x00060000, 0x00000004,
	0x754f0000, 0x74757074, 0x00000003, 0x00000000,
	0x00040009, 0x65726944, 0x6f697463, 0x0000016e,
	0x00000300, 0x00000000, 0x04000a00, 0x52734900,
	0x65646e65, 0x00646572, 0x03000000, 0x00000000,
	0x0b000000, 0x41000400, 0x776f6c6c, 0x655a6465,
	0x00006f72, 0x00030000, 0x00000000, 0x000b0000,
	0x6c410004, 0x65776f6c, 0x6e614d64, 0x00000079,
	0x00002600, 0x07005900, 0x00002500, 0x01000500,
	0x00000000, 0x70795400, 0x00017365, 0x00000000,
	0x00000000, 0x47000000, 0x5a000000, 0x46000700,
	0x26000000, 0x00000100, 0x7b000000, 0x34363337,
	0x36373936, 0x3030302d, 0x30302d30, 0x382d3031,
	0x2d303030, 0x41413030, 0x38333030, 0x31374239,
	0x0000017d, 0x00000000, 0x00000000, 0x00470000,
	0x005b0000, 0x00460007, 0x00260000, 0x00000001,
	0x307b0000, 0x30303030, 0x2d303030, 0x30303030,
	0x3030302d, 0x30302d30, 0x302d3030, 0x30303030,
	0x30303030, 0x7d303030, 0x00000001, 0x00000000,
	0x00000000, 0x00006e00, 0x07005c00, 0x00006e00,
	0x02002600, 0x00000000, 0x33337b00, 0x35373436,
	0x392d3064, 0x2d613234, 0x65633131, 0x3738612d,
	0x30302d30, 0x30306161, 0x61656632, 0x017d3562,
	0x00000000, 0x00000000, 0x4d001300, 0x2d474550,
	0xc4bd2049, 0x20d1b0d8, 0xd8dfccbd, 0x0003c0af,
	0x00000000, 0x00050000, 0x654d0004, 0x00746972,
	0x68006000, 0x5d000000, 0x68000700, 0x0e000000,
	0x00000200, 0x49000000, 0x6f72706e, 0x72655363,
	0x33726576, 0x00000132, 0x00000000, 0x1c000000,
	0x5c3a4300, 0x444e4957, 0x5c53574f, 0x54535953,
	0x715c4d45, 0x74726175, 0x6c642e7a, 0x0000016c,
	0x00000000, 0x04000e00, 0x72685400, 0x69646165,
	0x6f4d676e, 0x426c6564, 0x2568746f, 0x5e000000,
	0x24000700, 0x04000000, 0x00000100, 0x50000000,
	0x01736e69, 0x00000000, 0x00000000, 0x00000000,
	0x00000082, 0x0007005f, 0x00000082, 0x00040005,
	0x00000000, 0x75706e49, 0x00000374, 0x00000000,
	0x04000900, 0x72694400, 0x69746365, 0x00006e6f,
	0x00030000, 0x00000000, 0x000a0000, 0x73490004,
	0x646e6552, 0x64657265, 0x00000000, 0x00000003,
	0x00000000, 0x0004000b, 0x6f6c6c41, 0x5a646577,
	0x006f7265, 0x03000000, 0x00000000, 0x0b000000,
	0x41000400, 0x776f6c6c, 0x614d6465, 0x0000796e,
	0x00260000, 0x00600000, 0x00250007, 0x00050000,
	0x00000001, 0x79540000, 0x01736570, 0x00000000,
	0x00000000, 0x00000000, 0x00000047, 0x00070061,
	0x00000046, 0x00010026, 0x00000000, 0x3334657b,
	0x38626536, 0x32352d33, 0x312d6634, 0x2d656331,
	0x33356639, 0x3230302d, 0x30666130, 0x37376162,
	0x00017d30, 0x00000000, 0x00000000, 0x55000000,
	0x62000000, 0x46000700, 0x26000000, 0x00000100,
	0x7b000000, 0x36333445, 0x34384245, 0x3432352d,
	0x31312d46, 0x392d4543, 0x2d333546, 0x30323030,
	0x42304641, 0x30373741, 0x0000017d, 0x00000000,
	0x00000000, 0x00000000, 0x00000000, 0x00000000,
	0x00000000, 0x00000047, 0x00070063, 0x00000046,
	0x00010026, 0x00000000, 0x3334657b, 0x38626536,
	0x32352d35, 0x312d6634, 0x2d656331, 0x33356639,
	0x3230302d, 0x30666130, 0x37376162, 0x00017d30,
	0x00000000, 0x00000000, 0x47000000, 0x64000000,
	0x46000700, 0x26000000, 0x00000100, 0x7b000000,
	0x36333465, 0x37386265, 0x3432352d, 0x31312d66,
	0x392d6563, 0x2d333566, 0x30323030, 0x62306661,
	0x30373761, 0x0000017d, 0x00000000, 0x00000000,
	0x00470000, 0x00650000, 0x00460007, 0x00260000,
	0x00000001, 0x657b0000, 0x65363334, 0x2d363862,
	0x66343235, 0x6331312d, 0x66392d65, 0x302d3335,
	0x61303230, 0x61623066, 0x7d303737, 0x00000001,
	0x00000000, 0x00000000, 0x00008900, 0x07006600,
	0x00008900, 0x04000c00, 0x00000000, 0x64754100,
	0x4f206f69, 0x75707475, 0x00000374, 0x00000000,
	0x04000900, 0x72694400, 0x69746365, 0x00016e6f,
	0x00030000, 0x00000000, 0x000a0000, 0x73490004,
	0x646e6552, 0x64657265, 0x00000000, 0x00000003,
	0x00000000, 0x0004000b, 0x6f6c6c41, 0x5a646577,
	0x016f7265, 0x03000000, 0x00000000, 0x0b000000,
	0x41000400, 0x776f6c6c, 0x614d6465, 0x0000796e,
	0x00260000, 0x00670000, 0x00250007, 0x00050000,
	0x00000001, 0x79540000, 0x01736570, 0x00000000,
	0x00000000, 0x00000000, 0x00000047, 0x00070068,
	0x00000046, 0x00010026, 0x00000000, 0x3633377b,
	0x36353734, 0x30302d31, 0x302d3030, 0x2d303130,
	0x30303038, 0x4130302d, 0x33303041, 0x37423938,
	0x00017d31, 0x00000000, 0x00000000, 0x47000000,
	0x69000000, 0x46000700, 0x26000000, 0x00000100,
	0x7b000000, 0x36333445, 0x30384245, 0x3432352d,
	0x31312d46, 0x392d4543, 0x2d333546, 0x30323030,
	0x42304641, 0x30373741, 0x0000017d, 0x00000000,
	0x00000000, 0x00470000, 0x006a0000, 0x00460007,
	0x00260000, 0x00000001, 0x457b0000, 0x45363334,
	0x2d313842, 0x46343235, 0x4331312d, 0x46392d45,
	0x302d3335, 0x41303230, 0x41423046, 0x7d303737,
	0x00000001, 0x00000000, 0x00000000, 0x00008900,
	0x07006b00, 0x00008900, 0x04000c00, 0x00000000,
	0x64695600, 0x4f206f65, 0x75707475, 0x00000374,
	0x00000000, 0x04000900, 0x72694400, 0x69746365,
	0x00016e6f, 0x00030000, 0x00000000, 0x000a0000,
	0x73490004, 0x646e6552, 0x64657265, 0x00000000,
	0x00000003, 0x00000000, 0x0004000b, 0x6f6c6c41,
	0x5a646577, 0x016f7265, 0x03000000, 0x00000000,
	0x0b000000, 0x41000400, 0x776f6c6c, 0x614d6465,
	0x0000796e, 0x00260000, 0x006c0000, 0x00250007,
	0x00050000, 0x00000001, 0x79540000, 0x01736570,
	0x00000000, 0x00000000, 0x00000000, 0x00000047,
	0x0007006d, 0x00000046, 0x00010026, 0x00000000,
	0x3633377b, 0x37393634, 0x30302d36, 0x302d3030,
	0x2d303130, 0x30303038, 0x4130302d, 0x33303041,
	0x37423938, 0x00017d31, 0x00000000, 0x00000000,
	0x47000000, 0x6e000000, 0x46000700, 0x26000000,
	0x00000100, 0x7b000000, 0x36333445, 0x30384245,
	0x3432352d, 0x31312d46, 0x392d4543, 0x2d333546,
	0x30323030, 0x42304641, 0x30373741, 0x0000017d,
	0x00000000, 0x00000000, 0x00470000, 0x006f0000,
	0x00460007, 0x00260000, 0x00000001, 0x457b0000,
	0x45363334, 0x2d313842, 0x46343235, 0x4331312d,
	0x46392d45, 0x302d3335, 0x41303230, 0x41423046,
	0x7d303737, 0x00000001, 0x00000000, 0x00000000,
	0x00006500, 0x07007000, 0x00006500, 0x02002600,
	0x00000000, 0x42317b00, 0x43343435, 0x462d3032,
	0x2d423044, 0x65633131, 0x3643382d, 0x30302d33,
	0x30304141, 0x35423434, 0x017d4531, 0x00000000,
	0x00000000, 0x41000a00, 0xbd204956, 0xafd8dfcc,
	0x000003c0, 0x00000000, 0x04000500, 0x72654d00,
	0x00007469, 0x00680060, 0x00710000, 0x00680007,
	0x000e0000, 0x00000002, 0x6e490000, 0x636f7270,
	0x76726553, 0x32337265, 0x00000001, 0x00000000,
	0x001c0000, 0x575c3a43, 0x4f444e49, 0x535c5357,
	0x45545359, 0x75715c4d, 0x7a747261, 0x6c6c642e,
	0x00000001, 0x00000000, 0x0004000e, 0x65726854,
	0x6e696461, 0x646f4d67, 0x6f426c65, 0x00256874,
	0x00720000, 0x00240007, 0x00040000, 0x00000001,
	0x69500000, 0x0001736e, 0x00000000, 0x00000000,
	0x82000000, 0x73000000, 0x82000700, 0x05000000,
	0x00000400, 0x49000000, 0x7475706e, 0x00000003,
	0x00000000, 0x00040009, 0x65726944, 0x6f697463,
	0x0000006e, 0x00000300, 0x00000000, 0x04000a00,
	0x52734900, 0x65646e65, 0x00646572, 0x03000000,
	0x00000000, 0x0b000000, 0x41000400, 0x776f6c6c,
	0x655a6465, 0x00006f72, 0x00030000, 0x00000000,
	0x000b0000, 0x6c410004, 0x65776f6c, 0x6e614d64,
	0x00000079, 0x00002600, 0x07007400, 0x00002500,
	0x01000500, 0x00000000, 0x70795400, 0x00017365,
	0x00000000, 0x00000000, 0x47000000, 0x75000000,
	0x46000700, 0x26000000, 0x00000100, 0x7b000000,
	0x36333465, 0x33386265, 0x3432352d, 0x31312d66,
	0x392d6563, 0x2d333566, 0x30323030, 0x62306661,
	0x30373761, 0x0000017d, 0x00000000, 0x00000000,
	0x00470000, 0x00760000, 0x00460007, 0x00260000,
	0x00000001, 0x657b0000, 0x65363334, 0x2d383862,
	0x66343235, 0x6331312d, 0x66392d65, 0x302d3335,
	0x61303230, 0x61623066, 0x7d303737, 0x00000001,
	0x00000000, 0x00000000, 0x00008300, 0x07007700,
	0x00008300, 0x04000600, 0x00000000, 0x74754f00,
	0x03747570, 0x00000000, 0x09000000, 0x44000400,
	0x63657269, 0x6e6f6974, 0x00000001, 0x00000003,
	0x00000000, 0x0004000a, 0x65527349, 0x7265646e,
	0x00006465, 0x00030000, 0x00000000, 0x000b0000,
	0x6c410004, 0x65776f6c, 0x72655a64, 0x0000006f,
	0x00000300, 0x00000000, 0x04000b00, 0x6c6c4100,
	0x6465776f, 0x796e614d, 0x00000000, 0x00000026,
	0x00070078, 0x00000025, 0x00010005, 0x00000000,
	0x65707954, 0x00000173, 0x00000000, 0x00000000,
	0x00470000, 0x00790000, 0x00460007, 0x00260000,
	0x00000001, 0x377b0000, 0x36343633, 0x2d363739,
	0x30303030, 0x3130302d, 0x30382d30, 0x302d3030,
	0x30414130, 0x39383330, 0x7d313742, 0x00000001,
	0x00000000, 0x00000000, 0x00004700, 0x07007a00,
	0x00004600, 0x01002600, 0x00000000, 0x30307b00,
	0x30303030, 0x302d3030, 0x2d303030, 0x30303030,
	0x3030302d, 0x30302d30, 0x30303030, 0x30303030,
	0x017d3030, 0x00000000, 0x00000000, 0x00000000,
	0x0000006c, 0x0007007b, 0x0000006c, 0x00020026,
	0x00000000, 0x3334657b, 0x62626536, 0x32352d35,
	0x312d6634, 0x2d656331, 0x33356639, 0x3230302d,
	0x30666130, 0x37376162, 0x00017d30, 0x00000000,
	0x00000000, 0xa7cc0011, 0xbf20d9b2, 0x2820bdb0,
	0x6e797341, 0x03292e63, 0x00000000, 0x05000000,
	0x4d000400, 0x74697265, 0x00400000, 0x00000068,
	0x0007007c, 0x00000068, 0x0002000e, 0x00000000,
	0x72706e49, 0x6553636f, 0x72657672, 0x00013233,
	0x00000000, 0x00000000, 0x3a43001c, 0x4e49575c,
	0x53574f44, 0x5359535c, 0x5c4d4554, 0x72617571,
	0x642e7a74, 0x00016c6c, 0x00000000, 0x000e0000,
	0x68540004, 0x64616572, 0x4d676e69, 0x6c65646f,
	0x68746f42, 0x00000025, 0x0007007d, 0x00000024,
	0x00010004, 0x00000000, 0x736e6950, 0x00000001,
	0x00000000, 0x00000000, 0x00008300, 0x07007e00,
	0x00008300, 0x04000600, 0x00000000, 0x74754f00,
	0x03747570, 0x00000000, 0x09000000, 0x44000400,
	0x63657269, 0x6e6f6974, 0x00000001, 0x00000003,
	0x00000000, 0x0004000a, 0x65527349, 0x7265646e,
	0x00006465, 0x00030000, 0x00000000, 0x000b0000,
	0x6c410004, 0x65776f6c, 0x72655a64, 0x0000006f,
	0x00000300, 0x00000000, 0x04000b00, 0x6c6c4100,
	0x6465776f, 0x796e614d, 0x00000000, 0x00000026,
	0x0007007f, 0x00000025, 0x00010005, 0x00000000,
	0x65707954, 0x00000173, 0x00000000, 0x00000000,
	0x00470000, 0x00800000, 0x00460007, 0x00260000,
	0x00000001, 0x657b0000, 0x65363334, 0x2d333862,
	0x66343235, 0x6331312d, 0x66392d65, 0x302d3335,
	0x61303230, 0x61623066, 0x7d303737, 0x00000001,
	0x00000000, 0x00000000, 0x00004700, 0x07008100,
	0x00004600, 0x01002600, 0x00000000, 0x30307b00,
	0x30303030, 0x302d3030, 0x2d303030, 0x30303030,
	0x3030302d, 0x30302d30, 0x30303030, 0x30303030,
	0x017d3030, 0x00000000, 0x00000000, 0x00000000,
	0x00000069, 0x00070082, 0x00000069, 0x00020026,
	0x00000000, 0x3334657b, 0x62626536, 0x32352d36,
	0x312d6634, 0x2d656331, 0x33356639, 0x3230302d,
	0x30666130, 0x37376162, 0x00017d30, 0x00000000,
	0x00000000, 0xa7cc000e, 0xbf20d9b2, 0x2820bdb0,
	0x294c5255, 0x00000003, 0x00000000, 0x00040005,
	0x6972654d, 0x40000074, 0x00006800, 0x07008300,
	0x00006800, 0x02000e00, 0x00000000, 0x706e4900,
	0x53636f72, 0x65767265, 0x01323372, 0x00000000,
	0x00000000, 0x43001c00, 0x49575c3a, 0x574f444e,
	0x59535c53, 0x4d455453, 0x6175715c, 0x2e7a7472,
	0x016c6c64, 0x00000000, 0x0e000000, 0x54000400,
	0x61657268, 0x676e6964, 0x65646f4d, 0x746f426c,
	0x00002568, 0x07008400, 0x00002400, 0x01000400,
	0x00000000, 0x6e695000, 0x00000173, 0x00000000,
	0x00000000, 0x00830000, 0x00850000, 0x00830007,
	0x00060000, 0x00000004, 0x754f0000, 0x74757074,
	0x00000003, 0x00000000, 0x00040009, 0x65726944,
	0x6f697463, 0x0000016e, 0x00000300, 0x00000000,
	0x04000a00, 0x52734900, 0x65646e65, 0x00646572,
	0x03000000, 0x00000000, 0x0b000000, 0x41000400,
	0x776f6c6c, 0x655a6465, 0x00006f72, 0x00030000,
	0x00000000, 0x000b0000, 0x6c410004, 0x65776f6c,
	0x6e614d64, 0x00000079, 0x00002600, 0x07008600,
	0x00002500, 0x01000500, 0x00000000, 0x70795400,
	0x00017365, 0x00000000, 0x00000000, 0x47000000,
	0x87000000, 0x46000700, 0x26000000, 0x00000100,
	0x7b000000, 0x36333445, 0x33384245, 0x3432352d,
	0x31312d46, 0x392d4543, 0x2d333546, 0x30323030,
	0x42304641, 0x30373741, 0x0000017d, 0x00000000,
	0x00000000, 0x00470000, 0x00880000, 0x00460007,
	0x00260000, 0x00000001, 0x307b0000, 0x30303030,
	0x2d303030, 0x30303030, 0x3030302d, 0x30302d30,
	0x302d3030, 0x30303030, 0x30303030, 0x7d303030,
	0x00000001, 0x00000000, 0x00000000, 0x0000ad00,
	0x07008b00, 0x0000a500, 0x04000400, 0x00000000,
	0x6c696600, 0x00000165, 0x00000000, 0x26000d00,
	0x756f5300, 0x20656372, 0x746c6946, 0x657b7265,
	0x65363334, 0x2d366262, 0x66343235, 0x6331312d,
	0x66392d65, 0x302d3335, 0x61303230, 0x61623066,
	0x7d303737, 0x00000001, 0x00000000, 0x00110000,
	0x3a4c5255, 0x656c6946, 0x6f725020, 0x6f636f74,
	0x0000036c, 0x00000000, 0x04000900, 0x69644500,
	0x616c4674, 0x00027367, 0x00010000, 0x00000000,
	0x000c0000, 0x52550000, 0x7250204c, 0x636f746f,
	0x6f636c6f, 0x3737616c, 0x00707d30, 0x008e0000,
	0x00700007, 0x00260000, 0x00000002, 0x447b0000,
	0x44423135, 0x2d304135, 0x38343537, 0x6331312d,
	0x35412d66, 0x302d3032, 0x43303830, 0x46453737,
	0x7d413835, 0x00000001, 0x00000000, 0x00150000,
	0x63697551, 0x6d69546b, 0xb0d12065, 0x20b0decb,
	0xbbb0dfca, 0x000003b0, 0x00000000, 0x04000500,
	0x72654d00, 0x00007469, 0x00680060, 0x008f0000,
	0x00680007, 0x000e0000, 0x00000002, 0x6e490000,
	0x636f7270, 0x76726553, 0x32337265, 0x00000001,
	0x00000000, 0x001c0000, 0x575c3a43, 0x4f444e49,
	0x535c5357, 0x45545359, 0x75715c4d, 0x7a747261,
	0x6c6c642e, 0x00000001, 0x00000000, 0x0004000e,
	0x65726854, 0x6e696461, 0x646f4d67, 0x6f426c65,
	0x00256874, 0x00900000, 0x00240007, 0x00040000,
	0x00000001, 0x69500000, 0x0001736e, 0x00000000,
	0x00000000, 0x83000000, 0x91000000, 0x83000700,
	0x06000000, 0x00000400, 0x4f000000, 0x75707475,
	0x00000374, 0x00000000, 0x04000900, 0x72694400,
	0x69746365, 0x00016e6f, 0x00030000, 0x00000000,
	0x000a0000, 0x73490004, 0x646e6552, 0x64657265,
	0x00000000, 0x00000003, 0x00000000, 0x0004000b,
	0x6f6c6c41, 0x5a646577, 0x006f7265, 0x03000000,
	0x00000000, 0x0b000000, 0x41000400, 0x776f6c6c,
	0x614d6465, 0x0000796e, 0x00260000, 0x00920000,
	0x00250007, 0x00050000, 0x00000001, 0x79540000,
	0x01736570, 0x00000000, 0x00000000, 0x00000000,
	0x00000047, 0x00070093, 0x00000046, 0x00010026,
	0x00000000, 0x3633377b, 0x37393634, 0x30302d36,
	0x302d3030, 0x2d303130, 0x30303038, 0x4130302d,
	0x33303041, 0x37423938, 0x00017d31, 0x00000000,
	0x00000000, 0x47000000, 0x94000000, 0x46000700,
	0x26000000, 0x00000100, 0x7b000000, 0x30303030,
	0x30303030, 0x3030302d, 0x30302d30, 0x302d3030,
	0x2d303030, 0x30303030, 0x30303030, 0x30303030,
	0x0000017d, 0x00000000, 0x00000000, 0x00260000,
	0x00960000, 0x00250007, 0x00050000, 0x00000001,
	0x79540000, 0x01736570, 0x00000000, 0x00000000,
	0x44000000, 0x00000058, 0x00070097, 0x00000046,
	0x00010026, 0x00000000, 0x3334657b, 0x38626536,
	0x32352d33, 0x312d6634, 0x2d656331, 0x33356639,
	0x3230302d, 0x30666130, 0x37376162, 0x00017d30,
	0x00000000, 0x00000000, 0x00000000, 0x00000000,
	0x00000000, 0x00000000, 0x00000000, 0x00000082,
	0x00070095, 0x00000082, 0x00040005, 0x00000000,
	0x75706e49, 0x00000374, 0x00000000, 0x04000900,
	0x72694400, 0x69746365, 0x00006e6f, 0x00030000,
	0x00000000, 0x000a0000, 0x73490004, 0x646e6552,
	0x64657265, 0x00000000, 0x00000003, 0x00000000,
	0x0004000b, 0x6f6c6c41, 0x5a646577, 0x006f7265,
	0x03000000, 0x00000000, 0x0b000000, 0x41000400,
	0x776f6c6c, 0x614d6465, 0x0000796e, 0x00470000,
	0x00980000, 0x00460007, 0x00260000, 0x00000001,
	0x657b0000, 0x65363334, 0x2d393862, 0x66343235,
	0x6331312d, 0x66392d65, 0x302d3335, 0x61303230,
	0x61623066, 0x7d303737, 0x00000001, 0x00000000,
	0x00000000, 0x00006500, 0x07009900, 0x00006500,
	0x02002600, 0x00000000, 0x35447b00, 0x35444231,
	0x372d3141, 0x2d383435, 0x66633131, 0x3235412d,
	0x30302d30, 0x37433038, 0x35464537, 0x017d4138,
	0x00000000, 0x00000000, 0x57000a00, 0x20657661,
	0xbbb0dfca, 0x000003b0, 0x00000000, 0x04000500,
	0x72654d00, 0x00007469, 0x00680040, 0x009a0000,
	0x00680007, 0x000e0000, 0x00000002, 0x6e490000,
	0x636f7270, 0x76726553, 0x32337265, 0x00000001,
	0x00000000, 0x001c0000, 0x575c3a43, 0x4f444e49,
	0x535c5357, 0x45545359, 0x75715c4d, 0x7a747261,
	0x6c6c642e, 0x00000001, 0x00000000, 0x0004000e,
	0x65726854, 0x6e696461, 0x646f4d67, 0x6f426c65,
	0x00256874, 0x009b0000, 0x00240007, 0x00040000,
	0x00000001, 0x69500000, 0x0001736e, 0x00000000,
	0x00000000, 0x82000000, 0x9c000000, 0x82000700,
	0x05000000, 0x00000400, 0x49000000, 0x7475706e,
	0x00000003, 0x00000000, 0x00040009, 0x65726944,
	0x6f697463, 0x0000006e, 0x00000300, 0x00000000,
	0x04000a00, 0x52734900, 0x65646e65, 0x00646572,
	0x03000000, 0x00000000, 0x0b000000, 0x41000400,
	0x776f6c6c, 0x655a6465, 0x00006f72, 0x00030000,
	0x00000000, 0x000b0000, 0x6c410004, 0x65776f6c,
	0x6e614d64, 0x00000079, 0x00002600, 0x07009d00,
	0x00002500, 0x01000500, 0x00000000, 0x70795400,
	0x00017365, 0x00000000, 0x00000000, 0x47000000,
	0x9e000000, 0x46000700, 0x26000000, 0x00000100,
	0x7b000000, 0x36333465, 0x33386265, 0x3432352d,
	0x31312d66, 0x392d6563, 0x2d333566, 0x30323030,
	0x62306661, 0x30373761, 0x0000017d, 0x00000000,
	0x00000000, 0x00470000, 0x009f0000, 0x00460007,
	0x00260000, 0x00000001, 0x657b0000, 0x65363334,
	0x2d623862, 0x66343235, 0x6331312d, 0x66392d65,
	0x302d3335, 0x61303230, 0x61623066, 0x7d303737,
	0x00000001, 0x00000000, 0x00000000, 0x00004700,
	0x0700a000, 0x00004600, 0x01002600, 0x00000000,
	0x34657b00, 0x62653633, 0x352d6338, 0x2d663432,
	0x65633131, 0x3566392d, 0x30302d33, 0x66613032,
	0x37616230, 0x017d3037, 0x00000000, 0x00000000,
	0x00000000, 0x00000047, 0x000700a1, 0x00000046,
	0x00010026, 0x00000000, 0x3334657b, 0x38626536,
	0x32352d64, 0x312d6634, 0x2d656331, 0x33356639,
	0x3230302d, 0x30666130, 0x37376162, 0x00017d30,
	0x00000000, 0x00000000, 0x68000000, 0xa2000000,
	0x68000700, 0x26000000, 0x00000200, 0x7b000000,
	0x36313730, 0x35363637, 0x3130352d, 0x31312d31,
	0x422d6663, 0x2d333346, 0x41413030, 0x35353030,
	0x41353935, 0x0000017d, 0x00000000, 0x0d000000,
	0xbdd9cc00, 0xddb0d8b8, 0xc0ddda20, 0x0003d7de,
	0x00000000, 0x00050000, 0x654d0004, 0x00746972,
	0x68004000, 0xa3000000, 0x68000700, 0x0e000000,
	0x00000200, 0x49000000, 0x6f72706e, 0x72655363,
	0x33726576, 0x00000132, 0x00000000, 0x1c000000,
	0x5c3a4300, 0x444e4957, 0x5c53574f, 0x54535953,
	0x715c4d45, 0x74726175, 0x6c642e7a, 0x0000016c,
	0x00000000, 0x04000e00, 0x72685400, 0x69646165,
	0x6f4d676e, 0x426c6564, 0x2568746f, 0xa4000000,
	0x24000700, 0x04000000, 0x00000100, 0x50000000,
	0x01736e69, 0x00000000, 0x00000000, 0x00000000,
	0x00000082, 0x000700a5, 0x00000082, 0x00040005,
	0x00000000, 0x75706e49, 0x00000374, 0x00000000,
	0x04000900, 0x72694400, 0x69746365, 0x00006e6f,
	0x00030000, 0x00000000, 0x000a0000, 0x73490004,
	0x646e6552, 0x64657265, 0x00000001, 0x00000003,
	0x00000000, 0x0004000b, 0x6f6c6c41, 0x5a646577,
	0x006f7265, 0x03000000, 0x00000000, 0x0b000000,
	0x41000400, 0x776f6c6c, 0x614d6465, 0x0000796e,
	0x00260000, 0x00a60000, 0x00250007, 0x00050000,
	0x00000001, 0x79540000, 0x01736570, 0x00000000,
	0x00000000, 0x00000000, 0x00000047, 0x000700a7,
	0x00000046, 0x00010026, 0x00000000, 0x3633377b,
	0x37393634, 0x30302d36, 0x302d3030, 0x2d303130,
	0x30303038, 0x4130302d, 0x33303041, 0x37423938,
	0x00017d31, 0x00000000, 0x00000000, 0x47000000,
	0xa8000000, 0x46000700, 0x26000000, 0x00000100,
	0x7b000000, 0x30303030, 0x30303030, 0x3030302d,
	0x30302d30, 0x302d3030, 0x2d303030, 0x30303030,
	0x30303030, 0x30303030, 0x0000017d, 0x00000000,
	0x00000000, 0x00610000, 0x00a90000, 0x00610007,
	0x00260000, 0x00000001, 0x307b0000, 0x61383136,
	0x2d303361, 0x34636236, 0x6331312d, 0x66622d66,
	0x302d3633, 0x30616130, 0x35353530, 0x7d613539,
	0x00000001, 0x00000000, 0x001b0000, 0xb8bdd9cc,
	0x20ddb0d8, 0xdec0ddda, 0xdfcc20d7, 0xc3dfcadb,
	0xdfcd20a8, 0x68debcb0, 0xaa000000, 0x68000700,
	0x0e000000, 0x00000200, 0x49000000, 0x6f72706e,
	0x72655363, 0x33726576, 0x00000132, 0x00000000,
	0x1c000000, 0x5c3a4300, 0x444e4957, 0x5c53574f,
	0x54535953, 0x715c4d45, 0x74726175, 0x6c642e7a,
	0x0000016c, 0x00000000, 0x04000e00, 0x72685400,
	0x69646165, 0x6f4d676e, 0x426c6564, 0x6968746f,
	0xab000000, 0x69000700, 0x26000000, 0x00000200,
	0x7b000000, 0x30616431, 0x30303538, 0x6465392d,
	0x31312d63, 0x622d6663, 0x2d303163, 0x61613030,
	0x63613030, 0x36663437, 0x0000017d, 0x00000000,
	0x0e000000, 0x41475600, 0x20363120, 0xdec34690,
	0x03debba8, 0x00000000, 0x05000000, 0x4d000400,
	0x74697265, 0x00400000, 0x00000068, 0x000700ac,
	0x00000068, 0x0002000e, 0x00000000, 0x72706e49,
	0x6553636f, 0x72657672, 0x00013233, 0x00000000,
	0x00000000, 0x3a43001c, 0x4e49575c, 0x53574f44,
	0x5359535c, 0x5c4d4554, 0x72617571, 0x642e7a74,
	0x00016c6c, 0x00000000, 0x000e0000, 0x68540004,
	0x64616572, 0x4d676e69, 0x6c65646f, 0x68746f42,
	0x00000025, 0x000700ad, 0x00000024, 0x00010004,
	0x00000000, 0x736e6950, 0x00000001, 0x00000000,
	0x00000000, 0x00008200, 0x0700ae00, 0x00008200,
	0x04000500, 0x00000000, 0x706e4900, 0x00037475,
	0x00000000, 0x00090000, 0x69440004, 0x74636572,
	0x006e6f69, 0x03000000, 0x00000000, 0x0a000000,
	0x49000400, 0x6e655273, 0x65726564, 0x00000064,
	0x00000300, 0x00000000, 0x04000b00, 0x6c6c4100,
	0x6465776f, 0x6f72655a, 0x00000000, 0x00000003,
	0x00000000, 0x0004000b, 0x6f6c6c41, 0x4d646577,
	0x00796e61, 0x26000000, 0xaf000000, 0x25000700,
	0x05000000, 0x00000100, 0x54000000, 0x73657079,
	0x00000001, 0x00000000, 0x00000000, 0x00004700,
	0x0700b000, 0x00004600, 0x01002600, 0x00000000,
	0x33377b00, 0x39363436, 0x302d3637, 0x2d303030,
	0x30313030, 0x3030382d, 0x30302d30, 0x30304141,
	0x42393833, 0x017d3137, 0x00000000, 0x00000000,
	0x00000000, 0x00000047, 0x000700b1, 0x00000046,
	0x00010026, 0x00000000, 0x3334657b, 0x37626536,
	0x32352d61, 0x312d6634, 0x2d656331, 0x33356639,
	0x3230302d, 0x30666130, 0x37376162, 0x00017d30,
	0x00000000, 0x00000000, 0x83000000, 0xb2000000,
	0x83000700, 0x06000000, 0x00000400, 0x4f000000,
	0x75707475, 0x00000374, 0x00000000, 0x04000900,
	0x72694400, 0x69746365, 0x00016e6f, 0x00030000,
	0x00000000, 0x000a0000, 0x73490004, 0x646e6552,
	0x64657265, 0x00000000, 0x00000003, 0x00000000,
	0x0004000b, 0x6f6c6c41, 0x5a646577, 0x006f7265,
	0x03000000, 0x00000000, 0x0b000000, 0x41000400,
	0x776f6c6c, 0x614d6465, 0x0000796e, 0x00260000,
	0x00b30000, 0x00250007, 0x00050000, 0x00000001,
	0x79540000, 0x01736570, 0x00000000, 0x00000000,
	0x00000000, 0x00000047, 0x000700b4, 0x00000046,
	0x00010026, 0x00000000, 0x3633377b, 0x37393634,
	0x30302d36, 0x302d3030, 0x2d303130, 0x30303038,
	0x4130302d, 0x33303041, 0x37423938, 0x00017d31,
	0x00000000, 0x00000000, 0x47000000, 0xb5000000,
	0x46000700, 0x26000000, 0x00000100, 0x7b000000,
	0x36333465, 0x39376265, 0x3432352d, 0x31312d66,
	0x392d6563, 0x2d333566, 0x30323030, 0x62306661,
	0x30373761, 0x0000017d, 0x00000000, 0x00000000,
	0x00680000, 0x00b60000, 0x00680007, 0x00260000,
	0x00000002, 0x337b0000, 0x35343331, 0x2d393436,
	0x30303030, 0x3130302d, 0x30382d30, 0x302d3030,
	0x30414130, 0x39383330, 0x7d313742, 0x00000001,
	0x00000000, 0x000d0000, 0x31345649, 0x8a579320,
	0xd9a8cc4a, 0x000003c0, 0x00000000, 0x04000500,
	0x72654d00, 0x00007469, 0x00680064, 0x00b70000,
	0x00680007, 0x000e0000, 0x00000002, 0x6e490000,
	0x636f7270, 0x76726553, 0x32337265, 0x00000001,
	0x00000000, 0x001c0000, 0x575c3a43, 0x4f444e49,
	0x535c5357, 0x45545359, 0x72695c4d, 0x335f3134,
	0x78612e32, 0x00000001, 0x00000000, 0x0004000e,
	0x65726854, 0x6e696461, 0x646f4d67, 0x6f426c65,
	0x00326874, 0x00b80000, 0x00320007, 0x00060000,
	0x00000001, 0x72500000, 0x4449676f, 0x00000001,
	0x00000000, 0x000c0000, 0x65646e49, 0x6544346f,
	0x65646f63, 0x0000004d, 0x000700b9, 0x0000004d,
	0x00010007, 0x00000000, 0x65707954, 0x0162694c,
	0x00000000, 0x00000000, 0x7b002600, 0x41433738,
	0x30304636, 0x4539342d, 0x31312d34, 0x412d4643,
	0x2d454633, 0x41413030, 0x37333030, 0x45423533,
	0x0000257d, 0x0700ba00, 0x00002400, 0x01000400,
	0x00000000, 0x6e695000, 0x00000173, 0x00000000,
	0x00000000, 0x00820000, 0x00bb0000, 0x00820007,
	0x00050000, 0x00000004, 0x6e490000, 0x03747570,
	0x00000000, 0x09000000, 0x44000400, 0x63657269,
	0x6e6f6974, 0x00000000, 0x00000003, 0x00000000,
	0x0004000a, 0x65527349, 0x7265646e, 0x00006465,
	0x00030000, 0x00000000, 0x000b0000, 0x6c410004,
	0x65776f6c, 0x72655a64, 0x0000006f, 0x00000300,
	0x00000000, 0x04000b00, 0x6c6c4100, 0x6465776f,
	0x796e614d, 0x00000000, 0x00000026, 0x000700bc,
	0x00000025, 0x00010005, 0x00000000, 0x65707954,
	0x00000173, 0x00000000, 0x00000000, 0x00470000,
	0x00bd0000, 0x00460007, 0x00260000, 0x00000001,
	0x377b0000, 0x36343633, 0x2d363739, 0x30303030,
	0x3130302d, 0x30382d30, 0x302d3030, 0x30414130,
	0x39383330, 0x7d313742, 0x00000001, 0x00000000,
	0x00000000, 0x00004700, 0x0700be00, 0x00004600,
	0x01002600, 0x00000000, 0x31337b00, 0x36353433,
	0x302d3934, 0x2d303030, 0x30313030, 0x3030382d,
	0x30302d30, 0x30304141, 0x42393833, 0x017d3137,
	0x00000000, 0x00000000, 0x00000000, 0x00000083,
	0x000700bf, 0x00000083, 0x00040006, 0x00000000,
	0x7074754f, 0x00037475, 0x00000000, 0x00090000,
	0x69440004, 0x74636572, 0x016e6f69, 0x03000000,
	0x00000000, 0x0a000000, 0x49000400, 0x6e655273,
	0x65726564, 0x00000064, 0x00000300, 0x00000000,
	0x04000b00, 0x6c6c4100, 0x6465776f, 0x6f72655a,
	0x00000000, 0x00000003, 0x00000000, 0x0004000b,
	0x6f6c6c41, 0x4d646577, 0x00796e61, 0x26000000,
	0xc0000000, 0x25000700, 0x05000000, 0x00000100,
	0x54000000, 0x73657079, 0x00000001, 0x00000000,
	0x00000000, 0x00004700, 0x0700c100, 0x00004600,
	0x01002600, 0x00000000, 0x33377b00, 0x39363436,
	0x302d3637, 0x2d303030, 0x30313030, 0x3030382d,
	0x30302d30, 0x30304141, 0x42393833, 0x017d3137,
	0x00000000, 0x00000000, 0x00000000, 0x00000047,
	0x000700c2, 0x00000046, 0x00010026, 0x00000000,
	0x3030307b, 0x30303030, 0x30302d30, 0x302d3030,
	0x2d303030, 0x30303030, 0x3030302d, 0x30303030,
	0x30303030, 0x00017d30, 0x00000000, 0x00000000,
	0x68000000, 0xc3000000, 0x68000700, 0x26000000,
	0x00000200, 0x7b000000, 0x35353241, 0x30364631,
	0x3530372d, 0x31312d46, 0x412d4643, 0x2d343234,
	0x41413030, 0x37333030, 0x45423533, 0x0000017d,
	0x00000000, 0x0d000000, 0x34564900, 0x57932031,
	0xa8cc4a8a, 0x0003c0d9, 0x00000000, 0x00050000,
	0x654d0004, 0x00746972, 0x68002000, 0xc4000000,
	0x68000700, 0x0e000000, 0x00000200, 0x49000000,
	0x6f72706e, 0x72655363, 0x33726576, 0x00000132,
	0x00000000, 0x1c000000, 0x5c3a4300, 0x444e4957,
	0x5c53574f, 0x54535953, 0x695c4d45, 0x5f313472,
	0x612e3233, 0x00000178, 0x00000000, 0x04000e00,
	0x72685400, 0x69646165, 0x6f4d676e, 0x426c6564,
	0x3268746f, 0xc5000000, 0x32000700, 0x06000000,
	0x00000100, 0x50000000, 0x49676f72, 0x00000144,
	0x00000000, 0x0c000000, 0x646e4900, 0x45346f65,
	0x646f636e, 0x00004d65, 0x0700c600, 0x00004d00,
	0x01000700, 0x00000000, 0x70795400, 0x62694c65,
	0x00000001, 0x00000000, 0x00260000, 0x4337387b,
	0x30463641, 0x39342d30, 0x312d3445, 0x2d464331,
	0x45463341, 0x4130302d, 0x33303041, 0x42353337,
	0x00257d45, 0x00c70000, 0x00240007, 0x00040000,
	0x00000001, 0x69500000, 0x0001736e, 0x00000000,
	0x00000000, 0x82000000, 0xc8000000, 0x82000700,
	0x05000000, 0x00000400, 0x49000000, 0x7475706e,
	0x00000003, 0x00000000, 0x00040009, 0x65726944,
	0x6f697463, 0x0000006e, 0x00000300, 0x00000000,
	0x04000a00, 0x52734900, 0x65646e65, 0x00646572,
	0x03000000, 0x00000000, 0x0b000000, 0x41000400,
	0x776f6c6c, 0x655a6465, 0x00006f72, 0x00030000,
	0x00000000, 0x000b0000, 0x6c410004, 0x65776f6c,
	0x6e614d64, 0x00000079, 0x00002600, 0x0700c900,
	0x00002500, 0x01000500, 0x00000000, 0x70795400,
	0x00017365, 0x00000000, 0x00000000, 0x47000000,
	0xca000000, 0x46000700, 0x26000000, 0x00000100,
	0x7b000000, 0x34363337, 0x36373936, 0x3030302d,
	0x30302d30, 0x382d3031, 0x2d303030, 0x41413030,
	0x38333030, 0x31374239, 0x0000017d, 0x00000000,
	0x00000000, 0x00470000, 0x00cb0000, 0x00460007,
	0x00260000, 0x00000001, 0x337b0000, 0x35343331,
	0x2d393436, 0x30303030, 0x3130302d, 0x30382d30,
	0x302d3030, 0x30414130, 0x39383330, 0x7d313742,
	0x00000001, 0x00000000, 0x00000000, 0x00008300,
	0x0700cc00, 0x00008300, 0x04000600, 0x00000000,
	0x74754f00, 0x03747570, 0x00000000, 0x09000000,
	0x44000400, 0x63657269, 0x6e6f6974, 0x00000001,
	0x00000003, 0x00000000, 0x0004000a, 0x65527349,
	0x7265646e, 0x00006465, 0x00030000, 0x00000000,
	0x000b0000, 0x6c410004, 0x65776f6c, 0x72655a64,
	0x0000006f, 0x00000300, 0x00000000, 0x04000b00,
	0x6c6c4100, 0x6465776f, 0x796e614d, 0x00000000,
	0x00000026, 0x000700cd, 0x00000025, 0x00010005,
	0x00000000, 0x65707954, 0x00000173, 0x00000000,
	0x00000000, 0x00470000, 0x00ce0000, 0x00460007,
	0x00260000, 0x00000001, 0x377b0000, 0x36343633,
	0x2d363739, 0x30303030, 0x3130302d, 0x30382d30,
	0x302d3030, 0x30414130, 0x39383330, 0x7d313742,
	0x00000001, 0x00000000,
};
// clang-format on
