#include <libgpu.h>

#include <dw/font.h>
#include <dw/sjis.h>
#include <dw/types.h>
#include <dw/version.h>

#if VERSION_IS(EU)
#define NUM_GLYPHS		188
#elif !VERSION_IS(US)
#define NUM_GLYPHS		992
#else
#define NUM_GLYPHS		79
#endif
#define GLYPH_HEIGHT		11

#define TEXT_VRAM_X		704
#define TEXT_VRAM_Y		256
#define TEXT_AREA_SIZE		256
#define GLYPH_CELL_WIDTH	12
#define TEXT_DRAW_LIMIT		(TEXT_AREA_SIZE - GLYPH_CELL_WIDTH)

#if !VERSION_IS(US)
#define NUM_RENDER_SLOTS	21
#else
#define NUM_RENDER_SLOTS	50
#endif
#define RENDER_SLOT_SIZE	72

#define NUM_FONT_CLUT_ENTRIES	16
#define FONT_CLUT_VRAM_X	208
#define FONT_CLUT_VRAM_Y	488

typedef struct {
	uint16_t pixelData[11];
#if VERSION_IS(US)
	uint16_t width;
#endif
} GlyphData;

#if VERSION_IS(EU)
// clang-format off
uint16_t CHAR_TO_GLYPH_TABLE[NUM_GLYPHS] = {
	0x8141, 0x8142, 0x8145, 0x8146, 0x8148, 0x8149, 0x8158, 0x815b,
	0x8160, 0x8163, 0x8169, 0x816a, 0x8175, 0x8176, 0x8177, 0x8178,
	0x817b, 0x817c, 0x817e, 0x8193, 0x8159, 0x819b, 0x819c, 0x81f4,
	0x824f, 0x8250, 0x8251, 0x8252, 0x8253, 0x8254, 0x8255, 0x8256,
	0x8257, 0x8258, 0x8260, 0x8261, 0x8262, 0x8263, 0x8264, 0x8265,
	0x8266, 0x8267, 0x8268, 0x8269, 0x826a, 0x826b, 0x826c, 0x826d,
	0x826e, 0x826f, 0x8270, 0x8271, 0x8272, 0x8273, 0x8274, 0x8275,
	0x8276, 0x8277, 0x8278, 0x8279, 0xffff, 0x81a6, 0x8340, 0x8341,
	0x8342, 0x8343, 0x8344, 0x8345, 0x8346, 0x8347, 0x8348, 0x8349,
	0x834a, 0x834b, 0x834c, 0x834d, 0x834e, 0x834f, 0x8350, 0x8351,
	0x8352, 0x8353, 0x8354, 0x8355, 0x8356, 0x8357, 0x8358, 0x8359,
	0x835a, 0x835b, 0x835c, 0x835d, 0x835e, 0x835f, 0x8360, 0x8361,
	0x8362, 0x8363, 0x8364, 0x8365, 0x8366, 0x8367, 0x8368, 0x8369,
	0x836a, 0x836b, 0x836c, 0x836d, 0x836e, 0x836f, 0x8370, 0x8371,
	0x8372, 0x8373, 0x8374, 0x8375, 0x8376, 0x8377, 0x8378, 0x8379,
	0x837a, 0x837b, 0x837c, 0x837d, 0x837e, 0x8380, 0x8381, 0x8382,
	0x8383, 0x8384, 0x8385, 0x8386, 0x8387, 0x8388, 0x8389, 0x838a,
	0x838b, 0x838c, 0x838d, 0x838f, 0x8392, 0x8393, 0x8394, 0x8281,
	0x8282, 0x8283, 0x8284, 0x8285, 0x8286, 0x8287, 0x8288, 0x8289,
	0x828a, 0x828b, 0x828c, 0x828d, 0x828e, 0x828f, 0x8290, 0x8291,
	0x8292, 0x8293, 0x8294, 0x8295, 0x8296, 0x8297, 0x8298, 0x8299,
	0x829a, 0x8166, 0x8144, 0x8143, 0x814f, 0x8195, 0x8194, 0x8197,
	0x8945, 0x8db6, 0x89b9, 0x8153, 0x815e, 0x8155, 0x816f, 0x8170,
	0x95e2, 0x9660, 0x8cb9, 0x0000,
};
// clang-format on

// clang-format off
GlyphData GLYPH_DATA[NUM_GLYPHS] = {
	{ { 0xffff, 0xffff, 0xffff, 0xffff, 0xffff, 0xffff, 0xffff, 0xffff, 0xbfff, 0xdfff, 0xdfff, } },
	{ { 0xffff, 0xffff, 0xffff, 0xffff, 0xffff, 0xffff, 0xffff, 0xffff, 0x9fff, 0x6fff, 0x9fff, } },
	{ { 0xffff, 0xffff, 0xffff, 0xffff, 0xffff, 0xf9ff, 0xf9ff, 0xffff, 0xffff, 0xffff, 0xffff, } },
	{ { 0xffff, 0xffff, 0xffff, 0xcfff, 0xcfff, 0xffff, 0xffff, 0xcfff, 0xcfff, 0xffff, 0xffff, } },
	{ { 0xc7ff, 0x83ff, 0x39ff, 0x79ff, 0xf3ff, 0xe7ff, 0xcfff, 0xcfff, 0xffff, 0xcfff, 0xcfff, } },
	{ { 0xcfff, 0x87ff, 0x87ff, 0x87ff, 0x87ff, 0xcfff, 0xcfff, 0xcfff, 0xffff, 0xcfff, 0xcfff, } },
	{ { 0xffff, 0xfbff, 0xfbff, 0xf03f, 0xf7bf, 0xe7bf, 0xeb7f, 0xdcff, 0xfeff, 0xff7f, 0xffff, } },
	{ { 0xffff, 0xffff, 0xffff, 0xffff, 0xffff, 0xc03f, 0xffff, 0xffff, 0xffff, 0xffff, 0xffff, } },
	{ { 0xffff, 0xffff, 0xffff, 0xffff, 0xc7ff, 0xb9df, 0xfe3f, 0xffff, 0xffff, 0xffff, 0xffff, } },
	{ { 0xffff, 0xffff, 0xffff, 0xffff, 0xffff, 0x999f, 0xffff, 0xffff, 0xffff, 0xffff, 0xffff, } },
	{ { 0xffff, 0xfdff, 0xfbff, 0xfbff, 0xf7ff, 0xf7ff, 0xf7ff, 0xf7ff, 0xfbff, 0xfbff, 0xfdff, } },
	{ { 0xffff, 0x7fff, 0xbfff, 0xbfff, 0xdfff, 0xdfff, 0xdfff, 0xdfff, 0xbfff, 0xbfff, 0x7fff, } },
	{ { 0xfe0f, 0xfeff, 0xfeff, 0xfeff, 0xfeff, 0xfeff, 0xfeff, 0xfeff, 0xfeff, 0xfeff, 0xffff, } },
	{ { 0xffff, 0xf7ff, 0xf7ff, 0xf7ff, 0xf7ff, 0xf7ff, 0xf7ff, 0xf7ff, 0xf7ff, 0xf7ff, 0x07ff, } },
	{ { 0xfe0f, 0xfeef, 0xfe8f, 0xfebf, 0xfebf, 0xfebf, 0xfebf, 0xfebf, 0xfebf, 0xfe3f, 0xffff, } },
	{ { 0xffff, 0xc7ff, 0xd7ff, 0xd7ff, 0xd7ff, 0xd7ff, 0xd7ff, 0xd7ff, 0x17ff, 0x77ff, 0x07ff, } },
	{ { 0xffff, 0xffff, 0xfbff, 0xfbff, 0xfbff, 0x803f, 0xfbff, 0xfbff, 0xfbff, 0xfbff, 0xffff, } },
	{ { 0xffff, 0xffff, 0xffff, 0xffff, 0xffff, 0x03ff, 0xffff, 0xffff, 0xffff, 0xffff, 0xffff, } },
	{ { 0xffff, 0xffff, 0xdfbf, 0xef7f, 0xf6ff, 0xf9ff, 0xf9ff, 0xf6ff, 0xef7f, 0xdfbf, 0xffff, } },
	{ { 0xffff, 0xcfdf, 0xb7bf, 0xb77f, 0xb6ff, 0xcdff, 0xfb3f, 0xf6df, 0xeedf, 0xdedf, 0xbf3f, } },
	{ { 0xffff, 0xf3ff, 0xedff, 0xedff, 0xedff, 0xf37f, 0xeb7f, 0xdd7f, 0xde7f, 0xe1bf, 0xffff, } },
	{ { 0xf0ff, 0xef7f, 0xdfbf, 0xbfdf, 0xbfdf, 0xbfdf, 0xbfdf, 0xbfdf, 0xdfbf, 0xef7f, 0xf0ff, } },
	{ { 0xf0ff, 0xe07f, 0xc03f, 0x801f, 0x801f, 0x801f, 0x801f, 0x801f, 0xc03f, 0xe07f, 0xf0ff, } },
	{ { 0xffff, 0xfdff, 0xf8ff, 0xf87f, 0xfa7f, 0xfb7f, 0xfb7f, 0xfaff, 0xe3ff, 0xc3ff, 0xe7ff, } },
	{ { 0x83ff, 0x7dff, 0x7dff, 0x79ff, 0x75ff, 0x6dff, 0x5dff, 0x3dff, 0x7dff, 0x7dff, 0x83ff, } },
	{ { 0xcfff, 0xf7ff, 0xf7ff, 0xf7ff, 0xf7ff, 0xf7ff, 0xf7ff, 0xf7ff, 0xf7ff, 0xf7ff, 0xf7ff, } },
	{ { 0x03ff, 0xfdff, 0xfdff, 0xfdff, 0xfdff, 0x83ff, 0x7fff, 0x7fff, 0x7fff, 0x7fff, 0x01ff, } },
	{ { 0x03ff, 0xfdff, 0xfdff, 0xfdff, 0xfdff, 0x01ff, 0xfdff, 0xfdff, 0xfdff, 0xfdff, 0x03ff, } },
	{ { 0x7dff, 0x7dff, 0x7dff, 0x7dff, 0x7dff, 0x7dff, 0x81ff, 0xfdff, 0xfdff, 0xfdff, 0xfdff, } },
	{ { 0x01ff, 0x7fff, 0x7fff, 0x7fff, 0x7fff, 0x03ff, 0xfdff, 0xfdff, 0xfdff, 0xfdff, 0x03ff, } },
	{ { 0x81ff, 0x7fff, 0x7fff, 0x7fff, 0x7fff, 0x03ff, 0x7dff, 0x7dff, 0x7dff, 0x7dff, 0x83ff, } },
	{ { 0x03ff, 0xfdff, 0xfdff, 0xfdff, 0xfdff, 0xfdff, 0xfdff, 0xfdff, 0xfdff, 0xfdff, 0xfdff, } },
	{ { 0x83ff, 0x7dff, 0x7dff, 0x7dff, 0x7dff, 0x83ff, 0x7dff, 0x7dff, 0x7dff, 0x7dff, 0x83ff, } },
	{ { 0x83ff, 0x7dff, 0x7dff, 0x7dff, 0x7dff, 0x81ff, 0xfdff, 0xfdff, 0xfdff, 0xfdff, 0x03ff, } },
	{ { 0xf3ff, 0xedff, 0xddff, 0xbdff, 0x7dff, 0x7dff, 0x7dff, 0x01ff, 0x7dff, 0x7dff, 0x7dff, } },
	{ { 0x07ff, 0x7bff, 0x7bff, 0x77ff, 0x6fff, 0x07ff, 0x7bff, 0x7dff, 0x7dff, 0x7dff, 0x03ff, } },
	{ { 0xe3ff, 0xddff, 0xbfff, 0x7fff, 0x7fff, 0x7fff, 0x7fff, 0x7fff, 0x7fff, 0x7dff, 0x83ff, } },
	{ { 0x0fff, 0x77ff, 0x7bff, 0x7dff, 0x7dff, 0x7dff, 0x7dff, 0x7dff, 0x7dff, 0x7dff, 0x03ff, } },
	{ { 0xe1ff, 0xdfff, 0xbfff, 0x7fff, 0x7fff, 0x01ff, 0x7fff, 0x7fff, 0x7fff, 0x7fff, 0x01ff, } },
	{ { 0xe1ff, 0xdfff, 0xbfff, 0x7fff, 0x7fff, 0x01ff, 0x7fff, 0x7fff, 0x7fff, 0x7fff, 0x7fff, } },
	{ { 0xe3ff, 0xddff, 0xbfff, 0x7fff, 0x7fff, 0x61ff, 0x7dff, 0x7dff, 0x7dff, 0x7dff, 0x83ff, } },
	{ { 0x7dff, 0x7dff, 0x7dff, 0x7dff, 0x7dff, 0x7dff, 0x01ff, 0x7dff, 0x7dff, 0x7dff, 0x7dff, } },
	{ { 0xefff, 0xefff, 0xefff, 0xefff, 0xefff, 0xefff, 0xefff, 0xefff, 0xefff, 0xefff, 0xefff, } },
	{ { 0xfdff, 0xfdff, 0xfdff, 0xfdff, 0xfdff, 0xfdff, 0xfdff, 0xfdff, 0x7bff, 0x77ff, 0x8fff, } },
	{ { 0x79ff, 0x77ff, 0x6fff, 0x5fff, 0x3fff, 0x3fff, 0x5fff, 0x6fff, 0x77ff, 0x7bff, 0x7dff, } },
	{ { 0x7fff, 0x7fff, 0x7fff, 0x7fff, 0x7fff, 0x7fff, 0x7fff, 0x7fff, 0x7fff, 0x7fff, 0x81ff, } },
	{ { 0xc1ff, 0xadff, 0x6dff, 0x6dff, 0x6dff, 0x6dff, 0x6dff, 0x6dff, 0x6dff, 0x6dff, 0x6dff, } },
	{ { 0xc1ff, 0xbdff, 0x7dff, 0x7dff, 0x7dff, 0x7dff, 0x7dff, 0x7dff, 0x7dff, 0x7dff, 0x7dff, } },
	{ { 0xc7ff, 0xbbff, 0x7dff, 0x7dff, 0x7dff, 0x7dff, 0x7dff, 0x7dff, 0x7dff, 0xbbff, 0xc7ff, } },
	{ { 0x0fff, 0x77ff, 0x7bff, 0x7dff, 0x7dff, 0x03ff, 0x7fff, 0x7fff, 0x7fff, 0x7fff, 0x7fff, } },
	{ { 0xc7ff, 0xbbff, 0x7dff, 0x7dff, 0x7dff, 0x7dff, 0x4dff, 0x75ff, 0x7bff, 0xb5ff, 0xcdff, } },
	{ { 0x0fff, 0x77ff, 0x7bff, 0x7dff, 0x7dff, 0x03ff, 0x5fff, 0x6fff, 0x77ff, 0x7bff, 0x7dff, } },
	{ { 0xe1ff, 0xdfff, 0xbfff, 0x7fff, 0x7fff, 0x83ff, 0xfdff, 0xfdff, 0xfdff, 0xfdff, 0x03ff, } },
	{ { 0x01ff, 0xefff, 0xefff, 0xefff, 0xefff, 0xefff, 0xefff, 0xefff, 0xefff, 0xefff, 0xefff, } },
	{ { 0x7dff, 0x7dff, 0x7dff, 0x7dff, 0x7dff, 0x7dff, 0x7dff, 0x7dff, 0x7dff, 0x7dff, 0x83ff, } },
	{ { 0x7dff, 0x7dff, 0x7dff, 0x7dff, 0x7dff, 0x7dff, 0x7dff, 0x7bff, 0x77ff, 0x6fff, 0x9fff, } },
	{ { 0x6dff, 0x6dff, 0x6dff, 0x6dff, 0x6dff, 0x6dff, 0x6dff, 0x6dff, 0x6dff, 0x6bff, 0x07ff, } },
	{ { 0x39ff, 0xd7ff, 0xd7ff, 0xefff, 0xefff, 0xefff, 0xefff, 0xefff, 0xd7ff, 0xd7ff, 0x39ff, } },
	{ { 0x7dff, 0x7dff, 0x7dff, 0x7dff, 0x79ff, 0x65ff, 0x9dff, 0xfdff, 0xfdff, 0xfbff, 0x07ff, } },
	{ { 0x01ff, 0xfdff, 0xfbff, 0xf7ff, 0xf7ff, 0xefff, 0xdfff, 0xdfff, 0xbfff, 0x7fff, 0x01ff, } },
	{ { 0xffff, 0xffff, 0xfdff, 0xffff, 0xffff, 0xfdff, 0xfdff, 0xfdff, 0xfdff, 0xfdff, 0xffff, } },
	{ { 0xffff, 0xffff, 0xfbff, 0xfbff, 0xf0ff, 0xfbff, 0xfbff, 0xfbff, 0xfbff, 0xfcff, 0xffff, } },
	{ { 0xc7ff, 0x83ff, 0x39ff, 0x79ff, 0xf3ff, 0xe7ff, 0xcfff, 0xcfff, 0xffff, 0xcfff, 0xcfff, } },
	{ { 0xffff, 0xdfff, 0xefff, 0xffff, 0xc3ff, 0xbbff, 0x7bff, 0x7bff, 0x7bff, 0x7bff, 0x81ff, } },
	{ { 0xcfff, 0x87ff, 0x87ff, 0x87ff, 0x87ff, 0xcfff, 0xcfff, 0xcfff, 0xffff, 0xcfff, 0xcfff, } },
	{ { 0xffff, 0xdfff, 0xefff, 0xffff, 0x7bff, 0x7bff, 0x7bff, 0x7bff, 0x7bff, 0x7bff, 0x81ff, } },
	{ { 0xffff, 0xffff, 0xffff, 0xffff, 0xffff, 0xffff, 0xffff, 0xffff, 0xffff, 0xffff, 0xffff, } },
	{ { 0xffff, 0xdfff, 0xefff, 0xffff, 0xc3ff, 0xbdff, 0x7dff, 0x01ff, 0x7fff, 0x7fff, 0x81ff, } },
	{ { 0xffff, 0xffff, 0xffff, 0xffff, 0xffff, 0xffff, 0xffff, 0xffff, 0xffff, 0xffff, 0xffff, } },
	{ { 0xffff, 0xf7ff, 0xefff, 0xffff, 0xc3ff, 0xbdff, 0x7dff, 0x01ff, 0x7fff, 0x7fff, 0x81ff, } },
	{ { 0xffff, 0xffff, 0xffff, 0xffff, 0xffff, 0xffff, 0xffff, 0xffff, 0xffff, 0xffff, 0xffff, } },
	{ { 0xffff, 0xefff, 0xd7ff, 0xffff, 0xc3ff, 0xbbff, 0x7bff, 0x7bff, 0x7bff, 0x7bff, 0x81ff, } },
	{ { 0xffff, 0xefff, 0xd7ff, 0xffff, 0xc3ff, 0xbdff, 0x7dff, 0x01ff, 0x7fff, 0x7fff, 0x81ff, } },
	{ { 0xffff, 0xffff, 0xffff, 0xffff, 0xffff, 0xffff, 0xffff, 0xffff, 0xffff, 0xffff, 0xffff, } },
	{ { 0xffff, 0xefff, 0xd7ff, 0xffff, 0xefff, 0xefff, 0xefff, 0xefff, 0xefff, 0xefff, 0xf3ff, } },
	{ { 0xffff, 0xffff, 0xffff, 0xffff, 0xffff, 0xffff, 0xffff, 0xffff, 0xffff, 0xffff, 0xffff, } },
	{ { 0xffff, 0xefff, 0xd7ff, 0xffff, 0xc7ff, 0xbbff, 0x7dff, 0x7dff, 0x7dff, 0xbbff, 0xc7ff, } },
	{ { 0xffff, 0xffff, 0xffff, 0xffff, 0xffff, 0xffff, 0xffff, 0xffff, 0xffff, 0xffff, 0xffff, } },
	{ { 0xffff, 0xefff, 0xd7ff, 0xbbff, 0xffff, 0x7bff, 0x7bff, 0x7bff, 0x7bff, 0x7bff, 0x81ff, } },
	{ { 0xffff, 0xffff, 0xffff, 0xffff, 0xffff, 0xffff, 0xffff, 0xffff, 0xffff, 0xffff, 0xffff, } },
	{ { 0xffff, 0xffff, 0xd7ff, 0xffff, 0xefff, 0xefff, 0xefff, 0xefff, 0xefff, 0xefff, 0xf3ff, } },
	{ { 0xffff, 0xffff, 0xffff, 0xffff, 0xffff, 0xffff, 0xffff, 0xffff, 0xffff, 0xffff, 0xffff, } },
	{ { 0xffff, 0xffff, 0xc1ff, 0xbfff, 0x7fff, 0x7fff, 0x7fff, 0x7fff, 0x81ff, 0xf7ff, 0xcfff, } },
	{ { 0xffff, 0xffff, 0xffff, 0xffff, 0xffff, 0xffff, 0xffff, 0xffff, 0xffff, 0xffff, 0xffff, } },
	{ { 0xffff, 0xffff, 0xd7ff, 0xffff, 0xc3ff, 0xbbff, 0x7bff, 0x7bff, 0x7bff, 0x7bff, 0x81ff, } },
	{ { 0xffff, 0xffff, 0xffff, 0xffff, 0xffff, 0xffff, 0xffff, 0xffff, 0xffff, 0xffff, 0xffff, } },
	{ { 0xffff, 0xffff, 0xd7ff, 0xffff, 0x7bff, 0x7bff, 0x7bff, 0x7bff, 0x7bff, 0x7bff, 0x81ff, } },
	{ { 0xffff, 0xffff, 0xffff, 0xffff, 0xffff, 0xffff, 0xffff, 0xffff, 0xffff, 0xffff, 0xffff, } },
	{ { 0xffff, 0xffff, 0xd7ff, 0xffff, 0xc7ff, 0xbbff, 0x7dff, 0x7dff, 0x7dff, 0xbbff, 0xc7ff, } },
	{ { 0xffff, 0xffff, 0xffff, 0xffff, 0xffff, 0xffff, 0xffff, 0xffff, 0xffff, 0xffff, 0xffff, } },
	{ { 0x07ff, 0x7bff, 0x7bff, 0x77ff, 0x6fff, 0x47ff, 0x7bff, 0x7dff, 0x7dff, 0x5dff, 0x63ff, } },
	{ { 0xffff, 0xffff, 0xffff, 0xffff, 0xffff, 0xffff, 0xffff, 0xffff, 0xffff, 0xffff, 0xffff, } },
	{ { 0xd7ff, 0xffff, 0x7dff, 0x7dff, 0x7dff, 0x7dff, 0x7dff, 0x7dff, 0x7dff, 0x7dff, 0x83ff, } },
	{ { 0xffff, 0xffff, 0xffff, 0xffff, 0xffff, 0xffff, 0xffff, 0xffff, 0xffff, 0xffff, 0xffff, } },
	{ { 0xffff, 0xdfff, 0xefff, 0xffff, 0xefff, 0xefff, 0xefff, 0xefff, 0xefff, 0xefff, 0xf3ff, } },
	{ { 0xffff, 0xffff, 0xffff, 0xffff, 0xffff, 0xffff, 0xffff, 0xffff, 0xffff, 0xffff, 0xffff, } },
	{ { 0xffff, 0xffff, 0xffff, 0xffff, 0xffff, 0xffff, 0xffff, 0xffff, 0xffff, 0xffff, 0xffff, } },
	{ { 0xffff, 0xdfff, 0xefff, 0xffff, 0xc7ff, 0xbbff, 0x7dff, 0x7dff, 0x7dff, 0xbbff, 0xc7ff, } },
	{ { 0xffff, 0xffff, 0xffff, 0xffff, 0xffff, 0xffff, 0xffff, 0xffff, 0xffff, 0xffff, 0xffff, } },
	{ { 0xdfff, 0xefff, 0xe1ff, 0xdfff, 0xbfff, 0x7fff, 0x01ff, 0x7fff, 0x7fff, 0x7fff, 0x01ff, } },
	{ { 0xffff, 0xffff, 0xffff, 0xffff, 0xffff, 0xffff, 0xffff, 0xffff, 0xffff, 0xffff, 0xffff, } },
	{ { 0xffff, 0xf7ff, 0xefff, 0xffff, 0xc3ff, 0xbbff, 0x7bff, 0x7bff, 0x7bff, 0x7bff, 0x81ff, } },
	{ { 0xffff, 0xffff, 0xffff, 0xffff, 0xffff, 0xffff, 0xffff, 0xffff, 0xffff, 0xffff, 0xffff, } },
	{ { 0xffff, 0xf7ff, 0xefff, 0xffff, 0xefff, 0xefff, 0xefff, 0xefff, 0xefff, 0xefff, 0xf3ff, } },
	{ { 0xffff, 0xf7ff, 0xefff, 0xffff, 0xc7ff, 0xbbff, 0x7dff, 0x7dff, 0x7dff, 0xbbff, 0xc7ff, } },
	{ { 0xffff, 0xf7ff, 0xefff, 0xffff, 0x7bff, 0x7bff, 0x7bff, 0x7bff, 0x7bff, 0x7bff, 0x81ff, } },
	{ { 0xffff, 0x9bff, 0x67ff, 0xffff, 0x03ff, 0x7dff, 0x7dff, 0x7dff, 0x7dff, 0x7dff, 0x7dff, } },
	{ { 0xe7ff, 0xe7ff, 0xffff, 0xe7ff, 0xe7ff, 0xcfff, 0x9fff, 0x3dff, 0x39ff, 0x83ff, 0xc7ff, } },
	{ { 0xcfff, 0xcfff, 0xffff, 0xcfff, 0xcfff, 0xcfff, 0x87ff, 0x87ff, 0x87ff, 0x87ff, 0xcfff, } },
	{ { 0xffff, 0xffff, 0xffff, 0xffff, 0xffff, 0xffff, 0xffff, 0xffff, 0xffff, 0xffff, 0xffff, } },
	{ { 0xffff, 0xffff, 0xffff, 0xffff, 0xffff, 0xffff, 0xffff, 0xffff, 0xffff, 0xffff, 0xffff, } },
	{ { 0xffff, 0xffff, 0xffff, 0xffff, 0x93ff, 0x6dff, 0x6dff, 0x61ff, 0x6fff, 0x6fff, 0x91ff, } },
	{ { 0xffff, 0xffff, 0xffff, 0xffff, 0xffff, 0xffff, 0xffff, 0xffff, 0xffff, 0xffff, 0xffff, } },
	{ { 0xffff, 0xffff, 0xffff, 0xffff, 0xffff, 0xffff, 0xffff, 0xffff, 0xffff, 0xffff, 0xffff, } },
	{ { 0xd7ff, 0xffff, 0xf3ff, 0xedff, 0xddff, 0xbdff, 0x7dff, 0x01ff, 0x7dff, 0x7dff, 0x7dff, } },
	{ { 0xffff, 0xffff, 0xffff, 0xffff, 0xffff, 0xffff, 0xffff, 0xffff, 0xffff, 0xffff, 0xffff, } },
	{ { 0xffff, 0xffff, 0xffff, 0xffff, 0xffff, 0xffff, 0xffff, 0xffff, 0xffff, 0xffff, 0xffff, } },
	{ { 0xffff, 0x9bff, 0x67ff, 0xffff, 0x03ff, 0x7dff, 0x7dff, 0x7dff, 0x7dff, 0x7dff, 0x7dff, } },
	{ { 0xffff, 0xffff, 0xffff, 0xffff, 0xffff, 0xffff, 0xffff, 0xffff, 0xffff, 0xffff, 0xffff, } },
	{ { 0xffff, 0xffff, 0xffff, 0xffff, 0xffff, 0xffff, 0xffff, 0xffff, 0xffff, 0xffff, 0xffff, } },
	{ { 0xf7ff, 0xefff, 0xf3ff, 0xedff, 0xddff, 0xbdff, 0x7dff, 0x01ff, 0x7dff, 0x7dff, 0x7dff, } },
	{ { 0xffff, 0xffff, 0xffff, 0xffff, 0xffff, 0xffff, 0xffff, 0xffff, 0xffff, 0xffff, 0xffff, } },
	{ { 0xffff, 0xffff, 0xffff, 0xffff, 0xffff, 0xffff, 0xffff, 0xffff, 0xffff, 0xffff, 0xffff, } },
	{ { 0xf7ff, 0xefff, 0x7dff, 0x7dff, 0x7dff, 0x7dff, 0x7dff, 0x7dff, 0x7dff, 0x7dff, 0x83ff, } },
	{ { 0xd7ff, 0xffff, 0xc7ff, 0xbbff, 0x7dff, 0x7dff, 0x7dff, 0x7dff, 0x7dff, 0xbbff, 0xc7ff, } },
	{ { 0xf7ff, 0xefff, 0xe1ff, 0xdfff, 0xbfff, 0x7fff, 0x01ff, 0x7fff, 0x7fff, 0x7fff, 0x01ff, } },
	{ { 0x9bff, 0x67ff, 0xc1ff, 0xbdff, 0x7dff, 0x7dff, 0x7dff, 0x7dff, 0x7dff, 0x7dff, 0x7dff, } },
	{ { 0xffff, 0xffff, 0xffff, 0xffff, 0xffff, 0xffff, 0xffff, 0xffff, 0xffff, 0xffff, 0xffff, } },
	{ { 0xffff, 0xffff, 0xffff, 0xffff, 0xffff, 0xffff, 0xffff, 0xffff, 0xffff, 0xffff, 0xffff, } },
	{ { 0xffff, 0xffff, 0xffff, 0xffff, 0xffff, 0xffff, 0xffff, 0xffff, 0xffff, 0xffff, 0xffff, } },
	{ { 0xffff, 0xffff, 0xffff, 0xffff, 0xffff, 0xffff, 0xffff, 0xffff, 0xffff, 0xffff, 0xffff, } },
	{ { 0xffff, 0xffff, 0xffff, 0xffff, 0xffff, 0xffff, 0xffff, 0xffff, 0xffff, 0xffff, 0xffff, } },
	{ { 0xffff, 0xffff, 0xffff, 0xffff, 0xffff, 0xffff, 0xffff, 0xffff, 0xffff, 0xffff, 0xffff, } },
	{ { 0xffff, 0xffff, 0xffff, 0xffff, 0xffff, 0xffff, 0xffff, 0xffff, 0xffff, 0xffff, 0xffff, } },
	{ { 0xffff, 0xffff, 0xffff, 0xffff, 0xffff, 0xffff, 0xffff, 0xffff, 0xffff, 0xffff, 0xffff, } },
	{ { 0xffff, 0xffff, 0xffff, 0xffff, 0xffff, 0xffff, 0xffff, 0xffff, 0xffff, 0xffff, 0xffff, } },
	{ { 0xffff, 0xffff, 0xffff, 0xffff, 0xffff, 0xffff, 0xffff, 0xffff, 0xffff, 0xffff, 0xffff, } },
	{ { 0xffff, 0xffff, 0xffff, 0xffff, 0xffff, 0xffff, 0xffff, 0xffff, 0xffff, 0xffff, 0xffff, } },
	{ { 0xffff, 0xffff, 0xffff, 0xffff, 0xffff, 0xffff, 0xffff, 0xffff, 0xffff, 0xffff, 0xffff, } },
	{ { 0xffff, 0xffff, 0xffff, 0xffff, 0xffff, 0xffff, 0xffff, 0xffff, 0xffff, 0xffff, 0xffff, } },
	{ { 0xffff, 0xffff, 0xffff, 0xffff, 0xffff, 0xffff, 0xffff, 0xffff, 0xffff, 0xffff, 0xffff, } },
	{ { 0x07ff, 0x7bff, 0x7bff, 0x77ff, 0x6fff, 0x47ff, 0x7bff, 0x7dff, 0x7dff, 0x5dff, 0x63ff, } },
	{ { 0xffff, 0x9fff, 0xefdf, 0xf7df, 0xffbf, 0xffbf, 0xff7f, 0xfeff, 0xfdff, 0xf3ff, 0xcfff, } },
	{ { 0xffff, 0xffff, 0xffff, 0xffff, 0xc3ff, 0xbbff, 0x7bff, 0x7bff, 0x7bff, 0x7bff, 0x81ff, } },
	{ { 0xffff, 0x7fff, 0x7fff, 0x7fff, 0x07ff, 0x7bff, 0x7dff, 0x7dff, 0x7dff, 0x7dff, 0x03ff, } },
	{ { 0xffff, 0xffff, 0xffff, 0xffff, 0xc1ff, 0xbfff, 0x7fff, 0x7fff, 0x7fff, 0x7fff, 0x81ff, } },
	{ { 0xffff, 0xfbff, 0xfbff, 0xfbff, 0xc3ff, 0xbbff, 0x7bff, 0x7bff, 0x7bff, 0x7bff, 0x81ff, } },
	{ { 0xffff, 0xffff, 0xffff, 0xffff, 0xc3ff, 0xbdff, 0x7dff, 0x01ff, 0x7fff, 0x7fff, 0x81ff, } },
	{ { 0xffff, 0xe1ff, 0xdfff, 0xdfff, 0xdfff, 0x01ff, 0xdfff, 0xdfff, 0xdfff, 0xdfff, 0xdfff, } },
	{ { 0xffff, 0xffff, 0xffff, 0xffff, 0xc3ff, 0xbdff, 0x7dff, 0x01ff, 0xfdff, 0xfbff, 0x07ff, } },
	{ { 0xffff, 0x7fff, 0x7fff, 0x7fff, 0x7fff, 0x07ff, 0x7bff, 0x7dff, 0x7dff, 0x7dff, 0x7dff, } },
	{ { 0xffff, 0xefff, 0xffff, 0xefff, 0xefff, 0xefff, 0xefff, 0xefff, 0xefff, 0xefff, 0xf3ff, } },
	{ { 0xffff, 0xfdff, 0xffff, 0xfdff, 0xfdff, 0xfdff, 0xfdff, 0xfdff, 0x7bff, 0x67ff, 0x9fff, } },
	{ { 0xffff, 0x7fff, 0x7fff, 0x7fff, 0x6fff, 0x5fff, 0x3fff, 0x5fff, 0x6fff, 0x77ff, 0x7bff, } },
	{ { 0xffff, 0xefff, 0xefff, 0xefff, 0xefff, 0xefff, 0xefff, 0xefff, 0xefff, 0xefff, 0xf3ff, } },
	{ { 0xffff, 0xffff, 0xffff, 0xffff, 0x03ff, 0x6dff, 0x6dff, 0x6dff, 0x6dff, 0x6dff, 0x6dff, } },
	{ { 0xffff, 0xffff, 0xffff, 0xffff, 0x03ff, 0x7dff, 0x7dff, 0x7dff, 0x7dff, 0x7dff, 0x7dff, } },
	{ { 0xffff, 0xffff, 0xffff, 0xffff, 0xc7ff, 0xbbff, 0x7dff, 0x7dff, 0x7dff, 0xbbff, 0xc7ff, } },
	{ { 0xffff, 0xffff, 0xffff, 0xffff, 0x03ff, 0x7dff, 0x7dff, 0x01ff, 0x7fff, 0x7fff, 0x7fff, } },
	{ { 0xffff, 0xffff, 0xffff, 0xffff, 0xc3ff, 0xbbff, 0x7bff, 0x03ff, 0xfbff, 0xfbff, 0xfdff, } },
	{ { 0xffff, 0xffff, 0xffff, 0xffff, 0x81ff, 0x7fff, 0x7fff, 0x7fff, 0x7fff, 0x7fff, 0x7fff, } },
	{ { 0xffff, 0xffff, 0xffff, 0xffff, 0x81ff, 0x7fff, 0x7fff, 0x03ff, 0xfdff, 0xfdff, 0x03ff, } },
	{ { 0xffff, 0xdfff, 0xdfff, 0xdfff, 0x01ff, 0xdfff, 0xdfff, 0xdfff, 0xdfff, 0xdfff, 0xe1ff, } },
	{ { 0xffff, 0xffff, 0xffff, 0xffff, 0x7bff, 0x7bff, 0x7bff, 0x7bff, 0x7bff, 0x7bff, 0x81ff, } },
	{ { 0xffff, 0xffff, 0xffff, 0xffff, 0x7dff, 0x7dff, 0x7dff, 0x7bff, 0x77ff, 0x6fff, 0x9fff, } },
	{ { 0xffff, 0xffff, 0xffff, 0xffff, 0x6dff, 0x6dff, 0x6dff, 0x6dff, 0x6dff, 0x6dff, 0x03ff, } },
	{ { 0xffff, 0xffff, 0xffff, 0xffff, 0x7dff, 0xbbff, 0xd7ff, 0xefff, 0xd7ff, 0xbbff, 0x7dff, } },
	{ { 0xffff, 0xffff, 0xffff, 0xffff, 0x7dff, 0x7dff, 0x79ff, 0x85ff, 0xfdff, 0xfbff, 0x07ff, } },
	{ { 0xffff, 0xffff, 0xffff, 0xffff, 0x01ff, 0xfbff, 0xf7ff, 0xefff, 0xdfff, 0xbfff, 0x01ff, } },
	{ { 0x3fff, 0x3fff, 0xbfff, 0xffff, 0xffff, 0xffff, 0xffff, 0xffff, 0xffff, 0xffff, 0xffff, } },
	{ { 0xffff, 0xffff, 0xffff, 0xffff, 0xffff, 0xffff, 0xffff, 0xffff, 0xffff, 0x3fff, 0x3fff, } },
	{ { 0xffff, 0xffff, 0xffff, 0xffff, 0xffff, 0xffff, 0xffff, 0xffff, 0x3fff, 0x3fff, 0xbfff, } },
	{ { 0xf1ff, 0xce7f, 0xbfbf, 0xbfbf, 0x7fdf, 0x7fdf, 0x7fdf, 0xbfbf, 0xbfbf, 0xce7f, 0xf1ff, } },
	{ { 0xffff, 0xbfbf, 0xdf7f, 0xeeff, 0xf5ff, 0xfbff, 0xf5ff, 0xeeff, 0xdf7f, 0xbfbf, 0xffff, } },
	{ { 0xffff, 0xc01f, 0xdfdf, 0xdfdf, 0xdfdf, 0xdfdf, 0xdfdf, 0xdfdf, 0xdfdf, 0xc01f, 0xffff, } },
	{ { 0xf9ff, 0xf5ff, 0xf6ff, 0xeeff, 0xef7f, 0xdf7f, 0xdfbf, 0xbfbf, 0xbfdf, 0x001f, 0xffff, } },
	{ { 0xf7ff, 0xf7ff, 0x001f, 0xf7ff, 0xefff, 0xefff, 0xc07f, 0xafbf, 0x6fbf, 0xefbf, 0xf07f, } },
	{ { 0xf7ff, 0xf7ff, 0x001f, 0xefff, 0xefff, 0xe03f, 0xddff, 0xddff, 0xbdff, 0x7dff, 0xc01f, } },
	{ { 0xfbff, 0x803f, 0xdf7f, 0xeeff, 0x001f, 0xffff, 0xe0ff, 0xdf7f, 0xc07f, 0xdf7f, 0xe0ff, } },
	{ { 0xe0ff, 0xdf7f, 0xbfbf, 0x6edf, 0x6edf, 0x7fdf, 0x7fdf, 0x6edf, 0xb1bf, 0xdf7f, 0xe0ff, } },
	{ { 0xffff, 0xfbff, 0xf7ff, 0xf7ff, 0xefff, 0xefff, 0xdfff, 0xdfff, 0xbfff, 0xbfff, 0x7fff, } },
	{ { 0xffff, 0xffff, 0xe07f, 0xcf3f, 0xcf3f, 0xcfff, 0xcfff, 0xcc3f, 0xcf3f, 0xcf3f, 0xe07f, } },
	{ { 0xffff, 0xffff, 0xc07f, 0xe73f, 0xe73f, 0xe77f, 0xe03f, 0xe79f, 0xe79f, 0xe79f, 0xc03f, } },
	{ { 0xffff, 0xffff, 0xffff, 0x9e7f, 0x9e7f, 0xfe5f, 0xf81f, 0x9e7f, 0x9e7f, 0x9e5f, 0x8e1f, } },
	{ { 0xbebf, 0xb81f, 0x0eff, 0xe81f, 0xdadf, 0xa81f, 0x1adf, 0xa81f, 0xbadf, 0xbadf, 0xba9f, } },
	{ { 0x801f, 0xbfdf, 0x801f, 0xbfdf, 0xc03f, 0xef7f, 0xe07f, 0xef7f, 0xe07f, 0xef7f, 0xf0ff, } },
	{ { 0x601f, 0xadff, 0xe83f, 0x6bbf, 0xa83f, 0xebbf, 0xec7f, 0xaeff, 0xaabf, 0x56df, 0x5cff, } },
	{ { 0x000f, 0x5fef, 0x6fef, 0x77ef, 0x7bef, 0x7def, 0x7eef, 0x7f6f, 0x7faf, 0x7fcf, 0x000f, } },
};
// clang-format on
#elif !VERSION_IS(US)
// clang-format off
uint16_t CHAR_TO_GLYPH_TABLE[NUM_GLYPHS] = {
	0x8141, 0x8142, 0x8145, 0x8146, 0x8148, 0x8149, 0x8158, 0x815b,
	0x8160, 0x8163, 0x8169, 0x816a, 0x8175, 0x8176, 0x8177, 0x8178,
	0x817b, 0x817c, 0x817e, 0x8193, 0x8195, 0x819b, 0x819c, 0x81f4,
	0x824f, 0x8250, 0x8251, 0x8252, 0x8253, 0x8254, 0x8255, 0x8256,
	0x8257, 0x8258, 0x8260, 0x8261, 0x8262, 0x8263, 0x8264, 0x8265,
	0x8266, 0x8267, 0x8268, 0x8269, 0x826a, 0x826b, 0x826c, 0x826d,
	0x826e, 0x826f, 0x8270, 0x8271, 0x8272, 0x8273, 0x8274, 0x8275,
	0x8276, 0x8277, 0x8278, 0x8279, 0xffff, 0x8294, 0x829f, 0x82a0,
	0x82a1, 0x82a2, 0x82a3, 0x82a4, 0x82a5, 0x82a6, 0x82a7, 0x82a8,
	0x82a9, 0x82aa, 0x82ab, 0x82ac, 0x82ad, 0x82ae, 0x82af, 0x82b0,
	0x82b1, 0x82b2, 0x82b3, 0x82b4, 0x82b5, 0x82b6, 0x82b7, 0x82b8,
	0x82b9, 0x82ba, 0x82bb, 0x82bc, 0x82bd, 0x82be, 0x82bf, 0x82c0,
	0x82c1, 0x82c2, 0x82c3, 0x82c4, 0x82c5, 0x82c6, 0x82c7, 0x82c8,
	0x82c9, 0x82ca, 0x82cb, 0x82cc, 0x82cd, 0x82ce, 0x82cf, 0x82d0,
	0x82d1, 0x82d2, 0x82d3, 0x82d4, 0x82d5, 0x82d6, 0x82d7, 0x82d8,
	0x82d9, 0x82da, 0x82db, 0x82dc, 0x82dd, 0x82de, 0x82df, 0x82e0,
	0x82e1, 0x82e2, 0x82e3, 0x82e4, 0x82e5, 0x82e6, 0x82e7, 0x82e8,
	0x82e9, 0x82ea, 0x82eb, 0x82ed, 0x82f0, 0x82f1, 0x8340, 0x8341,
	0x8342, 0x8343, 0x8344, 0x8345, 0x8346, 0x8347, 0x8348, 0x8349,
	0x834a, 0x834b, 0x834c, 0x834d, 0x834e, 0x834f, 0x8350, 0x8351,
	0x8352, 0x8353, 0x8354, 0x8355, 0x8356, 0x8357, 0x8358, 0x8359,
	0x835a, 0x835b, 0x835c, 0x835d, 0x835e, 0x835f, 0x8360, 0x8361,
	0x8362, 0x8363, 0x8364, 0x8365, 0x8366, 0x8367, 0x8368, 0x8369,
	0x836a, 0x836b, 0x836c, 0x836d, 0x836e, 0x836f, 0x8370, 0x8371,
	0x8372, 0x8373, 0x8374, 0x8375, 0x8376, 0x8377, 0x8378, 0x8379,
	0x837a, 0x837b, 0x837c, 0x837d, 0x837e, 0x8380, 0x8381, 0x8382,
	0x8383, 0x8384, 0x8385, 0x8386, 0x8387, 0x8388, 0x8389, 0x838a,
	0x838b, 0x838c, 0x838d, 0x838f, 0x8392, 0x8393, 0x8394, 0x88a4,
	0x88ab, 0x88c0, 0x88c3, 0x88c5, 0x88c8, 0x88cb, 0x88d3, 0x88d9,
	0x88da, 0x88e1, 0x88e3, 0x88e6, 0x88e7, 0x88ea, 0x88f3, 0x88f6,
	0x88f8, 0x8940, 0x8942, 0x8946, 0x8948, 0x894a, 0x895e, 0x895f,
	0x8965, 0x8968, 0x8969, 0x8974, 0x8c6e, 0x8970, 0x898a, 0x898e,
	0x8993, 0x8998, 0x899c, 0x899d, 0x899e, 0x899f, 0x89a4, 0x89a9,
	0x89ae, 0x89af, 0x89b4, 0x89b6, 0x89b7, 0x89ba, 0x89bb, 0x89bc,
	0x89bd, 0x89bf, 0x89c1, 0x89c2, 0x89c6, 0x89ca, 0x89cc, 0x89ce,
	0x89d4, 0x89d7, 0x92b8, 0x89df, 0x89e4, 0x89e5, 0x89e8, 0x89ef,
	0x89f0, 0x89f1, 0x89f3, 0x89f5, 0x89f6, 0x89f9, 0x89fc, 0x8a42,
	0x8a43, 0x8a44, 0x8a45, 0x8a46, 0x8a47, 0x8a4a, 0x8a4b, 0x8a4c,
	0x8a4f, 0x8a51, 0x8a58, 0x8a67, 0x8a69, 0x97de, 0x8a6c, 0x8a6d,
	0x8a6f, 0x8a70, 0x8a77, 0x8a79, 0x8a84, 0x8a88, 0x8a95, 0x8aa3,
	0x8aa6, 0x8aae, 0x8ab4, 0x8ab7, 0x8ac3, 0x8ac5, 0x8ac8, 0x8ad4,
	0x8ad6, 0x8ad9, 0x8add, 0x8ae2, 0x8ae8, 0x8aeb, 0x8aec, 0x8aed,
	0x8aef, 0x8afa, 0x8b40, 0x8b41, 0x8b43, 0x8b4c, 0x8b4d, 0x8b4e,
	0x8b50, 0x8d86, 0x8b5a, 0x8b5e, 0x8aee, 0x8b63, 0x8b71, 0x8b76,
	0x8b78, 0x8b7d, 0x8b7e, 0x8b81, 0x8b83, 0x8b86, 0x8b8e, 0x8b8f,
	0x8b90, 0x8b96, 0x8b97, 0x8b9b, 0x8b9f, 0x8cea, 0x8ba4, 0x965d,
	0x8ba6, 0x8bab, 0x8bad, 0x8bb0, 0x8bb3, 0x8bb4, 0x8bbd, 0x8bbe,
	0x8bc7, 0x8bc9, 0x8bca, 0x8bd6, 0x8bdf, 0x8be0, 0x8be2, 0x8be6,
	0x8bea, 0x8bef, 0x8bf3, 0x90a7, 0x8c40, 0x8c4e, 0x8c50, 0x8c57,
	0x8c5e, 0x8c60, 0x8c62, 0x8c66, 0x8c6f, 0x8c76, 0x8c78, 0x8c7b,
	0x8c7c, 0x8c82, 0x8c83, 0x8c88, 0x8c8a, 0x8c8b, 0x8c8c, 0x8c8e,
	0x8c8f, 0x8c92, 0x8c93, 0x8c95, 0x8c99, 0x8c9a, 0x8c9d, 0x8ca4,
	0x8ca9, 0x8caf, 0x8cb1, 0x8cb3, 0x8cb4, 0x8cb5, 0x8cb6, 0x8cb8,
	0x8cbb, 0x8cbe, 0x8cc0, 0x8cc2, 0x8cc3, 0x8cc4, 0x8cc7, 0x8cc8,
	0x8cce, 0x9765, 0x8cdf, 0x8d58, 0x8ce3, 0x8ce4, 0x8ce5, 0x8cec,
	0x8cf0, 0x8cf5, 0x8cf7, 0x8cf8, 0x8cfb, 0x8cfc, 0x8d44, 0x8d48,
	0x8d4c, 0x8d4e, 0x8d52, 0x8d55, 0x828c, 0x8d64, 0x8d6c, 0x8d72,
	0x8d73, 0x8d7c, 0x8d82, 0x8d87, 0x828d, 0x8d90, 0x8d95, 0x8d96,
	0x8d9c, 0x8da1, 0x8da2, 0x8da8, 0x8daa, 0x8dac, 0x8db7, 0x8db8,
	0x8dbb, 0x8dbd, 0x8dc4, 0x8dc5, 0x8dcb, 0x8dd0, 0x8ddb, 0x8ddd,
	0x8dde, 0x8ddf, 0x8dec, 0x8289, 0x8dfb, 0x8e44, 0x8e45, 0x8e4d,
	0x8e51, 0x8e52, 0x8e55, 0x8e63, 0x8e64, 0x8e67, 0x8efc, 0x8e6a,
	0x8b89, 0x8e6e, 0x8e70, 0x8e71, 0x8e74, 0x8e75, 0x8e76, 0x8e77,
	0x8e78, 0x8e7e, 0x8e80, 0x8e84, 0x8e86, 0x8e8b, 0x8e8e, 0x8e91,
	0x8e96, 0x8e97, 0x8e9a, 0x8e9d, 0x8e9e, 0x8e9f, 0x8ea1, 0x8ea6,
	0x8ea8, 0x8ea9, 0x8eaf, 0x8eb7, 0x8eb8, 0x8eba, 0x8ebc, 0x8ebf,
	0x8ec0, 0x8ecb, 0x8ecc, 0x8ed0, 0x8ed2, 0x8ed3, 0x8ed7, 0x8ed8,
	0x8ee3, 0x8ee5, 0x8ee6, 0x8ee7, 0x8ee8, 0x8eed, 0x8ef0, 0x8ef3,
	0x8ef5, 0x8ef6, 0x81a8, 0x8f43, 0x8f49, 0x8f4c, 0x8f4f, 0x8f50,
	0x8f57, 0x8f5a, 0x8f5b, 0x8f5d, 0x8f62, 0x8f64, 0x8f65, 0x8f6a,
	0x8f6b, 0x8f6e, 0x8f6f, 0x8f70, 0x8f75, 0x8f80, 0x8f89, 0x8f8a,
	0x8f8b, 0x8f91, 0x8f95, 0x828a, 0x8f9c, 0x8f9d, 0x8f9f, 0x8fa0,
	0x8fa4, 0x8fa5, 0x8fac, 0x8fad, 0x8fbb, 0x8fc1, 0x8fc6, 0x8fc8,
	0x8fcc, 0x8fd8, 0x8fdc, 0x8fe3, 0x8fe4, 0x8fe6, 0x8fea, 0x8fed,
	0x8fee, 0x8ff3, 0x9041, 0x9046, 0x9048, 0x904d, 0x904e, 0x9051,
	0x9053, 0x9056, 0x9058, 0x905b, 0x905e, 0x905f, 0x9065, 0x9067,
	0x9069, 0x906b, 0x906c, 0x9077, 0x907d, 0x9081, 0x9085, 0x9087,
	0x9094, 0x90a2, 0x90ab, 0x90ac, 0x90af, 0x90b0, 0x90b3, 0x90b6,
	0x90b8, 0x90b9, 0x90ba, 0x90bb, 0x90bc, 0x90c1, 0x90c2, 0x90c3,
	0x90cc, 0x90ce, 0x90cf, 0x90d1, 0x90d3, 0x90d4, 0x90d5, 0x90d8,
	0x90e0, 0x90e1, 0x90e2, 0x90e6, 0x90e8, 0x90ec, 0x90ed, 0x90fc,
	0x9144, 0x9149, 0x914f, 0x9152, 0x9153, 0x828e, 0x9163, 0x9166,
	0x9167, 0x9173, 0x9177, 0x917a, 0x9180, 0x9181, 0x9183, 0x9184,
	0x949a, 0x9188, 0x918a, 0x9190, 0x9196, 0x9197, 0x919c, 0x919d,
	0x91a2, 0x91a7, 0x91ab, 0x91ac, 0x91ae, 0x91af, 0x91b0, 0x91b1,
	0x91b6, 0x91bc, 0x91bd, 0x91be, 0x91c2, 0x91c5, 0x91cc, 0x91ce,
	0x91d1, 0x91d2, 0x91d4, 0x828b, 0x91de, 0x91e0, 0x91e3, 0x91e4,
	0x91e5, 0x91e6, 0x91e8, 0x9242, 0x9245, 0x924e, 0x9250, 0x9254,
	0x95ba, 0x925b, 0x9263, 0x9266, 0x9269, 0x926b, 0x926c, 0x926d,
	0x926e, 0x9275, 0x9278, 0x9283, 0x9285, 0x9286, 0x9287, 0x9288,
	0x928b, 0x928d, 0x928e, 0x92a3, 0x92a4, 0x92a7, 0x92a9, 0x92ac,
	0x92b2, 0x92b4, 0x92b7, 0x92b9, 0x92bc, 0x92bf, 0x92c0, 0x92c7,
	0x92c9, 0x92ca, 0x92dc, 0x92de, 0x92e2, 0x92e8, 0x92ea, 0x92ed,
	0x9347, 0x9349, 0x934a, 0x9353, 0x9356, 0x9357, 0x9358, 0x935d,
	0x935f, 0x9360, 0x9361, 0x9364, 0x9366, 0x936e, 0x936f, 0x9372,
	0x9377, 0x9378, 0x9379, 0x937a, 0x937c, 0x9381, 0x9387, 0x938a,
	0x938c, 0x9396, 0x939a, 0x93a6, 0x93aa, 0x93ac, 0x93ad, 0x93ae,
	0x93af, 0x93b1, 0x93b4, 0x93b9, 0x93be, 0x93bf, 0x93c1, 0x93c5,
	0x93c7, 0x93e0, 0x93e4, 0x93ec, 0x93ef, 0x93f0, 0x93f7, 0x93f8,
	0x93fa, 0x93fc, 0x9443, 0x9446, 0x944d, 0x944e, 0x944f, 0x9452,
	0x9459, 0x945c, 0x9465, 0x9468, 0x9470, 0x9472, 0x9473, 0x9474,
	0x9477, 0x947a, 0x947b, 0x9483, 0x9484, 0x9492, 0x94a0, 0x94a8,
	0x94ad, 0x94bb, 0x94bc, 0x94bd, 0x94c2, 0x94d3, 0x94d4, 0x94db,
	0x94de, 0x94e6, 0x94e9, 0x94ec, 0x94f2, 0x94f5, 0x954b, 0x9558,
	0x955c, 0x955d, 0x9561, 0x9569, 0x9573, 0x9576, 0x957a, 0x957e,
	0x9581, 0x9589, 0x9590, 0x9594, 0x9597, 0x959c, 0x959d, 0x959f,
	0x95a0, 0x95a8, 0x95aa, 0x95ac, 0x828f, 0x95b6, 0x95b7, 0x95bd,
	0x95c2, 0x95ca, 0x95cf, 0x95d3, 0x95d4, 0x95d6, 0x95db, 0x95df,
	0x95e0, 0x95e6, 0x95f1, 0x95f3, 0x95fa, 0x95fb, 0x9640, 0x9643,
	0x964b, 0x9659, 0x965c, 0x965f, 0x9664, 0x9668, 0x966b, 0x966c,
	0x967b, 0x8288, 0x9688, 0x9696, 0x969c, 0x969e, 0x96a1, 0x96a2,
	0x96a6, 0x96a7, 0x96ad, 0x96b0, 0x96b2, 0x96b3, 0x96b6, 0x96bc,
	0x96bd, 0x96be, 0x96c0, 0x96c5, 0x96ca, 0x96cd, 0x96d8, 0x96da,
	0x96df, 0x96e2, 0x96e9, 0x96ec, 0x96f0, 0x96f1, 0x96f2, 0x96f3,
	0x96f4, 0x96fb, 0x9744, 0x9745, 0x9746, 0x974c, 0x9752, 0x9754,
	0x9756, 0x975c, 0x975d, 0x975e, 0x9761, 0x9763, 0x976c, 0x976e,
	0x9770, 0x9774, 0x9776, 0x977b, 0x977e, 0x9783, 0x9788, 0x978a,
	0x978e, 0x9790, 0x9798, 0x979d, 0x97a0, 0x97a2, 0x97a3, 0x97a6,
	0x97a7, 0x97ac, 0x97b3, 0x97b7, 0x97b9, 0x97bf, 0x97c3, 0x97c7,
	0x97ca, 0x97cd, 0x97ce, 0x97df, 0x97e1, 0x97e2, 0x97e7, 0x97eb,
	0x97ed, 0x97f0, 0x97f3, 0x97fb, 0x9841, 0x9849, 0x984a, 0x9856,
	0x985e, 0x9861, 0x9862, 0x9872, 0x91ea, 0x8f4b, 0x9687, 0x94ef,
	0x8281, 0x8282, 0x8283, 0x8284, 0x8945, 0x8db6, 0x89b9, 0x8285,
	0x815e, 0x8287, 0x816f, 0x8170, 0x95e2, 0x9660, 0x8cb9, 0x0000,
};
// clang-format on

// clang-format off
GlyphData GLYPH_DATA[NUM_GLYPHS] = {
	{ { 0xffff, 0xffff, 0xffff, 0xffff, 0xffff, 0xffff, 0xffff, 0xffff, 0xbfff, 0xdfff, 0xdfff, } },
	{ { 0xffff, 0xffff, 0xffff, 0xffff, 0xffff, 0xffff, 0xffff, 0xffff, 0x9fff, 0x6fff, 0x9fff, } },
	{ { 0xffff, 0xffff, 0xffff, 0xffff, 0xffff, 0xf9ff, 0xf9ff, 0xffff, 0xffff, 0xffff, 0xffff, } },
	{ { 0xffff, 0xffff, 0xffff, 0xf9ff, 0xffff, 0xffff, 0xffff, 0xf9ff, 0xffff, 0xffff, 0xffff, } },
	{ { 0xf0ff, 0xe07f, 0xcf3f, 0xdf3f, 0xfe7f, 0xfcff, 0xf9ff, 0xf9ff, 0xffff, 0xf9ff, 0xf9ff, } },
	{ { 0xf9ff, 0xf0ff, 0xf0ff, 0xf0ff, 0xf9ff, 0xfbff, 0xfbff, 0xffff, 0xfbff, 0xf1ff, 0xfbff, } },
	{ { 0xffff, 0xfbff, 0xfbff, 0xf03f, 0xf7bf, 0xe7bf, 0xeb7f, 0xdcff, 0xfeff, 0xff7f, 0xffff, } },
	{ { 0xffff, 0xffff, 0xffff, 0xffff, 0xffff, 0xc03f, 0xffff, 0xffff, 0xffff, 0xffff, 0xffff, } },
	{ { 0xffff, 0xffff, 0xffff, 0xffff, 0xc7ff, 0xb9df, 0xfe3f, 0xffff, 0xffff, 0xffff, 0xffff, } },
	{ { 0xffff, 0xffff, 0xffff, 0xffff, 0xffff, 0x999f, 0xffff, 0xffff, 0xffff, 0xffff, 0xffff, } },
	{ { 0xffef, 0xffdf, 0xffbf, 0xffbf, 0xff7f, 0xff7f, 0xff7f, 0xffbf, 0xffbf, 0xffdf, 0xffef, } },
	{ { 0x7fff, 0xbfff, 0xdfff, 0xdfff, 0xefff, 0xefff, 0xefff, 0xdfff, 0xdfff, 0xbfff, 0x7fff, } },
	{ { 0xfe0f, 0xfeff, 0xfeff, 0xfeff, 0xfeff, 0xfeff, 0xfeff, 0xfeff, 0xfeff, 0xfeff, 0xffff, } },
	{ { 0xffff, 0xf7ff, 0xf7ff, 0xf7ff, 0xf7ff, 0xf7ff, 0xf7ff, 0xf7ff, 0xf7ff, 0xf7ff, 0x07ff, } },
	{ { 0xfe0f, 0xfeef, 0xfe8f, 0xfebf, 0xfebf, 0xfebf, 0xfebf, 0xfebf, 0xfebf, 0xfe3f, 0xffff, } },
	{ { 0xffff, 0xc7ff, 0xd7ff, 0xd7ff, 0xd7ff, 0xd7ff, 0xd7ff, 0xd7ff, 0x17ff, 0x77ff, 0x07ff, } },
	{ { 0xffff, 0xffff, 0xfbff, 0xfbff, 0xfbff, 0x803f, 0xfbff, 0xfbff, 0xfbff, 0xfbff, 0xffff, } },
	{ { 0xffff, 0xffff, 0xffff, 0xffff, 0xffff, 0xc03f, 0xffff, 0xffff, 0xffff, 0xffff, 0xffff, } },
	{ { 0xffff, 0xffff, 0xdfbf, 0xef7f, 0xf6ff, 0xf9ff, 0xf9ff, 0xf6ff, 0xef7f, 0xdfbf, 0xffff, } },
	{ { 0xffff, 0xcfdf, 0xb7bf, 0xb77f, 0xb6ff, 0xcdff, 0xfb3f, 0xf6df, 0xeedf, 0xdedf, 0xbf3f, } },
	{ { 0xffff, 0xf3ff, 0xedff, 0xedff, 0xedff, 0xf37f, 0xeb7f, 0xdd7f, 0xde7f, 0xe1bf, 0xffff, } },
	{ { 0xf0ff, 0xef7f, 0xdfbf, 0xbfdf, 0xbfdf, 0xbfdf, 0xbfdf, 0xbfdf, 0xdfbf, 0xef7f, 0xf0ff, } },
	{ { 0xf0ff, 0xe07f, 0xc03f, 0x801f, 0x801f, 0x801f, 0x801f, 0x801f, 0xc03f, 0xe07f, 0xf0ff, } },
	{ { 0xffff, 0xfdff, 0xf8ff, 0xf87f, 0xfa7f, 0xfb7f, 0xfb7f, 0xfaff, 0xe3ff, 0xc3ff, 0xe7ff, } },
	{ { 0xffff, 0xf0ff, 0xef7f, 0xef7f, 0xef7f, 0xef7f, 0xef7f, 0xef7f, 0xef7f, 0xf0ff, 0xffff, } },
	{ { 0xffff, 0xfbff, 0xf3ff, 0xfbff, 0xfbff, 0xfbff, 0xfbff, 0xfbff, 0xfbff, 0xfbff, 0xffff, } },
	{ { 0xffff, 0xf0ff, 0xef7f, 0xef7f, 0xff7f, 0xfeff, 0xfdff, 0xfbff, 0xf7ff, 0xe07f, 0xffff, } },
	{ { 0xffff, 0xf0ff, 0xef7f, 0xef7f, 0xff7f, 0xf8ff, 0xff7f, 0xef7f, 0xef7f, 0xf0ff, 0xffff, } },
	{ { 0xffff, 0xfcff, 0xfcff, 0xfaff, 0xfaff, 0xf6ff, 0xf6ff, 0xeeff, 0xe07f, 0xfeff, 0xffff, } },
	{ { 0xffff, 0xe07f, 0xefff, 0xefff, 0xefff, 0xe0ff, 0xff7f, 0xff7f, 0xef7f, 0xf0ff, 0xffff, } },
	{ { 0xffff, 0xf0ff, 0xef7f, 0xefff, 0xefff, 0xe0ff, 0xef7f, 0xef7f, 0xef7f, 0xf0ff, 0xffff, } },
	{ { 0xffff, 0xe07f, 0xff7f, 0xfeff, 0xfdff, 0xfdff, 0xfbff, 0xfbff, 0xfbff, 0xfbff, 0xffff, } },
	{ { 0xffff, 0xf0ff, 0xef7f, 0xef7f, 0xef7f, 0xf0ff, 0xef7f, 0xef7f, 0xef7f, 0xf0ff, 0xffff, } },
	{ { 0xffff, 0xf0ff, 0xef7f, 0xef7f, 0xef7f, 0xef7f, 0xf07f, 0xff7f, 0xef7f, 0xf0ff, 0xffff, } },
	{ { 0xffff, 0xf9ff, 0xf9ff, 0xf6ff, 0xf6ff, 0xef7f, 0xef7f, 0xc03f, 0xdfbf, 0xdfbf, 0xffff, } },
	{ { 0xffff, 0xe0ff, 0xef7f, 0xef7f, 0xef7f, 0xe0ff, 0xef7f, 0xef7f, 0xef7f, 0xe0ff, 0xffff, } },
	{ { 0xffff, 0xf0ff, 0xef7f, 0xef7f, 0xefff, 0xefff, 0xefff, 0xef7f, 0xef7f, 0xf0ff, 0xffff, } },
	{ { 0xffff, 0xe1ff, 0xeeff, 0xef7f, 0xef7f, 0xef7f, 0xef7f, 0xef7f, 0xeeff, 0xe1ff, 0xffff, } },
	{ { 0xffff, 0xe07f, 0xefff, 0xefff, 0xefff, 0xe0ff, 0xefff, 0xefff, 0xefff, 0xe07f, 0xffff, } },
	{ { 0xffff, 0xe07f, 0xefff, 0xefff, 0xefff, 0xe0ff, 0xefff, 0xefff, 0xefff, 0xefff, 0xffff, } },
	{ { 0xffff, 0xf0ff, 0xef7f, 0xdfbf, 0xdfff, 0xdc3f, 0xdfbf, 0xdfbf, 0xefbf, 0xf07f, 0xffff, } },
	{ { 0xffff, 0xefbf, 0xefbf, 0xefbf, 0xefbf, 0xe03f, 0xefbf, 0xefbf, 0xefbf, 0xefbf, 0xffff, } },
	{ { 0xffff, 0xfdff, 0xfdff, 0xfdff, 0xfdff, 0xfdff, 0xfdff, 0xfdff, 0xfdff, 0xfdff, 0xffff, } },
	{ { 0xffff, 0xff7f, 0xff7f, 0xff7f, 0xff7f, 0xff7f, 0xff7f, 0xef7f, 0xef7f, 0xf0ff, 0xffff, } },
	{ { 0xffff, 0xef7f, 0xeeff, 0xedff, 0xebff, 0xe3ff, 0xe3ff, 0xedff, 0xeeff, 0xef7f, 0xffff, } },
	{ { 0xffff, 0xefff, 0xefff, 0xefff, 0xefff, 0xefff, 0xefff, 0xefff, 0xefff, 0xe07f, 0xffff, } },
	{ { 0xffff, 0xbfdf, 0x9f9f, 0x9f9f, 0xaf5f, 0xaf5f, 0xb6df, 0xb6df, 0xb9df, 0xb9df, 0xffff, } },
	{ { 0xffff, 0xef7f, 0xef7f, 0xe77f, 0xeb7f, 0xeb7f, 0xed7f, 0xee7f, 0xef7f, 0xef7f, 0xffff, } },
	{ { 0xffff, 0xf0ff, 0xef7f, 0xdfbf, 0xdfbf, 0xdfbf, 0xdfbf, 0xdfbf, 0xef7f, 0xf0ff, 0xffff, } },
	{ { 0xffff, 0xe0ff, 0xef7f, 0xef7f, 0xef7f, 0xe0ff, 0xefff, 0xefff, 0xefff, 0xefff, 0xffff, } },
	{ { 0xffff, 0xf0ff, 0xef7f, 0xdfbf, 0xdfbf, 0xdfbf, 0xddbf, 0xdebf, 0xef7f, 0xf0bf, 0xffff, } },
	{ { 0xffff, 0xe0ff, 0xef7f, 0xef7f, 0xef7f, 0xe0ff, 0xef7f, 0xef7f, 0xef7f, 0xef7f, 0xffff, } },
	{ { 0xffff, 0xf0ff, 0xef7f, 0xefff, 0xf7ff, 0xf9ff, 0xfeff, 0xff7f, 0xef7f, 0xf0ff, 0xffff, } },
	{ { 0xffff, 0xc07f, 0xfbff, 0xfbff, 0xfbff, 0xfbff, 0xfbff, 0xfbff, 0xfbff, 0xfbff, 0xffff, } },
	{ { 0xffff, 0xef7f, 0xef7f, 0xef7f, 0xef7f, 0xef7f, 0xef7f, 0xef7f, 0xef7f, 0xf0ff, 0xffff, } },
	{ { 0xffff, 0xdfbf, 0xdfbf, 0xef7f, 0xef7f, 0xf6ff, 0xf6ff, 0xf6ff, 0xf9ff, 0xf9ff, 0xffff, } },
	{ { 0xffff, 0xb9df, 0xb9df, 0xb9df, 0xb9df, 0xd6bf, 0xd6bf, 0xc63f, 0xef7f, 0xef7f, 0xffff, } },
	{ { 0xffff, 0xdf7f, 0xdf7f, 0xeeff, 0xf5ff, 0xfbff, 0xf5ff, 0xeeff, 0xdf7f, 0xdf7f, 0xffff, } },
	{ { 0xffff, 0xdf7f, 0xdf7f, 0xeeff, 0xeeff, 0xf5ff, 0xfbff, 0xfbff, 0xfbff, 0xfbff, 0xffff, } },
	{ { 0xffff, 0xe07f, 0xff7f, 0xfeff, 0xfdff, 0xfbff, 0xfbff, 0xf7ff, 0xefff, 0xe07f, 0xffff, } },
	{ { 0xffff, 0xffff, 0xfdff, 0xffff, 0xffff, 0xfdff, 0xfdff, 0xfdff, 0xfdff, 0xfdff, 0xffff, } },
	{ { 0xffff, 0xffff, 0xfbff, 0xfbff, 0xf0ff, 0xfbff, 0xfbff, 0xfbff, 0xfbff, 0xfcff, 0xffff, } },
	{ { 0xffff, 0xffff, 0xffff, 0xf7ff, 0xc07f, 0xf7ff, 0xf0ff, 0xe57f, 0xd5bf, 0xd5bf, 0xeb7f, } },
	{ { 0xf7ff, 0xf7ff, 0x803f, 0xf6ff, 0xf07f, 0xe6bf, 0xd6df, 0xb6df, 0xb5df, 0xb3df, 0xcb3f, } },
	{ { 0xffff, 0xffff, 0xffff, 0xffff, 0xefbf, 0xefdf, 0xefdf, 0xefdf, 0xefdf, 0xebff, 0xf7ff, } },
	{ { 0xffff, 0xffff, 0xbfbf, 0xbfbf, 0xbfdf, 0xbfdf, 0xbfdf, 0xbfdf, 0xbfdf, 0xd7ff, 0xefff, } },
	{ { 0xffff, 0xffff, 0xffff, 0xf07f, 0xffff, 0xf07f, 0xefbf, 0xffbf, 0xffbf, 0xff7f, 0xf8ff, } },
	{ { 0xffff, 0xe07f, 0xffff, 0xf07f, 0xcfbf, 0xffdf, 0xffdf, 0xffdf, 0xffbf, 0xff7f, 0xf0ff, } },
	{ { 0xffff, 0xffff, 0xffff, 0xe1ff, 0xffff, 0xc0ff, 0xfdff, 0xfbff, 0xf5ff, 0xedff, 0xde3f, } },
	{ { 0xffff, 0xe0ff, 0xffff, 0xc07f, 0xfeff, 0xfdff, 0xfbff, 0xf5ff, 0xeeff, 0xdeff, 0xbf1f, } },
	{ { 0xffff, 0xffff, 0xffff, 0xf77f, 0xc0bf, 0xf7ff, 0xf07f, 0xe7bf, 0xd7bf, 0xd7bf, 0xe67f, } },
	{ { 0xf7ff, 0xf7bf, 0x80df, 0xf7df, 0xf07f, 0xe7bf, 0xd7df, 0xb7df, 0xb7df, 0xb7bf, 0xce7f, } },
	{ { 0xf7ff, 0xf77f, 0xf7bf, 0x80bf, 0xef5f, 0xef5f, 0xdf5f, 0xdf7f, 0xdf7f, 0xb6ff, 0xb9ff, } },
	{ { 0xf7af, 0xf6af, 0xf77f, 0x80bf, 0xef3f, 0xef5f, 0xdf5f, 0xdf7f, 0xdf7f, 0xb6ff, 0xb9ff, } },
	{ { 0xfbff, 0xfb3f, 0x80ff, 0xfddf, 0xfc3f, 0x82ff, 0xff7f, 0xc03f, 0xbfff, 0xbfff, 0xc07f, } },
	{ { 0xfbaf, 0xfbaf, 0x807f, 0xfddf, 0xfc3f, 0x82ff, 0xff7f, 0xc03f, 0xbfff, 0xbfff, 0xc07f, } },
	{ { 0xff7f, 0xfeff, 0xfdff, 0xfbff, 0xe7ff, 0xcfff, 0xf7ff, 0xf9ff, 0xfeff, 0xff7f, 0xffbf, } },
	{ { 0xff5f, 0xff5f, 0xfdff, 0xfbff, 0xe7ff, 0xcfff, 0xf7ff, 0xf9ff, 0xfeff, 0xff7f, 0xffbf, } },
	{ { 0xffff, 0xff7f, 0xbf7f, 0xb01f, 0xbfbf, 0xbfbf, 0xbfbf, 0xbfbf, 0xbf7f, 0xdf7f, 0xeeff, } },
	{ { 0xffaf, 0xffaf, 0xbf7f, 0xa01f, 0xbfbf, 0xbfbf, 0xbfbf, 0xbfbf, 0xbf7f, 0xdf7f, 0xeeff, } },
	{ { 0xffff, 0xffff, 0xc03f, 0xffbf, 0xff7f, 0xffff, 0xdfff, 0xbfff, 0xbfff, 0xbfdf, 0xc03f, } },
	{ { 0xffaf, 0xffaf, 0xc03f, 0xffbf, 0xff7f, 0xffff, 0xdfff, 0xbfff, 0xbfff, 0xbfdf, 0xc03f, } },
	{ { 0xfbff, 0xfddf, 0xfc3f, 0x82ff, 0xff7f, 0xffbf, 0xe03f, 0xdfff, 0xbfff, 0xdfff, 0xe03f, } },
	{ { 0xfbaf, 0xfdaf, 0xfc7f, 0x82ff, 0xff7f, 0xffbf, 0xe03f, 0xdfff, 0xbfff, 0xdfff, 0xe03f, } },
	{ { 0xffff, 0xdfff, 0xdfff, 0xdfff, 0xdfff, 0xdfff, 0xdfff, 0xdfbf, 0xdfbf, 0xef7f, 0xf0ff, } },
	{ { 0xffff, 0xdebf, 0xdebf, 0xdfff, 0xdfff, 0xdfff, 0xdfff, 0xdfbf, 0xdfbf, 0xef7f, 0xf0ff, } },
	{ { 0xffff, 0xfeff, 0x801f, 0xfeff, 0xf0ff, 0xeeff, 0xeeff, 0xeeff, 0xf0ff, 0xfdff, 0xe3ff, } },
	{ { 0xffaf, 0xfeaf, 0x803f, 0xfeff, 0xf0ff, 0xeeff, 0xeeff, 0xeeff, 0xf0ff, 0xfdff, 0xe3ff, } },
	{ { 0xffff, 0xdf7f, 0xdf7f, 0xdc1f, 0x037f, 0xdf7f, 0xdf7f, 0xdc7f, 0xdfff, 0xdfff, 0xe03f, } },
	{ { 0xffaf, 0xdfaf, 0xdf7f, 0xdc1f, 0x037f, 0xdf7f, 0xdf7f, 0xdc7f, 0xdfff, 0xdfff, 0xe03f, } },
	{ { 0xffff, 0xc07f, 0xfeff, 0xf9ff, 0xe31f, 0x98ff, 0xf7ff, 0xefff, 0xefff, 0xf3ff, 0xfc3f, } },
	{ { 0xffaf, 0xc0af, 0xfeff, 0xf9ff, 0xe31f, 0x98ff, 0xf7ff, 0xefff, 0xefff, 0xf3ff, 0xfc3f, } },
	{ { 0xffff, 0xefff, 0x807f, 0xefff, 0xe83f, 0xefdf, 0xdfbf, 0xdfff, 0xd7ff, 0xb7ff, 0xb81f, } },
	{ { 0xffaf, 0xefaf, 0x807f, 0xefff, 0xe83f, 0xefdf, 0xdfbf, 0xdfff, 0xd7ff, 0xb7ff, 0xb81f, } },
	{ { 0xffff, 0xf7ff, 0x803f, 0xefff, 0xefff, 0xd03f, 0xcfdf, 0xffdf, 0xffdf, 0xffbf, 0xe07f, } },
	{ { 0xffaf, 0xf7af, 0x807f, 0xefff, 0xefff, 0xd03f, 0xcfdf, 0xffdf, 0xffdf, 0xffbf, 0xe07f, } },
	{ { 0xffff, 0xffff, 0xffff, 0xffff, 0xf07f, 0xcfbf, 0xffbf, 0xffbf, 0xffbf, 0xff7f, 0xf0ff, } },
	{ { 0xffff, 0xffff, 0xf07f, 0x8fbf, 0xffdf, 0xffdf, 0xffdf, 0xffdf, 0xffbf, 0xfe7f, 0xe1ff, } },
	{ { 0xffaf, 0xffaf, 0xf07f, 0x8fbf, 0xffdf, 0xffdf, 0xffdf, 0xffdf, 0xffbf, 0xfe7f, 0xe1ff, } },
	{ { 0xffff, 0xff1f, 0x80ff, 0xfbff, 0xf7ff, 0xefff, 0xefff, 0xefff, 0xf7ff, 0xf9ff, 0xfe3f, } },
	{ { 0xffff, 0xffaf, 0x80af, 0xfbff, 0xf7ff, 0xefff, 0xefff, 0xefff, 0xf7ff, 0xf9ff, 0xfe3f, } },
	{ { 0xf7ff, 0xf7ff, 0xf7ff, 0xf71f, 0xf8ff, 0xf7ff, 0xefff, 0xdfff, 0xdfff, 0xefff, 0xf01f, } },
	{ { 0xf75f, 0xf75f, 0xf7ff, 0xf71f, 0xf8ff, 0xf7ff, 0xefff, 0xdfff, 0xdfff, 0xefff, 0xf01f, } },
	{ { 0xffff, 0xdf3f, 0x03df, 0xdf7f, 0xdf7f, 0xdf7f, 0xbf7f, 0xb07f, 0x6f3f, 0x6f5f, 0xf0ff, } },
	{ { 0xffff, 0xffff, 0xb01f, 0xbfdf, 0xbfbf, 0xbfff, 0xbfff, 0xb7ff, 0xb7ff, 0xbbdf, 0xdc3f, } },
	{ { 0xfeff, 0xdeff, 0xdeff, 0xd07f, 0xcdbf, 0xdddf, 0x9bdf, 0xaa5f, 0xb59f, 0xb59f, 0xce6f, } },
	{ { 0xefff, 0xefff, 0xec7f, 0x83bf, 0xefdf, 0xefdf, 0xdfdf, 0xcc5f, 0xab9f, 0xeb9f, 0xec6f, } },
	{ { 0xffff, 0xf0ff, 0xeb7f, 0xdbbf, 0xbbdf, 0xbbdf, 0xbbdf, 0xb7df, 0xb7bf, 0xce7f, 0xffff, } },
	{ { 0xffff, 0xbf7f, 0xbf7f, 0xa01f, 0xbf7f, 0xbf7f, 0xbf7f, 0xb87f, 0xb73f, 0xb75f, 0xd8ff, } },
	{ { 0xffaf, 0xbfaf, 0xbf7f, 0xa01f, 0xbf7f, 0xbf7f, 0xbf7f, 0xb87f, 0xb73f, 0xb75f, 0xd8ff, } },
	{ { 0xffdf, 0xbfaf, 0xbf5f, 0xa03f, 0xbf7f, 0xbf7f, 0xbf7f, 0xb87f, 0xb73f, 0xb75f, 0xd8ff, } },
	{ { 0xffff, 0xefff, 0x8f7f, 0xdf3f, 0xdf1f, 0xbf5f, 0xbf7f, 0xbf7f, 0xbf7f, 0xdeff, 0xe1ff, } },
	{ { 0xffaf, 0xefaf, 0x8f7f, 0xdf3f, 0xdf1f, 0xbf5f, 0xbf7f, 0xbf7f, 0xbf7f, 0xdeff, 0xe1ff, } },
	{ { 0xffdf, 0xefaf, 0x8f5f, 0xdf3f, 0xdf1f, 0xbf5f, 0xbf7f, 0xbf7f, 0xbf7f, 0xdeff, 0xe1ff, } },
	{ { 0xffff, 0xe1ff, 0xfeff, 0xfdff, 0xf3ff, 0xddbf, 0xbedf, 0xbf5f, 0xbf5f, 0xaedf, 0xf1ff, } },
	{ { 0xffaf, 0xe1af, 0xfeff, 0xfdff, 0xf3ff, 0xddbf, 0xbedf, 0xbf5f, 0xbf5f, 0xaedf, 0xf1ff, } },
	{ { 0xffdf, 0xe1af, 0xfedf, 0xfdff, 0xf3ff, 0xddbf, 0xbedf, 0xbf5f, 0xbf5f, 0xaedf, 0xf1ff, } },
	{ { 0xffff, 0xf7ff, 0xe3ff, 0xdbff, 0xddff, 0xbdff, 0xbeff, 0xff7f, 0xffbf, 0xffdf, 0xffff, } },
	{ { 0xffff, 0xf75f, 0xe35f, 0xdbff, 0xddff, 0xbdff, 0xbeff, 0xff7f, 0xffbf, 0xffdf, 0xffff, } },
	{ { 0xffff, 0xf7bf, 0xe35f, 0xdbbf, 0xddff, 0xbdff, 0xbeff, 0xff7f, 0xffbf, 0xffdf, 0xffff, } },
	{ { 0xffff, 0xb01f, 0xbf7f, 0xbf7f, 0xb01f, 0xbf7f, 0xbf7f, 0xb87f, 0xb73f, 0xb75f, 0xd8ff, } },
	{ { 0xffaf, 0xb0af, 0xbf7f, 0xbf7f, 0xb01f, 0xbf7f, 0xbf7f, 0xb87f, 0xb73f, 0xb75f, 0xd8ff, } },
	{ { 0xffdf, 0xb0af, 0xbf5f, 0xbf7f, 0xb01f, 0xbf7f, 0xbf7f, 0xb87f, 0xb73f, 0xb75f, 0xd8ff, } },
	{ { 0xfdff, 0xfdff, 0x801f, 0xfdff, 0x801f, 0xfdff, 0xfdff, 0xc0ff, 0xbc7f, 0xbdbf, 0xc3df, } },
	{ { 0xffff, 0xc3ff, 0xfbff, 0xfbbf, 0xfbbf, 0xe03f, 0xdb9f, 0xbbbf, 0xbbbf, 0xb77f, 0xcf7f, } },
	{ { 0xffff, 0xf7bf, 0x80df, 0xf7df, 0xc7ff, 0xb7ff, 0xb7ff, 0xcfbf, 0xefbf, 0xefbf, 0xf07f, } },
	{ { 0xfdff, 0xddff, 0xddff, 0xd07f, 0xcdbf, 0xdddf, 0x9bdf, 0xabdf, 0xb7df, 0xb7bf, 0xcb7f, } },
	{ { 0xffff, 0xf7ff, 0x803f, 0xf7ff, 0xf7ff, 0x803f, 0xe7ff, 0xefff, 0xefbf, 0xefbf, 0xf07f, } },
	{ { 0xffff, 0xffff, 0xffff, 0xedff, 0xec7f, 0xc3bf, 0xf7bf, 0xf7bf, 0xf77f, 0xfbff, 0xfbff, } },
	{ { 0xffff, 0xddff, 0xddff, 0xd83f, 0x86df, 0xeedf, 0xefdf, 0xefbf, 0xf67f, 0xf7ff, 0xfbff, } },
	{ { 0xffff, 0xffff, 0xffff, 0xfdff, 0xddff, 0xd07f, 0xcdbf, 0xcdbf, 0xd5bf, 0xd87f, 0xf3ff, } },
	{ { 0xffff, 0xbdff, 0xb87f, 0xa5bf, 0x8edf, 0x9edf, 0xbedf, 0xbddf, 0xb5bf, 0xb87f, 0xf3ff, } },
	{ { 0xffff, 0xffff, 0xffff, 0xfdff, 0xfc3f, 0xfdff, 0xfdff, 0xe1ff, 0xdc7f, 0xddbf, 0xe3ff, } },
	{ { 0xffff, 0xfbff, 0xfbff, 0xf83f, 0xfbff, 0xfbff, 0xfbff, 0xc1ff, 0xb87f, 0xbbbf, 0xc7ff, } },
	{ { 0xffff, 0xf8ff, 0xdf7f, 0xdfff, 0xdfff, 0xd0ff, 0xcf7f, 0xffbf, 0xffbf, 0xff7f, 0xe0ff, } },
	{ { 0xffff, 0xdf7f, 0xdfbf, 0xdfbf, 0xdfbf, 0xd7bf, 0xefbf, 0xffbf, 0xff7f, 0xfeff, 0xf9ff, } },
	{ { 0xffff, 0xc07f, 0xfeff, 0xfdff, 0xf3ff, 0xe07f, 0x9fbf, 0xffdf, 0xe3df, 0xddbf, 0xe07f, } },
	{ { 0xefff, 0xefff, 0xee7f, 0x89bf, 0xe7bf, 0xefbf, 0xcf7f, 0xcf7f, 0xaf7f, 0xef7f, 0xef9f, } },
	{ { 0xffff, 0xc07f, 0xfeff, 0xfdff, 0xf3ff, 0xe07f, 0x9fbf, 0xffdf, 0xffdf, 0xffbf, 0xe07f, } },
	{ { 0xffff, 0xefff, 0xec7f, 0x8bbf, 0xe7df, 0xefdf, 0xcfdf, 0xcfdf, 0xafdf, 0xefbf, 0xef7f, } },
	{ { 0xf7ff, 0xf79f, 0x807f, 0xefff, 0xc1ff, 0xbc1f, 0xf2ff, 0xeeff, 0xdfff, 0xdfff, 0xe01f, } },
	{ { 0xf7ff, 0xf7ff, 0xefff, 0xefff, 0xefff, 0xd3ff, 0xcddf, 0xdddf, 0xbddf, 0xbdbf, 0xbe7f, } },
	{ { 0xffff, 0xffff, 0xffff, 0xffff, 0xc03f, 0xfbbf, 0xfb7f, 0xfaff, 0xfbff, 0xf7ff, 0xefff, } },
	{ { 0xffff, 0x801f, 0xffdf, 0xfbbf, 0xfbbf, 0xfb7f, 0xfaff, 0xfbff, 0xf7ff, 0xefff, 0xdfff, } },
	{ { 0xffff, 0xffff, 0xffff, 0xff7f, 0xfeff, 0xfdff, 0xf1ff, 0xcdff, 0xfdff, 0xfdff, 0xfdff, } },
	{ { 0xffff, 0xffbf, 0xff7f, 0xfeff, 0xf9ff, 0xe5ff, 0x9dff, 0xfdff, 0xfdff, 0xfdff, 0xfdff, } },
	{ { 0xffff, 0xffff, 0xfbff, 0xfbff, 0xc07f, 0xdf7f, 0xdf7f, 0xff7f, 0xfeff, 0xfdff, 0xf3ff, } },
	{ { 0xfdff, 0xfdff, 0xc01f, 0xdfdf, 0xdfdf, 0xdfdf, 0xffbf, 0xffbf, 0xff7f, 0xfcff, 0xf3ff, } },
	{ { 0xffff, 0xffff, 0xffff, 0xffff, 0xe07f, 0xfbff, 0xfbff, 0xfbff, 0xfbff, 0xfbff, 0xc03f, } },
	{ { 0xffff, 0xffff, 0xc03f, 0xfbff, 0xfbff, 0xfbff, 0xfbff, 0xfbff, 0xfbff, 0xfbff, 0x801f, } },
	{ { 0xffff, 0xffff, 0xffff, 0xfeff, 0xc03f, 0xfcff, 0xfaff, 0xf6ff, 0xeeff, 0xdeff, 0xfcff, } },
	{ { 0xffff, 0xff7f, 0x801f, 0xfe7f, 0xfc7f, 0xfd7f, 0xfb7f, 0xf77f, 0xef7f, 0x9f7f, 0xfcff, } },
	{ { 0xffff, 0xf7ff, 0xf7ff, 0x803f, 0xf7bf, 0xf7bf, 0xf7bf, 0xefbf, 0xefbf, 0xdfbf, 0xbe7f, } },
	{ { 0xffaf, 0xf7af, 0xf7ff, 0x803f, 0xf7bf, 0xf7bf, 0xf7bf, 0xefbf, 0xefbf, 0xdfbf, 0xbe7f, } },
	{ { 0xffff, 0xfbff, 0xf83f, 0x83ff, 0xfbff, 0xfbff, 0xf81f, 0x85ff, 0xfdff, 0xfdff, 0xfdff, } },
	{ { 0xffaf, 0xfbaf, 0xf87f, 0x83ff, 0xfbff, 0xfbff, 0xf81f, 0x85ff, 0xfdff, 0xfdff, 0xfdff, } },
	{ { 0xffff, 0xefff, 0xe03f, 0xefbf, 0xdfbf, 0xbfbf, 0xff7f, 0xff7f, 0xfeff, 0xfdff, 0xe3ff, } },
	{ { 0xffaf, 0xefaf, 0xe07f, 0xefbf, 0xdfbf, 0xbfbf, 0xff7f, 0xff7f, 0xfeff, 0xfdff, 0xe3ff, } },
	{ { 0xffff, 0xefff, 0xefff, 0xe01f, 0xdeff, 0xbeff, 0xfeff, 0xfdff, 0xfdff, 0xf3ff, 0xcfff, } },
	{ { 0xffaf, 0xefaf, 0xefff, 0xe01f, 0xdeff, 0xbeff, 0xfeff, 0xfdff, 0xfdff, 0xf3ff, 0xcfff, } },
	{ { 0xffff, 0xffff, 0xc03f, 0xffbf, 0xffbf, 0xffbf, 0xffbf, 0xffbf, 0xffbf, 0xc03f, 0xffff, } },
	{ { 0xffaf, 0xffaf, 0xc07f, 0xffbf, 0xffbf, 0xffbf, 0xffbf, 0xffbf, 0xffbf, 0xc03f, 0xffff, } },
	{ { 0xffff, 0xdf7f, 0xdf7f, 0x001f, 0xdf7f, 0xdf7f, 0xdf7f, 0xff7f, 0xfeff, 0xfdff, 0xf3ff, } },
	{ { 0xffaf, 0xdfaf, 0xdf7f, 0x001f, 0xdf7f, 0xdf7f, 0xdf7f, 0xfeff, 0xfeff, 0xfdff, 0xf3ff, } },
	{ { 0xffff, 0xcfff, 0xf3ff, 0xffbf, 0x9fbf, 0xe7bf, 0xff7f, 0xff7f, 0xfeff, 0xf9ff, 0xc7ff, } },
	{ { 0xffaf, 0xcfaf, 0xf3ff, 0xffbf, 0x9fbf, 0xe7bf, 0xff7f, 0xff7f, 0xfeff, 0xf9ff, 0xc7ff, } },
	{ { 0xffff, 0xffff, 0x807f, 0xff7f, 0xff7f, 0xfeff, 0xfdff, 0xfaff, 0xf77f, 0xefbf, 0x9fbf, } },
	{ { 0xffaf, 0xffaf, 0x807f, 0xff7f, 0xff7f, 0xfeff, 0xfdff, 0xfaff, 0xf77f, 0xefbf, 0x9fbf, } },
	{ { 0xefff, 0xefff, 0xefff, 0x803f, 0xefbf, 0xef7f, 0xeeff, 0xefff, 0xefff, 0xefff, 0xf03f, } },
	{ { 0xefaf, 0xefaf, 0xefff, 0x803f, 0xefbf, 0xef7f, 0xeeff, 0xefff, 0xefff, 0xefff, 0xf03f, } },
	{ { 0xffff, 0xbfbf, 0xbfbf, 0xdfbf, 0xef7f, 0xff7f, 0xfeff, 0xfeff, 0xfdff, 0xf3ff, 0xcfff, } },
	{ { 0xffaf, 0xbfaf, 0xbfff, 0xdfbf, 0xef7f, 0xff7f, 0xfeff, 0xfeff, 0xfdff, 0xf3ff, 0xcfff, } },
	{ { 0xffff, 0xefff, 0xe03f, 0xefbf, 0xdfbf, 0xb3bf, 0xfd7f, 0xff7f, 0xfeff, 0xfdff, 0xe3ff, } },
	{ { 0xffaf, 0xefaf, 0xe07f, 0xefbf, 0xdfbf, 0xb3bf, 0xfd7f, 0xff7f, 0xfeff, 0xfdff, 0xe3ff, } },
	{ { 0xffff, 0xff3f, 0x80ff, 0xfdff, 0xfdff, 0x801f, 0xfdff, 0xfdff, 0xfbff, 0xf7ff, 0xcfff, } },
	{ { 0xffaf, 0xfeaf, 0x81ff, 0xfdff, 0xfdff, 0x801f, 0xfdff, 0xfdff, 0xfbff, 0xf7ff, 0xcfff, } },
	{ { 0xffff, 0xffff, 0xffff, 0xf7ff, 0xdb7f, 0xeb7f, 0xef7f, 0xfeff, 0xfeff, 0xf9ff, 0xe7ff, } },
	{ { 0xffff, 0xf7bf, 0xb7bf, 0xbbbf, 0xdbbf, 0xdf7f, 0xff7f, 0xfeff, 0xfdff, 0xfbff, 0xe7ff, } },
	{ { 0xffaf, 0xf7af, 0xb7ff, 0xbbbf, 0xdbbf, 0xdf7f, 0xff7f, 0xfeff, 0xfdff, 0xfbff, 0xe7ff, } },
	{ { 0xffff, 0xc03f, 0xffff, 0xffff, 0xffff, 0x801f, 0xfcff, 0xfdff, 0xfbff, 0xf7ff, 0xcfff, } },
	{ { 0xffaf, 0xc0af, 0xffff, 0xffff, 0xffff, 0x801f, 0xfcff, 0xfdff, 0xfbff, 0xf7ff, 0xcfff, } },
	{ { 0xffff, 0xf7ff, 0xf7ff, 0xf7ff, 0xf7ff, 0xf0ff, 0xf73f, 0xf7ff, 0xf7ff, 0xf7ff, 0xf7ff, } },
	{ { 0xffff, 0xf6bf, 0xf6bf, 0xf7ff, 0xf7ff, 0xf0ff, 0xf73f, 0xf7ff, 0xf7ff, 0xf7ff, 0xf7ff, } },
	{ { 0xffff, 0xfdff, 0xfdff, 0x801f, 0xfdff, 0xfdff, 0xfdff, 0xfbff, 0xfbff, 0xe7ff, 0x9fff, } },
	{ { 0xffff, 0xffff, 0xc03f, 0xffff, 0xffff, 0xffff, 0xffff, 0xffff, 0xffff, 0x801f, 0xffff, } },
	{ { 0xffff, 0xc07f, 0xffbf, 0xffbf, 0xef7f, 0xf37f, 0xfcff, 0xfcff, 0xfb7f, 0xe7bf, 0x9fdf, } },
	{ { 0xf7ff, 0xfbff, 0x803f, 0xffbf, 0xff7f, 0xfcff, 0xf27f, 0x8b9f, 0xfbff, 0xfbff, 0xfbff, } },
	{ { 0xffff, 0xff7f, 0xff7f, 0xff7f, 0xfeff, 0xfeff, 0xfdff, 0xfdff, 0xfbff, 0xe7ff, 0x9fff, } },
	{ { 0xffff, 0xeeff, 0xeeff, 0xef7f, 0xef7f, 0xefbf, 0xdfbf, 0xdfbf, 0xdfdf, 0xbfdf, 0xbfdf, } },
	{ { 0xffaf, 0xeeaf, 0xeeff, 0xef7f, 0xef7f, 0xefbf, 0xdfbf, 0xdfbf, 0xdfdf, 0xbfdf, 0xbfdf, } },
	{ { 0xffdf, 0xeeaf, 0xeedf, 0xef7f, 0xef7f, 0xefbf, 0xdfbf, 0xdfbf, 0xdfdf, 0xbfdf, 0xbfdf, } },
	{ { 0xffff, 0xdfff, 0xdfbf, 0xde7f, 0xc1ff, 0xdfff, 0xdfff, 0xdfff, 0xdfff, 0xdfff, 0xe03f, } },
	{ { 0xffaf, 0xdfaf, 0xdfff, 0xde7f, 0xc1ff, 0xdfff, 0xdfff, 0xdfff, 0xdfff, 0xdfff, 0xe03f, } },
	{ { 0xffdf, 0xdfaf, 0xdfdf, 0xde7f, 0xc1ff, 0xdfff, 0xdfff, 0xdfff, 0xdfff, 0xdfff, 0xe03f, } },
	{ { 0xffff, 0x803f, 0xffbf, 0xffbf, 0xffbf, 0xff7f, 0xff7f, 0xfeff, 0xfdff, 0xf3ff, 0xcfff, } },
	{ { 0xffaf, 0x80af, 0xff7f, 0xffbf, 0xffbf, 0xff7f, 0xff7f, 0xfeff, 0xfdff, 0xf3ff, 0xcfff, } },
	{ { 0xffdf, 0x80af, 0xff5f, 0xffbf, 0xffbf, 0xff7f, 0xff7f, 0xfeff, 0xfdff, 0xf3ff, 0xcfff, } },
	{ { 0xffff, 0xffff, 0xf7ff, 0xe3ff, 0xdbff, 0xbdff, 0xfeff, 0xff7f, 0xffbf, 0xffdf, 0xffff, } },
	{ { 0xffff, 0xff5f, 0xf75f, 0xe3ff, 0xdbff, 0xbdff, 0xfeff, 0xff7f, 0xffbf, 0xffdf, 0xffff, } },
	{ { 0xffff, 0xff7f, 0xf6bf, 0xe37f, 0xdbff, 0xbdff, 0xfeff, 0xff7f, 0xffbf, 0xffdf, 0xffff, } },
	{ { 0xffff, 0xfbff, 0x801f, 0xfbff, 0xfbff, 0xdb7f, 0xdbbf, 0xdbbf, 0xbbdf, 0xbbdf, 0xfbff, } },
	{ { 0xffaf, 0xfbaf, 0x807f, 0xfbff, 0xfbff, 0xdb7f, 0xdbbf, 0xdbbf, 0xbbdf, 0xbbdf, 0xfbff, } },
	{ { 0xffdf, 0xfbaf, 0x805f, 0xfbff, 0xfbff, 0xdb7f, 0xdbbf, 0xdbbf, 0xbbdf, 0xbbdf, 0xfbff, } },
	{ { 0xffff, 0xffff, 0x801f, 0xffdf, 0xffbf, 0xef7f, 0xf6ff, 0xf9ff, 0xfdff, 0xfeff, 0xff7f, } },
	{ { 0xffff, 0xc3ff, 0xfc7f, 0xffbf, 0xc7ff, 0xf8ff, 0xff3f, 0xffff, 0xc7ff, 0xf8ff, 0xff3f, } },
	{ { 0xffff, 0xf7ff, 0xf7ff, 0xf7ff, 0xf6ff, 0xef7f, 0xef7f, 0xefbf, 0xdfbf, 0xdc5f, 0x83df, } },
	{ { 0xff7f, 0xff7f, 0xfeff, 0xceff, 0xf5ff, 0xf9ff, 0xfaff, 0xf77f, 0xefff, 0xdfff, 0xbfff, } },
	{ { 0xffff, 0x803f, 0xefff, 0xefff, 0x801f, 0xefff, 0xefff, 0xefff, 0xefff, 0xefff, 0xf01f, } },
	{ { 0xffff, 0xffff, 0xffff, 0xf7ff, 0xf7ff, 0xc03f, 0xf77f, 0xf6ff, 0xf7ff, 0xfbff, 0xfbff, } },
	{ { 0xefff, 0xefff, 0xec1f, 0x83df, 0xefbf, 0xef7f, 0xf6ff, 0xf7ff, 0xf7ff, 0xfbff, 0xfbff, } },
	{ { 0xffff, 0xffff, 0xffff, 0xe0ff, 0xfeff, 0xfeff, 0xfeff, 0xfeff, 0xfeff, 0xc03f, 0xffff, } },
	{ { 0xffff, 0xffff, 0xc07f, 0xff7f, 0xff7f, 0xff7f, 0xff7f, 0xff7f, 0xff7f, 0x801f, 0xffff, } },
	{ { 0xffff, 0xffff, 0xffff, 0xe03f, 0xffbf, 0xffbf, 0xe03f, 0xffbf, 0xffbf, 0xe03f, 0xffff, } },
	{ { 0xffff, 0xc03f, 0xffbf, 0xffbf, 0xffbf, 0xc03f, 0xffbf, 0xffbf, 0xffbf, 0xc03f, 0xffff, } },
	{ { 0xffff, 0xc07f, 0xffff, 0xffff, 0x803f, 0xffbf, 0xffbf, 0xff7f, 0xfeff, 0xf9ff, 0xe7ff, } },
	{ { 0xffff, 0xdfbf, 0xdfbf, 0xdfbf, 0xdfbf, 0xdfbf, 0xffbf, 0xffbf, 0xff7f, 0xfcff, 0xe3ff, } },
	{ { 0xffff, 0xfdff, 0xddff, 0xddff, 0xddff, 0xdddf, 0xdddf, 0xddbf, 0xddbf, 0xbd7f, 0xfcff, } },
	{ { 0xffff, 0xefff, 0xefff, 0xefff, 0xefff, 0xefdf, 0xefbf, 0xef7f, 0xecff, 0xe3ff, 0xffff, } },
	{ { 0xffff, 0xc03f, 0xdfbf, 0xdfbf, 0xdfbf, 0xdfbf, 0xdfbf, 0xdfbf, 0xdfbf, 0xc03f, 0xffff, } },
	{ { 0xffff, 0x801f, 0xbfdf, 0xbfdf, 0xbfdf, 0xffdf, 0xffbf, 0xffbf, 0xff7f, 0xfcff, 0xf3ff, } },
	{ { 0xffff, 0xc03f, 0xffbf, 0xffbf, 0xc03f, 0xffbf, 0xff7f, 0xff7f, 0xfeff, 0xf9ff, 0xc7ff, } },
	{ { 0xffff, 0x9fff, 0xefdf, 0xf7df, 0xffbf, 0xffbf, 0xff7f, 0xfeff, 0xfdff, 0xf3ff, 0xcfff, } },
	{ { 0xfdaf, 0xfdaf, 0xc03f, 0xdfdf, 0xdfdf, 0xdfdf, 0xffbf, 0xffbf, 0xff7f, 0xfcff, 0xf3ff, } },
	{ { 0xfe3f, 0x817f, 0xdb7f, 0x001f, 0x6bdf, 0xad3f, 0xb05f, 0xf87f, 0x877f, 0xf8ff, 0x070f, } },
	{ { 0xffff, 0x801f, 0xf6ff, 0x801f, 0xb6df, 0x803f, 0xf6ff, 0x801f, 0xedbf, 0xaedf, 0xb03f, } },
	{ { 0xfbff, 0x801f, 0xbfdf, 0xb7df, 0xf7ff, 0x801f, 0xef7f, 0xef7f, 0xf6ff, 0xf8ff, 0x871f, } },
	{ { 0xfeff, 0x881f, 0xadbf, 0xadbf, 0xa81f, 0x8fff, 0xa81f, 0xabdf, 0xa81f, 0xabdf, 0x881f, } },
	{ { 0xffff, 0x861f, 0xb6df, 0x861f, 0xbbdf, 0xa05f, 0xb6df, 0xa05f, 0xb0df, 0xb6df, 0xb09f, } },
	{ { 0xbfbf, 0xbfbf, 0xb7bf, 0xbbbf, 0xbd7f, 0xbf7f, 0xbf7f, 0xbe7f, 0xb6bf, 0xcddf, 0x3bdf, } },
	{ { 0xdeff, 0xdeff, 0xd01f, 0xbcff, 0xbadf, 0x76bf, 0xab7f, 0xbb7f, 0xbbbf, 0xb8bf, 0xa3df, } },
	{ { 0xfbff, 0x801f, 0xeeff, 0x801f, 0xffff, 0xc03f, 0xdfbf, 0xc03f, 0xadbf, 0xaedf, 0x703f, } },
	{ { 0xffff, 0x801f, 0x801f, 0xbbdf, 0x801f, 0xf6ff, 0x801f, 0xf6ff, 0x801f, 0xef7f, 0x9f9f, } },
	{ { 0xffff, 0xec1f, 0x19df, 0xdebf, 0x0e7f, 0xd9ff, 0x8c1f, 0x93df, 0x5ebf, 0xde7f, 0xd9ff, } },
	{ { 0xfdff, 0xb83f, 0xbdbf, 0xd81f, 0xffff, 0x183f, 0xd83f, 0xdf7f, 0xd01f, 0xdf7f, 0x201f, } },
	{ { 0xffff, 0x801f, 0xb7ff, 0xb03f, 0xadff, 0xbdff, 0xa01f, 0xbaff, 0xb77f, 0xaf9f, 0x801f, } },
	{ { 0xbf7f, 0xbf5f, 0xb03f, 0x1f7f, 0xb17f, 0xb57f, 0xb55f, 0xb1bf, 0x9f3f, 0x72bf, 0xffdf, } },
	{ { 0xfbff, 0x801f, 0xef7f, 0xc03f, 0xffdf, 0xc03f, 0xdfbf, 0xc03f, 0xdfbf, 0xc03f, 0xdf3f, } },
	{ { 0xffff, 0xffff, 0xffff, 0xffff, 0x801f, 0xffff, 0xffff, 0xffff, 0xffff, 0xffff, 0xffff, } },
	{ { 0xffff, 0xc41f, 0xbddf, 0xbddf, 0xbddf, 0x85df, 0xbddf, 0xbddf, 0xb5df, 0x8d1f, 0xfdff, } },
	{ { 0xffff, 0x801f, 0xbbdf, 0xbbdf, 0x801f, 0xbbdf, 0xb5df, 0xb6df, 0xaf5f, 0x9f9f, 0xc03f, } },
	{ { 0xffff, 0x81df, 0xfddf, 0xfddf, 0x81df, 0xbfdf, 0x81df, 0xfddf, 0xfddf, 0xbbdf, 0xc7df, } },
	{ { 0x8eff, 0xa01f, 0xa7df, 0x901f, 0xafff, 0xa81f, 0xad7f, 0x8d7f, 0xbb7f, 0xbb5f, 0xb71f, } },
	{ { 0x8f9f, 0xa05f, 0xaadf, 0x9c3f, 0xa81f, 0xafdf, 0xa81f, 0x8fff, 0xbd5f, 0xb5ff, 0xae1f, } },
	{ { 0xfdff, 0x801f, 0xbfdf, 0xa05f, 0xfdff, 0xfdff, 0x801f, 0xfdff, 0xfdff, 0xfdff, 0xf1ff, } },
	{ { 0xffff, 0x841f, 0xf7df, 0xb6df, 0xd75f, 0xf7df, 0xe79f, 0xd75f, 0xb4df, 0xf7df, 0xc61f, } },
	{ { 0xffff, 0x801f, 0xfbff, 0x801f, 0xbbdf, 0x8a5f, 0xb39f, 0x8adf, 0xb35f, 0xbbdf, 0xbb1f, } },
	{ { 0xf01f, 0xb7df, 0xb01f, 0xdeff, 0xf01f, 0x16df, 0xd01f, 0xdeff, 0xd01f, 0xdeff, 0x201f, } },
	{ { 0xc03f, 0xfbff, 0x801f, 0xbbdf, 0x8a5f, 0xffff, 0xc03f, 0xffff, 0x801f, 0xef3f, 0x80df, } },
	{ { 0xffff, 0x81df, 0xbdbf, 0x817f, 0xefdf, 0x81bf, 0x817f, 0xbdef, 0xc3df, 0xadbf, 0x6d7f, } },
	{ { 0xdbdf, 0xed3f, 0x801f, 0xbbdf, 0xfbff, 0x801f, 0xf1ff, 0xf2ff, 0xeb7f, 0x9b9f, 0xfbff, } },
	{ { 0xf1ff, 0xfeff, 0xc3ff, 0xfddf, 0xfdbf, 0x857f, 0xf4ff, 0xed7f, 0xdd7f, 0xb5bf, 0xfbdf, } },
	{ { 0x7eff, 0xa01f, 0xdbff, 0x761f, 0xa5df, 0xd55f, 0xf3bf, 0xd6bf, 0xd77f, 0xb6bf, 0x71df, } },
	{ { 0xff3f, 0xc0ff, 0xf7ff, 0xef3f, 0xf4ff, 0xfbdf, 0xc01f, 0xfddf, 0xedbf, 0xeddf, 0xdddf, } },
	{ { 0xdf7f, 0x001f, 0xdf7f, 0xdb7f, 0xc0ff, 0xdb7f, 0xdb7f, 0x801f, 0xfbff, 0xe4ff, 0x9f1f, } },
	{ { 0xfbff, 0xdbbf, 0xdb7f, 0xf1ff, 0xee7f, 0x9b9f, 0xdbbf, 0xdb7f, 0xb8ff, 0xf6ff, 0x0f0f, } },
	{ { 0x7eff, 0xb83f, 0xaeff, 0x901f, 0x5fff, 0xd01f, 0x97df, 0x581f, 0xd3bf, 0xcabf, 0x31cf, } },
	{ { 0xfeff, 0xb01f, 0xbeff, 0xd01f, 0xf01f, 0x17df, 0xd83f, 0xd95f, 0xd5bf, 0xdddf, 0x200f, } },
	{ { 0xbfff, 0xd01f, 0xedff, 0xb01f, 0xddff, 0xebff, 0xf81f, 0xefdf, 0xefdf, 0xdfdf, 0xb83f, } },
	{ { 0xfbff, 0xc03f, 0xab5f, 0xbadf, 0xa05f, 0xbadf, 0xab5f, 0xfbff, 0x801f, 0xf5ff, 0x8e1f, } },
	{ { 0xddff, 0xdeff, 0xb01f, 0x5eff, 0xdeff, 0xbeff, 0x301f, 0xbeff, 0xbeff, 0xbeff, 0xb01f, } },
	{ { 0xfdff, 0xc01f, 0xbfff, 0xbdff, 0xb6bf, 0xb6df, 0xa7df, 0x97ff, 0x97bf, 0x57bf, 0x787f, } },
	{ { 0xdfff, 0xd01f, 0xd6df, 0x86df, 0xd01f, 0xd6df, 0xc6df, 0x983f, 0xdeff, 0xdeff, 0x9eff, } },
	{ { 0xffff, 0x803f, 0xfbff, 0xfbff, 0xfbff, 0xc07f, 0xfbff, 0xfbff, 0xfbff, 0xfbff, 0x801f, } },
	{ { 0xeeff, 0x001f, 0xeeff, 0x001f, 0xfbff, 0x803f, 0xbbbf, 0x803f, 0xbbbf, 0xc47f, 0x1f1f, } },
	{ { 0xffff, 0x801f, 0xbfdf, 0x801f, 0xbbff, 0xb7bf, 0xa05f, 0xbdff, 0xa01f, 0x7dff, 0x401f, } },
	{ { 0xdeff, 0xd81f, 0x9dbf, 0x881f, 0x8fff, 0x981f, 0x9bdf, 0xdc3f, 0xdadf, 0xd55f, 0xd63f, } },
	{ { 0xddff, 0xc01f, 0xdb7f, 0xb59f, 0x802f, 0x6dbf, 0xa03f, 0xadbf, 0xb07f, 0xbddf, 0xbe1f, } },
	{ { 0x803f, 0xbbbf, 0xa0bf, 0xb9bf, 0xb6bf, 0x803f, 0xffff, 0xedbf, 0xaddf, 0xaf5f, 0x707f, } },
	{ { 0xffff, 0xb01f, 0xd7df, 0xf01f, 0xb7df, 0xd83f, 0xffff, 0xd01f, 0xd55f, 0xd55f, 0xa00f, } },
	{ { 0xffff, 0x801f, 0xfbff, 0xf9ff, 0xfaff, 0xfb7f, 0xfbff, 0xfbff, 0xfbff, 0xfbff, 0xfbff, } },
	{ { 0xebff, 0xebff, 0xebff, 0xdbdf, 0xdb3f, 0xb8ff, 0x5bff, 0xdbff, 0xdbdf, 0xdbdf, 0xdc1f, } },
	{ { 0xdfff, 0xd01f, 0xd7ff, 0xd7ff, 0xb01f, 0x93df, 0x53df, 0xd5bf, 0xd6bf, 0xce7f, 0xc99f, } },
	{ { 0xdfff, 0xc01f, 0xdfbf, 0xb0bf, 0xb6bf, 0x76bf, 0xb6bf, 0xb6bf, 0xb9bf, 0xbfbf, 0xbe3f, } },
	{ { 0xdfff, 0xd01f, 0xdd7f, 0xb01f, 0xb55f, 0x755f, 0xb55f, 0xb55f, 0xb55f, 0xb55f, 0xb01f, } },
	{ { 0xdfff, 0xde1f, 0x02df, 0xdadf, 0xdadf, 0xdadf, 0xdadf, 0xdadf, 0xdadf, 0xbadf, 0x661f, } },
	{ { 0xffff, 0x801f, 0xffbf, 0xc1bf, 0xddbf, 0xddbf, 0xddbf, 0xc1bf, 0xffbf, 0xffbf, 0xfc3f, } },
	{ { 0xfbff, 0x801f, 0xbfdf, 0x803f, 0xf3ff, 0xcddf, 0xf4bf, 0xcd7f, 0xb57f, 0xedbf, 0x99df, } },
	{ { 0xffff, 0x803f, 0xbbbf, 0x803f, 0xbbbf, 0xc07f, 0xfbff, 0x001f, 0xeaff, 0xdb3f, 0x3bcf, } },
	{ { 0xfeff, 0x82ff, 0xf61f, 0x955f, 0x955f, 0xf73f, 0x037f, 0xdb3f, 0xaabf, 0xdabf, 0xf5df, } },
	{ { 0xfbff, 0xfbff, 0xdbdf, 0xdbdf, 0xdbbf, 0xbb7f, 0xf9ff, 0xf5ff, 0xf6ff, 0xcf7f, 0x3f9f, } },
	{ { 0xeeff, 0x801f, 0xeeff, 0xedff, 0xeddf, 0xddbf, 0xbc7f, 0xddff, 0xdddf, 0xdddf, 0xde1f, } },
	{ { 0xeeff, 0x001f, 0xeeff, 0x801f, 0xdfbf, 0xa0bf, 0x6ebf, 0xaebf, 0xa0bf, 0xbfbf, 0xbe3f, } },
	{ { 0x081f, 0xdeff, 0xd81f, 0xdbdf, 0xd81f, 0xdbdf, 0xd81f, 0xdbdf, 0xd81f, 0x5dbf, 0xbbdf, } },
	{ { 0xffff, 0x703f, 0xb7bf, 0xb43f, 0xf5bf, 0x201f, 0xa85f, 0xab5f, 0xa85f, 0xafdf, 0x400f, } },
	{ { 0xfbbf, 0xe6bf, 0x8edf, 0xeeff, 0x801f, 0xeeff, 0xe6df, 0x8ebf, 0xee7f, 0xee5f, 0x899f, } },
	{ { 0xffff, 0xc01f, 0xef7f, 0xef7f, 0xef7f, 0x801f, 0xfe7f, 0xfd7f, 0xfb7f, 0xe77f, 0x9c7f, } },
	{ { 0xef7f, 0x801f, 0xef7f, 0x801f, 0xef7f, 0xef7f, 0x801f, 0xfd7f, 0xfb7f, 0xe77f, 0x9c7f, } },
	{ { 0xf9ff, 0xf6ff, 0xef7f, 0xdfbf, 0xa0df, 0xffff, 0x801f, 0xf7ff, 0xef7f, 0xdf3f, 0x80df, } },
	{ { 0xc61f, 0xb75f, 0x6f5f, 0x829f, 0xabff, 0x82bf, 0xaa0f, 0xaabf, 0x800f, 0xbbbf, 0x73bf, } },
	{ { 0xffff, 0x801f, 0xbfdf, 0xa05f, 0xaf5f, 0xaf5f, 0xaf5f, 0xaf5f, 0xa05f, 0xbfdf, 0x801f, } },
	{ { 0xbeff, 0xb01f, 0xbeff, 0x101f, 0xb6df, 0xb01f, 0xbeff, 0xb01f, 0x9abf, 0x777f, 0xe99f, } },
	{ { 0xbeff, 0xbeff, 0x303f, 0x2ebf, 0x2ebf, 0x3ebf, 0x201f, 0xbeff, 0xbd7f, 0xbd7f, 0xb39f, } },
	{ { 0xbfff, 0xb01f, 0x3bbf, 0x2d7f, 0x2eff, 0x3d7f, 0x339f, 0xbeff, 0xb01f, 0xbeff, 0xb01f, } },
	{ { 0xbeff, 0xb01f, 0x3eff, 0x101f, 0x16df, 0x301f, 0x3eff, 0xb01f, 0xbabf, 0xb77f, 0xa99f, } },
	{ { 0xfdff, 0x85ff, 0xf41f, 0xf5df, 0x85df, 0xbadf, 0xbebf, 0xbebf, 0xb77f, 0x8ebf, 0xf9cf, } },
	{ { 0xdf5f, 0xdf5f, 0x103f, 0xdf7f, 0xd57f, 0x957f, 0x907f, 0x555f, 0xd5bf, 0xdf3f, 0xdcdf, } },
	{ { 0x77ff, 0xb01f, 0xefff, 0x783f, 0xbabf, 0xfabf, 0xe01f, 0xbabf, 0xbabf, 0xb01f, 0x7f3f, } },
	{ { 0xffff, 0x801f, 0xbdff, 0xbdff, 0xaddf, 0xaddf, 0xadbf, 0xbcff, 0xbaff, 0x777f, 0x4f9f, } },
	{ { 0xffff, 0x801f, 0xbbdf, 0x801f, 0xbbdf, 0xc03f, 0xe67f, 0xd69f, 0x36ef, 0xeeff, 0x9eff, } },
	{ { 0xbdff, 0xbd9f, 0x847f, 0xbddf, 0xc21f, 0xefff, 0xc03f, 0xdfbf, 0xc03f, 0xdfbf, 0xc03f, } },
	{ { 0xdfff, 0xbe7f, 0x6dbf, 0x9bdf, 0xb42f, 0x4fff, 0x101f, 0xddff, 0x4dbf, 0x5b9f, 0xd85f, } },
	{ { 0xffff, 0x841f, 0x841f, 0xb5df, 0x8c1f, 0xbfdf, 0xa05f, 0xb6df, 0xa05f, 0xb6df, 0xae9f, } },
	{ { 0x8b7f, 0xab5f, 0xa83f, 0x9b7f, 0xad9f, 0xabff, 0xa81f, 0x8bdf, 0xb81f, 0xbbdf, 0xb81f, } },
	{ { 0xffff, 0x801f, 0xbfdf, 0x801f, 0xbfdf, 0x801f, 0xbfdf, 0x801f, 0xffff, 0xef7f, 0x9f9f, } },
	{ { 0xff7f, 0xc37f, 0xdb7f, 0xdb7f, 0xdb7f, 0xab3f, 0xf75f, 0xf77f, 0xef7f, 0xdf7f, 0xbf7f, } },
	{ { 0xfbff, 0x801f, 0xbbdf, 0x801f, 0xc03f, 0xfbff, 0x801f, 0xffff, 0xc03f, 0xdfbf, 0xc03f, } },
	{ { 0xdfff, 0xdb1f, 0xa1ff, 0x7bff, 0xdb0f, 0xa1bf, 0x7bbf, 0xa1bf, 0xbbbf, 0xbabf, 0xa1bf, } },
	{ { 0xbeff, 0xbeff, 0xb01f, 0x17ff, 0xb6ff, 0xb6ff, 0x95ff, 0x35bf, 0xb5bf, 0xab1f, 0x28df, } },
	{ { 0xdfff, 0xdc3f, 0x1bbf, 0xd5bf, 0xde7f, 0x8dbf, 0x83cf, 0x581f, 0xdbdf, 0xdbdf, 0xd81f, } },
	{ { 0x541f, 0xdf7f, 0x041f, 0xdddf, 0x541f, 0xfddf, 0xdc1f, 0x05df, 0xdc1f, 0xaedf, 0x75df, } },
	{ { 0x7b7f, 0xb01f, 0xaeff, 0x901f, 0x501f, 0xd01f, 0x9fff, 0x501f, 0xdbbf, 0xdc7f, 0x311f, } },
	{ { 0xfeff, 0x081f, 0xb7df, 0xb55f, 0xb83f, 0x837f, 0x281f, 0x2b7f, 0xa81f, 0xab7f, 0x881f, } },
	{ { 0xdbdf, 0xed3f, 0x801f, 0xbfdf, 0x801f, 0xc03f, 0xdfbf, 0xc03f, 0xc03f, 0xf6df, 0x8e1f, } },
	{ { 0xffff, 0xc0ff, 0xbdff, 0xc01f, 0xbddf, 0x801f, 0xbddf, 0xbddf, 0x801f, 0xbfdf, 0xbe1f, } },
	{ { 0xdbdf, 0xed3f, 0x801f, 0xbfdf, 0xa05f, 0xfeff, 0xfdff, 0x801f, 0xfdff, 0xfdff, 0xe1ff, } },
	{ { 0xfbff, 0xb0df, 0xcebf, 0xf0ff, 0xcebf, 0xb0df, 0xfbff, 0x801f, 0xeaff, 0xeb7f, 0x9b9f, } },
	{ { 0xefdf, 0x015f, 0x6d5f, 0x015f, 0x835f, 0xef5f, 0x015f, 0xff5f, 0x83df, 0xbbdf, 0x831f, } },
	{ { 0x7fff, 0xb01f, 0xdeff, 0x7eff, 0xb01f, 0xdeff, 0xf01f, 0xd7df, 0xd7df, 0xb7df, 0x701f, } },
	{ { 0xfbff, 0x809f, 0xb6df, 0xb6df, 0xb0df, 0xb6df, 0x909f, 0xf6ff, 0xf6ff, 0xeedf, 0x9e1f, } },
	{ { 0xdeff, 0x041f, 0xddff, 0x87ff, 0x741f, 0x07bf, 0x777f, 0x8eff, 0xdddf, 0x05df, 0xde1f, } },
	{ { 0xfbff, 0x001f, 0x6edf, 0x405f, 0xc07f, 0xeeff, 0x801f, 0xeb7f, 0xddbf, 0x33df, 0xfc7f, } },
	{ { 0xfbff, 0x801f, 0xbfdf, 0xa05f, 0xffff, 0x801f, 0xf6ff, 0xf6ff, 0xf6df, 0xeedf, 0x9f1f, } },
	{ { 0xfdbf, 0xfddf, 0x801f, 0xbdff, 0xa2bf, 0x9b7f, 0xa29f, 0xbfff, 0x55bf, 0x575f, 0x707f, } },
	{ { 0xbfff, 0xb87f, 0xb6ff, 0x181f, 0xb4df, 0xb31f, 0x96df, 0x201f, 0xbeff, 0xbd7f, 0x239f, } },
	{ { 0xdfbf, 0xdfbf, 0x801f, 0xdfbf, 0xdfbf, 0xdfbf, 0xc03f, 0xdfbf, 0xdfbf, 0xdfbf, 0xc03f, } },
	{ { 0xfe7f, 0xc1ff, 0x803f, 0xf7ff, 0x801f, 0xcfff, 0xa07f, 0x5fbf, 0xc03f, 0xdfbf, 0xc03f, } },
	{ { 0xbeff, 0x820f, 0x6d7f, 0x861f, 0x861f, 0xb6df, 0x8f1f, 0xb0df, 0xa05f, 0xaf5f, 0xb05f, } },
	{ { 0xffff, 0x841f, 0x841f, 0xb5df, 0x8e1f, 0xb0df, 0xaf5f, 0xa05f, 0xaf5f, 0xa0df, 0xbf9f, } },
	{ { 0xffff, 0x841f, 0x841f, 0xb5df, 0x8e1f, 0xb6df, 0xa05f, 0xbddf, 0xa05f, 0xb6df, 0xaf1f, } },
	{ { 0xef7f, 0xc81f, 0xb3df, 0x5c1f, 0x85bf, 0xb43f, 0x85ff, 0xbc1f, 0xaddf, 0xa5df, 0x941f, } },
	{ { 0xfbff, 0xbbdf, 0xc03f, 0xffff, 0x801f, 0xbfff, 0xa03f, 0xbdff, 0x801f, 0x7dff, 0x7dff, } },
	{ { 0xfbff, 0xbbdf, 0xbbdf, 0xc03f, 0xffff, 0x801f, 0xefff, 0xc01f, 0xafdf, 0xefdf, 0xe01f, } },
	{ { 0xffff, 0x821f, 0xaf7f, 0x821f, 0x82df, 0x9a1f, 0x821f, 0xb6df, 0xa21f, 0x92bf, 0xb5df, } },
	{ { 0xf07f, 0xef7f, 0x9eff, 0xe01f, 0xdfff, 0xd03f, 0xd7bf, 0xd7bf, 0xd63f, 0xb7df, 0xb81f, } },
	{ { 0xfbff, 0x801f, 0xc03f, 0xc03f, 0xdfbf, 0xc03f, 0xef7f, 0x801f, 0xc03f, 0xdfbf, 0xc03f, } },
	{ { 0xffff, 0x841f, 0xb5df, 0x841f, 0xfbff, 0x801f, 0xef7f, 0x9f9f, 0xc43f, 0xb5df, 0x841f, } },
	{ { 0xfbff, 0x801f, 0xf9ff, 0xe6ff, 0x9f1f, 0x801f, 0xffbf, 0x81bf, 0xbdbf, 0xc3bf, 0xfe3f, } },
	{ { 0xdbff, 0x801f, 0xdadf, 0xc2df, 0xda1f, 0xc2df, 0xdadf, 0x801f, 0xd6df, 0xdadf, 0xb99f, } },
	{ { 0xdadf, 0xd6bf, 0x1adf, 0xd6bf, 0xd29f, 0x9eff, 0x901f, 0x5abf, 0xdabf, 0xdb7f, 0xd49f, } },
	{ { 0xffff, 0xd03f, 0x583f, 0x5fbf, 0x503f, 0x5eff, 0xd01f, 0xd6df, 0xb83f, 0xbabf, 0x7eff, } },
	{ { 0xdfff, 0xc03f, 0xdfff, 0xa07f, 0xffff, 0xc07f, 0xfebf, 0xedbf, 0xf3bf, 0xedbf, 0x9fdf, } },
	{ { 0xffff, 0xec3f, 0x87df, 0xffdf, 0x87df, 0x843f, 0xfdff, 0x85df, 0xb5df, 0xb5df, 0xce3f, } },
	{ { 0xfbff, 0xc07f, 0xc07f, 0xfbff, 0x001f, 0xffff, 0xc07f, 0xdf7f, 0xc07f, 0xc07f, 0x9f3f, } },
	{ { 0xefff, 0xec1f, 0x83df, 0xefdf, 0x821f, 0xedff, 0xadff, 0xa1df, 0xae1f, 0x4fff, 0x700f, } },
	{ { 0xd01f, 0x56df, 0x583f, 0xdabf, 0x083f, 0xaabf, 0xa83f, 0xaeff, 0xa81f, 0x76ff, 0x7eff, } },
	{ { 0xffff, 0xc03f, 0xdfbf, 0xc03f, 0xffff, 0x801f, 0xf7ff, 0xe07f, 0xffbf, 0xffbf, 0xf07f, } },
	{ { 0xdeff, 0xdeff, 0xd81f, 0x8eff, 0xdeff, 0xd81f, 0xcbdf, 0x9ddf, 0xdebf, 0xde7f, 0x999f, } },
	{ { 0xbfff, 0x841f, 0xbebf, 0x877f, 0xbc1f, 0x875f, 0x6d7f, 0x851f, 0xed7f, 0xd47f, 0x399f, } },
	{ { 0xef7f, 0x801f, 0xef7f, 0xe07f, 0xef7f, 0x801f, 0xef7f, 0x9b9f, 0xe07f, 0xfbff, 0x801f, } },
	{ { 0xdbbf, 0x881f, 0xf81f, 0x8eff, 0xf81f, 0x8d7f, 0xf95f, 0x841f, 0xad5f, 0xa9bf, 0x8d5f, } },
	{ { 0xfbff, 0x801f, 0xbfdf, 0xa05f, 0x96ff, 0xf9ff, 0xc63f, 0xa05f, 0xdfbf, 0xdfbf, 0xc03f, } },
	{ { 0xffff, 0xe07f, 0xef7f, 0xdf7f, 0xbeff, 0xfeff, 0xfdff, 0xf9ff, 0xf6ff, 0xef7f, 0x9f9f, } },
	{ { 0xdeff, 0xdeff, 0xd01f, 0xbc7f, 0xbc7f, 0x7c7f, 0xbabf, 0xbabf, 0xb6df, 0xb6df, 0xbeff, } },
	{ { 0xffff, 0xe07f, 0x9eff, 0xc03f, 0xe03f, 0xffbf, 0xc03f, 0xedbf, 0xaddf, 0xaf5f, 0x707f, } },
	{ { 0xe6ff, 0xeaff, 0x821f, 0xedbf, 0xaabf, 0xc6bf, 0xeebf, 0xc77f, 0xab7f, 0xeebf, 0xcdcf, } },
	{ { 0xfa7f, 0xfbbf, 0x801f, 0xfbff, 0xdb9f, 0xe97f, 0xf2ff, 0xeb7f, 0xdbbf, 0xbbdf, 0xe3df, } },
	{ { 0x7eff, 0xbeff, 0xd01f, 0x7bbf, 0xbbbf, 0xdbbf, 0xfbbf, 0xdd7f, 0xdd7f, 0xbd7f, 0x601f, } },
	{ { 0xfbff, 0x801f, 0xb5df, 0xad9f, 0xdc7f, 0xf7ff, 0x807f, 0xf77f, 0xf75f, 0xef5f, 0x9f1f, } },
	{ { 0xfbff, 0xfbff, 0x801f, 0xfbff, 0xfbff, 0x801f, 0xf7ff, 0xf6ff, 0xef7f, 0xdf3f, 0x80df, } },
	{ { 0xffff, 0x801f, 0xbfdf, 0x803f, 0xbdff, 0xa01f, 0xbdff, 0xb03f, 0xafdf, 0x6fdf, 0x601f, } },
	{ { 0xffff, 0x801f, 0xbfff, 0xbfff, 0x803f, 0xbfbf, 0xbfbf, 0x803f, 0xbfff, 0xbfff, 0x801f, } },
	{ { 0xedff, 0xedff, 0x841f, 0xfd7f, 0x877f, 0x877f, 0xf81f, 0x877f, 0xb77f, 0xb77f, 0x877f, } },
	{ { 0xffff, 0x841f, 0xb5ff, 0xb5ff, 0x841f, 0xeddf, 0xaddf, 0xa01f, 0xadff, 0xadff, 0x841f, } },
	{ { 0xffff, 0xe0ff, 0xddff, 0xa07f, 0xdbbf, 0xc03f, 0xdbbf, 0xdbbf, 0xe07f, 0xd5bf, 0xb6df, } },
	{ { 0xdb7f, 0xdb7f, 0xdb7f, 0xb01f, 0xbb7f, 0x7b7f, 0xbb7f, 0xa01f, 0xbb7f, 0xbb7f, 0xb79f, } },
	{ { 0xdfff, 0x040f, 0xff7f, 0x841f, 0xfedf, 0x840f, 0xffff, 0x861f, 0xb6df, 0xb6df, 0x861f, } },
	{ { 0xeeff, 0xeeff, 0x803f, 0xeeff, 0xeeff, 0xeeff, 0x001f, 0xffff, 0xeeff, 0xdf7f, 0xbf9f, } },
	{ { 0xde1f, 0x02df, 0xbe1f, 0xbedf, 0xc21f, 0xfddf, 0x803f, 0xfbff, 0xc07f, 0xfbff, 0x001f, } },
	{ { 0xbdff, 0xb01f, 0xbddf, 0x0b3f, 0xbfff, 0xb77f, 0xa01f, 0xb55f, 0xb55f, 0xb55f, 0xaa9f, } },
	{ { 0xfeff, 0xd83f, 0xdd7f, 0x801f, 0xdfff, 0xd81f, 0xd81f, 0xdbdf, 0xc83f, 0xbd5f, 0xf31f, } },
	{ { 0xfeff, 0x8dbf, 0xebbf, 0xe05f, 0x9eff, 0xb01f, 0x86df, 0xe01f, 0xeeff, 0xde9f, 0xb05f, } },
	{ { 0xffff, 0x883f, 0xdbbf, 0xdabf, 0xd39f, 0x8b9f, 0xffff, 0xd5bf, 0xd5df, 0xb75f, 0xb87f, } },
	{ { 0xddff, 0xd5ff, 0x841f, 0xcdbf, 0x03bf, 0xddbf, 0x857f, 0x6e7f, 0x877f, 0xeebf, 0xc9df, } },
	{ { 0xde3f, 0xdd7f, 0x121f, 0xdbbf, 0xd45f, 0x9c6f, 0x881f, 0x57df, 0xd45f, 0xd45f, 0xd71f, } },
	{ { 0xdfff, 0xd11f, 0xb55f, 0xa15f, 0xd53f, 0xd15f, 0xb75f, 0xa55f, 0xd51f, 0xd17f, 0xbf7f, } },
	{ { 0xdf7f, 0xac1f, 0x76bf, 0x081f, 0xdfff, 0x081f, 0xd81f, 0x5bdf, 0x8c3f, 0xdd5f, 0x0b1f, } },
	{ { 0x803f, 0xbfbf, 0x803f, 0xbfff, 0x801f, 0xbfdf, 0xa05f, 0xaf5f, 0xaf5f, 0xa05f, 0x7f1f, } },
	{ { 0xdfff, 0xd01f, 0x0dff, 0xdeff, 0xd21f, 0x92df, 0x92bf, 0x52bf, 0xd25f, 0xdeff, 0xd01f, } },
	{ { 0xffff, 0x803f, 0xfbff, 0xfbff, 0xfbff, 0xc03f, 0xfbff, 0xfb7f, 0xfbbf, 0x801f, 0xffff, } },
	{ { 0xef7f, 0x041f, 0xce3f, 0xa55f, 0x6b5f, 0xffff, 0xc03f, 0x801f, 0xed7f, 0xddbf, 0xb9df, } },
	{ { 0xffff, 0xb81f, 0xdbff, 0xdbff, 0xf81f, 0x1b7f, 0xdb7f, 0xd77f, 0xd77f, 0xdf7f, 0x201f, } },
	{ { 0xf9ff, 0xf6ff, 0xef7f, 0xc03f, 0x3bcf, 0xfbff, 0x801f, 0xdbbf, 0xeb7f, 0xeb7f, 0x801f, } },
	{ { 0xd81f, 0xabdf, 0x701f, 0x0bdf, 0xd81f, 0x09ff, 0xd9df, 0x5abf, 0x8a7f, 0xdb7f, 0x099f, } },
	{ { 0xffff, 0x801f, 0xbfbf, 0xafbf, 0xb77f, 0xbaff, 0xbdff, 0xbaff, 0xb77f, 0x8fff, 0x801f, } },
	{ { 0xef7f, 0x801f, 0xef7f, 0xfbff, 0x801f, 0xfbff, 0xfbff, 0xc03f, 0xdfbf, 0xdfbf, 0xc03f, } },
	{ { 0xffff, 0x803f, 0xbfbf, 0x803f, 0xbfbf, 0x803f, 0x803f, 0xffff, 0x001f, 0xee7f, 0x9fbf, } },
	{ { 0xfbff, 0xfbff, 0x801f, 0xb5df, 0xedbf, 0xde3f, 0xffff, 0xc03f, 0xfbff, 0xfbff, 0x801f, } },
	{ { 0xffff, 0xafff, 0xaedf, 0x82df, 0x6edf, 0x82df, 0xeedf, 0x86df, 0xaadf, 0xabdf, 0xab3f, } },
	{ { 0xbfff, 0xb01f, 0xb7df, 0x101f, 0xb77f, 0xb55f, 0x955f, 0x361f, 0xab7f, 0xab5f, 0x2c1f, } },
	{ { 0xffff, 0xc03f, 0xf7bf, 0x801f, 0xf7bf, 0xc03f, 0xefff, 0xc01f, 0xafdf, 0x6fdf, 0xe01f, } },
	{ { 0xeddf, 0xed5f, 0x855f, 0xfd5f, 0x855f, 0x855f, 0xfd5f, 0x855f, 0xb55f, 0xb5df, 0xcbdf, } },
	{ { 0xdf9f, 0xc07f, 0xdbff, 0xb77f, 0xbaff, 0x7dbf, 0xa05f, 0xbdff, 0xb57f, 0xb5bf, 0xaddf, } },
	{ { 0xffdf, 0x82df, 0xd6df, 0x82df, 0xd6df, 0xd7df, 0xb71f, 0xfbff, 0xc03f, 0xfbff, 0x801f, } },
	{ { 0xffdf, 0x81bf, 0xd77f, 0xd4ff, 0xd7df, 0x81bf, 0xd67f, 0xd7df, 0xd7bf, 0xb77f, 0xb4ff, } },
	{ { 0xfbff, 0x001f, 0xfbff, 0x803f, 0xbbbf, 0x803f, 0xc07f, 0xfdbf, 0xaedf, 0x6fdf, 0x703f, } },
	{ { 0xb01f, 0xb01f, 0xb7df, 0x101f, 0xbbff, 0xb81f, 0x93df, 0x28df, 0xbbdf, 0xb85f, 0x3f3f, } },
	{ { 0xffff, 0xd81f, 0xbdbf, 0x6e7f, 0x9e7f, 0xb89f, 0x4eff, 0x981f, 0x8eff, 0x56ff, 0x581f, } },
	{ { 0xdf7f, 0xdf7f, 0x0f7f, 0xff7f, 0x080f, 0x0f7f, 0xff7f, 0x0f7f, 0x6f7f, 0x6f7f, 0x9f7f, } },
	{ { 0xaeff, 0x021f, 0xacbf, 0x077f, 0x949f, 0xcbff, 0x001f, 0xffff, 0xc07f, 0xdf7f, 0xc07f, } },
	{ { 0xc77f, 0x3c1f, 0xd5df, 0x541f, 0xbdff, 0x041f, 0xddff, 0x021f, 0xdfdf, 0xa85f, 0x779f, } },
	{ { 0xef7f, 0x801f, 0xef7f, 0xffff, 0xc03f, 0xffff, 0x801f, 0xf7ff, 0xef7f, 0xdfbf, 0x805f, } },
	{ { 0x843f, 0xdd9f, 0x87ff, 0x841f, 0xdf3f, 0x045f, 0xf1ff, 0xe07f, 0xfbff, 0x801f, 0xf3ff, } },
	{ { 0xb77f, 0xc37f, 0xe21f, 0xa9df, 0xc3df, 0xf6df, 0xc2bf, 0xd73f, 0xb33f, 0xab5f, 0xa2df, } },
	{ { 0x7dff, 0xbdff, 0xd03f, 0x7dbf, 0xbdbf, 0xddbf, 0xf01f, 0xdcff, 0xdaff, 0xbb7f, 0x679f, } },
	{ { 0xfbff, 0xfbff, 0x801f, 0xbfdf, 0xb6df, 0xf6ff, 0xf6ff, 0xef7f, 0xef7f, 0xdfbf, 0xbfdf, } },
	{ { 0xdf7f, 0xbf7f, 0x6c1f, 0x9f7f, 0xac1f, 0x47ff, 0x9c1f, 0x8ddf, 0x55df, 0x5ddf, 0xdc1f, } },
	{ { 0xfbff, 0xf7ff, 0x801f, 0xb6df, 0xb6df, 0xb6df, 0xb6df, 0xb6df, 0xb6df, 0xb6df, 0x000f, } },
	{ { 0xffff, 0xc03f, 0xdfbf, 0xdfbf, 0xc03f, 0xdfbf, 0xdfbf, 0xc03f, 0xdfbf, 0xbfbf, 0xbe3f, } },
	{ { 0xdeff, 0xd6ff, 0xd6ff, 0xb01f, 0xaeff, 0x6eff, 0xbeff, 0xb00f, 0xbeff, 0xbeff, 0xbeff, } },
	{ { 0xdeff, 0xdc1f, 0xa6df, 0xb00f, 0x6edf, 0x2c3f, 0xb6ff, 0xa43f, 0xb01f, 0xb6ff, 0xa80f, } },
	{ { 0xdf7f, 0xeeff, 0x801f, 0xc07f, 0xf5bf, 0x800f, 0xf5bf, 0xc03f, 0xe57f, 0xd5bf, 0xb5cf, } },
	{ { 0xf7df, 0xeb5f, 0xdd5f, 0x815f, 0xf75f, 0x805f, 0xb65f, 0xc15f, 0xf75f, 0xebdf, 0x9f1f, } },
	{ { 0xbbbf, 0xbd7f, 0x001f, 0xa83f, 0xad5f, 0x600f, 0x6d5f, 0x983f, 0xd93f, 0xa55f, 0x6d6f, } },
	{ { 0xfeff, 0x883f, 0xeebf, 0xd01f, 0xbebf, 0x987f, 0xeeff, 0xa83f, 0xd01f, 0xceff, 0xb01f, } },
	{ { 0xb7bf, 0xdb7f, 0x801f, 0xeeff, 0xd07f, 0xbdbf, 0x405f, 0xfdff, 0x801f, 0xfdff, 0xf1ff, } },
	{ { 0xffff, 0x801f, 0xddbf, 0xddbf, 0xbdbf, 0x481f, 0xb5bf, 0xb5bf, 0xb5bf, 0xb5bf, 0xcbbf, } },
	{ { 0xffff, 0x803f, 0xbfbf, 0x803f, 0xbfbf, 0x803f, 0xbfbf, 0xc07f, 0xeedf, 0xdedf, 0x3e1f, } },
	{ { 0x8eff, 0xad7f, 0xabbf, 0x900f, 0x8eff, 0xa01f, 0xa6df, 0xa83f, 0x8e7f, 0xbd7f, 0xb39f, } },
	{ { 0x877f, 0xaebf, 0x85df, 0xa80f, 0x877f, 0xa81f, 0x835f, 0xf43f, 0x067f, 0xf6bf, 0x89cf, } },
	{ { 0xffff, 0xc03f, 0xffff, 0xffff, 0xffff, 0x801f, 0xeeff, 0xeeff, 0xeedf, 0xdedf, 0x3e1f, } },
	{ { 0xffff, 0x801f, 0xbbff, 0xa01f, 0xa01f, 0xafdf, 0xa01f, 0xbdff, 0xb5bf, 0xaddf, 0x59df, } },
	{ { 0xb79f, 0xdb7f, 0x801f, 0xbeff, 0x821f, 0xa2df, 0xaadf, 0xa15f, 0xab5f, 0x43bf, 0x7a5f, } },
	{ { 0xefff, 0xdc1f, 0xbfdf, 0x77df, 0xafdf, 0xcfdf, 0xdfdf, 0xb7df, 0xb7df, 0x62bf, 0x1b3f, } },
	{ { 0x7f5f, 0xbf5f, 0xe03f, 0x6f7f, 0xa05f, 0xef5f, 0xe93f, 0xa9bf, 0xaf7f, 0xaebf, 0x59df, } },
	{ { 0xfc3f, 0x0bdf, 0xd81f, 0xdbdf, 0xd81f, 0x0bdf, 0xd81f, 0xdd7f, 0xcd5f, 0x9b5f, 0x771f, } },
	{ { 0xffff, 0xc03f, 0x801f, 0xffff, 0xc03f, 0xffff, 0xc03f, 0xc03f, 0xbfdf, 0xbfdf, 0xc03f, } },
	{ { 0xffff, 0x881f, 0xabdf, 0xa81f, 0x9bdf, 0xa83f, 0xaadf, 0xaabf, 0x9b7f, 0xbbbf, 0xb0cf, } },
	{ { 0xdfff, 0xc01f, 0xcedf, 0xa81f, 0xaedf, 0x6edf, 0xa95f, 0xab5f, 0xab5f, 0xacdf, 0xb01f, } },
	{ { 0xfbff, 0xfbff, 0x801f, 0xfbff, 0xfbff, 0xfbff, 0xc03f, 0xdfbf, 0xdfbf, 0xdfbf, 0xc03f, } },
	{ { 0xff9f, 0x807f, 0xaedf, 0xaadf, 0xaabf, 0xaeff, 0xa01f, 0xaeff, 0xaeff, 0x9eff, 0xf8ff, } },
	{ { 0xffdf, 0x183f, 0xdabf, 0xdabf, 0xbabf, 0xcabf, 0x9abf, 0x56bf, 0xd6df, 0xd65f, 0x319f, } },
	{ { 0xffff, 0x803f, 0xffbf, 0xffbf, 0xffbf, 0x807f, 0xbfff, 0xbfff, 0xbfdf, 0xbfdf, 0xc03f, } },
	{ { 0xbfff, 0xd61f, 0xe2df, 0xb6df, 0xd61f, 0xe2df, 0xeadf, 0xca1f, 0xcadf, 0xaadf, 0xa29f, } },
	{ { 0xfdff, 0x800f, 0xb76f, 0xef7f, 0xd99f, 0xe67f, 0x9f8f, 0xc01f, 0xdfdf, 0xdfdf, 0xc01f, } },
	{ { 0xdfff, 0xdfff, 0xc01f, 0xbdff, 0xbdff, 0xfdff, 0x800f, 0xfdff, 0xfdff, 0xfdff, 0xfdff, } },
	{ { 0x001f, 0xfbff, 0x807f, 0xbbbf, 0x803f, 0xbbbf, 0xc07f, 0xfbff, 0xf7ff, 0xe9ff, 0x1e1f, } },
	{ { 0xfeff, 0xddbf, 0xbb7f, 0xecbf, 0xd99f, 0xb05f, 0x3bff, 0xb83f, 0xb5bf, 0xbe7f, 0xa09f, } },
	{ { 0xd7ff, 0xb01f, 0xeb5f, 0x9b5f, 0xc05f, 0xbb5f, 0xab5f, 0xa85f, 0xab5f, 0xa91f, 0xa37f, } },
	{ { 0xbfff, 0xa03f, 0xbbff, 0x107f, 0x177f, 0x201f, 0x3fff, 0xb03f, 0xafbf, 0xafbf, 0xb07f, } },
	{ { 0xfdbf, 0xd81f, 0x8dbf, 0xf81f, 0x801f, 0xf81f, 0x8fff, 0xf81f, 0x8dbf, 0xae7f, 0x899f, } },
	{ { 0xfbff, 0x801f, 0xf6ff, 0xef7f, 0xdfbf, 0xaf5f, 0xef5f, 0xf6ff, 0xf9ff, 0xf6ff, 0x8f1f, } },
	{ { 0xfbdf, 0xbbdf, 0xdbbf, 0xeb7f, 0xfbff, 0x801f, 0xf5ff, 0xf5ff, 0xeddf, 0xdddf, 0xbc1f, } },
	{ { 0xfeff, 0xfeff, 0xf01f, 0x0edf, 0xdedf, 0xdedf, 0xdddf, 0xdddf, 0xcddf, 0x9bdf, 0x763f, } },
	{ { 0xeeff, 0xeeff, 0x001f, 0xb6df, 0xbadf, 0x76df, 0xb6df, 0xcedf, 0xcddf, 0xb5df, 0x7b3f, } },
	{ { 0xffff, 0x801f, 0xbfdf, 0xbfdf, 0xbfdf, 0xbfdf, 0xbfdf, 0xbfdf, 0xbfdf, 0x801f, 0xffff, } },
	{ { 0xf9ff, 0xe7ff, 0x801f, 0xbfdf, 0xa05f, 0xaf5f, 0xaf5f, 0xaf5f, 0xa05f, 0xbfdf, 0xbf1f, } },
	{ { 0xdfff, 0xdc1f, 0x87bf, 0xd77f, 0xd77f, 0xb01f, 0xafbf, 0xcfbf, 0xefbf, 0xd7bf, 0xbc7f, } },
	{ { 0xffff, 0x803f, 0xfbff, 0xfbff, 0xfbff, 0xfbff, 0xfbff, 0xfbff, 0xfbff, 0x801f, 0xffff, } },
	{ { 0xfdff, 0xfdff, 0x801f, 0xbdff, 0xbdff, 0xbbff, 0xbbff, 0xb77f, 0xb7bf, 0x6f1f, 0x40df, } },
	{ { 0xfdff, 0x801f, 0xbdff, 0xa03f, 0x801f, 0xbdbf, 0xb07f, 0x6cdf, 0x713f, 0x65bf, 0x59cf, } },
	{ { 0xbeff, 0xbeff, 0xb01f, 0x1fff, 0xb83f, 0xbbbf, 0x9bbf, 0x3bbf, 0xbbaf, 0xbbaf, 0x378f, } },
	{ { 0xfdff, 0xfdff, 0x081f, 0xdbbf, 0xdbbf, 0xd7bf, 0xddbf, 0xdebf, 0xcf7f, 0x9ebf, 0x71df, } },
	{ { 0xffff, 0x7eff, 0x06ff, 0x76ff, 0x76ff, 0xf63f, 0xf6df, 0xeeff, 0xeeff, 0xdeff, 0xbeff, } },
	{ { 0xffff, 0x881f, 0xb81f, 0xbb5f, 0x881f, 0xab5f, 0x281f, 0xaf7f, 0xad7f, 0xaeff, 0xd11f, } },
	{ { 0xfbff, 0xc0bf, 0xfb7f, 0xfaff, 0x801f, 0xf7ff, 0xc03f, 0x37ff, 0xf03f, 0xffbf, 0xe07f, } },
	{ { 0xef7f, 0x801f, 0xef7f, 0xfbff, 0x801f, 0xdfff, 0xe03f, 0xdb7f, 0xdb7f, 0xdb5f, 0xbb9f, } },
	{ { 0xffff, 0xd81f, 0xbfff, 0x6fff, 0xe81f, 0xdf7f, 0xbf7f, 0x5f7f, 0xdf7f, 0xdf7f, 0xdc7f, } },
	{ { 0xdfff, 0xa81f, 0x725f, 0x0a5f, 0xd81f, 0x0adf, 0xdadf, 0x5a9f, 0x881f, 0xdbdf, 0x079f, } },
	{ { 0xfbff, 0x801f, 0xe07f, 0xef7f, 0xe07f, 0x801f, 0xbfdf, 0xa05f, 0xaf5f, 0xa05f, 0xbf1f, } },
	{ { 0xfbff, 0xf5ff, 0xeeff, 0xdf3f, 0x204f, 0xffff, 0x801f, 0xbfdf, 0xbfdf, 0xbfdf, 0x801f, } },
	{ { 0xffff, 0xebbf, 0x0b8f, 0xee3f, 0xdfbf, 0xbfbf, 0xbf8f, 0xbe5f, 0xbfdf, 0xdfdf, 0xefdf, } },
	{ { 0xfdff, 0xddff, 0xc01f, 0xddff, 0xbdff, 0x801f, 0xffff, 0xc03f, 0xdfbf, 0xdfbf, 0xc03f, } },
	{ { 0xffff, 0x801f, 0x801f, 0xbbdf, 0x801f, 0xfbff, 0xc03f, 0xfbff, 0x801f, 0xd5bf, 0xb6cf, } },
	{ { 0x7fbf, 0x919f, 0xb1bf, 0x9e1f, 0x51bf, 0xd1bf, 0x9fbf, 0x513f, 0xd51f, 0xd15f, 0x1edf, } },
	{ { 0xc07f, 0xdf7f, 0xd87f, 0x001f, 0x7fdf, 0x405f, 0xdf7f, 0xc07f, 0xc07f, 0xdf7f, 0xdc7f, } },
	{ { 0xf9ff, 0xf6ff, 0xef7f, 0xdfbf, 0x204f, 0xffff, 0x801f, 0xffdf, 0xffbf, 0xff7f, 0xc0ff, } },
	{ { 0xffff, 0x801f, 0xbbdf, 0x801f, 0xb1df, 0xb1df, 0xaadf, 0x9b5f, 0xbb9f, 0xbbdf, 0x801f, } },
	{ { 0xffff, 0x803f, 0xbfbf, 0x803f, 0xbfbf, 0xc07f, 0xbddf, 0x853f, 0xbcdf, 0xbddf, 0x061f, } },
	{ { 0xdfff, 0xd81f, 0xdbdf, 0x081f, 0xdbdf, 0xd83f, 0x9aff, 0x8b5f, 0x5b3f, 0xdabf, 0xd1cf, } },
	{ { 0xffff, 0xa01f, 0xcfdf, 0x601f, 0xafdf, 0xd03f, 0xeedf, 0xa2bf, 0xae5f, 0xaedf, 0x421f, } },
	{ { 0xef7f, 0xf6ff, 0x801f, 0xfbff, 0xc03f, 0x801f, 0xefff, 0xe03f, 0xddff, 0xbdff, 0x601f, } },
	{ { 0xfbff, 0x801f, 0xf1ff, 0xea7f, 0xdb9f, 0x002f, 0xdfbf, 0xc03f, 0xdfbf, 0xc03f, 0x801f, } },
	{ { 0xfeff, 0x8abf, 0xdabf, 0xdadf, 0xbadf, 0x8adf, 0x2ebf, 0xaebf, 0xaf7f, 0xaeff, 0x89ff, } },
	{ { 0xdb6f, 0xad5f, 0x781f, 0x0bdf, 0xd81f, 0x0bdf, 0xd81f, 0x5bdf, 0x881f, 0xddbf, 0x0bcf, } },
	{ { 0xffff, 0x803f, 0xfbff, 0x803f, 0xbbbf, 0x803f, 0xbbbf, 0x001f, 0xbfbf, 0xbfbf, 0xbe3f, } },
	{ { 0xc03f, 0xdfbf, 0xc03f, 0xc03f, 0xffff, 0x801f, 0xd41f, 0xc7df, 0xd6bf, 0x877f, 0xf49f, } },
	{ { 0xff7f, 0xff7f, 0x801f, 0xff7f, 0xff3f, 0xfe7f, 0xf97f, 0xe77f, 0x9f7f, 0xff7f, 0xf8ff, } },
	{ { 0xedbf, 0xdb7f, 0xb6ff, 0xdb7f, 0xedbf, 0xfbdf, 0xdbdf, 0xdbbf, 0xf9ff, 0xf6ff, 0x8f1f, } },
	{ { 0x99ff, 0x961f, 0x8adf, 0x953f, 0xbbbf, 0x96df, 0x983f, 0x901f, 0x9ebf, 0xb6df, 0xacdf, } },
	{ { 0xf7ff, 0xf7ff, 0x801f, 0xefff, 0xeeff, 0xdeff, 0xb01f, 0x5eff, 0xdeff, 0xdeff, 0xd01f, } },
	{ { 0xefbf, 0xefbf, 0x841f, 0xefbf, 0xef3f, 0xc73f, 0xcabf, 0xaebf, 0xadbf, 0xefbf, 0xee3f, } },
	{ { 0xffff, 0x801f, 0xb6df, 0xc03f, 0xf5ff, 0x841f, 0xf5ff, 0x841f, 0xf5ff, 0x041f, 0xedff, } },
	{ { 0xdbff, 0xdbff, 0xd81f, 0xb5ff, 0xb5ff, 0x7c1f, 0xbdff, 0xbdff, 0xbc1f, 0xbdff, 0xbdff, } },
	{ { 0xffff, 0xfbff, 0x1ddf, 0xdedf, 0xdfdf, 0xdfdf, 0x5fdf, 0xbfbf, 0xbfbf, 0x7f7f, 0xfcff, } },
	{ { 0xffff, 0x803f, 0xadbf, 0xadbf, 0xadbf, 0x001f, 0xadbf, 0xadbf, 0xadbf, 0xadbf, 0xad3f, } },
	{ { 0xedff, 0xedff, 0x81ff, 0xedff, 0xcdff, 0xc5ff, 0xc5ff, 0xadff, 0xeddf, 0xeddf, 0xee1f, } },
	{ { 0xf7ff, 0xac7f, 0xcd7f, 0xbd5f, 0xeb9f, 0x87ff, 0xe81f, 0xcfdf, 0xa5bf, 0x6e7f, 0xe89f, } },
	{ { 0xffff, 0x801f, 0xb6df, 0xb6df, 0xb6df, 0xb6df, 0xb6df, 0xb6df, 0xb6df, 0xb6df, 0x000f, } },
	{ { 0xfbff, 0xf77f, 0xe0bf, 0xfbff, 0x801f, 0xddbf, 0xb2cf, 0xedff, 0xc33f, 0xfeff, 0x81ff, } },
	{ { 0xfbff, 0xfbff, 0xbbdf, 0xbbdf, 0xbbdf, 0xbbdf, 0xbbdf, 0xbbdf, 0xbbdf, 0xbbdf, 0x801f, } },
	{ { 0xd6ff, 0x82ff, 0xd61f, 0x82df, 0xfddf, 0x86df, 0x82bf, 0xbb3f, 0x837f, 0xbabf, 0xa5df, } },
	{ { 0xff7f, 0x875f, 0xdc1f, 0xc77f, 0xb41f, 0xb77f, 0x471f, 0xe87f, 0xef5f, 0xde3f, 0x319f, } },
	{ { 0xdeff, 0xdeff, 0xdeff, 0xa01f, 0xbeff, 0x7eff, 0xbeff, 0xbeff, 0xbeff, 0xbeff, 0xb03f, } },
	{ { 0xdeff, 0xd01f, 0xdeff, 0xb01f, 0xb6df, 0x76df, 0xb83f, 0xaeff, 0xb6ff, 0xb9ff, 0xa61f, } },
	{ { 0x801f, 0xbbdf, 0xa0df, 0xbbdf, 0xa0df, 0xbfdf, 0xa0df, 0xaedf, 0xaedf, 0xa0df, 0x7f9f, } },
	{ { 0xfbff, 0xfbff, 0x801f, 0xbbdf, 0xbbdf, 0xbbdf, 0xc03f, 0xbbff, 0xcbff, 0xf1ff, 0x0e0f, } },
	{ { 0xdfff, 0xbc3f, 0x6ddf, 0x5dbf, 0xb57f, 0x741f, 0x05df, 0xddbf, 0x537f, 0x56bf, 0x55df, } },
	{ { 0xdeff, 0xdeff, 0x85bf, 0xd5df, 0xd01f, 0xb7ef, 0xa81f, 0xcbdf, 0xebdf, 0xd3df, 0xbc3f, } },
	{ { 0xbdff, 0xdc1f, 0xe2df, 0xecff, 0xdb3f, 0xb7df, 0x801f, 0xf77f, 0xceff, 0xf1ff, 0x861f, } },
	{ { 0xffff, 0xc03f, 0xff7f, 0xfcff, 0xfbff, 0xfdff, 0x801f, 0xfeff, 0xfeff, 0xfeff, 0xc1ff, } },
	{ { 0xdfff, 0xdc1f, 0x877f, 0xb41f, 0xb55f, 0x8d5f, 0xbd5f, 0x855f, 0xb55f, 0xb55f, 0x8f7f, } },
	{ { 0xfbff, 0xfbff, 0x801f, 0xfbff, 0xfbff, 0xc03f, 0xffff, 0xddbf, 0xd6df, 0xb7df, 0xb83f, } },
	{ { 0xffff, 0x801f, 0xbbdf, 0x801f, 0xbbdf, 0x801f, 0xffff, 0xddbf, 0xd6df, 0xb7df, 0xb83f, } },
	{ { 0xdbff, 0xdb9f, 0xd87f, 0x8bdf, 0xd81f, 0xdfff, 0xc81f, 0x9bdf, 0xd81f, 0xdbdf, 0x981f, } },
	{ { 0xfbff, 0xfbff, 0x801f, 0xfbff, 0xc03f, 0xffbf, 0xdfbf, 0xef7f, 0xf0ff, 0xf4ff, 0x8f1f, } },
	{ { 0xfdff, 0xfdff, 0xfdff, 0xddff, 0xdc1f, 0xddff, 0xddff, 0xddff, 0xddff, 0xddff, 0x801f, } },
	{ { 0xffff, 0x801f, 0xdeff, 0xc2ff, 0xbadf, 0xba3f, 0x56ff, 0xe6ff, 0xeedf, 0xdedf, 0x3e1f, } },
	{ { 0xf6ff, 0x8eff, 0xeeff, 0x86ff, 0xeeff, 0xc6ff, 0xc5bf, 0xadbf, 0x6ddf, 0xeb9f, 0xe85f, } },
	{ { 0xffdf, 0xd83f, 0xbb7f, 0x6b7f, 0x9b7f, 0xb81f, 0x4b7f, 0x937f, 0x8baf, 0x4b9f, 0x58df, } },
	{ { 0xdfff, 0xd81f, 0x8bdf, 0xe81f, 0xdbdf, 0xc81f, 0x8bdf, 0x543f, 0xdd7f, 0xdb6f, 0xd70f, } },
	{ { 0xdf3f, 0xdf5f, 0x081f, 0xff7f, 0x0f7f, 0x087f, 0xfd7f, 0x0d7f, 0x6cbf, 0x69bf, 0x0fdf, } },
	{ { 0xbbff, 0xd81f, 0xf6df, 0xdd7f, 0xb39f, 0xc03f, 0xc03f, 0xdfbf, 0xc03f, 0xef7f, 0x9f9f, } },
	{ { 0xfbff, 0x801f, 0xc07f, 0xbbbf, 0xc07f, 0x803f, 0xfbbf, 0x001f, 0xfbbf, 0xc07f, 0xf3ff, } },
	{ { 0xdfbf, 0xd7bf, 0xd5bf, 0xb5bf, 0xb6bf, 0x77bf, 0xb7bf, 0xb6bf, 0xb5bf, 0xb35f, 0xaccf, } },
	{ { 0xfbff, 0x801f, 0xbfdf, 0xa05f, 0xfeff, 0xf9ff, 0xfdff, 0x801f, 0xfeff, 0xfeff, 0xe1ff, } },
	{ { 0xdeff, 0xd83f, 0x0eff, 0xdeff, 0xd01f, 0xdfbf, 0xc81f, 0x1fbf, 0xddbf, 0xdfbf, 0x9e3f, } },
	{ { 0xfeff, 0x8eff, 0xa81f, 0xaeff, 0xa01f, 0x8fbf, 0xa81f, 0xafbf, 0xadbf, 0x8fbf, 0xfe3f, } },
	{ { 0xfbff, 0xb81f, 0xdbdf, 0xeadf, 0xf6df, 0xfebf, 0xeeff, 0xdd7f, 0xbd7f, 0x7bbf, 0xe7cf, } },
	{ { 0x7dff, 0xbdff, 0xdbbf, 0x77df, 0xa01f, 0xdfff, 0xf01f, 0xd7df, 0xd7df, 0xb7df, 0x701f, } },
	{ { 0xffff, 0xc03f, 0xffff, 0xffff, 0x801f, 0xfb7f, 0xdbbf, 0xdbbf, 0xbbdf, 0xbbdf, 0xf3ff, } },
	{ { 0xffff, 0x801f, 0xdfbf, 0xdfbf, 0xc03f, 0xdfbf, 0xc03f, 0xdfbf, 0xdc1f, 0x83bf, 0xffbf, } },
	{ { 0xfbff, 0xf7ff, 0xc03f, 0xdfbf, 0xdfbf, 0xc03f, 0xdfbf, 0xc03f, 0xdfbf, 0xdfbf, 0xc03f, } },
	{ { 0xbb7f, 0xa05f, 0x155f, 0xf57f, 0x001f, 0x1f7f, 0xf15f, 0x155f, 0x51bf, 0x551f, 0x10df, } },
	{ { 0xdeff, 0x86ff, 0xdc3f, 0x02bf, 0xaebf, 0xacbf, 0x563f, 0xdebf, 0x85af, 0xddaf, 0xdbdf, } },
	{ { 0xddff, 0xddff, 0xc01f, 0xbdff, 0xfdff, 0x801f, 0xfdff, 0xfdff, 0xfaff, 0xe77f, 0x9f9f, } },
	{ { 0xfbff, 0x801f, 0xbfdf, 0xa0df, 0xf77f, 0xef7f, 0xc0bf, 0xfbff, 0xc03f, 0xfbff, 0x801f, } },
	{ { 0x701f, 0xb7df, 0xd01f, 0x77df, 0xb83f, 0xdd7f, 0xf55f, 0xd55f, 0xd55f, 0xb83f, 0x701f, } },
	{ { 0xe73f, 0x9cff, 0xa51f, 0xadbf, 0xc07f, 0xbfbf, 0x803f, 0xbfbf, 0x803f, 0xce7f, 0x9f1f, } },
	{ { 0xfbff, 0x801f, 0xbbdf, 0x801f, 0xfbff, 0xc03f, 0xfbff, 0x801f, 0xf9ff, 0xf67f, 0x8f9f, } },
	{ { 0xefbf, 0xc3bf, 0xbbbf, 0x800f, 0xb9bf, 0x80bf, 0xbabf, 0x033f, 0xebbf, 0xdbbf, 0x223f, } },
	{ { 0xbeff, 0xbd7f, 0xbabf, 0x16df, 0xa82f, 0x9eff, 0xb01f, 0x383f, 0xb7df, 0xb7df, 0x383f, } },
	{ { 0xdeff, 0xdeff, 0x8eff, 0xeeff, 0xd81f, 0xceff, 0x8eff, 0x96ff, 0x5eff, 0xdeff, 0xd00f, } },
	{ { 0xfbff, 0xc0bf, 0xfb7f, 0xfaff, 0x801f, 0xf7ff, 0xe03f, 0x8fbf, 0x603f, 0xefbf, 0xe03f, } },
	{ { 0xbbdf, 0xb1df, 0x160f, 0xf0df, 0x16df, 0x105f, 0xf69f, 0x00df, 0x5adf, 0x56df, 0xa89f, } },
	{ { 0xffff, 0x021f, 0xb6df, 0xb6df, 0x003f, 0xe6df, 0xe6df, 0xd6df, 0xb65f, 0x76bf, 0xc6ff, } },
	{ { 0xdb7f, 0xdb7f, 0xd03f, 0xbb7f, 0xa01f, 0x7fff, 0xb03f, 0xb7bf, 0xb03f, 0xb7bf, 0xb03f, } },
	{ { 0xffff, 0x841f, 0xf7df, 0x8c3f, 0xbdff, 0xc61f, 0xb5df, 0xd6df, 0xc75f, 0xb4df, 0x4e3f, } },
	{ { 0xf7ff, 0xfbff, 0x801f, 0xfbff, 0xfbff, 0xfbff, 0xc03f, 0xfbff, 0xfbff, 0xfbff, 0x801f, } },
	{ { 0xffff, 0x021f, 0xb7df, 0x87df, 0xb6df, 0xb6df, 0x86df, 0xb6bf, 0xb73f, 0x86bf, 0x75df, } },
	{ { 0xfbff, 0x801f, 0xbfdf, 0xbf5f, 0xff7f, 0x801f, 0xff7f, 0xef7f, 0xf77f, 0xff7f, 0xf87f, } },
	{ { 0xff9f, 0xc07f, 0xfdff, 0x803f, 0xfdff, 0xfdff, 0x001f, 0xfdff, 0xfdff, 0xfdff, 0xf1ff, } },
	{ { 0xef9f, 0x987f, 0xd01f, 0x0eff, 0xd81f, 0x881f, 0x8adf, 0x581f, 0xdeff, 0xd83f, 0xd01f, } },
	{ { 0xbfff, 0xd01f, 0xed7f, 0xb01f, 0xd55f, 0xe55f, 0xf31f, 0xd7df, 0xd01f, 0xd7df, 0xb01f, } },
	{ { 0xff1f, 0x80ff, 0xdbbf, 0xeb7f, 0x801f, 0xbfdf, 0xa05f, 0xef7f, 0xf6ff, 0xf9ff, 0x861f, } },
	{ { 0xfbff, 0x801f, 0xf7ff, 0x801f, 0xf7ff, 0x801f, 0xef7f, 0x801f, 0xd77f, 0xbb7f, 0xfc7f, } },
	{ { 0xbf9f, 0xb07f, 0xb5bf, 0x1abf, 0xb01f, 0xb7df, 0x901f, 0x3bbf, 0xbd7f, 0xbeff, 0x311f, } },
	{ { 0xfdff, 0xfcff, 0xfc7f, 0x803f, 0x801f, 0x800f, 0x801f, 0x803f, 0xfc7f, 0xfcff, 0xfdff, } },
	{ { 0xddff, 0xdc1f, 0xdbbf, 0xaa7f, 0xadbf, 0x635f, 0xacff, 0xab3f, 0xacdf, 0xab3f, 0xb0ff, } },
	{ { 0xdfff, 0xbe3f, 0x6dbf, 0x9abf, 0xaf7f, 0x76bf, 0x01df, 0xdeff, 0x573f, 0x54ff, 0x573f, } },
	{ { 0xfbff, 0xc07f, 0xbfbf, 0x803f, 0xbfbf, 0x803f, 0xc07f, 0xfbff, 0x801f, 0xf6ff, 0x0f0f, } },
	{ { 0xfbff, 0xc03f, 0xd6bf, 0x001f, 0xf1ff, 0xcbbf, 0xf57f, 0xecff, 0x94ff, 0xed7f, 0x939f, } },
	{ { 0xddff, 0x8c1f, 0x27df, 0x8c3f, 0xaddf, 0x8c3f, 0xaddf, 0xfa3f, 0x80df, 0xef3f, 0x049f, } },
	{ { 0xedff, 0xc01f, 0xadff, 0xe01f, 0xedff, 0xe01f, 0xfdff, 0x801f, 0xf57f, 0xedbf, 0x9ddf, } },
	{ { 0xddff, 0xdeff, 0xd01f, 0xbeff, 0xbeff, 0x7eff, 0xb01f, 0xbeff, 0xbeff, 0xbeff, 0xa01f, } },
	{ { 0xfbff, 0xfbff, 0x801f, 0xef7f, 0xdfbf, 0x805f, 0xf5ff, 0xf5ff, 0xeddf, 0xeddf, 0x9e1f, } },
	{ { 0xdbbf, 0xdbbf, 0xbd7f, 0x501f, 0xdeff, 0xb6ff, 0x761f, 0xb6ff, 0xb6ff, 0xaaff, 0xac0f, } },
	{ { 0x5d7f, 0xab5f, 0xf77f, 0x821f, 0xab7f, 0x837f, 0xff3f, 0x013f, 0x82bf, 0xbabf, 0x81df, } },
	{ { 0xff1f, 0x80ff, 0x801f, 0xfbff, 0x801f, 0x801f, 0xbbdf, 0xc03f, 0xfbff, 0xc03f, 0x801f, } },
	{ { 0xef7f, 0xd77f, 0xb80f, 0x86bf, 0xeddf, 0x841f, 0xeebf, 0xaebf, 0xc6af, 0xeeaf, 0x85df, } },
	{ { 0xdfff, 0xd81f, 0x0bdf, 0xebdf, 0xdbdf, 0xd83f, 0x8d7f, 0x8d7f, 0x5d5f, 0xdb5f, 0xd71f, } },
	{ { 0xdeff, 0xb81f, 0x6bdf, 0x9c1f, 0xbd7f, 0x6a1f, 0x96df, 0x8adf, 0x4a1f, 0x5adf, 0xda1f, } },
	{ { 0xeeff, 0x803f, 0xc6bf, 0xc6bf, 0xecbf, 0x861f, 0xee9f, 0xcddf, 0xefff, 0xb6df, 0xb6df, } },
	{ { 0xfbff, 0xfbff, 0xbbdf, 0xbbdf, 0xbbdf, 0x801f, 0xfbff, 0xbbdf, 0xbbdf, 0xbbdf, 0x801f, } },
	{ { 0xdbff, 0xda9f, 0xbbff, 0x50ff, 0xdb0f, 0xa9bf, 0x6abf, 0xaabf, 0xaabf, 0xbbbf, 0xbb3f, } },
	{ { 0xffdf, 0x903f, 0x9abf, 0x901f, 0x8fdf, 0x899f, 0x943f, 0x90bf, 0x9c1f, 0x9bbf, 0x97bf, } },
	{ { 0xbb7f, 0xd01f, 0xa6ff, 0xd01f, 0xf6ff, 0xd01f, 0xbfff, 0xfbff, 0x801f, 0xfbff, 0xfbff, } },
	{ { 0xdfff, 0xd81f, 0x0ddf, 0xeddf, 0xdddf, 0xd5df, 0x8ddf, 0x95df, 0x5ddf, 0xdbdf, 0xd63f, } },
	{ { 0xffdf, 0x863f, 0xfdff, 0x85ff, 0xb41f, 0xb5bf, 0x85bf, 0xbdbf, 0xbdbf, 0x7bbf, 0x7bbf, } },
	{ { 0xffff, 0x803f, 0xbfbf, 0xc07f, 0xfb9f, 0xc07f, 0x803f, 0xc7ff, 0x203f, 0xdfbf, 0xc03f, } },
	{ { 0xfbff, 0xc03f, 0x801f, 0xfbbf, 0xc07f, 0xfbff, 0x801f, 0xffff, 0xc03f, 0xdfbf, 0xc03f, } },
	{ { 0xfeff, 0x86ff, 0xb41f, 0xb6df, 0x86df, 0xb6df, 0xb6df, 0x86df, 0xb5df, 0x85df, 0x1b1f, } },
	{ { 0xffff, 0xfadf, 0x0adf, 0xf78f, 0xefdf, 0xdfdf, 0xdfdf, 0xdfdf, 0xdfdf, 0xefdf, 0xf7ef, } },
	{ { 0xfeff, 0x8d7f, 0xabbf, 0xa7cf, 0x983f, 0xaeff, 0xa01f, 0xaabf, 0x96df, 0xb6df, 0xbcff, } },
	{ { 0xd7ff, 0xd00f, 0xc81f, 0xbbdf, 0xb81f, 0x7fff, 0xa00f, 0xb53f, 0xad5f, 0xbadf, 0xb51f, } },
	{ { 0xfabf, 0x883f, 0xaeff, 0xa83f, 0x8eff, 0xa81f, 0x85bf, 0xa85f, 0xadaf, 0xadbf, 0x6b3f, } },
	{ { 0xffff, 0x801f, 0xbe3f, 0xb1ff, 0xb7ff, 0xb01f, 0xb6ff, 0xb6ff, 0xaeff, 0xaeff, 0x801f, } },
	{ { 0xfbff, 0xfdff, 0x801f, 0xf6ff, 0x801f, 0xb5df, 0x8e5f, 0xa05f, 0xaf5f, 0xa05f, 0xbf1f, } },
	{ { 0xffff, 0xf83f, 0xf83f, 0x1bbf, 0x583f, 0x5fff, 0x501f, 0x57df, 0x101f, 0xf7df, 0xf01f, } },
	{ { 0xfdff, 0xfdff, 0xfdff, 0xddbf, 0xddbf, 0xddbf, 0xbddf, 0xbddf, 0xfddf, 0xfdff, 0xf3ff, } },
	{ { 0xfdff, 0xfdff, 0xddbf, 0xddbf, 0xdddf, 0xbddf, 0xbd5f, 0xf35f, 0xff7f, 0xfcff, 0x83ff, } },
	{ { 0xffff, 0xc03f, 0xc03f, 0xdfbf, 0xc03f, 0xffff, 0x861f, 0xb6df, 0x861f, 0xb6df, 0x861f, } },
	{ { 0xbeff, 0xd6df, 0xeabf, 0xbfff, 0xd01f, 0xe7df, 0xf01f, 0xf7df, 0xd01f, 0xd7df, 0xb71f, } },
	{ { 0xffff, 0x881f, 0xaddf, 0xaddf, 0x8b9f, 0xac3f, 0xabdf, 0x8bdf, 0xfc3f, 0xb6df, 0xb6df, } },
	{ { 0xfbff, 0xdbbf, 0xdbbf, 0xbf5f, 0xf0ff, 0x803f, 0xdfbf, 0xc03f, 0xdfbf, 0xc03f, 0xc03f, } },
	{ { 0xedff, 0x9bff, 0xd81f, 0x0b7f, 0xd53f, 0x8d3f, 0x8d5f, 0x5b5f, 0xdb5f, 0xdf5f, 0xdc7f, } },
	{ { 0xefff, 0xe81f, 0x877f, 0xff7f, 0x857f, 0x851f, 0xfd7f, 0x857f, 0xb57f, 0xb57f, 0xc81f, } },
	{ { 0xdbbf, 0xeb7f, 0x801f, 0xa05f, 0xe07f, 0xc03f, 0xdfbf, 0xc03f, 0xdfbf, 0xc03f, 0x9f1f, } },
	{ { 0xfbff, 0xfbff, 0xfbff, 0xfbff, 0xf83f, 0xfbff, 0xfbff, 0xfbff, 0xfbff, 0xfbff, 0x801f, } },
	{ { 0xfeff, 0xfeff, 0x801f, 0xdeff, 0xdeff, 0xdeff, 0xeeff, 0xedff, 0xf5ff, 0xf1ff, 0x8e1f, } },
	{ { 0xffbf, 0xc07f, 0xfbff, 0x801f, 0xdb7f, 0x801f, 0xdb7f, 0x801f, 0xeaff, 0xdb7f, 0xbb9f, } },
	{ { 0xd83f, 0xdbdf, 0xd81f, 0x883f, 0xdfff, 0xd01f, 0xd95f, 0xd55f, 0xcb5f, 0xb6df, 0xfd3f, } },
	{ { 0xdbbf, 0xeb7f, 0x801f, 0xbfdf, 0xa05f, 0xe07f, 0xfbff, 0xc03f, 0xdbbf, 0xdbbf, 0xdb3f, } },
	{ { 0xdeff, 0xd83f, 0xd83f, 0x901f, 0x8fff, 0x883f, 0x87df, 0x901f, 0xd7df, 0xd01f, 0xd79f, } },
	{ { 0xeebf, 0xeebf, 0xeeff, 0xa81f, 0xc6ff, 0xeeff, 0xee7f, 0xcd7f, 0xad7f, 0x6bbf, 0xe7cf, } },
	{ { 0xdf7f, 0xd80f, 0x0f7f, 0xdc0f, 0xd5ef, 0x840f, 0x95ef, 0x540f, 0xd5ef, 0xd7ff, 0xd80f, } },
	{ { 0xffff, 0xc0ff, 0xbeff, 0xfdff, 0x803f, 0xbbbf, 0xbbbf, 0x807f, 0xbfdf, 0xbfdf, 0xc03f, } },
	{ { 0xf9ff, 0xf6ff, 0xcd7f, 0x201f, 0xdfbf, 0xc03f, 0xdfbf, 0xc03f, 0xdbdf, 0xdcbf, 0x831f, } },
	{ { 0xdfff, 0xd03f, 0xc01f, 0xbfff, 0xb03f, 0x7fff, 0xb03f, 0xa01f, 0xafdf, 0xafdf, 0xb03f, } },
	{ { 0xdfff, 0xd03f, 0xd03f, 0xbfbf, 0xb87f, 0x601f, 0xafdf, 0xb03f, 0xbb7f, 0xbcff, 0xa31f, } },
	{ { 0xfbff, 0x001f, 0x5fdf, 0xd83f, 0x583f, 0x901f, 0xcfdf, 0xd85f, 0x9f7f, 0x5cff, 0xd31f, } },
	{ { 0xf7ff, 0xfbff, 0xddff, 0xd6bf, 0xb6bf, 0xb7df, 0xb7df, 0xb75f, 0xb75f, 0xb77f, 0xf8ff, } },
	{ { 0xefff, 0x821f, 0xd5ff, 0xd5ff, 0x801f, 0xedbf, 0x81bf, 0xc5bf, 0xc5bf, 0xadbf, 0xebbf, } },
	{ { 0xfbff, 0x801f, 0xf2ff, 0xcb7f, 0x3b8f, 0xdf7f, 0x841f, 0xce3f, 0x953f, 0x5b4f, 0xdf7f, } },
	{ { 0x7fff, 0xa01f, 0xcb5f, 0x7b5f, 0xb7bf, 0xddff, 0xe01f, 0xb8ff, 0xb57f, 0xad9f, 0x7dff, } },
	{ { 0xfbff, 0x801f, 0xc03f, 0xdfbf, 0xc03f, 0xc03f, 0xdfbf, 0xe07f, 0x801f, 0xee7f, 0x9f9f, } },
	{ { 0xdeff, 0xdeff, 0x881f, 0xeadf, 0xdadf, 0xd81f, 0x8adf, 0x9adf, 0xd81f, 0xdeff, 0xdeff, } },
	{ { 0xefff, 0x801f, 0xd5df, 0xd41f, 0x81df, 0xec1f, 0x81df, 0xc63f, 0xc6bf, 0xad9f, 0xeb9f, } },
	{ { 0xfbff, 0xc03f, 0xdfbf, 0xc03f, 0xdfbf, 0xc01f, 0xdfbf, 0x803f, 0xfebf, 0xf9bf, 0x863f, } },
	{ { 0xfb7f, 0xbb7f, 0xd01f, 0xd6ff, 0xf01f, 0x16ff, 0xd01f, 0xd6ff, 0xd01f, 0xdfff, 0x201f, } },
	{ { 0x801f, 0xfbff, 0x801f, 0xbbdf, 0xca7f, 0x801f, 0xbfff, 0xa03f, 0x801f, 0xae7f, 0xa39f, } },
	{ { 0xfbff, 0xfbff, 0xfbff, 0xfbff, 0xfbff, 0xfbff, 0xf5ff, 0xf6ff, 0xef7f, 0xdfbf, 0xbfdf, } },
	{ { 0xfeff, 0x881f, 0xaeff, 0xa81f, 0x9adf, 0xa81f, 0xaadf, 0xa81f, 0x9eff, 0xb80f, 0xbeff, } },
	{ { 0xffff, 0x801f, 0xbfdf, 0xab5f, 0xab5f, 0xab5f, 0xbadf, 0xb9df, 0xa6df, 0xbfdf, 0xc03f, } },
	{ { 0xfbff, 0xfbff, 0x881f, 0xaadf, 0xa6bf, 0xaeff, 0xaeff, 0xae7f, 0x8d7f, 0xfbbf, 0xf7df, } },
	{ { 0xfbff, 0xfbff, 0xfbbf, 0x837f, 0xf2ff, 0xf0ff, 0xeaff, 0xeb7f, 0xdbbf, 0xbbdf, 0xe3ff, } },
	{ { 0xffff, 0x901f, 0x9eff, 0x901f, 0x9abf, 0x901f, 0x9abf, 0x901f, 0x9eff, 0x983f, 0x901f, } },
	{ { 0xeeff, 0xaaff, 0xee1f, 0x82df, 0xc5df, 0xa9df, 0xdedf, 0x033f, 0xb73f, 0xcf3f, 0xa4df, } },
	{ { 0xfdbf, 0xddbf, 0xddbf, 0x801f, 0xddbf, 0xddbf, 0xddbf, 0xddbf, 0xde7f, 0xdfff, 0xc01f, } },
	{ { 0xdf7f, 0xdd7f, 0x9d7f, 0x8c0f, 0x8b7f, 0x8f7f, 0x980f, 0xdf7f, 0xdf7f, 0xdf7f, 0xd80f, } },
	{ { 0xfebf, 0xfedf, 0xc01f, 0xdeff, 0xdedf, 0xc2df, 0xdabf, 0xdb7f, 0xdb5f, 0xa69f, 0xb9df, } },
	{ { 0xffff, 0xc03f, 0xc03f, 0xdfbf, 0xe07f, 0xdbff, 0xc03f, 0xbbff, 0xc03f, 0xfbff, 0x801f, } },
	{ { 0xfeff, 0x881f, 0xa83f, 0xaeff, 0xa00f, 0x881f, 0xabdf, 0xa81f, 0xa81f, 0xabdf, 0x8b9f, } },
	{ { 0xffff, 0x801f, 0xfbff, 0xfbff, 0xdbff, 0xd83f, 0xdbff, 0xdbff, 0xdbff, 0xdbff, 0x801f, } },
	{ { 0xddff, 0xddff, 0xc01f, 0xbdff, 0xbdff, 0xfdff, 0xc01f, 0xfdff, 0xfdff, 0xfdff, 0x800f, } },
	{ { 0xdeff, 0x501f, 0x543f, 0x481f, 0xdfff, 0x041f, 0xdc1f, 0x8ddf, 0x941f, 0x55df, 0xdd1f, } },
	{ { 0x81ff, 0xda1f, 0xc2df, 0xdadf, 0x821f, 0xfbff, 0xc01f, 0xfdff, 0xc01f, 0xfdff, 0xc01f, } },
	{ { 0xfdff, 0xc01f, 0xfdff, 0xc01f, 0xffff, 0xc01f, 0xdddf, 0xc01f, 0xdfff, 0xdfff, 0xbfff, } },
	{ { 0xafdf, 0x82df, 0x82df, 0xeedf, 0x83df, 0xab9f, 0xfdff, 0x801f, 0xedbf, 0x8e7f, 0xe39f, } },
	{ { 0xffff, 0x801f, 0xf6ff, 0xf6ff, 0x801f, 0xb6df, 0xb6df, 0xaedf, 0x9f1f, 0xbfdf, 0x801f, } },
	{ { 0xffff, 0x841f, 0xcc1f, 0x85df, 0x963f, 0x857f, 0x841f, 0xb37f, 0x841f, 0xb77f, 0x800f, } },
	{ { 0xfbff, 0x801f, 0xfbff, 0xc03f, 0x801f, 0xffff, 0xc03f, 0xdfbf, 0xc03f, 0xdfbf, 0xbf3f, } },
	{ { 0xdfff, 0x863f, 0xdd7f, 0x841f, 0xff5f, 0x840f, 0xb75f, 0x841f, 0x877f, 0xb77f, 0xa47f, } },
	{ { 0xeeff, 0xeeff, 0x801f, 0xeeff, 0x801f, 0xffff, 0xc03f, 0xdfbf, 0xc03f, 0xdfbf, 0xc03f, } },
	{ { 0xffff, 0x801f, 0xf7ff, 0xf7ff, 0xefff, 0xc03f, 0xafdf, 0xefdf, 0xefdf, 0xefdf, 0xf03f, } },
	{ { 0xfeff, 0xe81f, 0x9c3f, 0xd81f, 0x0fff, 0xd81f, 0x881f, 0x8bdf, 0x581f, 0xdc3f, 0xd19f, } },
	{ { 0xef7f, 0xdc1f, 0xb63f, 0xcc1f, 0xd63f, 0xa41f, 0xcddf, 0xc41f, 0xa5df, 0xae3f, 0xe89f, } },
	{ { 0xfbff, 0x801f, 0xc03f, 0x801f, 0xffff, 0xc03f, 0xc03f, 0xdfbf, 0xc03f, 0xe07f, 0x8f1f, } },
	{ { 0xfbff, 0xc03f, 0xfbff, 0xfbff, 0x801f, 0xd67f, 0xd6bf, 0xb6bf, 0xb6df, 0x6edf, 0xd9ff, } },
	{ { 0xfeff, 0x8eff, 0xa81f, 0xad7f, 0x895f, 0xd95f, 0xc95f, 0x995f, 0x955f, 0x9d7f, 0x0a7f, } },
	{ { 0xdfff, 0xd81f, 0xdedf, 0xc6df, 0x1edf, 0xdedf, 0xdedf, 0xd5df, 0xcddf, 0xfbdf, 0xf73f, } },
	{ { 0xdebf, 0xdebf, 0x041f, 0xfddf, 0x85df, 0xfddf, 0x841f, 0xfebf, 0x86bf, 0xb6bf, 0x859f, } },
	{ { 0xffff, 0x801f, 0xfbff, 0x801f, 0xbbdf, 0xca7f, 0xc03f, 0xffbf, 0xc03f, 0xffbf, 0xc03f, } },
	{ { 0xdfff, 0xbc3f, 0x6b7f, 0x9c3f, 0xad5f, 0x455f, 0x955f, 0x8c3f, 0x45ff, 0x55df, 0xde1f, } },
	{ { 0xdbff, 0xdbff, 0xc01f, 0xdbff, 0xbbff, 0x801f, 0xf6ff, 0xf6ff, 0xeedf, 0xeedf, 0x9e1f, } },
	{ { 0xfbff, 0xfbff, 0xf81f, 0xfbff, 0xfbff, 0xc03f, 0xdfdf, 0xdfdf, 0xdfdf, 0xdfdf, 0xe03f, } },
	{ { 0xdfbf, 0xdbdf, 0xdbdf, 0xdbdf, 0xdbdf, 0xdbdf, 0xdbdf, 0xdbdf, 0xdbdf, 0xbbdf, 0xbfdf, } },
	{ { 0x5aff, 0xaabf, 0x86df, 0x683f, 0x02ff, 0x6adf, 0x86bf, 0xef5f, 0xc65f, 0x2d9f, 0xebdf, } },
	{ { 0xdeff, 0xb81f, 0x6bdf, 0x981f, 0xabdf, 0x481f, 0x96ff, 0x8abf, 0x4c7f, 0x52bf, 0xdcdf, } },
	{ { 0xdebf, 0x86bf, 0x96bf, 0x95df, 0xb5df, 0xb7ff, 0x023f, 0x95df, 0x95df, 0xb5df, 0x641f, } },
	{ { 0xf11f, 0xbddf, 0xd33f, 0xd11f, 0xfd7f, 0x983f, 0xdd7f, 0xd01f, 0xdbbf, 0xd7df, 0xa01f, } },
	{ { 0xef7f, 0xef7f, 0x801f, 0xffff, 0x82df, 0xbadf, 0x82df, 0xbadf, 0x82df, 0xbbdf, 0xb21f, } },
	{ { 0xff7f, 0xc35f, 0xd81f, 0xa77f, 0x567f, 0xeebf, 0xd9df, 0xbfff, 0xd5bf, 0xb6df, 0xb6ef, } },
	{ { 0xfbff, 0xf5ff, 0xeeff, 0xdf7f, 0x3f9f, 0xc03f, 0xfbff, 0xc03f, 0xfbff, 0xfbff, 0x801f, } },
	{ { 0xffff, 0xfdff, 0xfddf, 0xdedf, 0xdfdf, 0xc7df, 0x97bf, 0xd7bf, 0xdfbf, 0xef7f, 0xeeff, } },
	{ { 0xdfff, 0xdc1f, 0x05df, 0xf5df, 0xec1f, 0xeddf, 0xd5df, 0x141f, 0xdddf, 0xdddf, 0xd80f, } },
	{ { 0xfbff, 0x801f, 0xc03f, 0xfbff, 0x801f, 0xedff, 0xdb7f, 0xe7bf, 0x805f, 0xeaff, 0x9b1f, } },
	{ { 0xdfff, 0xbc3f, 0x6dbf, 0x9dbf, 0xb43f, 0x75bf, 0x05bf, 0xdc3f, 0x55bf, 0x55bf, 0x581f, } },
	{ { 0xeeff, 0xeeff, 0xeeff, 0xaeff, 0xc01f, 0xeeff, 0xeeff, 0xceff, 0xaeff, 0xeeff, 0xe81f, } },
	{ { 0xc03f, 0xbfdf, 0x803f, 0xb77f, 0xa01f, 0xaddf, 0xa01f, 0xaddf, 0xb03f, 0xb5bf, 0xb03f, } },
	{ { 0xefff, 0xec1f, 0x841f, 0xeddf, 0xc41f, 0xc5df, 0xac1f, 0xddbf, 0xd6df, 0xb7df, 0xb83f, } },
	{ { 0xdfff, 0xd83f, 0xd83f, 0x8fff, 0xd11f, 0xd11f, 0xceff, 0x901f, 0xdc7f, 0xdabf, 0x96df, } },
	{ { 0xffff, 0xc03f, 0xdfdf, 0xc01f, 0xdfdf, 0xe03f, 0xfdff, 0xfdff, 0x800f, 0xfdff, 0xfdff, } },
	{ { 0xb7bf, 0xdb7f, 0xc03f, 0xdbbf, 0xc03f, 0xdbbf, 0xe07f, 0x801f, 0xf1ff, 0xea7f, 0x9b9f, } },
	{ { 0xde7f, 0xddbf, 0xda5f, 0x07ff, 0xd81f, 0xd81f, 0x901f, 0x97ff, 0x541f, 0xd5df, 0xcc1f, } },
	{ { 0xd83f, 0xdbbf, 0x483f, 0x4d7f, 0x501f, 0xdd7f, 0xd01f, 0x9bbf, 0xaa9f, 0x6c7f, 0x7a9f, } },
	{ { 0xffff, 0xe07f, 0x9eff, 0xc07f, 0xfbbf, 0x001f, 0xfbbf, 0xfbbf, 0xc07f, 0xfbff, 0xe3ff, } },
	{ { 0xefff, 0xec1f, 0xedef, 0x85ef, 0xec0f, 0xedef, 0xc5ef, 0xc40f, 0xadef, 0xedef, 0xee1f, } },
	{ { 0xef7f, 0x801f, 0xef7f, 0xc03f, 0xbfdf, 0x801f, 0xbfdf, 0xc03f, 0xfbff, 0x801f, 0xfbff, } },
	{ { 0xfbff, 0xfbff, 0x801f, 0xfbff, 0x801f, 0xfbff, 0xdbff, 0xd81f, 0xdbff, 0xabff, 0x701f, } },
	{ { 0xfbbf, 0xbbbf, 0xdd7f, 0xd01f, 0xfeff, 0x1eff, 0xd01f, 0xdeff, 0xdd7f, 0xd39f, 0x200f, } },
	{ { 0xd87f, 0xd6ff, 0xc01f, 0xaddf, 0xb03f, 0x79ff, 0xa6bf, 0xba7f, 0xa47f, 0xbabf, 0xa4df, } },
	{ { 0xdbbf, 0xd01f, 0xd6df, 0x001f, 0xd6df, 0xd01f, 0xdfff, 0xd83f, 0xc83f, 0x3bbf, 0xf83f, } },
	{ { 0xfeff, 0xbaff, 0xd81f, 0xd6ff, 0xf81f, 0x1fff, 0xd01f, 0xd7df, 0xd83f, 0xdfff, 0x201f, } },
	{ { 0xfbff, 0xfbff, 0x807f, 0xbfbf, 0x803f, 0xbfbf, 0xc07f, 0xfdbf, 0xd6df, 0xb7df, 0xb83f, } },
	{ { 0xffff, 0x807f, 0xbfbf, 0xbfbf, 0xc07f, 0xfbff, 0xdbff, 0xd83f, 0x9bff, 0xabff, 0x701f, } },
	{ { 0xfeff, 0xb01f, 0xdeff, 0xd01f, 0xf6df, 0x101f, 0xdc7f, 0xdabf, 0xd6df, 0xdeff, 0x200f, } },
	{ { 0xffff, 0x803f, 0xbfbf, 0x803f, 0xbdff, 0xa03f, 0xa03f, 0xbdff, 0xa01f, 0x5d5f, 0x509f, } },
	{ { 0xff7f, 0x8f5f, 0xa81f, 0x8f7f, 0xad7f, 0x8d5f, 0xa95f, 0x8d3f, 0xad5f, 0xad9f, 0x7fdf, } },
	{ { 0xbdff, 0xdc1f, 0x0dff, 0xdbff, 0xcc1f, 0xad7f, 0xaf7f, 0xa81f, 0xaf7f, 0xaebf, 0x59cf, } },
	{ { 0xdeff, 0xb81f, 0x6eff, 0x981f, 0xafff, 0x481f, 0x955f, 0x957f, 0x4d7f, 0x5d5f, 0xdb9f, } },
	{ { 0xf7ff, 0x801f, 0xefff, 0xd83f, 0xdfbf, 0xbf7f, 0x7eff, 0xa01f, 0xbf7f, 0xbf7f, 0xb0ff, } },
	{ { 0xdeff, 0xd6ff, 0xd61f, 0xb4df, 0xa2df, 0x76df, 0xb6df, 0xb63f, 0xb7df, 0xb7df, 0xb81f, } },
	{ { 0xffff, 0xf07f, 0xcf7f, 0xf6ff, 0xf9ff, 0xe63f, 0x99df, 0xe5bf, 0xfe7f, 0xfcff, 0x83ff, } },
	{ { 0xfbff, 0xfbff, 0xfbff, 0x801f, 0xfbff, 0xf9ff, 0xf5ff, 0xf6ff, 0xef7f, 0xdbbf, 0x3ddf, } },
	{ { 0xfeff, 0x881f, 0xac3f, 0x9bdf, 0xa81f, 0xac3f, 0x9bdf, 0xbdff, 0x801f, 0xfdff, 0x801f, } },
	{ { 0xdfff, 0xd81f, 0xdfbf, 0x87bf, 0xdfbf, 0xdfbf, 0xcfbf, 0x9fbf, 0xdfbf, 0xdfbf, 0x9c7f, } },
	{ { 0xdeff, 0xdeff, 0xd01f, 0xbc7f, 0xbc7f, 0x7abf, 0xbabf, 0xb6df, 0xa82f, 0xbeff, 0xbeff, } },
	{ { 0xefbf, 0xefbf, 0x03bf, 0xf41f, 0xb7bf, 0xd5bf, 0xeebf, 0xeebf, 0xd7bf, 0xb7bf, 0x7e3f, } },
	{ { 0xdbbf, 0x801f, 0xdbbf, 0xc03f, 0xfbff, 0x801f, 0xbbdf, 0xa01f, 0xdbbf, 0xdbbf, 0xdb7f, } },
	{ { 0xfeff, 0xdeff, 0xb81f, 0x7eff, 0xd01f, 0xbfbf, 0x581f, 0xdfbf, 0xd9bf, 0xdfbf, 0xde3f, } },
	{ { 0xddff, 0xb41f, 0x85ff, 0xfe1f, 0xb5ff, 0x841f, 0xb5ff, 0xfe1f, 0xd5bf, 0xb6df, 0xb83f, } },
	{ { 0xffff, 0xfbff, 0xfbff, 0x1bff, 0xdbff, 0xdbef, 0xbbff, 0xfbbf, 0xfbbf, 0xfb7f, 0x18ff, } },
	{ { 0xffff, 0xb03f, 0xd7bf, 0xd03f, 0xf7bf, 0x107f, 0xd6df, 0xd73f, 0xd5bf, 0xdbdf, 0x201f, } },
	{ { 0xfbbf, 0x9d7f, 0x901f, 0x99ff, 0x96df, 0xac3f, 0xba7f, 0xa4bf, 0xbabf, 0xa6df, 0xb8ff, } },
	{ { 0xedff, 0xedbf, 0xdddf, 0xdddf, 0xa03f, 0x5dff, 0xddff, 0xdeff, 0xdedf, 0xdf5f, 0xdf9f, } },
	{ { 0xfbff, 0xf6ff, 0xef7f, 0xdf3f, 0x80df, 0xffff, 0xc03f, 0xdfbf, 0xdfbf, 0xdfbf, 0xe07f, } },
	{ { 0xfbff, 0xfbff, 0xfbff, 0x801f, 0xfbff, 0xf9ff, 0xf5ff, 0xf6ff, 0xef7f, 0xdfbf, 0x3fdf, } },
	{ { 0xdeff, 0xc21f, 0xb5bf, 0xc03f, 0xfbbf, 0xe07f, 0xdbff, 0x801f, 0xf3df, 0xebdf, 0x9a3f, } },
	{ { 0xffff, 0x841f, 0x863f, 0x85df, 0xfc1f, 0x85df, 0xec1f, 0xaddf, 0x863f, 0xac9f, 0xb01f, } },
	{ { 0xfeff, 0xb01f, 0xdeff, 0xd01f, 0xfbbf, 0x101f, 0xdeff, 0xd83f, 0xd01f, 0xdeff, 0x201f, } },
	{ { 0xfd7f, 0x8d7f, 0xa83f, 0xabbf, 0x8bbf, 0xabbf, 0xac7f, 0x8d7f, 0xad7f, 0xab5f, 0x471f, } },
	{ { 0xdd7f, 0xdd7f, 0x081f, 0xf37f, 0x8b7f, 0xf81f, 0x8b7f, 0xf81f, 0x8b7f, 0xab7f, 0x881f, } },
	{ { 0xb7bf, 0xdb7f, 0x801f, 0xbbdf, 0x801f, 0xbbdf, 0xc03f, 0xfbff, 0x801f, 0xfbff, 0xfbff, } },
	{ { 0xdfff, 0xd01f, 0xd55f, 0x855f, 0xdb9f, 0xdeff, 0xc81f, 0x9c7f, 0xdabf, 0xd6df, 0x9eff, } },
	{ { 0xfe7f, 0xc1ff, 0xdfff, 0xc03f, 0xdeff, 0xdeff, 0xdeff, 0x001f, 0xffff, 0xdf7f, 0xbfbf, } },
	{ { 0xfeff, 0xd6df, 0xd01f, 0x0fff, 0xa01f, 0xaeff, 0xa83f, 0xa55f, 0x855f, 0x355f, 0xf55f, } },
	{ { 0xffff, 0x803f, 0xbedf, 0x801f, 0xbedf, 0xaedf, 0xb6df, 0xbedf, 0xbadf, 0xbddf, 0xc03f, } },
	{ { 0xffff, 0xaf1f, 0x86ff, 0xadff, 0x841f, 0xadbf, 0x85bf, 0x89bf, 0xadbf, 0xbbbf, 0xcfbf, } },
	{ { 0xffff, 0xe43f, 0x9dbf, 0xbd9f, 0x859f, 0xbfff, 0x843f, 0xbdbf, 0xa63f, 0x1f7f, 0xb89f, } },
	{ { 0xdeff, 0xdadf, 0x8abf, 0xfe7f, 0x8dbf, 0x82df, 0xfeff, 0x8abf, 0xaa7f, 0xad7f, 0xd39f, } },
	{ { 0xdeff, 0xd01f, 0xdeff, 0xb81f, 0xabdf, 0x681f, 0xabdf, 0xa81f, 0xabdf, 0xac3f, 0xb01f, } },
	{ { 0xdfff, 0xdf3f, 0x82df, 0xaedf, 0xeedf, 0x82df, 0xeedf, 0xeedf, 0xd6df, 0xdadf, 0xbf3f, } },
	{ { 0xbeff, 0xb6ff, 0xb6ff, 0x161f, 0xa0df, 0xb6df, 0xb6df, 0xb6bf, 0xa7df, 0x97df, 0x781f, } },
	{ { 0xffff, 0x801f, 0x801f, 0xfbff, 0x801f, 0xfbff, 0xa03f, 0xa03f, 0xafbf, 0xa03f, 0x801f, } },
	{ { 0xffff, 0xb01f, 0xd01f, 0xf5bf, 0xf01f, 0x96ff, 0xd43f, 0xd6ff, 0xd81f, 0xdeff, 0xa01f, } },
	{ { 0xeeff, 0x801f, 0xeeff, 0xfbff, 0xe4ff, 0x9f3f, 0x7bdf, 0xc03f, 0xeb7f, 0xdbbf, 0xbbdf, } },
	{ { 0xef7f, 0xf6ff, 0x801f, 0xfbff, 0x801f, 0xefff, 0xd03f, 0xa01f, 0xefdf, 0xe01f, 0xf03f, } },
	{ { 0xfbff, 0xfbff, 0x801f, 0xbbdf, 0xbbdf, 0xbbdf, 0xbbdf, 0x801f, 0xfbff, 0xfbff, 0xfbff, } },
	{ { 0xdeff, 0xdeff, 0xdeff, 0xb01f, 0xb6df, 0x76df, 0xb6df, 0xb01f, 0xbeff, 0xbeff, 0xbeff, } },
	{ { 0xfbff, 0x803f, 0xbbbf, 0xfbff, 0xc07f, 0xbbbf, 0xbbbf, 0x803f, 0xbbbf, 0xbbbf, 0xc07f, } },
	{ { 0xffff, 0x803f, 0xbfbf, 0x807f, 0xbf7f, 0x803f, 0x9f5f, 0x405f, 0xdf7f, 0xe0ff, 0x801f, } },
	{ { 0xbdff, 0xdeff, 0xd01f, 0xfeff, 0xbeff, 0xdeff, 0xf01f, 0xdeff, 0xdeff, 0xdeff, 0xa01f, } },
	{ { 0xfbff, 0xfbff, 0x803f, 0xbbdf, 0xbbdf, 0xbbdf, 0xc03f, 0xfbff, 0xfbbf, 0xfb9f, 0x006f, } },
	{ { 0xffff, 0x881f, 0xe81f, 0xebff, 0x981f, 0xbbff, 0x801f, 0xeaff, 0xea9f, 0xeb7f, 0x919f, } },
	{ { 0xffdf, 0x83bf, 0x6d7f, 0x01ef, 0x6ddf, 0x01bf, 0x7c7f, 0x45ef, 0x45df, 0x7dbf, 0x727f, } },
	{ { 0xbd7f, 0xbd7f, 0xb55f, 0x193f, 0xbd7f, 0xbd7f, 0x993f, 0x355f, 0xad7f, 0xbb5f, 0x371f, } },
	{ { 0xef3f, 0x82df, 0xeedf, 0x86df, 0x7a1f, 0x02df, 0x7adf, 0x861f, 0xeedf, 0x02df, 0xed9f, } },
	{ { 0x83ff, 0xa81f, 0xab7f, 0xab7f, 0x837f, 0xab7f, 0xab7f, 0xab7f, 0x837f, 0xff7f, 0xfe7f, } },
	{ { 0xbfff, 0xb83f, 0x16df, 0xf01f, 0x16df, 0x101f, 0xf7df, 0x145f, 0x545f, 0x57df, 0xb73f, } },
	{ { 0xefff, 0xec1f, 0x86df, 0xeedf, 0x859f, 0xefff, 0xac1f, 0xa1df, 0xaddf, 0x4e3f, 0x701f, } },
	{ { 0xc03f, 0xdfff, 0xc03f, 0xdfff, 0xc03f, 0xdfff, 0x801f, 0xdddf, 0xdebf, 0xdf7f, 0x839f, } },
	{ { 0xf7ff, 0xc07f, 0xdf7f, 0xc07f, 0xdfff, 0xc01f, 0xdfff, 0xc01f, 0xffdf, 0xaa5f, 0x6b3f, } },
	{ { 0xfbff, 0x801f, 0xfbff, 0xa03f, 0xafbf, 0xa03f, 0xafbf, 0xa03f, 0xafbf, 0xb07f, 0x801f, } },
	{ { 0xfeff, 0x8d7f, 0xdbbf, 0xd7cf, 0xdeff, 0x89bf, 0xdf7f, 0xdcdf, 0xcbbf, 0x9f7f, 0xfcff, } },
	{ { 0xf7bf, 0xee7f, 0x8c1f, 0xef7f, 0xec1f, 0xc07f, 0xdfbf, 0xc03f, 0xdfbf, 0xc03f, 0x8f9f, } },
	{ { 0xfdff, 0xb03f, 0xd7bf, 0xd7bf, 0xf03f, 0x97ff, 0xd01f, 0xd7df, 0xd7df, 0xd83f, 0xa00f, } },
	{ { 0xfdff, 0xc01f, 0xd03f, 0x5e7f, 0x901f, 0xd6df, 0x901f, 0x96df, 0x501f, 0xd6df, 0xb69f, } },
	{ { 0xffff, 0xb03f, 0xde7f, 0xd01f, 0xf6df, 0x101f, 0xd6df, 0xd01f, 0xd6df, 0xd69f, 0x200f, } },
	{ { 0xffff, 0xfc1f, 0xc37f, 0xbb7f, 0xbb7f, 0xbb7f, 0xbbbf, 0xbbbf, 0xbbbf, 0x7bdf, 0x7bdf, } },
	{ { 0xeeff, 0xd6ff, 0xbc1f, 0x85df, 0xefdf, 0x86df, 0xef5f, 0xa7df, 0xaddf, 0xe6df, 0x9f3f, } },
	{ { 0xdeff, 0xd01f, 0xdfff, 0xb83f, 0xbbbf, 0x601f, 0xafdf, 0xa01f, 0xbeff, 0xbeff, 0xb8ff, } },
	{ { 0xfbff, 0xfbff, 0x801f, 0xbfdf, 0xa05f, 0xfbff, 0xdbff, 0xd83f, 0xdbff, 0xabff, 0x701f, } },
	{ { 0xfbff, 0xc01f, 0xbfbf, 0xa07f, 0xaeff, 0xa01f, 0xaeff, 0xaaff, 0xa75f, 0xbf9f, 0x60ff, } },
	{ { 0xef7f, 0xf6ff, 0xc03f, 0xfbbf, 0xe07f, 0xdbff, 0x801f, 0xf3df, 0xf3df, 0xebdf, 0x9a3f, } },
	{ { 0xeeff, 0x02ff, 0xd60f, 0x86df, 0x69df, 0x02df, 0x6adf, 0x4b3f, 0x4bbf, 0x7b3f, 0x78cf, } },
	{ { 0xdeff, 0xdeff, 0x841f, 0xb5df, 0xb3df, 0xb7df, 0x86df, 0xb75f, 0xb7df, 0xb7df, 0x863f, } },
	{ { 0xdeff, 0xc21f, 0xadbf, 0xeb7f, 0x801f, 0xbbdf, 0xbbdf, 0x801f, 0xbbdf, 0xbbdf, 0x801f, } },
	{ { 0xed7f, 0xd57f, 0xb81f, 0x837f, 0xef7f, 0x881f, 0xef7f, 0xaa7f, 0xc6bf, 0xedbf, 0x83cf, } },
	{ { 0xffff, 0x801f, 0xfbff, 0xfbff, 0x801f, 0xfbff, 0xfbff, 0xf5ff, 0xeeff, 0xdf7f, 0xbf9f, } },
	{ { 0xffff, 0x801f, 0xbfdf, 0x801f, 0xb77f, 0x801f, 0xb77f, 0x801f, 0xaebf, 0x6f7f, 0x419f, } },
	{ { 0xfdff, 0x801f, 0xbdff, 0xbdff, 0xbc1f, 0xbdff, 0xa03f, 0xafdf, 0xafdf, 0x6fdf, 0x603f, } },
	{ { 0xefff, 0x821f, 0xefff, 0xc7ff, 0xabff, 0x801f, 0xab7f, 0xc6ff, 0xedbf, 0x85df, 0xec1f, } },
	{ { 0xf7ff, 0xf03f, 0xf7ff, 0xf7ff, 0x807f, 0xbfbf, 0xbfbf, 0xc07f, 0xffff, 0xb6df, 0x76df, } },
	{ { 0xdfff, 0xd03f, 0xdfff, 0xbfff, 0xbfff, 0x201f, 0xbbff, 0xbbbf, 0xb7bf, 0xb75f, 0xb0df, } },
	{ { 0xffff, 0x023f, 0x7a9f, 0x069f, 0x7dff, 0x561f, 0x03df, 0x56bf, 0x02bf, 0x577f, 0x3a9f, } },
	{ { 0xc03f, 0xfbff, 0x801f, 0xbbdf, 0xca7f, 0xc03f, 0xdbbf, 0xc03f, 0xdbbf, 0xe05f, 0xfc3f, } },
	{ { 0xfeff, 0x8eff, 0xaeff, 0xa81f, 0xaeff, 0xaeff, 0xaeff, 0xaeff, 0xaeff, 0x8eff, 0xf81f, } },
	{ { 0x7eff, 0xb01f, 0xcbbf, 0x601f, 0xabbf, 0xcc7f, 0xe83f, 0xcfdf, 0xcdbf, 0xae7f, 0x590f, } },
	{ { 0xfdbf, 0x857f, 0xb6df, 0xcf3f, 0xd0bf, 0x3fdf, 0xc03f, 0xdfbf, 0xe07f, 0xf6ff, 0x801f, } },
	{ { 0xfeff, 0xbd7f, 0xd39f, 0xdc7f, 0xfeff, 0x101f, 0xdabf, 0xdabf, 0xd6df, 0xdfff, 0x200f, } },
	{ { 0xdfff, 0x001f, 0xb7df, 0xb6bf, 0xcf7f, 0xd69f, 0x3bff, 0xc01f, 0xf7df, 0xefdf, 0x9e3f, } },
	{ { 0xfdff, 0x801f, 0xb77f, 0x801f, 0xb77f, 0xb07f, 0xbfff, 0xa03f, 0xb77f, 0xb8ff, 0x471f, } },
	{ { 0xfdff, 0xfdff, 0xfdff, 0xc01f, 0xfdff, 0xfdff, 0xfdff, 0xfdff, 0xfdff, 0x800f, 0xffff, } },
	{ { 0xdfff, 0xdc1f, 0xc3df, 0x17df, 0xb5df, 0xb5bf, 0xb6bf, 0xae7f, 0xcf7f, 0xcebf, 0xb1df, } },
	{ { 0xdfff, 0xc0df, 0xb7df, 0xb55f, 0x605f, 0xbb5f, 0xbb5f, 0xa05f, 0xbb5f, 0xbbdf, 0xa09f, } },
	{ { 0xffff, 0x801f, 0xf7df, 0xf7df, 0xf7df, 0xf7df, 0xf7df, 0xefdf, 0xefdf, 0xddbf, 0xbe7f, } },
	{ { 0xf7ff, 0x803f, 0xbfbf, 0x803f, 0xbfff, 0x801f, 0xbfff, 0xc01f, 0xf7df, 0xb6df, 0x809f, } },
	{ { 0xbfff, 0xb87f, 0xbb7f, 0x1baf, 0xb79f, 0xb03f, 0x9fbf, 0x3bbf, 0xbd7f, 0xbeff, 0x110f, } },
	{ { 0xfbff, 0x801f, 0xfbff, 0x803f, 0xbbbf, 0x803f, 0xc07f, 0xf1ff, 0xeaff, 0xdb3f, 0x3bcf, } },
	{ { 0xfbff, 0xbbdf, 0xdbbf, 0xeb7f, 0x803f, 0xffdf, 0xffdf, 0x801f, 0xffdf, 0xffdf, 0x803f, } },
	{ { 0xbeff, 0x861f, 0x5bbf, 0xf5ff, 0xce7f, 0x209f, 0xffff, 0x803f, 0xbfbf, 0xbfbf, 0xc07f, } },
	{ { 0xfd7f, 0xbd5f, 0xd53f, 0xd97f, 0xfd7f, 0x191f, 0xd57f, 0xdb5f, 0xd71f, 0xdfff, 0x201f, } },
	{ { 0x041f, 0xff7f, 0x041f, 0x75df, 0x741f, 0x05df, 0xfc1f, 0x75df, 0x763f, 0xaebf, 0x05df, } },
	{ { 0xffff, 0x841f, 0x841f, 0xb5df, 0x8e1f, 0xbfdf, 0xa35f, 0xaa1f, 0xa35f, 0xb65f, 0xa35f, } },
	{ { 0xdf7f, 0xd17f, 0xc21f, 0xbb5f, 0xa15f, 0x695f, 0xa15f, 0xbb5f, 0xa15f, 0xbb5f, 0xa09f, } },
	{ { 0xc77f, 0xaf7f, 0x041f, 0xef5f, 0x035f, 0x6b5f, 0x035f, 0xef5f, 0x06df, 0xeedf, 0x059f, } },
	{ { 0xffff, 0x801f, 0xbfdf, 0xa05f, 0xbfdf, 0xa05f, 0xaf5f, 0xaf5f, 0xa05f, 0xbfdf, 0xbf1f, } },
	{ { 0x7b7f, 0xa01f, 0xf03f, 0x17bf, 0xd03f, 0xd87f, 0x201f, 0xff7f, 0x801f, 0xef7f, 0xf47f, } },
	{ { 0xbfff, 0xc01f, 0xe85f, 0xefdf, 0xa85f, 0xcb5f, 0xeb5f, 0xcb5f, 0xccdf, 0xafdf, 0xaf1f, } },
	{ { 0xfbbf, 0xbd7f, 0xd01f, 0xd83f, 0xf7df, 0x101f, 0xd7df, 0xd01f, 0xd7df, 0xd83f, 0x201f, } },
	{ { 0xd83f, 0xd83f, 0xbbbf, 0x783f, 0xdfff, 0xd01f, 0xbfbf, 0x601f, 0xb7bf, 0xbbbf, 0xbe3f, } },
	{ { 0xdeff, 0xd01f, 0xbeff, 0x501f, 0xd55f, 0xb55f, 0x701f, 0xbebf, 0xb35f, 0xab5f, 0xac3f, } },
	{ { 0xfeff, 0x9eff, 0x981f, 0x0eff, 0x581f, 0xdfbf, 0xc81f, 0x9bbf, 0xddbf, 0xdfbf, 0xde3f, } },
	{ { 0xfbff, 0x801f, 0xc03f, 0x801f, 0xffff, 0xc07f, 0xdbbf, 0x001f, 0xbbbf, 0xc03f, 0xff7f, } },
	{ { 0xfeff, 0x981f, 0x0eff, 0xf81f, 0x0fff, 0x001f, 0xf55f, 0x0d7f, 0x6d7f, 0x6d6f, 0x931f, } },
	{ { 0xfbff, 0xfbff, 0x801f, 0xb9df, 0xb9df, 0xb5df, 0xaedf, 0x9f1f, 0xbfdf, 0xbfdf, 0xbf1f, } },
	{ { 0xffff, 0xaf7f, 0x155f, 0xf63f, 0x3f7f, 0x241f, 0xf63f, 0x163f, 0x555f, 0x577f, 0xa81f, } },
	{ { 0xfbff, 0x801f, 0xfbff, 0x801f, 0xaf5f, 0xb6df, 0xa05f, 0xbbdf, 0x801f, 0xbbdf, 0xbb1f, } },
	{ { 0xaebf, 0x057f, 0xaa1f, 0x057f, 0x057f, 0x8c1f, 0x057f, 0xdc1f, 0x057f, 0xd57f, 0x3a1f, } },
	{ { 0x7dff, 0xbdff, 0xddff, 0xe00f, 0x3bbf, 0xdbbf, 0xf77f, 0xdb7f, 0xdcff, 0xbd3f, 0x63df, } },
	{ { 0xfbff, 0xfbff, 0x801f, 0xbbdf, 0xb4df, 0x8b1f, 0xbbdf, 0xb5df, 0x8e1f, 0xbfdf, 0xbf1f, } },
	{ { 0xdfff, 0xdc1f, 0x077f, 0x577f, 0x577f, 0x577f, 0x577f, 0x8f7f, 0xd77f, 0xc77f, 0x340f, } },
	{ { 0xffff, 0xc03f, 0xdfbf, 0xdfbf, 0xdfbf, 0xc03f, 0xdfbf, 0xdfbf, 0xdfbf, 0xdfbf, 0xc03f, } },
	{ { 0xffff, 0xc3ff, 0xfbff, 0xfbff, 0xf9ff, 0xf9ff, 0xf5ff, 0xf6ff, 0xef7f, 0xdfbf, 0x3fdf, } },
	{ { 0xdfff, 0xd03f, 0xdeff, 0xbeff, 0xbeff, 0x601f, 0xbeff, 0xbeff, 0xbeff, 0xbeff, 0xb01f, } },
	{ { 0xffff, 0xd81f, 0x8b5f, 0xfcdf, 0x8cdf, 0x8b9f, 0xffff, 0x8abf, 0xa55f, 0xa5df, 0xde3f, } },
	{ { 0xdeff, 0x043f, 0xdebf, 0xacbf, 0x06bf, 0xdebf, 0xad9f, 0x7bdf, 0xafff, 0xb6df, 0x76df, } },
	{ { 0xdfff, 0xc01f, 0xdeff, 0xbeff, 0xc01f, 0xeeff, 0xeeff, 0xeeff, 0x800f, 0xfeff, 0xfeff, } },
	{ { 0xf1ff, 0xeeff, 0xd17f, 0x3f9f, 0xc07f, 0xfeff, 0xe1ff, 0xfbff, 0xad7f, 0x6fbf, 0x707f, } },
	{ { 0xbb7f, 0xb55f, 0x2a1f, 0x157f, 0x1b3f, 0x16bf, 0xaddf, 0xbfff, 0xb5bf, 0x555f, 0x6d5f, } },
	{ { 0xbfff, 0xb5df, 0x3adf, 0x1abf, 0x1fff, 0x175f, 0x355f, 0xb6df, 0xb55f, 0xb39f, 0xb83f, } },
	{ { 0xddff, 0xdddf, 0xb43f, 0x05ff, 0xfddf, 0x863f, 0x85ff, 0xb51f, 0x84ff, 0xb5df, 0xa61f, } },
	{ { 0xffff, 0x801f, 0xf6ff, 0x801f, 0xb6df, 0x801f, 0xefff, 0x821f, 0xc61f, 0x82df, 0xed9f, } },
	{ { 0xbfdf, 0xd83f, 0xf7df, 0xac3f, 0xcaff, 0xeadf, 0xeb3f, 0xab7f, 0xabbf, 0xabbf, 0x5bdf, } },
	{ { 0xfdff, 0x801f, 0xbfff, 0xa17f, 0xb6bf, 0xaf7f, 0x909f, 0xbaff, 0xa03f, 0x76ef, 0x4f0f, } },
	{ { 0xdd7f, 0xdd7f, 0xd11f, 0x8d7f, 0xd11f, 0xdd7f, 0xc93f, 0x955f, 0xdd7f, 0xdb7f, 0x977f, } },
	{ { 0xfdff, 0x85ff, 0xb41f, 0x85bf, 0xb3bf, 0x85bf, 0xb5bf, 0xb67f, 0xcf7f, 0xaebf, 0x75df, } },
	{ { 0xdfff, 0xd81f, 0x0eff, 0xde7f, 0xdcbf, 0x8cdf, 0x9adf, 0x56ef, 0xdeef, 0xdeff, 0xdeff, } },
	{ { 0xf5ff, 0x841f, 0xf5ff, 0x861f, 0xffff, 0xc03f, 0xdfbf, 0xc03f, 0xc03f, 0xdfbf, 0xbe3f, } },
	{ { 0xffff, 0x821f, 0xefdf, 0x83df, 0xabdf, 0xaa3f, 0x92ff, 0xbaff, 0x82df, 0xbadf, 0x821f, } },
	{ { 0xdeff, 0xd01f, 0xdbbf, 0xbbbf, 0xbbbf, 0x601f, 0xbfff, 0xb01f, 0xb7df, 0xb7df, 0xb83f, } },
	{ { 0xffff, 0x801f, 0xb6df, 0xc03f, 0xffff, 0xc03f, 0xdfbf, 0xc03f, 0xdfbf, 0xe07f, 0x8f9f, } },
	{ { 0xfbff, 0x801f, 0xfbff, 0xc03f, 0xffff, 0x801f, 0xbfdf, 0xb6df, 0xf6ff, 0xeedf, 0x9e1f, } },
	{ { 0xfbff, 0xf7ff, 0xc03f, 0xdfbf, 0xdfbf, 0xdfbf, 0xc03f, 0xdfbf, 0xdfbf, 0xdfbf, 0xc03f, } },
	{ { 0xdeff, 0xc61f, 0xadbf, 0xf77f, 0xec1f, 0x85df, 0xec1f, 0xc5df, 0xcc1f, 0xaddf, 0xec1f, } },
	{ { 0xdfff, 0xd81f, 0x4adf, 0x4adf, 0x5adf, 0x581f, 0xdadf, 0xdadf, 0xaadf, 0xaadf, 0x7c3f, } },
	{ { 0xfdbf, 0x857f, 0xd6df, 0xef3f, 0xdfbf, 0xa05f, 0xf6ff, 0x801f, 0xf6ff, 0xeedf, 0x9e1f, } },
	{ { 0xefdf, 0xaddf, 0xad5f, 0xcb5f, 0xef5f, 0x815f, 0xef5f, 0x815f, 0xef5f, 0xefdf, 0xef1f, } },
	{ { 0xfbff, 0xdb9f, 0xeb7f, 0xebff, 0x801f, 0xfbff, 0xfbff, 0x801f, 0xfbff, 0xfbff, 0xfbff, } },
	{ { 0xffff, 0x801f, 0xbfff, 0xbfff, 0xa03f, 0xafbf, 0xb77f, 0xbb7f, 0xbcff, 0xbb7f, 0x679f, } },
	{ { 0xdfff, 0xd81f, 0xdbff, 0x8bff, 0xd81f, 0xcbdf, 0x89df, 0x8abf, 0xdb3f, 0xdb7f, 0xd49f, } },
	{ { 0xffff, 0x887f, 0xa6ff, 0xa83f, 0xa6df, 0x86df, 0xa83f, 0xad7f, 0xad7f, 0x8b6f, 0xf71f, } },
	{ { 0xfc3f, 0x83bf, 0xdb7f, 0x801f, 0xf2ff, 0xcb7f, 0x309f, 0xcb3f, 0xc03f, 0xdbbf, 0xc03f, } },
	{ { 0xffff, 0x801f, 0xf1ff, 0xea7f, 0x1b9f, 0xfbff, 0xc07f, 0xbfbf, 0xbfbf, 0xbfbf, 0xc07f, } },
	{ { 0xdeff, 0xdeff, 0xb01f, 0x56df, 0xd6ff, 0xb01f, 0x77df, 0xb5bf, 0xb67f, 0xae7f, 0xa99f, } },
	{ { 0xfdff, 0xe01f, 0x5eff, 0x901f, 0xd6df, 0xd6ff, 0x903f, 0x57bf, 0xd5bf, 0xae7f, 0x519f, } },
	{ { 0xdbff, 0x3dff, 0xbebf, 0x1adf, 0xbbdf, 0x3bff, 0x33bf, 0x2b7f, 0xacff, 0xaddf, 0xb23f, } },
	{ { 0xffff, 0x881f, 0xaadf, 0xaadf, 0x8adf, 0xa81f, 0xabff, 0x8bff, 0xabdf, 0xabdf, 0xac3f, } },
	{ { 0xffff, 0x805f, 0xeb3f, 0x9b5f, 0xdbbf, 0xdbdf, 0x007f, 0xdb5f, 0xdb3f, 0xbb5f, 0x7b9f, } },
	{ { 0xdb7f, 0xd01f, 0xdb7f, 0xa01f, 0xb7ff, 0x701f, 0xb2df, 0xb01f, 0xa81f, 0xaadf, 0x9a9f, } },
	{ { 0xf7ff, 0xfbff, 0xed7f, 0xadbf, 0xafbf, 0x6fff, 0x6ddf, 0x6bdf, 0x67df, 0xcfbf, 0x307f, } },
	{ { 0xfbff, 0x9bff, 0xebbf, 0xf97f, 0x88ff, 0xf1ff, 0xe8ff, 0xeaff, 0xdb7f, 0xbbbf, 0x63df, } },
	{ { 0xfbff, 0x801f, 0xfbff, 0xc03f, 0xfbff, 0x800f, 0xf5bf, 0xee7f, 0x0eff, 0xef7f, 0xc18f, } },
	{ { 0xffff, 0xd81f, 0x8eff, 0xfadf, 0x8abf, 0x8abf, 0xfeff, 0x881f, 0xaeff, 0xaeff, 0xdeff, } },
	{ { 0xfdff, 0xc01f, 0x5fff, 0x801f, 0xddff, 0xc01f, 0x8ddf, 0x8adf, 0x475f, 0xcfdf, 0xaf1f, } },
	{ { 0xffff, 0xc03f, 0xdfbf, 0xdfbf, 0xe07f, 0xffff, 0x861f, 0xb6df, 0xb6df, 0xb6df, 0x861f, } },
	{ { 0xffff, 0x801f, 0xfbff, 0xfbff, 0xf2ff, 0xeb7f, 0xdbbf, 0x3bdf, 0xfbef, 0xfbff, 0xfbff, } },
	{ { 0xfbff, 0xfbff, 0x801f, 0xfbff, 0xfbff, 0x801f, 0xf9ff, 0xf9ff, 0xf6ff, 0xef7f, 0x9f8f, } },
	{ { 0xf7ff, 0xf7ff, 0x801f, 0xedff, 0xddff, 0xa03f, 0x6dbf, 0xedbf, 0xedbf, 0xedbf, 0xed7f, } },
	{ { 0xeaff, 0x82ff, 0xee0f, 0x82df, 0xaadf, 0x81df, 0xeedf, 0x833f, 0xc7bf, 0xbb5f, 0x66ef, } },
	{ { 0xef7f, 0xf6ff, 0x801f, 0xd6bf, 0xd6bf, 0x801f, 0xffff, 0xc03f, 0xc03f, 0xdfbf, 0xc03f, } },
	{ { 0xffff, 0xe0ff, 0x9dff, 0xc03f, 0xdfbf, 0xc03f, 0xdfbf, 0xc03f, 0xdfbf, 0xe07f, 0x9f9f, } },
	{ { 0xfeff, 0xc2bf, 0xfedf, 0x803f, 0xf77f, 0xf77f, 0xd17f, 0xd75f, 0xd79f, 0xe19f, 0x9fdf, } },
	{ { 0xffff, 0xee1f, 0x02df, 0xb63f, 0xb6df, 0x02df, 0xfedf, 0x865f, 0xbabf, 0xbaff, 0x86ff, } },
	{ { 0xffff, 0x803f, 0xb1bf, 0xbbbf, 0xa0bf, 0x9b3f, 0x9b3f, 0xa0af, 0xbbcf, 0x7acf, 0x615f, } },
	{ { 0xd7ff, 0xd01f, 0xb7ff, 0x483f, 0xdbbf, 0xb83f, 0x7fff, 0xb01f, 0xbbbf, 0xbc7f, 0xa19f, } },
	{ { 0xdfff, 0xd81f, 0x8c3f, 0x8bdf, 0x8c3f, 0x8fff, 0x8c3f, 0x8adf, 0x881f, 0xdadf, 0xdc3f, } },
	{ { 0xdfff, 0xd81f, 0x8c3f, 0xebdf, 0xdc3f, 0xdfff, 0x883f, 0x96df, 0xd01f, 0xd6df, 0xd83f, } },
	{ { 0x8bff, 0xa81f, 0xa7ff, 0x881f, 0xabdf, 0xac3f, 0x8fff, 0xac3f, 0xa9bf, 0xae7f, 0x519f, } },
	{ { 0xdbff, 0x5bff, 0x081f, 0x5a9f, 0xd55f, 0xd55f, 0x8d5f, 0x5adf, 0xd6df, 0xdddf, 0xdb3f, } },
	{ { 0xfcff, 0xef7f, 0xef7f, 0xdfbf, 0xbfdf, 0xc06f, 0xf77f, 0xf77f, 0xf77f, 0xef7f, 0x987f, } },
	{ { 0xfeff, 0x881f, 0xadbf, 0xa81f, 0xadbf, 0xa81f, 0xa81f, 0xa81f, 0x8bdf, 0xfc3f, 0xf39f, } },
	{ { 0xffff, 0xbfbf, 0xbebf, 0x06bf, 0xb6bf, 0xb6bf, 0xbebf, 0xbebf, 0xbeaf, 0xbdaf, 0xc79f, } },
	{ { 0xfbff, 0xfbff, 0x801f, 0xef7f, 0xef7f, 0xeeff, 0xf6ff, 0xf9ff, 0xf9ff, 0xf67f, 0xcf9f, } },
	{ { 0xffff, 0x841f, 0x841f, 0xb5df, 0x8e1f, 0xbfdf, 0xa05f, 0xb0df, 0xb6df, 0xa0df, 0xbe9f, } },
	{ { 0xffff, 0x801f, 0xfbbf, 0xdbbf, 0xdb7f, 0xeb7f, 0x801f, 0xfbff, 0xfbff, 0xfbff, 0xfbff, } },
	{ { 0xffff, 0x841f, 0x841f, 0xb5df, 0x861f, 0xbddf, 0xa05f, 0xb9df, 0xb5df, 0xaddf, 0xb99f, } },
	{ { 0xffdf, 0x82df, 0xbadf, 0xbadf, 0xc6df, 0xeedf, 0xc6df, 0xdadf, 0xdbdf, 0xdbdf, 0xb73f, } },
	{ { 0xfbff, 0x801f, 0xf6ff, 0xd6bf, 0xb6df, 0xacdf, 0xffff, 0xe03f, 0xd73f, 0xf8ff, 0x821f, } },
	{ { 0xffff, 0xb01f, 0xdddf, 0xdddf, 0xfddf, 0x1ddf, 0xdbdf, 0xdbdf, 0xd73f, 0xdfff, 0x200f, } },
	{ { 0xffff, 0xb01f, 0xd7ff, 0xd01f, 0xf7df, 0x13df, 0xd5bf, 0xd67f, 0xce7f, 0xd99f, 0x200f, } },
	{ { 0xffff, 0xd01f, 0xdeff, 0xd01f, 0xb6df, 0x901f, 0xd6df, 0xd83f, 0xd6ff, 0xd9ff, 0xc21f, } },
	{ { 0xdfff, 0xd01f, 0xd7df, 0xb7df, 0xb83f, 0x7eff, 0xb01f, 0xbc7f, 0xbabf, 0xa6cf, 0xbeff, } },
	{ { 0xbebf, 0xbedf, 0xb01f, 0x1eff, 0xb01f, 0xb6df, 0x901f, 0x36df, 0xb01f, 0xb6df, 0x369f, } },
	{ { 0xfbff, 0xdbff, 0xd83f, 0xdbff, 0x801f, 0xed7f, 0xedbf, 0xdddf, 0xbb7f, 0xfeff, 0xc1ff, } },
	{ { 0xeeff, 0x001f, 0xeeff, 0xc07f, 0xdf7f, 0xc07f, 0xf3ff, 0x001f, 0xdbbf, 0xa0df, 0x402f, } },
	{ { 0xefff, 0x841f, 0xeddf, 0x015f, 0xb5bf, 0xb5ff, 0x001f, 0xecdf, 0x855f, 0xedbf, 0xed5f, } },
	{ { 0xfbff, 0xfbff, 0x801f, 0xbfdf, 0xc03f, 0xfbff, 0xfbff, 0xc03f, 0xfb7f, 0xfbbf, 0x801f, } },
	{ { 0xedff, 0xedff, 0x841f, 0xedbf, 0xebbf, 0xc5bf, 0xd5bf, 0xd67f, 0xd77f, 0xb6bf, 0xaddf, } },
	{ { 0xfbff, 0xfbff, 0x801f, 0xefff, 0xe07f, 0xefbf, 0xefbf, 0xefbf, 0xdfbf, 0xdfbf, 0xb87f, } },
	{ { 0x7eff, 0xbeff, 0xd01f, 0x7eff, 0xbeff, 0xd01f, 0xfdff, 0xdd7f, 0xdd7f, 0xbbbf, 0x705f, } },
	{ { 0xfbff, 0x883f, 0xdbdf, 0xd7df, 0xbc5f, 0x8f5f, 0x2c5f, 0xabbf, 0xaa5f, 0xabdf, 0xdc3f, } },
	{ { 0xef7f, 0xef7f, 0x801f, 0xfeff, 0x86ff, 0x861f, 0xfedf, 0x86df, 0xb5df, 0xb5df, 0xcb3f, } },
	{ { 0xfbff, 0x801f, 0xdfff, 0xdfff, 0xdfff, 0xe03f, 0xfbff, 0xbdbf, 0xaddf, 0x6f9f, 0x707f, } },
	{ { 0xe07f, 0xdfbf, 0xc03f, 0xffff, 0x801f, 0xeeff, 0x801f, 0xdb7f, 0x299f, 0xf2ff, 0x931f, } },
	{ { 0xddff, 0xd01f, 0xddff, 0x101f, 0xdd7f, 0x9abf, 0x96df, 0x482f, 0xdeff, 0xd01f, 0xdeff, } },
	{ { 0xeddf, 0xe80f, 0x85df, 0xfc1f, 0x85df, 0x863f, 0xff7f, 0x881f, 0xb63f, 0xb55f, 0xcb6f, } },
	{ { 0xfeff, 0x8eff, 0xa81f, 0xaeff, 0x9e3f, 0xaedf, 0xaedf, 0xaddf, 0xaddf, 0x9bdf, 0xb73f, } },
	{ { 0xf5ff, 0xf5ff, 0xf5df, 0xf5bf, 0x047f, 0xf5ff, 0xf5ff, 0xf5ff, 0xf5df, 0xc5df, 0x361f, } },
	{ { 0xd4df, 0xd4bf, 0xa01f, 0xbb7f, 0x601f, 0x7eff, 0xb03f, 0xbeff, 0xa01f, 0xbcff, 0xa31f, } },
	{ { 0xfbff, 0xfbff, 0x801f, 0xf1ff, 0xf1ff, 0xeaff, 0xeb7f, 0xdbbf, 0x204f, 0xfbff, 0xfbff, } },
	{ { 0xfaff, 0xeadf, 0x87cf, 0xefdf, 0xefbf, 0xabef, 0xabff, 0xabff, 0x6dff, 0x6dff, 0xefcf, } },
	{ { 0xdfff, 0xc01f, 0xbfff, 0xa03f, 0xddbf, 0xdbbf, 0x800f, 0xbbbf, 0xbbbf, 0xc01f, 0xfc7f, } },
	{ { 0xfbff, 0xfbff, 0x801f, 0xfbff, 0xfbff, 0xc03f, 0xf1ff, 0xf1ff, 0xeaff, 0xdb7f, 0xbb9f, } },
	{ { 0xffff, 0x801f, 0xefff, 0xefff, 0xe03f, 0xefbf, 0xefbf, 0xefbf, 0xdfbf, 0xdfbf, 0xb83f, } },
	{ { 0xfb7f, 0xb03f, 0xdb7f, 0xe01f, 0xbeff, 0xd01f, 0xeedf, 0xca5f, 0xca5f, 0xa85f, 0xaf9f, } },
	{ { 0xfeff, 0x8eff, 0xa01f, 0xaeff, 0xaeff, 0xa01f, 0xac7f, 0xac7f, 0xdabf, 0xf6df, 0xfeff, } },
	{ { 0xfbff, 0xfbff, 0xc03f, 0xfbff, 0xfbff, 0x801f, 0xf1ff, 0xf2ff, 0xeb3f, 0x9bcf, 0xfbff, } },
	{ { 0xefff, 0xec1f, 0xed5f, 0xad5f, 0xac1f, 0xa95f, 0xa95f, 0xaa3f, 0xab7f, 0xc77f, 0xff7f, } },
	{ { 0xfbff, 0x801f, 0xb7df, 0xbbbf, 0xd6df, 0xd5df, 0xb37f, 0xc8ff, 0xbbbf, 0xbbbf, 0xc07f, } },
	{ { 0xdeff, 0xdabf, 0x02df, 0xaadf, 0xaadf, 0xaadf, 0xaeff, 0xacbf, 0xdfbf, 0xaf7f, 0x78ff, } },
	{ { 0xffff, 0x881f, 0xabdf, 0xabdf, 0x883f, 0xab7f, 0x881f, 0xab7f, 0xab5f, 0x8b9f, 0xf8df, } },
	{ { 0xf6ff, 0x801f, 0xf6ff, 0x801f, 0xb6df, 0xc03f, 0xbfdf, 0xb05f, 0xeb7f, 0xfcff, 0xc1ff, } },
	{ { 0xdfff, 0xc01f, 0x95bf, 0xd5bf, 0x801f, 0xd5bf, 0xd5bf, 0x801f, 0xd5bf, 0xd6df, 0xb6df, } },
	{ { 0xffff, 0x801f, 0xfbff, 0x801f, 0xab5f, 0xfdff, 0x841f, 0xeabf, 0x843f, 0xc6df, 0xad1f, } },
	{ { 0xffff, 0xe0ff, 0xdf7f, 0x2f7f, 0xf2ff, 0xf9ff, 0xe03f, 0x1fdf, 0xdfdf, 0xdfdf, 0xe03f, } },
	{ { 0xf9ff, 0xf6ff, 0xef7f, 0xc03f, 0x3fcf, 0x841f, 0xb5df, 0xb5df, 0xb5df, 0xcd1f, 0xfdff, } },
	{ { 0xffff, 0x841f, 0xb5df, 0xb5df, 0xb41f, 0x85df, 0xb5df, 0xb41f, 0x85df, 0xfbdf, 0xf71f, } },
	{ { 0xfeff, 0xb6df, 0xdabf, 0xdc7f, 0xf01f, 0x1eff, 0xdc7f, 0xdabf, 0xd6df, 0xdeff, 0x201f, } },
	{ { 0x7f5f, 0xbf6f, 0xe01f, 0x6f7f, 0xa06f, 0xeb6f, 0xe25f, 0xab9f, 0xa53f, 0xaeaf, 0x59cf, } },
	{ { 0xffff, 0x801f, 0xf7ff, 0x801f, 0xb6df, 0xb0df, 0xb6df, 0xb6df, 0xb0df, 0xb6df, 0x801f, } },
	{ { 0xddbf, 0xd81f, 0xddbf, 0x081f, 0xdbdf, 0xc81f, 0x881f, 0x9eff, 0x501f, 0xdd7f, 0xd38f, } },
	{ { 0xfbff, 0xfbff, 0x801f, 0xf1ff, 0xf1ff, 0xeaff, 0xeaff, 0xdb7f, 0xbbbf, 0xfbdf, 0xfbff, } },
	{ { 0xffff, 0xc03f, 0xdfbf, 0xdfbf, 0xc03f, 0xdfbf, 0xdfbf, 0xc03f, 0xdfbf, 0xdfbf, 0xc03f, } },
	{ { 0xffff, 0x801f, 0xffff, 0xc03f, 0xbfdf, 0x801f, 0xbdff, 0x801f, 0xbdff, 0xbaff, 0x471f, } },
	{ { 0xffff, 0x841f, 0x841f, 0xb5df, 0x841f, 0xbfdf, 0xa0df, 0xaedf, 0xaedf, 0xb1df, 0xbf9f, } },
	{ { 0xfbff, 0x801f, 0xefff, 0xee7f, 0xddbf, 0xdabf, 0xb33f, 0xdd7f, 0xdeff, 0xdd7f, 0xd39f, } },
	{ { 0xffff, 0x041f, 0x57bf, 0x067f, 0x57bf, 0x841f, 0xdf5f, 0x875f, 0xdf3f, 0xc57f, 0x1e7f, } },
	{ { 0xdfff, 0xd87f, 0xbb7f, 0x5b5f, 0xd79f, 0xb83f, 0x7fbf, 0xbbbf, 0xbd7f, 0xbcff, 0xa31f, } },
	{ { 0xedff, 0xddff, 0xb41f, 0xcddf, 0xdbdf, 0xa6df, 0x8f5f, 0xef5f, 0xa7df, 0xafdf, 0xef3f, } },
	{ { 0xeeff, 0x801f, 0xeeff, 0xfbff, 0x909f, 0xe67f, 0x909f, 0xfbff, 0x801f, 0xeb7f, 0x9b9f, } },
	{ { 0xdfff, 0xd81f, 0x0bdf, 0xfbdf, 0x0bdf, 0x081f, 0xfb7f, 0x0b7f, 0x6bbf, 0x6bdf, 0x97ef, } },
	{ { 0xffff, 0x881f, 0xa81f, 0xac9f, 0xdd7f, 0xd81f, 0x937f, 0x881f, 0x9b7f, 0x881f, 0x981f, } },
	{ { 0x7eff, 0xbeff, 0xd01f, 0x76df, 0xb6df, 0xd6df, 0xf01f, 0xd6df, 0xd6df, 0xb6df, 0x701f, } },
	{ { 0xd03f, 0xd87f, 0xd87f, 0xb03f, 0xafdf, 0x6a5f, 0xb5ff, 0xb43f, 0xb87f, 0xb6ff, 0xa91f, } },
	{ { 0xc07f, 0xf6ff, 0xf9ff, 0x801f, 0xbbdf, 0xc03f, 0xfbff, 0x801f, 0xfbdf, 0xf7df, 0x8e3f, } },
	{ { 0xefff, 0xefff, 0x801f, 0xefff, 0xe03f, 0xcfbf, 0xd7bf, 0xdb7f, 0xbcff, 0xbcff, 0xe31f, } },
	{ { 0xf7ff, 0xf7ff, 0x801f, 0xefff, 0xd03f, 0xafbf, 0xc03f, 0xdfbf, 0xc03f, 0xdfbf, 0xde3f, } },
	{ { 0xfbff, 0xfbff, 0xc03f, 0xbbdf, 0xbbdf, 0xbbdf, 0x801f, 0xbbdf, 0xbbdf, 0xbbdf, 0xc03f, } },
	{ { 0xbd7f, 0xbbbf, 0x17df, 0xdd7f, 0xbbbf, 0x97df, 0x183f, 0x3bbf, 0xbbbf, 0xbbbf, 0xb83f, } },
	{ { 0xfbff, 0xbb7f, 0xd11f, 0xdaff, 0xf11f, 0x15bf, 0xd51f, 0xd5bf, 0xd5bf, 0xdb3f, 0x200f, } },
	{ { 0xffff, 0xc03f, 0xff7f, 0xfaff, 0xfdff, 0x801f, 0xfddf, 0xfdbf, 0xfdff, 0xfdff, 0xf1ff, } },
	{ { 0xfbff, 0xf5ff, 0xee7f, 0xdf9f, 0x207f, 0xfbff, 0x801f, 0xfbff, 0xcb7f, 0xbbbf, 0x63df, } },
	{ { 0xdfff, 0xdfff, 0xc01f, 0xdfff, 0xc03f, 0xffbf, 0xffbf, 0x000f, 0xffbf, 0xffbf, 0xe07f, } },
	{ { 0xffff, 0x081f, 0xec3f, 0x9bdf, 0xd81f, 0x0bdf, 0xc81f, 0xdbdf, 0xdc3f, 0xddbf, 0x9bdf, } },
	{ { 0xfeff, 0xdeff, 0xdc1f, 0xd6df, 0xb6df, 0xaedf, 0xcedf, 0xdedf, 0xd6df, 0xb5df, 0x09bf, } },
	{ { 0xdbbf, 0xdd7f, 0xd01f, 0x083f, 0xdeff, 0xd01f, 0x9edf, 0x92bf, 0x5c7f, 0xdabf, 0xd4df, } },
	{ { 0x7dff, 0xa01f, 0xefdf, 0x7a7f, 0xb7bf, 0xfa7f, 0xf7bf, 0xa85f, 0xb7bf, 0xb7bf, 0x703f, } },
	{ { 0x801f, 0xbbdf, 0xbbdf, 0x801f, 0xbbdf, 0xbbdf, 0x801f, 0xbbdf, 0xbbdf, 0xbbdf, 0x7b3f, } },
	{ { 0xef7f, 0x801f, 0xdb7f, 0x801f, 0xdb7f, 0xdcff, 0xe03f, 0xfbff, 0x801f, 0xeb7f, 0x9b9f, } },
	{ { 0x801f, 0xf6ff, 0x801f, 0xb6df, 0xb6df, 0xc03f, 0xf7ff, 0x801f, 0xce7f, 0xf1ff, 0x861f, } },
	{ { 0xeeff, 0x801f, 0xc03f, 0x801f, 0xf6ff, 0xcf7f, 0x309f, 0xc03f, 0xc05f, 0xddbf, 0x861f, } },
	{ { 0xfeff, 0xd6ff, 0xba1f, 0x6d5f, 0xd55f, 0xbb5f, 0x477f, 0xba7f, 0xbabf, 0xbabf, 0xc5cf, } },
	{ { 0x843f, 0xe73f, 0xd6bf, 0xb5bf, 0xc07f, 0xc07f, 0xeeff, 0xc07f, 0x803f, 0xeeff, 0x9f1f, } },
	{ { 0xfbff, 0xfbff, 0x801f, 0xdbff, 0xdb7f, 0xeaff, 0x801f, 0xf2ff, 0xeb7f, 0xdbbf, 0x3bcf, } },
	{ { 0xdfff, 0x041f, 0xde3f, 0x8ddf, 0x541f, 0x05df, 0xdc1f, 0x8ddf, 0x8c1f, 0x56bf, 0xd9df, } },
	{ { 0xeeff, 0x801f, 0xeeff, 0xbc7f, 0xdb7f, 0xb4ff, 0xdd7f, 0xf39f, 0xd87f, 0xd7bf, 0xb87f, } },
	{ { 0xf2ff, 0x8eff, 0xeeff, 0x82ff, 0xeeff, 0xeeff, 0x82ff, 0xbaff, 0xbadf, 0xbadf, 0xc61f, } },
	{ { 0xffdf, 0xe6df, 0x8edf, 0xeedf, 0x82df, 0xeedf, 0xc6df, 0xc6df, 0xafdf, 0xefdf, 0xef1f, } },
	{ { 0xffff, 0x883f, 0xd6df, 0xd6df, 0xd01f, 0x86df, 0xd83f, 0xdeff, 0xc83f, 0xbeff, 0xf01f, } },
	{ { 0xfbff, 0x801f, 0xffff, 0xc03f, 0xdbbf, 0xe07f, 0xfbff, 0x801f, 0xe5bf, 0xce7f, 0x239f, } },
	{ { 0xffff, 0xc03f, 0xdbbf, 0xc03f, 0xdbbf, 0xdbbf, 0xe07f, 0xfbff, 0xc03f, 0xfbff, 0x801f, } },
	{ { 0xeebf, 0x82bf, 0xe41f, 0xa8bf, 0x82bf, 0xee1f, 0x82bf, 0xaa1f, 0x9abf, 0x82bf, 0xba1f, } },
	{ { 0xfbff, 0x801f, 0xbbdf, 0xd53f, 0xfbff, 0xd6bf, 0xa05f, 0xfbff, 0x801f, 0xfbff, 0xfbff, } },
	{ { 0xfbff, 0xfbff, 0x801f, 0xdf7f, 0xdf7f, 0xef7f, 0xef7f, 0xef7f, 0xeeff, 0xeeff, 0x801f, } },
	{ { 0xbeff, 0xd01f, 0xedff, 0xbbbf, 0xd85f, 0xefdf, 0xf57f, 0xd57f, 0xd55f, 0xd55f, 0xad9f, } },
	{ { 0xfbff, 0x801f, 0xeeff, 0x801f, 0xffff, 0xc03f, 0xdbbf, 0xc03f, 0xdbbf, 0xe05f, 0xf81f, } },
	{ { 0xddff, 0xdc1f, 0x83ff, 0xdddf, 0xc83f, 0xd55f, 0xd53f, 0xd57f, 0xd5bf, 0xd5bf, 0xaddf, } },
	{ { 0xffff, 0xc03f, 0xff7f, 0xfeff, 0xfdff, 0xfeff, 0xff7f, 0xff7f, 0xdf7f, 0xeeff, 0xf1ff, } },
	{ { 0xdfbf, 0xdbbf, 0x55bf, 0x8ebf, 0xdbbf, 0x0dbf, 0xdebf, 0x8f8f, 0x883f, 0x5fbf, 0xdfbf, } },
	{ { 0xfdff, 0xc01f, 0x5dff, 0x801f, 0xdb7f, 0xc79f, 0x987f, 0x903f, 0x587f, 0xb5bf, 0x69df, } },
	{ { 0xfbff, 0xfbff, 0x803f, 0xbfbf, 0x803f, 0xbfbf, 0x803f, 0xbbdf, 0xbdbf, 0xbe7f, 0x879f, } },
	{ { 0xc07f, 0xbfbf, 0x803f, 0xffff, 0x001f, 0x803f, 0x803f, 0xfbff, 0x803f, 0xfbff, 0x001f, } },
	{ { 0xfbff, 0xfbff, 0x801f, 0xfbdf, 0xfbdf, 0xf7df, 0xf7df, 0xefdf, 0xefdf, 0xdfdf, 0xbc3f, } },
	{ { 0xec3f, 0xdfbf, 0xb43f, 0xcfbf, 0xd81f, 0xa6ff, 0x88bf, 0xee7f, 0xac7f, 0xaabf, 0xeedf, } },
	{ { 0xf9ff, 0xf6ff, 0xef7f, 0xdfbf, 0x204f, 0xffff, 0x803f, 0xf7bf, 0xf7bf, 0xf7bf, 0xf67f, } },
	{ { 0xdfdf, 0xc15f, 0xd75f, 0xb15f, 0xb55f, 0x755f, 0xa55f, 0xa95f, 0xbd5f, 0xbbdf, 0xb73f, } },
	{ { 0xfeff, 0xbd7f, 0xbbbf, 0xd7df, 0xf83f, 0xffff, 0xd01f, 0xdddf, 0xdddf, 0xbd5f, 0xbdbf, } },
	{ { 0xefff, 0xeeff, 0x82ff, 0xfaff, 0xf6ff, 0xeeff, 0xc6ff, 0xaaff, 0xeedf, 0xeedf, 0xee1f, } },
	{ { 0xc03f, 0xfbff, 0x001f, 0x5adf, 0xe33f, 0xf8ff, 0xc71f, 0x38ef, 0xc33f, 0xfbbf, 0xfa7f, } },
	{ { 0x861f, 0xffff, 0x861f, 0xb6df, 0xc05f, 0x803f, 0xb6df, 0x801f, 0xa21f, 0xaeff, 0x431f, } },
	{ { 0x801f, 0xb77f, 0x821f, 0xb77f, 0xa23f, 0xa55f, 0x977f, 0xbdff, 0xac3f, 0x6dff, 0x401f, } },
	{ { 0x81df, 0xeedf, 0xc2df, 0xbadf, 0xcadf, 0xf6df, 0xefdf, 0x9f3f, 0xedff, 0xb6df, 0xb6df, } },
	{ { 0xdeff, 0xb81f, 0x6eff, 0x981f, 0xbadf, 0x481f, 0x101f, 0xde7f, 0x5cbf, 0x5adf, 0xd6ef, } },
	{ { 0xfeff, 0xb01f, 0xdeff, 0xd01f, 0xf6df, 0x101f, 0xd01f, 0xdeff, 0xd01f, 0xdeff, 0x200f, } },
	{ { 0xffff, 0x801f, 0xfbff, 0x801f, 0xbadf, 0xcc3f, 0xb6bf, 0xcf3f, 0xa41f, 0xadbf, 0x843f, } },
	{ { 0xb7bf, 0xdb7f, 0x801f, 0xbbdf, 0xbbdf, 0xc03f, 0xfbbf, 0xf7bf, 0xf7bf, 0xefbf, 0x9c7f, } },
	{ { 0xfbff, 0xfbdf, 0xc0bf, 0xfb7f, 0x801f, 0xf9ff, 0xe7bf, 0x8e7f, 0xe1df, 0xefdf, 0xe01f, } },
	{ { 0xdc3f, 0xafbf, 0x743f, 0x0fbf, 0xd81f, 0x16ff, 0xd8bf, 0x567f, 0x8c7f, 0xdabf, 0x06df, } },
	{ { 0xfbff, 0xc63f, 0xeddf, 0x81df, 0xeddf, 0xe5df, 0xc5df, 0xc5df, 0xaddf, 0xeddf, 0xee3f, } },
	{ { 0xdfdf, 0xd83f, 0x8f7f, 0xf81f, 0x8f7f, 0x8f7f, 0xf81f, 0x8bdf, 0xabdf, 0xabdf, 0xdc3f, } },
	{ { 0x8eff, 0xa01f, 0xa7df, 0xafff, 0x891f, 0xa55f, 0xa95f, 0x891f, 0xad7f, 0xab5f, 0xa71f, } },
	{ { 0xfeff, 0xb01f, 0xdbbf, 0x701f, 0xbfff, 0xf01f, 0xf6df, 0xd01f, 0xd6df, 0xbeff, 0x7e1f, } },
	{ { 0x861f, 0xf7df, 0x965f, 0xf7df, 0x965f, 0xfbff, 0xc03f, 0xdfbf, 0xc03f, 0xdfbf, 0xc03f, } },
	{ { 0xeeff, 0xeeff, 0x841f, 0xeddf, 0xebdf, 0xc5df, 0xc5bf, 0xaebf, 0xaf7f, 0xeebf, 0xeddf, } },
	{ { 0xedff, 0x803f, 0xedbf, 0x001f, 0xeddf, 0xc01f, 0xdf7f, 0xc07f, 0xdf7f, 0xc07f, 0x9f3f, } },
	{ { 0xf1ff, 0xce7f, 0xbfbf, 0xbfbf, 0x7fdf, 0x7fdf, 0x7fdf, 0xbfbf, 0xbfbf, 0xce7f, 0xf1ff, } },
	{ { 0xffff, 0xbfbf, 0xdf7f, 0xeeff, 0xf5ff, 0xfbff, 0xf5ff, 0xeeff, 0xdf7f, 0xbfbf, 0xffff, } },
	{ { 0xffff, 0xc01f, 0xdfdf, 0xdfdf, 0xdfdf, 0xdfdf, 0xdfdf, 0xdfdf, 0xdfdf, 0xc01f, 0xffff, } },
	{ { 0xf9ff, 0xf5ff, 0xf6ff, 0xeeff, 0xef7f, 0xdf7f, 0xdfbf, 0xbfbf, 0xbfdf, 0x001f, 0xffff, } },
	{ { 0xf7ff, 0xf7ff, 0x001f, 0xf7ff, 0xefff, 0xefff, 0xc07f, 0xafbf, 0x6fbf, 0xefbf, 0xf07f, } },
	{ { 0xf7ff, 0xf7ff, 0x001f, 0xefff, 0xefff, 0xe03f, 0xddff, 0xddff, 0xbdff, 0x7dff, 0xc01f, } },
	{ { 0xfbff, 0x803f, 0xdf7f, 0xeeff, 0x001f, 0xffff, 0xe0ff, 0xdf7f, 0xc07f, 0xdf7f, 0xe0ff, } },
	{ { 0xe0ff, 0xdf7f, 0xbfbf, 0x6edf, 0x6edf, 0x7fdf, 0x7fdf, 0x6edf, 0xb1bf, 0xdf7f, 0xe0ff, } },
	{ { 0xffdf, 0xffbf, 0xff7f, 0xfeff, 0xfdff, 0xfbff, 0xf7ff, 0xefff, 0xdfff, 0xbfff, 0x7fff, } },
	{ { 0xffff, 0xffff, 0xe07f, 0xcf3f, 0xcf3f, 0xcfff, 0xcfff, 0xcc3f, 0xcf3f, 0xcf3f, 0xe07f, } },
	{ { 0xffff, 0xffff, 0xc07f, 0xe73f, 0xe73f, 0xe77f, 0xe03f, 0xe79f, 0xe79f, 0xe79f, 0xc03f, } },
	{ { 0xffff, 0xffff, 0xffff, 0x9e7f, 0x9e7f, 0xfe5f, 0xf81f, 0x9e7f, 0x9e7f, 0x9e5f, 0x8e1f, } },
	{ { 0xbebf, 0xb81f, 0x0eff, 0xe81f, 0xdadf, 0xa81f, 0x1adf, 0xa81f, 0xbadf, 0xbadf, 0xba9f, } },
	{ { 0x801f, 0xbfdf, 0x801f, 0xbfdf, 0xc03f, 0xef7f, 0xe07f, 0xef7f, 0xe07f, 0xef7f, 0xf0ff, } },
	{ { 0x601f, 0xadff, 0xe83f, 0x6bbf, 0xa83f, 0xebbf, 0xec7f, 0xaeff, 0xaabf, 0x56df, 0x5cff, } },
	{ { 0x000f, 0x5fef, 0x6fef, 0x77ef, 0x7bef, 0x7def, 0x7eef, 0x7f6f, 0x7faf, 0x7fcf, 0x000f, } },
};
// clang-format on
#else
// clang-format off
uint16_t CHAR_TO_GLYPH_TABLE[NUM_GLYPHS] = {
	0x8260, 0x8261, 0x8262, 0x8263, 0x8264, 0x8265, 0x8266, 0x8267,
	0x8268, 0x8269, 0x826a, 0x826b, 0x826c, 0x826d, 0x826e, 0x826f,
	0x8270, 0x8271, 0x8272, 0x8273, 0x8274, 0x8275, 0x8276, 0x8277,
	0x8278, 0x8279, 0x8281, 0x8282, 0x8283, 0x8284, 0x8285, 0x8286,
	0x8287, 0x8288, 0x8289, 0x828a, 0x828b, 0x828c, 0x828d, 0x828e,
	0x828f, 0x8290, 0x8291, 0x8292, 0x8293, 0x8294, 0x8295, 0x8296,
	0x8297, 0x8298, 0x8299, 0x829a, 0x824f, 0x8250, 0x8251, 0x8252,
	0x8253, 0x8254, 0x8255, 0x8256, 0x8257, 0x8258, 0x8140, 0x8142,
	0x8148, 0x8149, 0x8176, 0x8175, 0x8143, 0x815f, 0x8146, 0x8147,
	0x817b, 0x817c, 0x8181, 0x819b, 0x81a0, 0x81a2, 0x817e,
};
// clang-format on

// clang-format off
GlyphData GLYPH_DATA[NUM_GLYPHS] = {
	{ { 0xf3ff, 0xedff, 0xddff, 0xdeff, 0xbeff, 0x80ff, 0x7f7f, 0x7f7f, 0x7f7f, 0x7f7f, 0xffff, }, 12 },
	{ { 0x01ff, 0x7eff, 0x7eff, 0x01ff, 0x7eff, 0x7f7f, 0x7f7f, 0x7f7f, 0x7f7f, 0x00ff, 0xffff, }, 12 },
	{ { 0xe0ff, 0x9f7f, 0x7f7f, 0x7fff, 0x7fff, 0x7fff, 0x7fff, 0x7f7f, 0x9f7f, 0xe0ff, 0xffff, }, 12 },
	{ { 0x03ff, 0x7cff, 0x7f7f, 0x7f7f, 0x7f7f, 0x7f7f, 0x7f7f, 0x7f7f, 0x7cff, 0x03ff, 0xffff, }, 12 },
	{ { 0x007f, 0x7fff, 0x7fff, 0x7fff, 0x01ff, 0x7fff, 0x7fff, 0x7fff, 0x7fff, 0x007f, 0xffff, }, 12 },
	{ { 0x007f, 0x7fff, 0x7fff, 0x7fff, 0x01ff, 0x7fff, 0x7fff, 0x7fff, 0x7fff, 0x7fff, 0xffff, }, 12 },
	{ { 0xe1ff, 0x9eff, 0x7eff, 0x7fff, 0x7fff, 0x7c7f, 0x7f7f, 0x7f7f, 0x9eff, 0xe1ff, 0xffff, }, 12 },
	{ { 0x7f7f, 0x7f7f, 0x7f7f, 0x7f7f, 0x007f, 0x7f7f, 0x7f7f, 0x7f7f, 0x7f7f, 0x7f7f, 0xffff, }, 12 },
	{ { 0x00ff, 0xefff, 0xefff, 0xefff, 0xefff, 0xefff, 0xefff, 0xefff, 0xefff, 0x00ff, 0xffff, }, 12 },
	{ { 0xff7f, 0xff7f, 0xff7f, 0xff7f, 0xff7f, 0xff7f, 0xff7f, 0x7e7f, 0xbcff, 0xc1ff, 0xffff, }, 12 },
	{ { 0x7cff, 0x79ff, 0x73ff, 0x67ff, 0x0fff, 0x67ff, 0x73ff, 0x79ff, 0x7cff, 0x7e7f, 0xffff, }, 12 },
	{ { 0x7fff, 0x7fff, 0x7fff, 0x7fff, 0x7fff, 0x7fff, 0x7fff, 0x7fff, 0x7fff, 0x007f, 0xffff, }, 12 },
	{ { 0x3f7f, 0x1e7f, 0x4c7f, 0x617f, 0x737f, 0x7f7f, 0x7f7f, 0x7f7f, 0x7f7f, 0x7f7f, 0xffff, }, 12 },
	{ { 0x3f7f, 0x1f7f, 0x4f7f, 0x677f, 0x777f, 0x737f, 0x7b7f, 0x797f, 0x7c7f, 0x7e7f, 0xffff, }, 12 },
	{ { 0xc1ff, 0xbeff, 0x7f7f, 0x7f7f, 0x7f7f, 0x7f7f, 0x7f7f, 0x7f7f, 0xbeff, 0xc1ff, 0xffff, }, 12 },
	{ { 0x01ff, 0x7eff, 0x7f7f, 0x7f7f, 0x7eff, 0x01ff, 0x7fff, 0x7fff, 0x7fff, 0x7fff, 0xffff, }, 12 },
	{ { 0xc1ff, 0xbeff, 0x7f7f, 0x7f7f, 0x7f7f, 0x7f7f, 0x7f7f, 0x7d7f, 0xbeff, 0xc17f, 0xffff, }, 12 },
	{ { 0x01ff, 0x7eff, 0x7f7f, 0x7f7f, 0x7eff, 0x01ff, 0x07ff, 0x73ff, 0x79ff, 0x7e7f, 0xffff, }, 12 },
	{ { 0xc1ff, 0xbeff, 0x7eff, 0x7fff, 0x3fff, 0xc0ff, 0xff7f, 0x7f7f, 0x3e7f, 0x80ff, 0xffff, }, 12 },
	{ { 0x007f, 0xf7ff, 0xf7ff, 0xf7ff, 0xf7ff, 0xf7ff, 0xf7ff, 0xf7ff, 0xf7ff, 0xf7ff, 0xffff, }, 12 },
	{ { 0x7f7f, 0x7f7f, 0x7f7f, 0x7f7f, 0x7f7f, 0x7f7f, 0x7f7f, 0x7f7f, 0x9cff, 0xe3ff, 0xffff, }, 12 },
	{ { 0x7f7f, 0x7f7f, 0x7f7f, 0x7eff, 0xbeff, 0xbeff, 0xbdff, 0xddff, 0xdbff, 0xe7ff, 0xffff, }, 12 },
	{ { 0x7f7f, 0x7f7f, 0x7f7f, 0x7f7f, 0x777f, 0x777f, 0x62ff, 0xaaff, 0x8dff, 0xddff, 0xffff, }, 12 },
	{ { 0x7f7f, 0xbeff, 0xddff, 0xebff, 0xf7ff, 0xf7ff, 0xebff, 0xddff, 0xbeff, 0x7f7f, 0xffff, }, 12 },
	{ { 0x7f7f, 0xbeff, 0xddff, 0xebff, 0xf7ff, 0xf7ff, 0xf7ff, 0xf7ff, 0xf7ff, 0xf7ff, 0xffff, }, 12 },
	{ { 0x007f, 0xfeff, 0xfdff, 0xfbff, 0xf7ff, 0xefff, 0xdfff, 0xbfff, 0x7fff, 0x007f, 0xffff, }, 12 },
	{ { 0xffff, 0xffff, 0xcfff, 0xb7ff, 0xefff, 0x97ff, 0x77ff, 0x77ff, 0x8bff, 0xffff, 0xffff, }, 8 },
	{ { 0x7fff, 0x7fff, 0x7fff, 0x47ff, 0x3bff, 0x7bff, 0x7bff, 0x3bff, 0x47ff, 0xffff, 0xffff, }, 8 },
	{ { 0xffff, 0xffff, 0xffff, 0x87ff, 0x7bff, 0x7fff, 0x7fff, 0x7bff, 0x87ff, 0xffff, 0xffff, }, 8 },
	{ { 0xfbff, 0xfbff, 0xfbff, 0xcbff, 0xb3ff, 0x7bff, 0x7bff, 0xb7ff, 0xcbff, 0xffff, 0xffff, }, 8 },
	{ { 0xffff, 0xffff, 0xffff, 0x87ff, 0x7bff, 0x03ff, 0x7fff, 0x7bff, 0x87ff, 0xffff, 0xffff, }, 8 },
	{ { 0xcfff, 0xbfff, 0xbfff, 0x0fff, 0xbfff, 0xbfff, 0xbfff, 0xbfff, 0xbfff, 0xffff, 0xffff, }, 6 },
	{ { 0xffff, 0xffff, 0xffff, 0x8fff, 0x77ff, 0x77ff, 0x77ff, 0x67ff, 0x97ff, 0x77ff, 0x8fff, }, 8 },
	{ { 0x7fff, 0x7fff, 0x7fff, 0x47ff, 0x3bff, 0x7bff, 0x7bff, 0x7bff, 0x7bff, 0xffff, 0xffff, }, 8 },
	{ { 0x7fff, 0xffff, 0xffff, 0x7fff, 0x7fff, 0x7fff, 0x7fff, 0x7fff, 0x7fff, 0xffff, 0xffff, }, 4 },
	{ { 0xbfff, 0xffff, 0xffff, 0xbfff, 0xbfff, 0xbfff, 0xbfff, 0xbfff, 0xbfff, 0xbfff, 0x3fff, }, 6 },
	{ { 0x7fff, 0x7fff, 0x7fff, 0x77ff, 0x2fff, 0x1fff, 0x5fff, 0x6fff, 0x77ff, 0xffff, 0xffff, }, 8 },
	{ { 0x7fff, 0x7fff, 0x7fff, 0x7fff, 0x7fff, 0x7fff, 0x7fff, 0x7fff, 0x7fff, 0xffff, 0xffff, }, 4 },
	{ { 0xffff, 0xffff, 0xffff, 0x57ff, 0x2bff, 0x6bff, 0x6bff, 0x6bff, 0x6bff, 0xffff, 0xffff, }, 8 },
	{ { 0xffff, 0xffff, 0xffff, 0x47ff, 0x3bff, 0x7bff, 0x7bff, 0x7bff, 0x7bff, 0xffff, 0xffff, }, 8 },
	{ { 0xffff, 0xffff, 0xffff, 0x87ff, 0x7bff, 0x7bff, 0x7bff, 0x7bff, 0x87ff, 0xffff, 0xffff, }, 8 },
	{ { 0xffff, 0xffff, 0xffff, 0x07ff, 0x7bff, 0x7bff, 0x7bff, 0x07ff, 0x7fff, 0x7fff, 0x7fff, }, 8 },
	{ { 0xffff, 0xffff, 0xffff, 0x8bff, 0x73ff, 0x7bff, 0x7bff, 0x73ff, 0x8bff, 0xfaff, 0xf9ff, }, 8 },
	{ { 0xffff, 0xffff, 0xffff, 0x47ff, 0x3bff, 0x7fff, 0x7fff, 0x7fff, 0x7fff, 0xffff, 0xffff, }, 8 },
	{ { 0xffff, 0xffff, 0xffff, 0x87ff, 0x7bff, 0x87ff, 0xfbff, 0x7bff, 0x87ff, 0xffff, 0xffff, }, 8 },
	{ { 0xdfff, 0xdfff, 0x07ff, 0xdfff, 0xdfff, 0xdfff, 0xdfff, 0xdbff, 0xe7ff, 0xffff, 0xffff, }, 8 },
	{ { 0xffff, 0xffff, 0xffff, 0x7bff, 0x7bff, 0x7bff, 0x7bff, 0x73ff, 0x8bff, 0xffff, 0xffff, }, 8 },
	{ { 0xffff, 0xffff, 0xffff, 0x7bff, 0x7bff, 0xb7ff, 0xb7ff, 0xcfff, 0xefff, 0xffff, 0xffff, }, 8 },
	{ { 0xffff, 0xffff, 0xffff, 0xffff, 0x7bff, 0x7bff, 0x7bff, 0x4bff, 0xb7ff, 0xffff, 0xffff, }, 8 },
	{ { 0xffff, 0xffff, 0x7bff, 0x7bff, 0xb7ff, 0xcfff, 0xb7ff, 0x7bff, 0x7bff, 0xffff, 0xffff, }, 8 },
	{ { 0xffff, 0xffff, 0xffff, 0x7bff, 0x7bff, 0x7bff, 0x73ff, 0x8bff, 0xfbff, 0xfbff, 0x07ff, }, 8 },
	{ { 0xffff, 0xffff, 0xffff, 0x03ff, 0xf3ff, 0xe7ff, 0x9fff, 0x3fff, 0x03ff, 0xffff, 0xffff, }, 8 },
	{ { 0x87ff, 0x7bff, 0x73ff, 0x73ff, 0x6bff, 0x6bff, 0x5bff, 0x5bff, 0x3bff, 0x87ff, 0xffff, }, 8 },
	{ { 0xefff, 0xcfff, 0xefff, 0xefff, 0xefff, 0xefff, 0xefff, 0xefff, 0xefff, 0xefff, 0xffff, }, 8 },
	{ { 0x87ff, 0x7bff, 0x7bff, 0xfbff, 0xfbff, 0x87ff, 0x7fff, 0x7fff, 0x7fff, 0x03ff, 0xffff, }, 8 },
	{ { 0x87ff, 0x7bff, 0xfbff, 0xfbff, 0x87ff, 0xfbff, 0xfbff, 0x7bff, 0x7bff, 0x87ff, 0xffff, }, 8 },
	{ { 0xf7ff, 0xe7ff, 0xd7ff, 0xb7ff, 0xb7ff, 0x77ff, 0x77ff, 0x03ff, 0xf7ff, 0xf7ff, 0xffff, }, 8 },
	{ { 0x03ff, 0x7fff, 0x7fff, 0x07ff, 0xfbff, 0xfbff, 0xfbff, 0x7bff, 0x7bff, 0x87ff, 0xffff, }, 8 },
	{ { 0x87ff, 0x7bff, 0x7fff, 0x07ff, 0x7bff, 0x7bff, 0x7bff, 0x7bff, 0x7bff, 0x87ff, 0xffff, }, 8 },
	{ { 0x03ff, 0xfbff, 0xfbff, 0xf7ff, 0xf7ff, 0xefff, 0xefff, 0xdfff, 0xdfff, 0xdfff, 0xffff, }, 8 },
	{ { 0x87ff, 0x7bff, 0x7bff, 0x7bff, 0x87ff, 0x7bff, 0x7bff, 0x7bff, 0x7bff, 0x87ff, 0xffff, }, 8 },
	{ { 0x87ff, 0x7bff, 0x7bff, 0x7bff, 0x7bff, 0x7bff, 0x83ff, 0xfbff, 0x7bff, 0x87ff, 0xffff, }, 8 },
	{ { 0xffff, 0xffff, 0xffff, 0xffff, 0xffff, 0xffff, 0xffff, 0xffff, 0xffff, 0xffff, 0xffff, }, 4 },
	{ { 0xffff, 0xffff, 0xffff, 0xffff, 0xffff, 0xffff, 0xffff, 0xcfff, 0xcfff, 0xffff, 0xffff, }, 5 },
	{ { 0x87ff, 0x7bff, 0x7bff, 0xfbff, 0xfbff, 0xf7ff, 0xefff, 0xefff, 0xffff, 0xefff, 0xffff, }, 8 },
	{ { 0xdfff, 0xdfff, 0xdfff, 0xdfff, 0xdfff, 0xdfff, 0xdfff, 0xffff, 0xffff, 0xdfff, 0xffff, }, 5 },
	{ { 0xd7ff, 0xd7ff, 0xd7ff, 0xffff, 0xffff, 0xffff, 0xffff, 0xffff, 0xffff, 0xffff, 0xffff, }, 8 },
	{ { 0xffff, 0xdfff, 0xdfff, 0xdfff, 0xffff, 0xffff, 0xffff, 0xffff, 0xffff, 0xffff, 0xffff, }, 5 },
	{ { 0xffff, 0xffff, 0xffff, 0xffff, 0xffff, 0xffff, 0xcfff, 0xcfff, 0xefff, 0xdfff, 0xffff, }, 5 },
	{ { 0x3fff, 0x3fff, 0x9fff, 0x9fff, 0xcfff, 0xcfff, 0xe7ff, 0xe7ff, 0xf3ff, 0xf3ff, 0xffff, }, 8 },
	{ { 0xffff, 0xffff, 0xcfff, 0xcfff, 0xffff, 0xffff, 0xcfff, 0xcfff, 0xffff, 0xffff, 0xffff, }, 5 },
	{ { 0xffff, 0xffff, 0xcfff, 0xcfff, 0xffff, 0xffff, 0xcfff, 0xcfff, 0xefff, 0xffff, 0xffff, }, 5 },
	{ { 0xffff, 0xffff, 0xf7ff, 0xf7ff, 0xf7ff, 0x80ff, 0xf7ff, 0xf7ff, 0xf7ff, 0xffff, 0xffff, }, 12 },
	{ { 0xffff, 0xffff, 0xffff, 0xffff, 0xffff, 0x80ff, 0xffff, 0xffff, 0xffff, 0xffff, 0xffff, }, 12 },
	{ { 0xffff, 0xffff, 0xffff, 0x80ff, 0xffff, 0xffff, 0x80ff, 0xffff, 0xffff, 0xffff, 0xffff, }, 12 },
	{ { 0xffff, 0xe3ff, 0x9cff, 0xbeff, 0x7f7f, 0x7f7f, 0x7f7f, 0xbeff, 0x9cff, 0xe3ff, 0xffff, }, 12 },
	{ { 0xffff, 0x007f, 0x7f7f, 0x7f7f, 0x7f7f, 0x7f7f, 0x7f7f, 0x7f7f, 0x7f7f, 0x007f, 0xffff, }, 12 },
	{ { 0xffff, 0x7f7f, 0xbeff, 0xddff, 0xebff, 0xf7ff, 0xebff, 0xddff, 0xbeff, 0x7f7f, 0xffff, }, 12 },
	{ { 0xffff, 0xf7ff, 0xebff, 0xebff, 0xddff, 0xddff, 0xbeff, 0xbeff, 0x7f7f, 0x007f, 0xffff, }, 12 },
};
// clang-format on
#endif

// clang-format off
uint16_t FONT_CLUT[NUM_FONT_CLUT_ENTRIES] = {
	0x0000, 0x6b5a, 0x7c00, 0x14dc, 0x6a7f, 0x4b73, 0x7eb2, 0x03ff,
	0x0400, 0x4210, 0x2e3c, 0x0000, 0x0000, 0x0000, 0x0000, 0x0000,
};
// clang-format on

uint8_t COLORCODE_LOWBITS = 0x01;
uint8_t COLORCODE_HIGHBITS = 0x10;

int32_t GLYPH_DRAWING_AREA_INDEX;
uint8_t GLYPH_DRAWING_AREAS[NUM_RENDER_SLOTS * RENDER_SLOT_SIZE];

void initializeFontCLUT(void)
{
	RECT rect;

	clearTextArea();

	setRECT(&rect, FONT_CLUT_VRAM_X, FONT_CLUT_VRAM_Y, NUM_FONT_CLUT_ENTRIES, 1);
	LoadImage(&rect, (u_long *)FONT_CLUT);
#if VERSION_IS(EU)
	DrawSync(0);
#endif

	GLYPH_DRAWING_AREA_INDEX = 0;
}

void clearTextArea(void)
{
	RECT rect;

	setRECT(&rect, 0, 0, TEXT_AREA_SIZE, TEXT_AREA_SIZE);
	clearTextSubArea(&rect);
}

void clearTextSubArea(RECT *rect)
{
	rect->x = (rect->x / 4) + TEXT_VRAM_X;
	rect->y = rect->y + TEXT_VRAM_Y;
	rect->w >>= 2;
	ClearImage(rect, 0, 0, 0);
#if VERSION_IS(EU)
	DrawSync(0);
#endif
}

void setTextColor(int32_t color)
{
	COLORCODE_LOWBITS = color & 0xf;
	COLORCODE_HIGHBITS = COLORCODE_LOWBITS << 4;
}

#if VERSION_IS(EU)
int32_t drawGlyph(uint16_t codepoint, uint16_t x, uint16_t y)
#elif !VERSION_IS(US)
void drawGlyph(uint16_t codepoint, uint16_t x, uint16_t y)
#else
// clang-format off
int32_t drawGlyph(codepoint, x, y)
	uint16_t codepoint;
	uint16_t x;
	uint16_t y;
// clang-format on
#endif
{
	int32_t n;
	int32_t i;
	int32_t col;
#if VERSION_IS(EU)
	int32_t width;
	uint16_t *p;
	uint16_t code;
	uint16_t rowData;
	uint8_t *drawRow;
	RECT rect;
	uint8_t tmp;
#else
	uint16_t *p;
	RECT rect;
	uint16_t code;
	uint16_t rowData;
	uint8_t tmp;
	uint8_t *drawRow;
#endif

	if ((x < 0) || (x >= TEXT_DRAW_LIMIT)) {
#if !VERSION_IS(US) && !VERSION_IS(EU)
		return;
#else
		return 0;
#endif
	}

	if ((y < 0) || (y >= TEXT_DRAW_LIMIT)) {
#if !VERSION_IS(US) && !VERSION_IS(EU)
		return;
#else
		return 0;
#endif
	}

	code = ((codepoint & 0xff) << 8) + ((codepoint & 0xff00) >> 8);
#if VERSION_IS(EU)
	if (code == 0x8140) {
		return 8;
	}
#elif !VERSION_IS(US)
	if (code == 0x8140) {
		return;
	}
#endif

	CHAR_TO_GLYPH_TABLE[NUM_GLYPHS - 1] = code;

	for (n = 0;; ++n) {
		if (code == CHAR_TO_GLYPH_TABLE[n]) {
			break;
		}
	}

#if VERSION_IS(EU)
	if ((code >= 0x8260 && code < 0x829b) || (code >= 0x824f && code < 0x8259) || (code >= 0x8341 && code < 0x8395) ||
	    code == 0x8148 || code == 0x8149 || code == 0x8166 || code == 0x8143 || code == 0x8144 || code == 0x8146 ||
	    code == 0x817c || code == 0x815e || code == 0x8169 || code == 0x816a) {
		width = 8;
	} else {
		width = 12;
	}
#endif

	p = GLYPH_DATA[n].pixelData;
	GLYPH_DRAWING_AREA_INDEX = (GLYPH_DRAWING_AREA_INDEX + 1) % NUM_RENDER_SLOTS;
	drawRow = GLYPH_DRAWING_AREAS + GLYPH_DRAWING_AREA_INDEX * RENDER_SLOT_SIZE;

	for (i = 0; i < GLYPH_HEIGHT; i++) {
		rowData = *p++;
		col = 0;

		tmp = 0;
		if ((rowData & 0x8000) == 0) {
			tmp |= COLORCODE_LOWBITS;
		}

		if ((rowData & 0x4000) == 0) {
			tmp |= COLORCODE_HIGHBITS;
		}

		*drawRow++ = tmp;

		tmp = 0;
		if ((rowData & 0x2000) == 0) {
			tmp |= COLORCODE_LOWBITS;
		}

		if ((rowData & 0x1000) == 0) {
			tmp |= COLORCODE_HIGHBITS;
		}

		*drawRow++ = tmp;

		tmp = 0;
		if ((rowData & 0x800) == 0) {
			tmp |= COLORCODE_LOWBITS;
		}

		if ((rowData & 0x400) == 0) {
			tmp |= COLORCODE_HIGHBITS;
		}

		*drawRow++ = tmp;

		tmp = 0;
		if ((rowData & 0x200) == 0) {
			tmp |= COLORCODE_LOWBITS;
		}

		if ((rowData & 0x100) == 0) {
			tmp |= COLORCODE_HIGHBITS;
		}

		*drawRow++ = tmp;

		tmp = 0;
		if ((rowData & 0x80) == 0) {
			tmp |= COLORCODE_LOWBITS;
		}

		if ((rowData & 0x40) == 0) {
			tmp |= COLORCODE_HIGHBITS;
		}

		*drawRow++ = tmp;

		tmp = 0;
		if ((rowData & 0x20) == 0) {
			tmp |= COLORCODE_LOWBITS;
		}

		if ((rowData & 0x10) == 0) {
			tmp |= COLORCODE_HIGHBITS;
		}

		*drawRow++ = tmp;
	}

	setRECT(&rect, (x / 4) + TEXT_VRAM_X, y + TEXT_VRAM_Y, GLYPH_CELL_WIDTH / 4, GLYPH_HEIGHT);
	LoadImage(&rect, (u_long *)(GLYPH_DRAWING_AREAS + GLYPH_DRAWING_AREA_INDEX * RENDER_SLOT_SIZE));
#if VERSION_IS(EU)
	DrawSync(0);

	return width;
#elif VERSION_IS(US)

	return *p;
#endif
}

#if !VERSION_IS(US)
void drawString(str, x, y)
	uint16_t *str;
	uint16_t x;
	uint16_t y;
{
	uint16_t codepoint;

	while (*(char *)str != '\0') {
		codepoint = *str++;
#if VERSION_IS(EU)
		x += drawGlyph(codepoint, x, y);
#else
		drawGlyph(codepoint, x, y);
		x += GLYPH_WIDTH;
#endif
	}
}
#else
// clang-format off
void drawString(str, x, y)
	char *str;
	uint16_t x;
	uint16_t y;
// clang-format on
{
	uint16_t codepoint;
	uint16_t hi;
	uint16_t lo;

	while (*str != '\0') {
		if (isAsciiEncoded(str) != 0) {
			if (*str == '.') {
				codepoint = 0x8142;
			} else if (*str == '\'') {
				codepoint = 0x8175;
			} else {
				codepoint = convertAsciiToJis(*str);
			}

			codepoint = swapShortBytes(codepoint);
			str++;
		} else {
			lo = *str;
			str++;
			hi = *str;
			lo = (uint8_t)lo;
			hi = (uint8_t)hi;
			lo = lo << 8;
			str++;
			codepoint = swapShortBytes(lo | hi);
		}

		x += drawGlyph(codepoint, x, y);
	}
}
#endif
