#include <libgs.h>
#include <libgte.h>

#include <dw/graphics.h>
#include <dw/std.h>
#include <dw/types.h>

// clang-format off
GsOT STD_D_8007B684[2] = {
	{
		0x00000000,
		(GsOT_TAG *)0x00000000,
		0x00000000,
		0x00000000,
		(GsOT_TAG *)0x00000000,
	},
	{
		0x00000000,
		(GsOT_TAG *)0x00000000,
		0x00000000,
		0x00000000,
		(GsOT_TAG *)0x00000000,
	},
};

GsOT_TAG STD_D_8007B664[4] = {
	{ 0x000000, 0x00 },
	{ 0x000000, 0x00 },
	{ 0x000000, 0x00 },
	{ 0x000000, 0x00 },
};

GsOT_TAG STD_D_8007B674[4] = {
	{ 0x000000, 0x00 },
	{ 0x000000, 0x00 },
	{ 0x000000, 0x00 },
	{ 0x000000, 0x00 },
};

GsOT STD_D_8007B6AC[2] = {
	{
		0x00000000,
		(GsOT_TAG *)0x00000000,
		0x00000000,
		0x00000000,
		(GsOT_TAG *)0x00000000,
	},
	{
		0x00000000,
		(GsOT_TAG *)0x00000000,
		0x00000000,
		0x00000000,
		(GsOT_TAG *)0x00000000,
	},
};

GsOT_TAG STD_D_8007B6D4[4] = {
	{ 0x000000, 0x00 },
	{ 0x000000, 0x00 },
	{ 0x000000, 0x00 },
	{ 0x000000, 0x00 },
};

GsOT_TAG STD_D_8007B6E4[4] = {
	{ 0x000000, 0x00 },
	{ 0x000000, 0x00 },
	{ 0x000000, 0x00 },
	{ 0x000000, 0x00 },
};

VECTOR STD_D_8007B6F4 = { 0x00000000, 0x00000000, 0x00000000, 0x00000000 };

VECTOR STD_D_8007B704 = { 0x00000000, 0x00000000, 0x00000000, 0x00000000 };

GsOT STD_D_8007B714[2] = {
	{
		0x00000000,
		(GsOT_TAG *)0x00000000,
		0x00000000,
		0x00000000,
		(GsOT_TAG *)0x00000000,
	},
	{
		0x00000000,
		(GsOT_TAG *)0x00000000,
		0x00000000,
		0x00000000,
		(GsOT_TAG *)0x00000000,
	},
};

GsOT_TAG STD_D_8007B73C[32] = {
	{ 0x000000, 0x00 },
	{ 0x000000, 0x00 },
	{ 0x000000, 0x00 },
	{ 0x000000, 0x00 },
	{ 0x000000, 0x00 },
	{ 0x000000, 0x00 },
	{ 0x000000, 0x00 },
	{ 0x000000, 0x00 },
	{ 0x000000, 0x00 },
	{ 0x000000, 0x00 },
	{ 0x000000, 0x00 },
	{ 0x000000, 0x00 },
	{ 0x000000, 0x00 },
	{ 0x000000, 0x00 },
	{ 0x000000, 0x00 },
	{ 0x000000, 0x00 },
	{ 0x000000, 0x00 },
	{ 0x000000, 0x00 },
	{ 0x000000, 0x00 },
	{ 0x000000, 0x00 },
	{ 0x000000, 0x00 },
	{ 0x000000, 0x00 },
	{ 0x000000, 0x00 },
	{ 0x000000, 0x00 },
	{ 0x000000, 0x00 },
	{ 0x000000, 0x00 },
	{ 0x000000, 0x00 },
	{ 0x000000, 0x00 },
	{ 0x000000, 0x00 },
	{ 0x000000, 0x00 },
	{ 0x000000, 0x00 },
	{ 0x000000, 0x00 },
};

GsOT_TAG STD_D_8007B7BC[32] = {
	{ 0x000000, 0x00 },
	{ 0x000000, 0x00 },
	{ 0x000000, 0x00 },
	{ 0x000000, 0x00 },
	{ 0x000000, 0x00 },
	{ 0x000000, 0x00 },
	{ 0x000000, 0x00 },
	{ 0x000000, 0x00 },
	{ 0x000000, 0x00 },
	{ 0x000000, 0x00 },
	{ 0x000000, 0x00 },
	{ 0x000000, 0x00 },
	{ 0x000000, 0x00 },
	{ 0x000000, 0x00 },
	{ 0x000000, 0x00 },
	{ 0x000000, 0x00 },
	{ 0x000000, 0x00 },
	{ 0x000000, 0x00 },
	{ 0x000000, 0x00 },
	{ 0x000000, 0x00 },
	{ 0x000000, 0x00 },
	{ 0x000000, 0x00 },
	{ 0x000000, 0x00 },
	{ 0x000000, 0x00 },
	{ 0x000000, 0x00 },
	{ 0x000000, 0x00 },
	{ 0x000000, 0x00 },
	{ 0x000000, 0x00 },
	{ 0x000000, 0x00 },
	{ 0x000000, 0x00 },
	{ 0x000000, 0x00 },
	{ 0x000000, 0x00 },
};

GsDOBJ2 STD_D_8007B97C[4] = {
	{
		0x00000000,
		(GsCOORDINATE2 *)0x00000000,
		(long unsigned int *)0x632e3243,
		0x230a0d20,
	},
	{
		0x5d312020,
		(GsCOORDINATE2 *)0x616d6120,
		(long unsigned int *)0x6f662053,
		0x20646e75,
	},
	{
		0x4f206e69,
		(GsCOORDINATE2 *)0x5f304c56,
		(long unsigned int *)0x6578655f,
		0x3243535f,
	},
	{
		0x0d20632e,
		(GsCOORDINATE2 *)0x7461440a,
		(long unsigned int *)0x6c432061,
		0x7275736f,
	},
};

GsCOORDINATE2Raw STD_D_8007B83C[4] = {
	{
		{
			0x65, 0x20, 0x28, 0x64, 0x61, 0x74, 0x61, 0x29,
			0x3a, 0x20, 0x6d, 0x75, 0x6c, 0x53, 0x20, 0x66,
			0x6f, 0x75, 0x6e, 0x64, 0x20, 0x69, 0x6e, 0x20,
			0x4f, 0x56, 0x4c, 0x30, 0x5f, 0x5f, 0x65, 0x78,
			0x65, 0x5f, 0x53, 0x43, 0x32, 0x2e, 0x63, 0x20,
			0x0d, 0x0a, 0x23, 0x20, 0x20, 0x31, 0x5d, 0x20,
			0x6d, 0x75, 0x6c, 0x53, 0x20, 0x66, 0x6f, 0x75,
			0x6e, 0x64, 0x20, 0x69, 0x6e, 0x20, 0x4f, 0x56,
			0x4c, 0x30, 0x5f, 0x5f, 0x65, 0x78, 0x65, 0x5f,
			0x53, 0x43, 0x32, 0x2e, 0x63, 0x20, 0x0d, 0x0a,
		},
	},
	{
		{
			0x44, 0x61, 0x74, 0x61, 0x20, 0x43, 0x6c, 0x6f,
			0x73, 0x75, 0x72, 0x65, 0x20, 0x28, 0x64, 0x61,
			0x74, 0x61, 0x29, 0x3a, 0x20, 0x64, 0x69, 0x76,
			0x53, 0x20, 0x66, 0x6f, 0x75, 0x6e, 0x64, 0x20,
			0x69, 0x6e, 0x20, 0x4f, 0x56, 0x4c, 0x30, 0x5f,
			0x5f, 0x65, 0x78, 0x65, 0x5f, 0x53, 0x43, 0x32,
			0x2e, 0x63, 0x20, 0x0d, 0x0a, 0x23, 0x20, 0x20,
			0x31, 0x5d, 0x20, 0x64, 0x69, 0x76, 0x53, 0x20,
			0x66, 0x6f, 0x75, 0x6e, 0x64, 0x20, 0x69, 0x6e,
			0x20, 0x4f, 0x56, 0x4c, 0x30, 0x5f, 0x5f, 0x65,
		},
	},
	{
		{
			0x78, 0x65, 0x5f, 0x53, 0x43, 0x32, 0x2e, 0x63,
			0x20, 0x0d, 0x0a, 0x44, 0x61, 0x74, 0x61, 0x20,
			0x43, 0x6c, 0x6f, 0x73, 0x75, 0x72, 0x65, 0x20,
			0x28, 0x64, 0x61, 0x74, 0x61, 0x29, 0x3a, 0x20,
			0x73, 0x75, 0x62, 0x53, 0x20, 0x66, 0x6f, 0x75,
			0x6e, 0x64, 0x20, 0x69, 0x6e, 0x20, 0x4f, 0x56,
			0x4c, 0x30, 0x5f, 0x5f, 0x65, 0x78, 0x65, 0x5f,
			0x53, 0x43, 0x32, 0x2e, 0x63, 0x20, 0x0d, 0x0a,
			0x23, 0x20, 0x20, 0x31, 0x5d, 0x20, 0x73, 0x75,
			0x62, 0x53, 0x20, 0x66, 0x6f, 0x75, 0x6e, 0x64,
		},
	},
	{
		{
			0x20, 0x69, 0x6e, 0x20, 0x4f, 0x56, 0x4c, 0x30,
			0x5f, 0x5f, 0x65, 0x78, 0x65, 0x5f, 0x53, 0x43,
			0x32, 0x2e, 0x63, 0x20, 0x0d, 0x0a, 0x44, 0x61,
			0x74, 0x61, 0x20, 0x43, 0x6c, 0x6f, 0x73, 0x75,
			0x72, 0x65, 0x20, 0x28, 0x64, 0x61, 0x74, 0x61,
			0x29, 0x3a, 0x20, 0x61, 0x64, 0x64, 0x53, 0x20,
			0x66, 0x6f, 0x75, 0x6e, 0x64, 0x20, 0x69, 0x6e,
			0x20, 0x4f, 0x56, 0x4c, 0x30, 0x5f, 0x5f, 0x65,
			0x78, 0x65, 0x5f, 0x53, 0x43, 0x32, 0x2e, 0x63,
			0x20, 0x0d, 0x0a, 0x23, 0x20, 0x20, 0x31, 0x5d,
		},
	},
};

int16_t STD_D_8007B9BC[10] = {
	0x6120, 0x6464, 0x2053, 0x6f66, 0x6e75, 0x2064, 0x6e69, 0x4f20,
	0x4c56, 0x5f30,
};

StdUnkB9D0 STD_D_8007B9D0 = {
	0x655f,
	0x6578,
	(Entity *)0x3243535f,
	(Entity *)0x0d20632e,
	{
		0x0a, 0x44, 0x61, 0x74, 0x61, 0x20, 0x43, 0x6c,
		0x6f, 0x73, 0x75, 0x72, 0x65, 0x20, 0x28, 0x64,
	},
};

int32_t STD_D_8007BA44[22] = {
	0x29617461, 0x6f6d203a, 0x66205376, 0x646e756f,
	0x206e6920, 0x304c564f, 0x78655f5f, 0x43535f65,
	0x20632e32, 0x20230a0d, 0x205d3120, 0x53766f6d,
	0x756f6620, 0x6920646e, 0x564f206e, 0x5f5f304c,
	0x5f657865, 0x2e324353, 0x0a0d2063, 0x61746144,
	0x6f6c4320, 0x65727573,
};

int32_t STD_D_8007B9EC[4] = {
	0x61642820, 0x3a296174, 0x61766520, 0x7461756c,
};

int32_t STD_D_8007B9FC[18] = {
	0x5f6e6f69, 0x6f662035, 0x20646e75, 0x4f206e69,
	0x5f304c56, 0x6578655f, 0x3243535f, 0x0d20632e,
	0x2020230a, 0x65205d31, 0x756c6176, 0x6f697461,
	0x20355f6e, 0x6e756f66, 0x6e692064, 0x4c564f20,
	0x655f5f30, 0x535f6578,
};

int32_t STD_D_8007BA9C[4] = {
	0x632e3243, 0x440a0d20, 0x20617461, 0x736f6c43,
};

int32_t STD_D_8007BAAC[18] = {
	0x20657275, 0x74616428, 0x203a2961, 0x6c617665,
	0x69746175, 0x345f6e6f, 0x756f6620, 0x6920646e,
	0x564f206e, 0x5f5f304c, 0x5f657865, 0x2e324353,
	0x0a0d2063, 0x31202023, 0x7665205d, 0x61756c61,
	0x6e6f6974, 0x6620345f,
};

StdUnkBAF4 STD_D_8007BAF4[8] = {
	{
		0x756f,
		0x646e,
		0x20,
		0x69,
		0x6e,
		0x20,
		0x4f,
		0x56,
		{ 0x4c, 0x30 },
		0x5f,
		0x5f,
	},
	{
		0x7865,
		0x5f65,
		0x53,
		0x43,
		0x32,
		0x2e,
		0x63,
		0x20,
		{ 0x0d, 0x0a },
		0x44,
		0x61,
	},
	{
		0x6174,
		0x4320,
		0x6c,
		0x6f,
		0x73,
		0x75,
		0x72,
		0x65,
		{ 0x20, 0x28 },
		0x64,
		0x61,
	},
	{
		0x6174,
		0x3a29,
		0x20,
		0x65,
		0x76,
		0x61,
		0x6c,
		0x75,
		{ 0x61, 0x74 },
		0x69,
		0x6f,
	},
	{
		0x5f6e,
		0x2033,
		0x66,
		0x6f,
		0x75,
		0x6e,
		0x64,
		0x20,
		{ 0x69, 0x6e },
		0x20,
		0x4f,
	},
	{
		0x4c56,
		0x5f30,
		0x5f,
		0x65,
		0x78,
		0x65,
		0x5f,
		0x53,
		{ 0x43, 0x32 },
		0x2e,
		0x63,
	},
	{
		0x0d20,
		0x230a,
		0x20,
		0x20,
		0x31,
		0x5d,
		0x20,
		0x65,
		{ 0x76, 0x61 },
		0x6c,
		0x75,
	},
	{
		0x7461,
		0x6f69,
		0x6e,
		0x5f,
		0x33,
		0x20,
		0x66,
		0x6f,
		{ 0x75, 0x6e },
		0x64,
		0x20,
	},
};

StdUnkBB64 STD_D_8007BB64[8] = {
	{ 0x6e69, 0x4f20, 0x56, 0x4c },
	{ 0x5f30, 0x655f, 0x78, 0x65 },
	{ 0x535f, 0x3243, 0x2e, 0x63 },
	{ 0x0d20, 0x440a, 0x61, 0x74 },
	{ 0x2061, 0x6c43, 0x6f, 0x73 },
	{ 0x7275, 0x2065, 0x28, 0x64 },
	{ 0x7461, 0x2961, 0x3a, 0x20 },
	{ 0x7665, 0x6c61, 0x75, 0x61 },
};

uint8_t STD_D_8007BB94[155][20] = {
	{
		0x74, 0x69, 0x6f, 0x6e, 0x5f, 0x32, 0x20, 0x66,
		0x6f, 0x75, 0x6e, 0x64, 0x20, 0x69, 0x6e, 0x20,
		0x4f, 0x56, 0x4c, 0x30,
	},
	{
		0x5f, 0x5f, 0x65, 0x78, 0x65, 0x5f, 0x53, 0x43,
		0x32, 0x2e, 0x63, 0x20, 0x0d, 0x0a, 0x23, 0x20,
		0x20, 0x31, 0x5d, 0x20,
	},
	{
		0x65, 0x76, 0x61, 0x6c, 0x75, 0x61, 0x74, 0x69,
		0x6f, 0x6e, 0x5f, 0x32, 0x20, 0x66, 0x6f, 0x75,
		0x6e, 0x64, 0x20, 0x69,
	},
	{
		0x6e, 0x20, 0x4f, 0x56, 0x4c, 0x30, 0x5f, 0x5f,
		0x65, 0x78, 0x65, 0x5f, 0x53, 0x43, 0x32, 0x2e,
		0x63, 0x20, 0x0d, 0x0a,
	},
	{
		0x44, 0x61, 0x74, 0x61, 0x20, 0x43, 0x6c, 0x6f,
		0x73, 0x75, 0x72, 0x65, 0x20, 0x28, 0x64, 0x61,
		0x74, 0x61, 0x29, 0x3a,
	},
	{
		0x20, 0x65, 0x76, 0x61, 0x6c, 0x75, 0x61, 0x74,
		0x69, 0x6f, 0x6e, 0x5f, 0x31, 0x20, 0x66, 0x6f,
		0x75, 0x6e, 0x64, 0x20,
	},
	{
		0x69, 0x6e, 0x20, 0x4f, 0x56, 0x4c, 0x30, 0x5f,
		0x5f, 0x65, 0x78, 0x65, 0x5f, 0x53, 0x43, 0x32,
		0x2e, 0x63, 0x20, 0x0d,
	},
	{
		0x0a, 0x23, 0x20, 0x20, 0x31, 0x5d, 0x20, 0x65,
		0x76, 0x61, 0x6c, 0x75, 0x61, 0x74, 0x69, 0x6f,
		0x6e, 0x5f, 0x31, 0x20,
	},
	{
		0x66, 0x6f, 0x75, 0x6e, 0x64, 0x20, 0x69, 0x6e,
		0x20, 0x4f, 0x56, 0x4c, 0x30, 0x5f, 0x5f, 0x65,
		0x78, 0x65, 0x5f, 0x53,
	},
	{
		0x43, 0x32, 0x2e, 0x63, 0x20, 0x0d, 0x0a, 0x44,
		0x61, 0x74, 0x61, 0x20, 0x43, 0x6c, 0x6f, 0x73,
		0x75, 0x72, 0x65, 0x20,
	},
	{
		0x28, 0x64, 0x61, 0x74, 0x61, 0x29, 0x3a, 0x20,
		0x65, 0x76, 0x61, 0x6c, 0x75, 0x61, 0x74, 0x69,
		0x6f, 0x6e, 0x5f, 0x30,
	},
	{
		0x20, 0x66, 0x6f, 0x75, 0x6e, 0x64, 0x20, 0x69,
		0x6e, 0x20, 0x4f, 0x56, 0x4c, 0x30, 0x5f, 0x5f,
		0x65, 0x78, 0x65, 0x5f,
	},
	{
		0x53, 0x43, 0x32, 0x2e, 0x63, 0x20, 0x0d, 0x0a,
		0x23, 0x20, 0x20, 0x31, 0x5d, 0x20, 0x65, 0x76,
		0x61, 0x6c, 0x75, 0x61,
	},
	{
		0x74, 0x69, 0x6f, 0x6e, 0x5f, 0x30, 0x20, 0x66,
		0x6f, 0x75, 0x6e, 0x64, 0x20, 0x69, 0x6e, 0x20,
		0x4f, 0x56, 0x4c, 0x30,
	},
	{
		0x5f, 0x5f, 0x65, 0x78, 0x65, 0x5f, 0x53, 0x43,
		0x32, 0x2e, 0x63, 0x20, 0x0d, 0x0a, 0x44, 0x61,
		0x74, 0x61, 0x20, 0x43,
	},
	{
		0x6c, 0x6f, 0x73, 0x75, 0x72, 0x65, 0x20, 0x28,
		0x64, 0x61, 0x74, 0x61, 0x29, 0x3a, 0x20, 0x40,
		0x31, 0x33, 0x39, 0x20,
	},
	{
		0x66, 0x6f, 0x75, 0x6e, 0x64, 0x20, 0x69, 0x6e,
		0x20, 0x73, 0x74, 0x64, 0x5f, 0x6d, 0x61, 0x69,
		0x6e, 0x2e, 0x63, 0x20,
	},
	{
		0x0d, 0x0a, 0x44, 0x61, 0x74, 0x61, 0x20, 0x43,
		0x6c, 0x6f, 0x73, 0x75, 0x72, 0x65, 0x20, 0x28,
		0x64, 0x61, 0x74, 0x61,
	},
	{
		0x29, 0x3a, 0x20, 0x40, 0x31, 0x33, 0x38, 0x20,
		0x66, 0x6f, 0x75, 0x6e, 0x64, 0x20, 0x69, 0x6e,
		0x20, 0x73, 0x74, 0x64,
	},
	{
		0x5f, 0x6d, 0x61, 0x69, 0x6e, 0x2e, 0x63, 0x20,
		0x0d, 0x0a, 0x44, 0x61, 0x74, 0x61, 0x20, 0x43,
		0x6c, 0x6f, 0x73, 0x75,
	},
	{
		0x72, 0x65, 0x20, 0x28, 0x64, 0x61, 0x74, 0x61,
		0x29, 0x3a, 0x20, 0x40, 0x31, 0x33, 0x37, 0x20,
		0x66, 0x6f, 0x75, 0x6e,
	},
	{
		0x64, 0x20, 0x69, 0x6e, 0x20, 0x73, 0x74, 0x64,
		0x5f, 0x6d, 0x61, 0x69, 0x6e, 0x2e, 0x63, 0x20,
		0x0d, 0x0a, 0x44, 0x61,
	},
	{
		0x74, 0x61, 0x20, 0x43, 0x6c, 0x6f, 0x73, 0x75,
		0x72, 0x65, 0x20, 0x28, 0x64, 0x61, 0x74, 0x61,
		0x29, 0x3a, 0x20, 0x40,
	},
	{
		0x31, 0x33, 0x36, 0x20, 0x66, 0x6f, 0x75, 0x6e,
		0x64, 0x20, 0x69, 0x6e, 0x20, 0x73, 0x74, 0x64,
		0x5f, 0x6d, 0x61, 0x69,
	},
	{
		0x6e, 0x2e, 0x63, 0x20, 0x0d, 0x0a, 0x44, 0x61,
		0x74, 0x61, 0x20, 0x43, 0x6c, 0x6f, 0x73, 0x75,
		0x72, 0x65, 0x20, 0x28,
	},
	{
		0x64, 0x61, 0x74, 0x61, 0x29, 0x3a, 0x20, 0x40,
		0x31, 0x33, 0x35, 0x20, 0x66, 0x6f, 0x75, 0x6e,
		0x64, 0x20, 0x69, 0x6e,
	},
	{
		0x20, 0x73, 0x74, 0x64, 0x5f, 0x6d, 0x61, 0x69,
		0x6e, 0x2e, 0x63, 0x20, 0x0d, 0x0a, 0x44, 0x61,
		0x74, 0x61, 0x20, 0x43,
	},
	{
		0x6c, 0x6f, 0x73, 0x75, 0x72, 0x65, 0x20, 0x28,
		0x64, 0x61, 0x74, 0x61, 0x29, 0x3a, 0x20, 0x40,
		0x31, 0x33, 0x34, 0x20,
	},
	{
		0x66, 0x6f, 0x75, 0x6e, 0x64, 0x20, 0x69, 0x6e,
		0x20, 0x73, 0x74, 0x64, 0x5f, 0x6d, 0x61, 0x69,
		0x6e, 0x2e, 0x63, 0x20,
	},
	{
		0x0d, 0x0a, 0x44, 0x61, 0x74, 0x61, 0x20, 0x43,
		0x6c, 0x6f, 0x73, 0x75, 0x72, 0x65, 0x20, 0x28,
		0x64, 0x61, 0x74, 0x61,
	},
	{
		0x29, 0x3a, 0x20, 0x40, 0x31, 0x33, 0x33, 0x20,
		0x66, 0x6f, 0x75, 0x6e, 0x64, 0x20, 0x69, 0x6e,
		0x20, 0x73, 0x74, 0x64,
	},
	{
		0x5f, 0x6d, 0x61, 0x69, 0x6e, 0x2e, 0x63, 0x20,
		0x0d, 0x0a, 0x44, 0x61, 0x74, 0x61, 0x20, 0x43,
		0x6c, 0x6f, 0x73, 0x75,
	},
	{
		0x72, 0x65, 0x20, 0x28, 0x64, 0x61, 0x74, 0x61,
		0x29, 0x3a, 0x20, 0x40, 0x31, 0x33, 0x32, 0x20,
		0x66, 0x6f, 0x75, 0x6e,
	},
	{
		0x64, 0x20, 0x69, 0x6e, 0x20, 0x73, 0x74, 0x64,
		0x5f, 0x6d, 0x61, 0x69, 0x6e, 0x2e, 0x63, 0x20,
		0x0d, 0x0a, 0x44, 0x61,
	},
	{
		0x74, 0x61, 0x20, 0x43, 0x6c, 0x6f, 0x73, 0x75,
		0x72, 0x65, 0x20, 0x28, 0x64, 0x61, 0x74, 0x61,
		0x29, 0x3a, 0x20, 0x40,
	},
	{
		0x31, 0x33, 0x31, 0x20, 0x66, 0x6f, 0x75, 0x6e,
		0x64, 0x20, 0x69, 0x6e, 0x20, 0x73, 0x74, 0x64,
		0x5f, 0x6d, 0x61, 0x69,
	},
	{
		0x6e, 0x2e, 0x63, 0x20, 0x0d, 0x0a, 0x44, 0x61,
		0x74, 0x61, 0x20, 0x43, 0x6c, 0x6f, 0x73, 0x75,
		0x72, 0x65, 0x20, 0x28,
	},
	{
		0x64, 0x61, 0x74, 0x61, 0x29, 0x3a, 0x20, 0x40,
		0x31, 0x33, 0x30, 0x20, 0x66, 0x6f, 0x75, 0x6e,
		0x64, 0x20, 0x69, 0x6e,
	},
	{
		0x20, 0x73, 0x74, 0x64, 0x5f, 0x6d, 0x61, 0x69,
		0x6e, 0x2e, 0x63, 0x20, 0x0d, 0x0a, 0x44, 0x61,
		0x74, 0x61, 0x20, 0x43,
	},
	{
		0x6c, 0x6f, 0x73, 0x75, 0x72, 0x65, 0x20, 0x28,
		0x64, 0x61, 0x74, 0x61, 0x29, 0x3a, 0x20, 0x40,
		0x31, 0x32, 0x39, 0x20,
	},
	{
		0x66, 0x6f, 0x75, 0x6e, 0x64, 0x20, 0x69, 0x6e,
		0x20, 0x73, 0x74, 0x64, 0x5f, 0x6d, 0x61, 0x69,
		0x6e, 0x2e, 0x63, 0x20,
	},
	{
		0x0d, 0x0a, 0x44, 0x61, 0x74, 0x61, 0x20, 0x43,
		0x6c, 0x6f, 0x73, 0x75, 0x72, 0x65, 0x20, 0x28,
		0x64, 0x61, 0x74, 0x61,
	},
	{
		0x29, 0x3a, 0x20, 0x40, 0x31, 0x32, 0x38, 0x20,
		0x66, 0x6f, 0x75, 0x6e, 0x64, 0x20, 0x69, 0x6e,
		0x20, 0x73, 0x74, 0x64,
	},
	{
		0x5f, 0x6d, 0x61, 0x69, 0x6e, 0x2e, 0x63, 0x20,
		0x0d, 0x0a, 0x44, 0x61, 0x74, 0x61, 0x20, 0x43,
		0x6c, 0x6f, 0x73, 0x75,
	},
	{
		0x72, 0x65, 0x20, 0x28, 0x64, 0x61, 0x74, 0x61,
		0x29, 0x3a, 0x20, 0x40, 0x31, 0x32, 0x37, 0x20,
		0x66, 0x6f, 0x75, 0x6e,
	},
	{
		0x64, 0x20, 0x69, 0x6e, 0x20, 0x73, 0x74, 0x64,
		0x5f, 0x6d, 0x61, 0x69, 0x6e, 0x2e, 0x63, 0x20,
		0x0d, 0x0a, 0x44, 0x61,
	},
	{
		0x74, 0x61, 0x20, 0x43, 0x6c, 0x6f, 0x73, 0x75,
		0x72, 0x65, 0x20, 0x28, 0x64, 0x61, 0x74, 0x61,
		0x29, 0x3a, 0x20, 0x40,
	},
	{
		0x31, 0x32, 0x36, 0x20, 0x66, 0x6f, 0x75, 0x6e,
		0x64, 0x20, 0x69, 0x6e, 0x20, 0x73, 0x74, 0x64,
		0x5f, 0x6d, 0x61, 0x69,
	},
	{
		0x6e, 0x2e, 0x63, 0x20, 0x0d, 0x0a, 0x44, 0x61,
		0x74, 0x61, 0x20, 0x43, 0x6c, 0x6f, 0x73, 0x75,
		0x72, 0x65, 0x20, 0x28,
	},
	{
		0x64, 0x61, 0x74, 0x61, 0x29, 0x3a, 0x20, 0x40,
		0x31, 0x32, 0x35, 0x20, 0x66, 0x6f, 0x75, 0x6e,
		0x64, 0x20, 0x69, 0x6e,
	},
	{
		0x20, 0x73, 0x74, 0x64, 0x5f, 0x6d, 0x61, 0x69,
		0x6e, 0x2e, 0x63, 0x20, 0x0d, 0x0a, 0x44, 0x61,
		0x74, 0x61, 0x20, 0x43,
	},
	{
		0x6c, 0x6f, 0x73, 0x75, 0x72, 0x65, 0x20, 0x28,
		0x64, 0x61, 0x74, 0x61, 0x29, 0x3a, 0x20, 0x40,
		0x31, 0x32, 0x34, 0x20,
	},
	{
		0x66, 0x6f, 0x75, 0x6e, 0x64, 0x20, 0x69, 0x6e,
		0x20, 0x73, 0x74, 0x64, 0x5f, 0x6d, 0x61, 0x69,
		0x6e, 0x2e, 0x63, 0x20,
	},
	{
		0x0d, 0x0a, 0x44, 0x61, 0x74, 0x61, 0x20, 0x43,
		0x6c, 0x6f, 0x73, 0x75, 0x72, 0x65, 0x20, 0x28,
		0x64, 0x61, 0x74, 0x61,
	},
	{
		0x29, 0x3a, 0x20, 0x40, 0x31, 0x32, 0x33, 0x20,
		0x66, 0x6f, 0x75, 0x6e, 0x64, 0x20, 0x69, 0x6e,
		0x20, 0x73, 0x74, 0x64,
	},
	{
		0x5f, 0x6d, 0x61, 0x69, 0x6e, 0x2e, 0x63, 0x20,
		0x0d, 0x0a, 0x44, 0x61, 0x74, 0x61, 0x20, 0x43,
		0x6c, 0x6f, 0x73, 0x75,
	},
	{
		0x72, 0x65, 0x20, 0x28, 0x64, 0x61, 0x74, 0x61,
		0x29, 0x3a, 0x20, 0x40, 0x31, 0x32, 0x32, 0x20,
		0x66, 0x6f, 0x75, 0x6e,
	},
	{
		0x64, 0x20, 0x69, 0x6e, 0x20, 0x73, 0x74, 0x64,
		0x5f, 0x6d, 0x61, 0x69, 0x6e, 0x2e, 0x63, 0x20,
		0x0d, 0x0a, 0x44, 0x61,
	},
	{
		0x74, 0x61, 0x20, 0x43, 0x6c, 0x6f, 0x73, 0x75,
		0x72, 0x65, 0x20, 0x28, 0x64, 0x61, 0x74, 0x61,
		0x29, 0x3a, 0x20, 0x40,
	},
	{
		0x31, 0x32, 0x31, 0x20, 0x66, 0x6f, 0x75, 0x6e,
		0x64, 0x20, 0x69, 0x6e, 0x20, 0x73, 0x74, 0x64,
		0x5f, 0x6d, 0x61, 0x69,
	},
	{
		0x6e, 0x2e, 0x63, 0x20, 0x0d, 0x0a, 0x44, 0x61,
		0x74, 0x61, 0x20, 0x43, 0x6c, 0x6f, 0x73, 0x75,
		0x72, 0x65, 0x20, 0x28,
	},
	{
		0x64, 0x61, 0x74, 0x61, 0x29, 0x3a, 0x20, 0x40,
		0x31, 0x32, 0x30, 0x20, 0x66, 0x6f, 0x75, 0x6e,
		0x64, 0x20, 0x69, 0x6e,
	},
	{
		0x20, 0x73, 0x74, 0x64, 0x5f, 0x6d, 0x61, 0x69,
		0x6e, 0x2e, 0x63, 0x20, 0x0d, 0x0a, 0x44, 0x61,
		0x74, 0x61, 0x20, 0x43,
	},
	{
		0x6c, 0x6f, 0x73, 0x75, 0x72, 0x65, 0x20, 0x28,
		0x64, 0x61, 0x74, 0x61, 0x29, 0x3a, 0x20, 0x40,
		0x31, 0x31, 0x39, 0x20,
	},
	{
		0x66, 0x6f, 0x75, 0x6e, 0x64, 0x20, 0x69, 0x6e,
		0x20, 0x73, 0x74, 0x64, 0x5f, 0x6d, 0x61, 0x69,
		0x6e, 0x2e, 0x63, 0x20,
	},
	{
		0x0d, 0x0a, 0x44, 0x61, 0x74, 0x61, 0x20, 0x43,
		0x6c, 0x6f, 0x73, 0x75, 0x72, 0x65, 0x20, 0x28,
		0x64, 0x61, 0x74, 0x61,
	},
	{
		0x29, 0x3a, 0x20, 0x40, 0x31, 0x31, 0x38, 0x20,
		0x66, 0x6f, 0x75, 0x6e, 0x64, 0x20, 0x69, 0x6e,
		0x20, 0x73, 0x74, 0x64,
	},
	{
		0x5f, 0x6d, 0x61, 0x69, 0x6e, 0x2e, 0x63, 0x20,
		0x0d, 0x0a, 0x44, 0x61, 0x74, 0x61, 0x20, 0x43,
		0x6c, 0x6f, 0x73, 0x75,
	},
	{
		0x72, 0x65, 0x20, 0x28, 0x64, 0x61, 0x74, 0x61,
		0x29, 0x3a, 0x20, 0x40, 0x31, 0x31, 0x37, 0x20,
		0x66, 0x6f, 0x75, 0x6e,
	},
	{
		0x64, 0x20, 0x69, 0x6e, 0x20, 0x73, 0x74, 0x64,
		0x5f, 0x6d, 0x61, 0x69, 0x6e, 0x2e, 0x63, 0x20,
		0x0d, 0x0a, 0x44, 0x61,
	},
	{
		0x74, 0x61, 0x20, 0x43, 0x6c, 0x6f, 0x73, 0x75,
		0x72, 0x65, 0x20, 0x28, 0x64, 0x61, 0x74, 0x61,
		0x29, 0x3a, 0x20, 0x40,
	},
	{
		0x34, 0x20, 0x66, 0x6f, 0x75, 0x6e, 0x64, 0x20,
		0x69, 0x6e, 0x20, 0x73, 0x74, 0x61, 0x64, 0x69,
		0x75, 0x6d, 0x2e, 0x63,
	},
	{
		0x20, 0x0d, 0x0a, 0x44, 0x61, 0x74, 0x61, 0x20,
		0x43, 0x6c, 0x6f, 0x73, 0x75, 0x72, 0x65, 0x20,
		0x28, 0x64, 0x61, 0x74,
	},
	{
		0x61, 0x29, 0x3a, 0x20, 0x40, 0x33, 0x20, 0x66,
		0x6f, 0x75, 0x6e, 0x64, 0x20, 0x69, 0x6e, 0x20,
		0x73, 0x74, 0x61, 0x64,
	},
	{
		0x69, 0x75, 0x6d, 0x2e, 0x63, 0x20, 0x0d, 0x0a,
		0x44, 0x61, 0x74, 0x61, 0x20, 0x43, 0x6c, 0x6f,
		0x73, 0x75, 0x72, 0x65,
	},
	{
		0x20, 0x28, 0x64, 0x61, 0x74, 0x61, 0x29, 0x3a,
		0x20, 0x40, 0x36, 0x20, 0x66, 0x6f, 0x75, 0x6e,
		0x64, 0x20, 0x69, 0x6e,
	},
	{
		0x20, 0x73, 0x74, 0x61, 0x64, 0x69, 0x75, 0x6d,
		0x2e, 0x63, 0x20, 0x0d, 0x0a, 0x44, 0x61, 0x74,
		0x61, 0x20, 0x43, 0x6c,
	},
	{
		0x6f, 0x73, 0x75, 0x72, 0x65, 0x20, 0x28, 0x64,
		0x61, 0x74, 0x61, 0x29, 0x3a, 0x20, 0x40, 0x35,
		0x20, 0x66, 0x6f, 0x75,
	},
	{
		0x6e, 0x64, 0x20, 0x69, 0x6e, 0x20, 0x73, 0x74,
		0x61, 0x64, 0x69, 0x75, 0x6d, 0x2e, 0x63, 0x20,
		0x0d, 0x0a, 0x44, 0x61,
	},
	{
		0x74, 0x61, 0x20, 0x43, 0x6c, 0x6f, 0x73, 0x75,
		0x72, 0x65, 0x20, 0x28, 0x64, 0x61, 0x74, 0x61,
		0x29, 0x3a, 0x20, 0x40,
	},
	{
		0x37, 0x20, 0x66, 0x6f, 0x75, 0x6e, 0x64, 0x20,
		0x69, 0x6e, 0x20, 0x73, 0x74, 0x61, 0x64, 0x69,
		0x75, 0x6d, 0x2e, 0x63,
	},
	{
		0x20, 0x0d, 0x0a, 0x44, 0x61, 0x74, 0x61, 0x20,
		0x43, 0x6c, 0x6f, 0x73, 0x75, 0x72, 0x65, 0x20,
		0x28, 0x64, 0x61, 0x74,
	},
	{
		0x61, 0x29, 0x3a, 0x20, 0x40, 0x39, 0x20, 0x66,
		0x6f, 0x75, 0x6e, 0x64, 0x20, 0x69, 0x6e, 0x20,
		0x73, 0x5f, 0x70, 0x5f,
	},
	{
		0x63, 0x6d, 0x64, 0x2e, 0x63, 0x20, 0x0d, 0x0a,
		0x44, 0x61, 0x74, 0x61, 0x20, 0x43, 0x6c, 0x6f,
		0x73, 0x75, 0x72, 0x65,
	},
	{
		0x20, 0x28, 0x64, 0x61, 0x74, 0x61, 0x29, 0x3a,
		0x20, 0x40, 0x38, 0x20, 0x66, 0x6f, 0x75, 0x6e,
		0x64, 0x20, 0x69, 0x6e,
	},
	{
		0x20, 0x73, 0x5f, 0x70, 0x5f, 0x63, 0x6d, 0x64,
		0x2e, 0x63, 0x20, 0x0d, 0x0a, 0x44, 0x61, 0x74,
		0x61, 0x20, 0x43, 0x6c,
	},
	{
		0x6f, 0x73, 0x75, 0x72, 0x65, 0x20, 0x28, 0x64,
		0x61, 0x74, 0x61, 0x29, 0x3a, 0x20, 0x40, 0x37,
		0x20, 0x66, 0x6f, 0x75,
	},
	{
		0x6e, 0x64, 0x20, 0x69, 0x6e, 0x20, 0x73, 0x5f,
		0x70, 0x5f, 0x63, 0x6d, 0x64, 0x2e, 0x63, 0x20,
		0x0d, 0x0a, 0x44, 0x61,
	},
	{
		0x74, 0x61, 0x20, 0x43, 0x6c, 0x6f, 0x73, 0x75,
		0x72, 0x65, 0x20, 0x28, 0x64, 0x61, 0x74, 0x61,
		0x29, 0x3a, 0x20, 0x40,
	},
	{
		0x36, 0x20, 0x66, 0x6f, 0x75, 0x6e, 0x64, 0x20,
		0x69, 0x6e, 0x20, 0x73, 0x5f, 0x70, 0x5f, 0x63,
		0x6d, 0x64, 0x2e, 0x63,
	},
	{
		0x20, 0x0d, 0x0a, 0x44, 0x61, 0x74, 0x61, 0x20,
		0x43, 0x6c, 0x6f, 0x73, 0x75, 0x72, 0x65, 0x20,
		0x28, 0x64, 0x61, 0x74,
	},
	{
		0x61, 0x29, 0x3a, 0x20, 0x40, 0x35, 0x20, 0x66,
		0x6f, 0x75, 0x6e, 0x64, 0x20, 0x69, 0x6e, 0x20,
		0x73, 0x5f, 0x70, 0x5f,
	},
	{
		0x63, 0x6d, 0x64, 0x2e, 0x63, 0x20, 0x0d, 0x0a,
		0x44, 0x61, 0x74, 0x61, 0x20, 0x43, 0x6c, 0x6f,
		0x73, 0x75, 0x72, 0x65,
	},
	{
		0x20, 0x28, 0x64, 0x61, 0x74, 0x61, 0x29, 0x3a,
		0x20, 0x40, 0x34, 0x20, 0x66, 0x6f, 0x75, 0x6e,
		0x64, 0x20, 0x69, 0x6e,
	},
	{
		0x20, 0x73, 0x5f, 0x70, 0x5f, 0x63, 0x6d, 0x64,
		0x2e, 0x63, 0x20, 0x0d, 0x0a, 0x44, 0x61, 0x74,
		0x61, 0x20, 0x43, 0x6c,
	},
	{
		0x6f, 0x73, 0x75, 0x72, 0x65, 0x20, 0x28, 0x64,
		0x61, 0x74, 0x61, 0x29, 0x3a, 0x20, 0x40, 0x33,
		0x20, 0x66, 0x6f, 0x75,
	},
	{
		0x6e, 0x64, 0x20, 0x69, 0x6e, 0x20, 0x73, 0x5f,
		0x70, 0x5f, 0x63, 0x6d, 0x64, 0x2e, 0x63, 0x20,
		0x0d, 0x0a, 0x44, 0x61,
	},
	{
		0x74, 0x61, 0x20, 0x43, 0x6c, 0x6f, 0x73, 0x75,
		0x72, 0x65, 0x20, 0x28, 0x64, 0x61, 0x74, 0x61,
		0x29, 0x3a, 0x20, 0x40,
	},
	{
		0x33, 0x20, 0x66, 0x6f, 0x75, 0x6e, 0x64, 0x20,
		0x69, 0x6e, 0x20, 0x72, 0x65, 0x73, 0x75, 0x6c,
		0x74, 0x2e, 0x63, 0x20,
	},
	{
		0x0d, 0x0a, 0x44, 0x61, 0x74, 0x61, 0x20, 0x43,
		0x6c, 0x6f, 0x73, 0x75, 0x72, 0x65, 0x20, 0x28,
		0x64, 0x61, 0x74, 0x61,
	},
	{
		0x29, 0x3a, 0x20, 0x45, 0x46, 0x45, 0x4d, 0x5f,
		0x5f, 0x43, 0x68, 0x65, 0x63, 0x6b, 0x53, 0x74,
		0x61, 0x74, 0x75, 0x73,
	},
	{
		0x54, 0x61, 0x72, 0x67, 0x65, 0x74, 0x20, 0x66,
		0x6f, 0x75, 0x6e, 0x64, 0x20, 0x69, 0x6e, 0x20,
		0x4f, 0x56, 0x4c, 0x31,
	},
	{
		0x5f, 0x5f, 0x65, 0x78, 0x65, 0x5f, 0x53, 0x43,
		0x32, 0x2e, 0x63, 0x20, 0x0d, 0x0a, 0x23, 0x20,
		0x20, 0x31, 0x5d, 0x20,
	},
	{
		0x45, 0x46, 0x45, 0x4d, 0x5f, 0x5f, 0x43, 0x68,
		0x65, 0x63, 0x6b, 0x53, 0x74, 0x61, 0x74, 0x75,
		0x73, 0x54, 0x61, 0x72,
	},
	{
		0x67, 0x65, 0x74, 0x20, 0x66, 0x6f, 0x75, 0x6e,
		0x64, 0x20, 0x69, 0x6e, 0x20, 0x4f, 0x56, 0x4c,
		0x31, 0x5f, 0x5f, 0x65,
	},
	{
		0x78, 0x65, 0x5f, 0x53, 0x43, 0x32, 0x2e, 0x63,
		0x20, 0x0d, 0x0a, 0x44, 0x61, 0x74, 0x61, 0x20,
		0x43, 0x6c, 0x6f, 0x73,
	},
	{
		0x75, 0x72, 0x65, 0x20, 0x28, 0x64, 0x61, 0x74,
		0x61, 0x29, 0x3a, 0x20, 0x45, 0x46, 0x45, 0x4d,
		0x5f, 0x5f, 0x75, 0x73,
	},
	{
		0x65, 0x4d, 0x50, 0x20, 0x66, 0x6f, 0x75, 0x6e,
		0x64, 0x20, 0x69, 0x6e, 0x20, 0x4f, 0x56, 0x4c,
		0x31, 0x5f, 0x5f, 0x65,
	},
	{
		0x78, 0x65, 0x5f, 0x53, 0x43, 0x32, 0x2e, 0x63,
		0x20, 0x0d, 0x0a, 0x23, 0x20, 0x20, 0x31, 0x5d,
		0x20, 0x45, 0x46, 0x45,
	},
	{
		0x4d, 0x5f, 0x5f, 0x75, 0x73, 0x65, 0x4d, 0x50,
		0x20, 0x66, 0x6f, 0x75, 0x6e, 0x64, 0x20, 0x69,
		0x6e, 0x20, 0x4f, 0x56,
	},
	{
		0x4c, 0x31, 0x5f, 0x5f, 0x65, 0x78, 0x65, 0x5f,
		0x53, 0x43, 0x32, 0x2e, 0x63, 0x20, 0x0d, 0x0a,
		0x44, 0x61, 0x74, 0x61,
	},
	{
		0x20, 0x43, 0x6c, 0x6f, 0x73, 0x75, 0x72, 0x65,
		0x20, 0x28, 0x64, 0x61, 0x74, 0x61, 0x29, 0x3a,
		0x20, 0x45, 0x46, 0x45,
	},
	{
		0x4d, 0x5f, 0x5f, 0x47, 0x65, 0x74, 0x47, 0x53,
		0x50, 0x72, 0x6f, 0x6a, 0x65, 0x63, 0x74, 0x20,
		0x66, 0x6f, 0x75, 0x6e,
	},
	{
		0x64, 0x20, 0x69, 0x6e, 0x20, 0x4f, 0x56, 0x4c,
		0x31, 0x5f, 0x5f, 0x65, 0x78, 0x65, 0x5f, 0x53,
		0x43, 0x32, 0x2e, 0x63,
	},
	{
		0x20, 0x0d, 0x0a, 0x23, 0x20, 0x20, 0x31, 0x5d,
		0x20, 0x45, 0x46, 0x45, 0x4d, 0x5f, 0x5f, 0x47,
		0x65, 0x74, 0x47, 0x53,
	},
	{
		0x50, 0x72, 0x6f, 0x6a, 0x65, 0x63, 0x74, 0x20,
		0x66, 0x6f, 0x75, 0x6e, 0x64, 0x20, 0x69, 0x6e,
		0x20, 0x4f, 0x56, 0x4c,
	},
	{
		0x31, 0x5f, 0x5f, 0x65, 0x78, 0x65, 0x5f, 0x53,
		0x43, 0x32, 0x2e, 0x63, 0x20, 0x0d, 0x0a, 0x44,
		0x61, 0x74, 0x61, 0x20,
	},
	{
		0x43, 0x6c, 0x6f, 0x73, 0x75, 0x72, 0x65, 0x20,
		0x28, 0x64, 0x61, 0x74, 0x61, 0x29, 0x3a, 0x20,
		0x45, 0x46, 0x45, 0x4d,
	},
	{
		0x5f, 0x5f, 0x6f, 0x62, 0x6a, 0x65, 0x63, 0x74,
		0x4f, 0x6e, 0x4f, 0x66, 0x66, 0x20, 0x66, 0x6f,
		0x75, 0x6e, 0x64, 0x20,
	},
	{
		0x69, 0x6e, 0x20, 0x4f, 0x56, 0x4c, 0x31, 0x5f,
		0x5f, 0x65, 0x78, 0x65, 0x5f, 0x53, 0x43, 0x32,
		0x2e, 0x63, 0x20, 0x0d,
	},
	{
		0x0a, 0x23, 0x20, 0x20, 0x31, 0x5d, 0x20, 0x45,
		0x46, 0x45, 0x4d, 0x5f, 0x5f, 0x6f, 0x62, 0x6a,
		0x65, 0x63, 0x74, 0x4f,
	},
	{
		0x6e, 0x4f, 0x66, 0x66, 0x20, 0x66, 0x6f, 0x75,
		0x6e, 0x64, 0x20, 0x69, 0x6e, 0x20, 0x4f, 0x56,
		0x4c, 0x31, 0x5f, 0x5f,
	},
	{
		0x65, 0x78, 0x65, 0x5f, 0x53, 0x43, 0x32, 0x2e,
		0x63, 0x20, 0x0d, 0x0a, 0x44, 0x61, 0x74, 0x61,
		0x20, 0x43, 0x6c, 0x6f,
	},
	{
		0x73, 0x75, 0x72, 0x65, 0x20, 0x28, 0x64, 0x61,
		0x74, 0x61, 0x29, 0x3a, 0x20, 0x45, 0x46, 0x45,
		0x4d, 0x5f, 0x5f, 0x44,
	},
	{
		0x72, 0x61, 0x77, 0x46, 0x61, 0x64, 0x65, 0x20,
		0x66, 0x6f, 0x75, 0x6e, 0x64, 0x20, 0x69, 0x6e,
		0x20, 0x4f, 0x56, 0x4c,
	},
	{
		0x31, 0x5f, 0x5f, 0x65, 0x78, 0x65, 0x5f, 0x53,
		0x43, 0x32, 0x2e, 0x63, 0x20, 0x0d, 0x0a, 0x23,
		0x20, 0x20, 0x31, 0x5d,
	},
	{
		0x20, 0x45, 0x46, 0x45, 0x4d, 0x5f, 0x5f, 0x44,
		0x72, 0x61, 0x77, 0x46, 0x61, 0x64, 0x65, 0x20,
		0x66, 0x6f, 0x75, 0x6e,
	},
	{
		0x64, 0x20, 0x69, 0x6e, 0x20, 0x4f, 0x56, 0x4c,
		0x31, 0x5f, 0x5f, 0x65, 0x78, 0x65, 0x5f, 0x53,
		0x43, 0x32, 0x2e, 0x63,
	},
	{
		0x20, 0x0d, 0x0a, 0x44, 0x61, 0x74, 0x61, 0x20,
		0x43, 0x6c, 0x6f, 0x73, 0x75, 0x72, 0x65, 0x20,
		0x28, 0x64, 0x61, 0x74,
	},
	{
		0x61, 0x29, 0x3a, 0x20, 0x45, 0x46, 0x45, 0x4d,
		0x5f, 0x5f, 0x43, 0x68, 0x65, 0x63, 0x6b, 0x48,
		0x69, 0x74, 0x53, 0x65,
	},
	{
		0x6e, 0x64, 0x49, 0x6e, 0x64, 0x65, 0x78, 0x20,
		0x66, 0x6f, 0x75, 0x6e, 0x64, 0x20, 0x69, 0x6e,
		0x20, 0x4f, 0x56, 0x4c,
	},
	{
		0x31, 0x5f, 0x5f, 0x65, 0x78, 0x65, 0x5f, 0x53,
		0x43, 0x32, 0x2e, 0x63, 0x20, 0x0d, 0x0a, 0x23,
		0x20, 0x20, 0x31, 0x5d,
	},
	{
		0x20, 0x45, 0x46, 0x45, 0x4d, 0x5f, 0x5f, 0x43,
		0x68, 0x65, 0x63, 0x6b, 0x48, 0x69, 0x74, 0x53,
		0x65, 0x6e, 0x64, 0x49,
	},
	{
		0x6e, 0x64, 0x65, 0x78, 0x20, 0x66, 0x6f, 0x75,
		0x6e, 0x64, 0x20, 0x69, 0x6e, 0x20, 0x4f, 0x56,
		0x4c, 0x31, 0x5f, 0x5f,
	},
	{
		0x65, 0x78, 0x65, 0x5f, 0x53, 0x43, 0x32, 0x2e,
		0x63, 0x20, 0x0d, 0x0a, 0x44, 0x61, 0x74, 0x61,
		0x20, 0x43, 0x6c, 0x6f,
	},
	{
		0x73, 0x75, 0x72, 0x65, 0x20, 0x28, 0x64, 0x61,
		0x74, 0x61, 0x29, 0x3a, 0x20, 0x45, 0x46, 0x45,
		0x4d, 0x5f, 0x5f, 0x43,
	},
	{
		0x68, 0x65, 0x63, 0x6b, 0x48, 0x69, 0x74, 0x41,
		0x6c, 0x6c, 0x45, 0x6e, 0x65, 0x6d, 0x79, 0x20,
		0x66, 0x6f, 0x75, 0x6e,
	},
	{
		0x64, 0x20, 0x69, 0x6e, 0x20, 0x4f, 0x56, 0x4c,
		0x31, 0x5f, 0x5f, 0x65, 0x78, 0x65, 0x5f, 0x53,
		0x43, 0x32, 0x2e, 0x63,
	},
	{
		0x20, 0x0d, 0x0a, 0x23, 0x20, 0x20, 0x31, 0x5d,
		0x20, 0x45, 0x46, 0x45, 0x4d, 0x5f, 0x5f, 0x43,
		0x68, 0x65, 0x63, 0x6b,
	},
	{
		0x48, 0x69, 0x74, 0x41, 0x6c, 0x6c, 0x45, 0x6e,
		0x65, 0x6d, 0x79, 0x20, 0x66, 0x6f, 0x75, 0x6e,
		0x64, 0x20, 0x69, 0x6e,
	},
	{
		0x20, 0x4f, 0x56, 0x4c, 0x31, 0x5f, 0x5f, 0x65,
		0x78, 0x65, 0x5f, 0x53, 0x43, 0x32, 0x2e, 0x63,
		0x20, 0x0d, 0x0a, 0x23,
	},
	{
		0x20, 0x20, 0x20, 0x32, 0x5d, 0x20, 0x47, 0x65,
		0x74, 0x50, 0x6f, 0x73, 0x46, 0x72, 0x6f, 0x6e,
		0x74, 0x4d, 0x6f, 0x64,
	},
	{
		0x65, 0x6c, 0x20, 0x66, 0x6f, 0x75, 0x6e, 0x64,
		0x20, 0x69, 0x6e, 0x20, 0x4f, 0x56, 0x4c, 0x31,
		0x5f, 0x5f, 0x65, 0x78,
	},
	{
		0x65, 0x5f, 0x53, 0x43, 0x32, 0x2e, 0x63, 0x20,
		0x0d, 0x0a, 0x44, 0x61, 0x74, 0x61, 0x20, 0x43,
		0x6c, 0x6f, 0x73, 0x75,
	},
	{
		0x72, 0x65, 0x20, 0x28, 0x64, 0x61, 0x74, 0x61,
		0x29, 0x3a, 0x20, 0x45, 0x46, 0x45, 0x4d, 0x5f,
		0x5f, 0x43, 0x68, 0x65,
	},
	{
		0x63, 0x6b, 0x48, 0x69, 0x74, 0x44, 0x69, 0x72,
		0x65, 0x63, 0x74, 0x20, 0x66, 0x6f, 0x75, 0x6e,
		0x64, 0x20, 0x69, 0x6e,
	},
	{
		0x20, 0x4f, 0x56, 0x4c, 0x31, 0x5f, 0x5f, 0x65,
		0x78, 0x65, 0x5f, 0x53, 0x43, 0x32, 0x2e, 0x63,
		0x20, 0x0d, 0x0a, 0x23,
	},
	{
		0x20, 0x20, 0x31, 0x5d, 0x20, 0x45, 0x46, 0x45,
		0x4d, 0x5f, 0x5f, 0x43, 0x68, 0x65, 0x63, 0x6b,
		0x48, 0x69, 0x74, 0x44,
	},
	{
		0x69, 0x72, 0x65, 0x63, 0x74, 0x20, 0x66, 0x6f,
		0x75, 0x6e, 0x64, 0x20, 0x69, 0x6e, 0x20, 0x4f,
		0x56, 0x4c, 0x31, 0x5f,
	},
	{
		0x5f, 0x65, 0x78, 0x65, 0x5f, 0x53, 0x43, 0x32,
		0x2e, 0x63, 0x20, 0x0d, 0x0a, 0x44, 0x61, 0x74,
		0x61, 0x20, 0x43, 0x6c,
	},
	{
		0x6f, 0x73, 0x75, 0x72, 0x65, 0x20, 0x28, 0x64,
		0x61, 0x74, 0x61, 0x29, 0x3a, 0x20, 0x45, 0x46,
		0x45, 0x4d, 0x5f, 0x5f,
	},
	{
		0x54, 0x75, 0x72, 0x6e, 0x54, 0x61, 0x72, 0x67,
		0x65, 0x74, 0x20, 0x66, 0x6f, 0x75, 0x6e, 0x64,
		0x20, 0x69, 0x6e, 0x20,
	},
	{
		0x4f, 0x56, 0x4c, 0x31, 0x5f, 0x5f, 0x65, 0x78,
		0x65, 0x5f, 0x53, 0x43, 0x32, 0x2e, 0x63, 0x20,
		0x0d, 0x0a, 0x23, 0x20,
	},
	{
		0x20, 0x31, 0x5d, 0x20, 0x45, 0x46, 0x45, 0x4d,
		0x5f, 0x5f, 0x54, 0x75, 0x72, 0x6e, 0x54, 0x61,
		0x72, 0x67, 0x65, 0x74,
	},
	{
		0x20, 0x66, 0x6f, 0x75, 0x6e, 0x64, 0x20, 0x69,
		0x6e, 0x20, 0x4f, 0x56, 0x4c, 0x31, 0x5f, 0x5f,
		0x65, 0x78, 0x65, 0x5f,
	},
};

PositionDataRaw STD_D_8007C7B0[9] = {
	{
		{
			0x53, 0x43, 0x32, 0x2e, 0x63, 0x20, 0x0d, 0x0a,
			0x44, 0x61, 0x74, 0x61, 0x20, 0x43, 0x6c, 0x6f,
			0x73, 0x75, 0x72, 0x65, 0x20, 0x28, 0x64, 0x61,
			0x74, 0x61, 0x29, 0x3a, 0x20, 0x45, 0x46, 0x45,
			0x4d, 0x5f, 0x43, 0x6f, 0x6c, 0x6f, 0x72, 0x53,
			0x63, 0x72, 0x65, 0x65, 0x6e, 0x20, 0x66, 0x6f,
			0x75, 0x6e, 0x64, 0x20, 0x69, 0x6e, 0x20, 0x4f,
			0x56, 0x4c, 0x31, 0x5f, 0x5f, 0x65, 0x78, 0x65,
			0x5f, 0x53, 0x43, 0x32, 0x2e, 0x63, 0x20, 0x0d,
			0x0a, 0x23, 0x20, 0x20, 0x31, 0x5d, 0x20, 0x45,
			0x46, 0x45, 0x4d, 0x5f, 0x43, 0x6f, 0x6c, 0x6f,
			0x72, 0x53, 0x63, 0x72, 0x65, 0x65, 0x6e, 0x20,
			0x66, 0x6f, 0x75, 0x6e, 0x64, 0x20, 0x69, 0x6e,
			0x20, 0x4f, 0x56, 0x4c, 0x31, 0x5f, 0x5f, 0x65,
			0x78, 0x65, 0x5f, 0x53, 0x43, 0x32, 0x2e, 0x63,
			0x20, 0x0d, 0x0a, 0x44, 0x61, 0x74, 0x61, 0x20,
			0x43, 0x6c, 0x6f, 0x73, 0x75, 0x72, 0x65, 0x20,
		},
	},
	{
		{
			0x28, 0x64, 0x61, 0x74, 0x61, 0x29, 0x3a, 0x20,
			0x45, 0x46, 0x45, 0x4d, 0x5f, 0x5f, 0x44, 0x72,
			0x61, 0x77, 0x4d, 0x65, 0x6c, 0x74, 0x20, 0x66,
			0x6f, 0x75, 0x6e, 0x64, 0x20, 0x69, 0x6e, 0x20,
			0x4f, 0x56, 0x4c, 0x31, 0x5f, 0x5f, 0x65, 0x78,
			0x65, 0x5f, 0x53, 0x43, 0x32, 0x2e, 0x63, 0x20,
			0x0d, 0x0a, 0x23, 0x20, 0x20, 0x31, 0x5d, 0x20,
			0x45, 0x46, 0x45, 0x4d, 0x5f, 0x5f, 0x44, 0x72,
			0x61, 0x77, 0x4d, 0x65, 0x6c, 0x74, 0x20, 0x66,
			0x6f, 0x75, 0x6e, 0x64, 0x20, 0x69, 0x6e, 0x20,
			0x4f, 0x56, 0x4c, 0x31, 0x5f, 0x5f, 0x65, 0x78,
			0x65, 0x5f, 0x53, 0x43, 0x32, 0x2e, 0x63, 0x20,
			0x0d, 0x0a, 0x44, 0x61, 0x74, 0x61, 0x20, 0x43,
			0x6c, 0x6f, 0x73, 0x75, 0x72, 0x65, 0x20, 0x28,
			0x64, 0x61, 0x74, 0x61, 0x29, 0x3a, 0x20, 0x45,
			0x46, 0x45, 0x4d, 0x5f, 0x44, 0x72, 0x61, 0x77,
			0x41, 0x75, 0x72, 0x6f, 0x6c, 0x61, 0x46, 0x72,
		},
	},
	{
		{
			0x65, 0x65, 0x7a, 0x65, 0x20, 0x66, 0x6f, 0x75,
			0x6e, 0x64, 0x20, 0x69, 0x6e, 0x20, 0x4f, 0x56,
			0x4c, 0x31, 0x5f, 0x5f, 0x65, 0x78, 0x65, 0x5f,
			0x53, 0x43, 0x32, 0x2e, 0x63, 0x20, 0x0d, 0x0a,
			0x23, 0x20, 0x20, 0x31, 0x5d, 0x20, 0x45, 0x46,
			0x45, 0x4d, 0x5f, 0x44, 0x72, 0x61, 0x77, 0x41,
			0x75, 0x72, 0x6f, 0x6c, 0x61, 0x46, 0x72, 0x65,
			0x65, 0x7a, 0x65, 0x20, 0x66, 0x6f, 0x75, 0x6e,
			0x64, 0x20, 0x69, 0x6e, 0x20, 0x4f, 0x56, 0x4c,
			0x31, 0x5f, 0x5f, 0x65, 0x78, 0x65, 0x5f, 0x53,
			0x43, 0x32, 0x2e, 0x63, 0x20, 0x0d, 0x0a, 0x23,
			0x20, 0x20, 0x20, 0x32, 0x5d, 0x20, 0x54, 0x65,
			0x78, 0x74, 0x75, 0x72, 0x65, 0x54, 0x61, 0x62,
			0x6c, 0x65, 0x24, 0x37, 0x31, 0x36, 0x20, 0x28,
			0x6c, 0x6f, 0x63, 0x61, 0x6c, 0x29, 0x20, 0x64,
			0x65, 0x66, 0x69, 0x6e, 0x65, 0x64, 0x20, 0x69,
			0x6e, 0x20, 0x4f, 0x56, 0x4c, 0x31, 0x5f, 0x5f,
		},
	},
	{
		{
			0x65, 0x78, 0x65, 0x5f, 0x53, 0x43, 0x32, 0x2e,
			0x63, 0x20, 0x0d, 0x0a, 0x23, 0x20, 0x20, 0x20,
			0x32, 0x5d, 0x20, 0x43, 0x6f, 0x6c, 0x6f, 0x72,
			0x54, 0x61, 0x62, 0x6c, 0x65, 0x24, 0x37, 0x32,
			0x32, 0x20, 0x28, 0x6c, 0x6f, 0x63, 0x61, 0x6c,
			0x29, 0x20, 0x64, 0x65, 0x66, 0x69, 0x6e, 0x65,
			0x64, 0x20, 0x69, 0x6e, 0x20, 0x4f, 0x56, 0x4c,
			0x31, 0x5f, 0x5f, 0x65, 0x78, 0x65, 0x5f, 0x53,
			0x43, 0x32, 0x2e, 0x63, 0x20, 0x0d, 0x0a, 0x23,
			0x20, 0x20, 0x20, 0x32, 0x5d, 0x20, 0x47, 0x65,
			0x74, 0x4d, 0x65, 0x64, 0x69, 0x75, 0x6d, 0x20,
			0x66, 0x6f, 0x75, 0x6e, 0x64, 0x20, 0x69, 0x6e,
			0x20, 0x4f, 0x56, 0x4c, 0x31, 0x5f, 0x5f, 0x65,
			0x78, 0x65, 0x5f, 0x53, 0x43, 0x32, 0x2e, 0x63,
			0x20, 0x0d, 0x0a, 0x44, 0x61, 0x74, 0x61, 0x20,
			0x43, 0x6c, 0x6f, 0x73, 0x75, 0x72, 0x65, 0x20,
			0x28, 0x64, 0x61, 0x74, 0x61, 0x29, 0x3a, 0x20,
		},
	},
	{
		{
			0x45, 0x46, 0x45, 0x4d, 0x5f, 0x4d, 0x6f, 0x76,
			0x65, 0x41, 0x75, 0x72, 0x6f, 0x6c, 0x61, 0x46,
			0x72, 0x65, 0x65, 0x7a, 0x65, 0x20, 0x66, 0x6f,
			0x75, 0x6e, 0x64, 0x20, 0x69, 0x6e, 0x20, 0x4f,
			0x56, 0x4c, 0x31, 0x5f, 0x5f, 0x65, 0x78, 0x65,
			0x5f, 0x53, 0x43, 0x32, 0x2e, 0x63, 0x20, 0x0d,
			0x0a, 0x23, 0x20, 0x20, 0x31, 0x5d, 0x20, 0x45,
			0x46, 0x45, 0x4d, 0x5f, 0x4d, 0x6f, 0x76, 0x65,
			0x41, 0x75, 0x72, 0x6f, 0x6c, 0x61, 0x46, 0x72,
			0x65, 0x65, 0x7a, 0x65, 0x20, 0x66, 0x6f, 0x75,
			0x6e, 0x64, 0x20, 0x69, 0x6e, 0x20, 0x4f, 0x56,
			0x4c, 0x31, 0x5f, 0x5f, 0x65, 0x78, 0x65, 0x5f,
			0x53, 0x43, 0x32, 0x2e, 0x63, 0x20, 0x0d, 0x0a,
			0x44, 0x61, 0x74, 0x61, 0x20, 0x43, 0x6c, 0x6f,
			0x73, 0x75, 0x72, 0x65, 0x20, 0x28, 0x64, 0x61,
			0x74, 0x61, 0x29, 0x3a, 0x20, 0x45, 0x46, 0x45,
			0x4d, 0x5f, 0x49, 0x6e, 0x69, 0x74, 0x41, 0x75,
		},
	},
	{
		{
			0x72, 0x6f, 0x6c, 0x61, 0x46, 0x72, 0x65, 0x65,
			0x7a, 0x65, 0x20, 0x66, 0x6f, 0x75, 0x6e, 0x64,
			0x20, 0x69, 0x6e, 0x20, 0x4f, 0x56, 0x4c, 0x31,
			0x5f, 0x5f, 0x65, 0x78, 0x65, 0x5f, 0x53, 0x43,
			0x32, 0x2e, 0x63, 0x20, 0x0d, 0x0a, 0x23, 0x20,
			0x20, 0x31, 0x5d, 0x20, 0x45, 0x46, 0x45, 0x4d,
			0x5f, 0x49, 0x6e, 0x69, 0x74, 0x41, 0x75, 0x72,
			0x6f, 0x6c, 0x61, 0x46, 0x72, 0x65, 0x65, 0x7a,
			0x65, 0x20, 0x66, 0x6f, 0x75, 0x6e, 0x64, 0x20,
			0x69, 0x6e, 0x20, 0x4f, 0x56, 0x4c, 0x31, 0x5f,
			0x5f, 0x65, 0x78, 0x65, 0x5f, 0x53, 0x43, 0x32,
			0x2e, 0x63, 0x20, 0x0d, 0x0a, 0x44, 0x61, 0x74,
			0x61, 0x20, 0x43, 0x6c, 0x6f, 0x73, 0x75, 0x72,
			0x65, 0x20, 0x28, 0x64, 0x61, 0x74, 0x61, 0x29,
			0x3a, 0x20, 0x45, 0x46, 0x45, 0x4d, 0x5f, 0x44,
			0x72, 0x61, 0x77, 0x43, 0x6f, 0x6e, 0x66, 0x75,
			0x73, 0x65, 0x53, 0x74, 0x6f, 0x72, 0x6d, 0x20,
		},
	},
	{
		{
			0x66, 0x6f, 0x75, 0x6e, 0x64, 0x20, 0x69, 0x6e,
			0x20, 0x4f, 0x56, 0x4c, 0x31, 0x5f, 0x5f, 0x65,
			0x78, 0x65, 0x5f, 0x53, 0x43, 0x32, 0x2e, 0x63,
			0x20, 0x0d, 0x0a, 0x23, 0x20, 0x20, 0x31, 0x5d,
			0x20, 0x45, 0x46, 0x45, 0x4d, 0x5f, 0x44, 0x72,
			0x61, 0x77, 0x43, 0x6f, 0x6e, 0x66, 0x75, 0x73,
			0x65, 0x53, 0x74, 0x6f, 0x72, 0x6d, 0x20, 0x66,
			0x6f, 0x75, 0x6e, 0x64, 0x20, 0x69, 0x6e, 0x20,
			0x4f, 0x56, 0x4c, 0x31, 0x5f, 0x5f, 0x65, 0x78,
			0x65, 0x5f, 0x53, 0x43, 0x32, 0x2e, 0x63, 0x20,
			0x0d, 0x0a, 0x23, 0x20, 0x20, 0x20, 0x32, 0x5d,
			0x20, 0x54, 0x65, 0x78, 0x74, 0x75, 0x72, 0x65,
			0x4d, 0x61, 0x70, 0x54, 0x61, 0x62, 0x6c, 0x65,
			0x24, 0x36, 0x35, 0x30, 0x20, 0x28, 0x6c, 0x6f,
			0x63, 0x61, 0x6c, 0x29, 0x20, 0x64, 0x65, 0x66,
			0x69, 0x6e, 0x65, 0x64, 0x20, 0x69, 0x6e, 0x20,
			0x4f, 0x56, 0x4c, 0x31, 0x5f, 0x5f, 0x65, 0x78,
		},
	},
	{
		{
			0x65, 0x5f, 0x53, 0x43, 0x32, 0x2e, 0x63, 0x20,
			0x0d, 0x0a, 0x23, 0x20, 0x20, 0x20, 0x32, 0x5d,
			0x20, 0x72, 0x67, 0x62, 0x30, 0x24, 0x36, 0x36,
			0x38, 0x20, 0x28, 0x6c, 0x6f, 0x63, 0x61, 0x6c,
			0x29, 0x20, 0x64, 0x65, 0x66, 0x69, 0x6e, 0x65,
			0x64, 0x20, 0x69, 0x6e, 0x20, 0x4f, 0x56, 0x4c,
			0x31, 0x5f, 0x5f, 0x65, 0x78, 0x65, 0x5f, 0x53,
			0x43, 0x32, 0x2e, 0x63, 0x20, 0x0d, 0x0a, 0x44,
			0x61, 0x74, 0x61, 0x20, 0x43, 0x6c, 0x6f, 0x73,
			0x75, 0x72, 0x65, 0x20, 0x28, 0x64, 0x61, 0x74,
			0x61, 0x29, 0x3a, 0x20, 0x45, 0x46, 0x45, 0x4d,
			0x5f, 0x5f, 0x5f, 0x47, 0x65, 0x74, 0x53, 0x63,
			0x72, 0x65, 0x65, 0x6e, 0x50, 0x72, 0x6f, 0x6a,
			0x65, 0x63, 0x74, 0x69, 0x6f, 0x6e, 0x20, 0x66,
			0x6f, 0x75, 0x6e, 0x64, 0x20, 0x69, 0x6e, 0x20,
			0x4f, 0x56, 0x4c, 0x31, 0x5f, 0x5f, 0x65, 0x78,
			0x65, 0x5f, 0x53, 0x43, 0x32, 0x2e, 0x63, 0x20,
		},
	},
	{
		{
			0x0d, 0x0a, 0x23, 0x20, 0x20, 0x31, 0x5d, 0x20,
			0x45, 0x46, 0x45, 0x4d, 0x5f, 0x5f, 0x5f, 0x47,
			0x65, 0x74, 0x53, 0x63, 0x72, 0x65, 0x65, 0x6e,
			0x50, 0x72, 0x6f, 0x6a, 0x65, 0x63, 0x74, 0x69,
			0x6f, 0x6e, 0x20, 0x66, 0x6f, 0x75, 0x6e, 0x64,
			0x20, 0x69, 0x6e, 0x20, 0x4f, 0x56, 0x4c, 0x31,
			0x5f, 0x5f, 0x65, 0x78, 0x65, 0x5f, 0x53, 0x43,
			0x32, 0x2e, 0x63, 0x20, 0x0d, 0x0a, 0x44, 0x61,
			0x74, 0x61, 0x20, 0x43, 0x6c, 0x6f, 0x73, 0x75,
			0x72, 0x65, 0x20, 0x28, 0x64, 0x61, 0x74, 0x61,
			0x29, 0x3a, 0x20, 0x45, 0x46, 0x45, 0x4d, 0x5f,
			0x5f, 0x5f, 0x50, 0x61, 0x6c, 0x65, 0x74, 0x74,
			0x65, 0x43, 0x68, 0x61, 0x6e, 0x67, 0x65, 0x20,
			0x66, 0x6f, 0x75, 0x6e, 0x64, 0x20, 0x69, 0x6e,
			0x20, 0x4f, 0x56, 0x4c, 0x31, 0x5f, 0x5f, 0x65,
			0x78, 0x65, 0x5f, 0x53, 0x43, 0x32, 0x2e, 0x63,
			0x20, 0x0d, 0x0a, 0x23, 0x20, 0x20, 0x31, 0x5d,
		},
	},
};

int16_t STD_D_8007CC78[22] = {
	0x4520, 0x4546, 0x5f4d, 0x5f5f, 0x6150, 0x656c, 0x7474, 0x4365,
	0x6168, 0x676e, 0x2065, 0x6f66, 0x6e75, 0x2064, 0x6e69, 0x4f20,
	0x4c56, 0x5f31, 0x655f, 0x6578, 0x535f, 0x3243,
};

int16_t STD_D_8007CCA4[22] = {
	0x632e, 0x0d20, 0x440a, 0x7461, 0x2061, 0x6c43, 0x736f, 0x7275,
	0x2065, 0x6428, 0x7461, 0x2961, 0x203a, 0x4645, 0x4d45, 0x5f5f,
	0x445f, 0x6172, 0x5477, 0x444d, 0x5859, 0x535a,
};

int16_t STD_D_8007CCD0[22] = {
	0x7263, 0x6565, 0x206e, 0x6f66, 0x6e75, 0x2064, 0x6e69, 0x4f20,
	0x4c56, 0x5f31, 0x655f, 0x6578, 0x535f, 0x3243, 0x632e, 0x0d20,
	0x230a, 0x2020, 0x5d31, 0x4520, 0x4546, 0x5f4d,
};

int16_t STD_D_8007CCFC[22] = {
	0x5f5f, 0x7244, 0x7761, 0x4d54, 0x5944, 0x5a58, 0x6353, 0x6572,
	0x6e65, 0x6620, 0x756f, 0x646e, 0x6920, 0x206e, 0x564f, 0x314c,
	0x5f5f, 0x7865, 0x5f65, 0x4353, 0x2e32, 0x2063,
};

char STD_D_8007CD28[10240] = {
	0x0d, 0x0a, 0x44, 0x61, 0x74, 0x61, 0x20, 0x43,
	0x6c, 0x6f, 0x73, 0x75, 0x72, 0x65, 0x20, 0x28,
	0x64, 0x61, 0x74, 0x61, 0x29, 0x3a, 0x20, 0x45,
	0x46, 0x45, 0x4d, 0x5f, 0x5f, 0x53, 0x65, 0x74,
	0x43, 0x6c, 0x75, 0x74, 0x20, 0x66, 0x6f, 0x75,
	0x6e, 0x64, 0x20, 0x69, 0x6e, 0x20, 0x4f, 0x56,
	0x4c, 0x31, 0x5f, 0x5f, 0x65, 0x78, 0x65, 0x5f,
	0x53, 0x43, 0x32, 0x2e, 0x63, 0x20, 0x0d, 0x0a,
	0x23, 0x20, 0x20, 0x31, 0x5d, 0x20, 0x45, 0x46,
	0x45, 0x4d, 0x5f, 0x5f, 0x53, 0x65, 0x74, 0x43,
	0x6c, 0x75, 0x74, 0x20, 0x66, 0x6f, 0x75, 0x6e,
	0x64, 0x20, 0x69, 0x6e, 0x20, 0x4f, 0x56, 0x4c,
	0x31, 0x5f, 0x5f, 0x65, 0x78, 0x65, 0x5f, 0x53,
	0x43, 0x32, 0x2e, 0x63, 0x20, 0x0d, 0x0a, 0x44,
	0x61, 0x74, 0x61, 0x20, 0x43, 0x6c, 0x6f, 0x73,
	0x75, 0x72, 0x65, 0x20, 0x28, 0x64, 0x61, 0x74,
	0x61, 0x29, 0x3a, 0x20, 0x45, 0x46, 0x45, 0x4d,
	0x5f, 0x5f, 0x44, 0x72, 0x61, 0x77, 0x54, 0x4d,
	0x44, 0x5f, 0x59, 0x58, 0x5a, 0x20, 0x66, 0x6f,
	0x75, 0x6e, 0x64, 0x20, 0x69, 0x6e, 0x20, 0x4f,
	0x56, 0x4c, 0x31, 0x5f, 0x5f, 0x65, 0x78, 0x65,
	0x5f, 0x53, 0x43, 0x32, 0x2e, 0x63, 0x20, 0x0d,
	0x0a, 0x23, 0x20, 0x20, 0x31, 0x5d, 0x20, 0x45,
	0x46, 0x45, 0x4d, 0x5f, 0x5f, 0x44, 0x72, 0x61,
	0x77, 0x54, 0x4d, 0x44, 0x5f, 0x59, 0x58, 0x5a,
	0x20, 0x66, 0x6f, 0x75, 0x6e, 0x64, 0x20, 0x69,
	0x6e, 0x20, 0x4f, 0x56, 0x4c, 0x31, 0x5f, 0x5f,
	0x65, 0x78, 0x65, 0x5f, 0x53, 0x43, 0x32, 0x2e,
	0x63, 0x20, 0x0d, 0x0a, 0x44, 0x61, 0x74, 0x61,
	0x20, 0x43, 0x6c, 0x6f, 0x73, 0x75, 0x72, 0x65,
	0x20, 0x28, 0x64, 0x61, 0x74, 0x61, 0x29, 0x3a,
	0x20, 0x45, 0x46, 0x45, 0x4d, 0x5f, 0x5f, 0x5f,
	0x47, 0x65, 0x74, 0x53, 0x57, 0x41, 0x6e, 0x67,
	0x6c, 0x65, 0x20, 0x66, 0x6f, 0x75, 0x6e, 0x64,
	0x20, 0x69, 0x6e, 0x20, 0x4f, 0x56, 0x4c, 0x31,
	0x5f, 0x5f, 0x65, 0x78, 0x65, 0x5f, 0x53, 0x43,
	0x32, 0x2e, 0x63, 0x20, 0x0d, 0x0a, 0x23, 0x20,
	0x20, 0x31, 0x5d, 0x20, 0x45, 0x46, 0x45, 0x4d,
	0x5f, 0x5f, 0x5f, 0x47, 0x65, 0x74, 0x53, 0x57,
	0x41, 0x6e, 0x67, 0x6c, 0x65, 0x20, 0x66, 0x6f,
	0x75, 0x6e, 0x64, 0x20, 0x69, 0x6e, 0x20, 0x4f,
	0x56, 0x4c, 0x31, 0x5f, 0x5f, 0x65, 0x78, 0x65,
	0x5f, 0x53, 0x43, 0x32, 0x2e, 0x63, 0x20, 0x0d,
	0x0a, 0x44, 0x61, 0x74, 0x61, 0x20, 0x43, 0x6c,
	0x6f, 0x73, 0x75, 0x72, 0x65, 0x20, 0x28, 0x64,
	0x61, 0x74, 0x61, 0x29, 0x3a, 0x20, 0x45, 0x46,
	0x45, 0x4d, 0x5f, 0x5f, 0x52, 0x61, 0x6e, 0x64,
	0x54, 0x41, 0x52, 0x47, 0x45, 0x54, 0x70, 0x20,
	0x66, 0x6f, 0x75, 0x6e, 0x64, 0x20, 0x69, 0x6e,
	0x20, 0x4f, 0x56, 0x4c, 0x31, 0x5f, 0x5f, 0x65,
	0x78, 0x65, 0x5f, 0x53, 0x43, 0x32, 0x2e, 0x63,
	0x20, 0x0d, 0x0a, 0x23, 0x20, 0x20, 0x31, 0x5d,
	0x20, 0x45, 0x46, 0x45, 0x4d, 0x5f, 0x5f, 0x52,
	0x61, 0x6e, 0x64, 0x54, 0x41, 0x52, 0x47, 0x45,
	0x54, 0x70, 0x20, 0x66, 0x6f, 0x75, 0x6e, 0x64,
	0x20, 0x69, 0x6e, 0x20, 0x4f, 0x56, 0x4c, 0x31,
	0x5f, 0x5f, 0x65, 0x78, 0x65, 0x5f, 0x53, 0x43,
	0x32, 0x2e, 0x63, 0x20, 0x0d, 0x0a, 0x44, 0x61,
	0x74, 0x61, 0x20, 0x43, 0x6c, 0x6f, 0x73, 0x75,
	0x72, 0x65, 0x20, 0x28, 0x64, 0x61, 0x74, 0x61,
	0x29, 0x3a, 0x20, 0x45, 0x46, 0x45, 0x4d, 0x5f,
	0x5f, 0x5f, 0x57, 0x6f, 0x72, 0x6c, 0x64, 0x54,
	0x6f, 0x53, 0x63, 0x72, 0x65, 0x65, 0x6e, 0x20,
	0x66, 0x6f, 0x75, 0x6e, 0x64, 0x20, 0x69, 0x6e,
	0x20, 0x4f, 0x56, 0x4c, 0x31, 0x5f, 0x5f, 0x65,
	0x78, 0x65, 0x5f, 0x53, 0x43, 0x32, 0x2e, 0x63,
	0x20, 0x0d, 0x0a, 0x23, 0x20, 0x20, 0x31, 0x5d,
	0x20, 0x45, 0x46, 0x45, 0x4d, 0x5f, 0x5f, 0x5f,
	0x57, 0x6f, 0x72, 0x6c, 0x64, 0x54, 0x6f, 0x53,
	0x63, 0x72, 0x65, 0x65, 0x6e, 0x20, 0x66, 0x6f,
	0x75, 0x6e, 0x64, 0x20, 0x69, 0x6e, 0x20, 0x4f,
	0x56, 0x4c, 0x31, 0x5f, 0x5f, 0x65, 0x78, 0x65,
	0x5f, 0x53, 0x43, 0x32, 0x2e, 0x63, 0x20, 0x0d,
	0x0a, 0x44, 0x61, 0x74, 0x61, 0x20, 0x43, 0x6c,
	0x6f, 0x73, 0x75, 0x72, 0x65, 0x20, 0x28, 0x64,
	0x61, 0x74, 0x61, 0x29, 0x3a, 0x20, 0x45, 0x46,
	0x45, 0x4d, 0x5f, 0x5f, 0x5f, 0x41, 0x6e, 0x64,
	0x56, 0x65, 0x63, 0x74, 0x6f, 0x72, 0x53, 0x20,
	0x66, 0x6f, 0x75, 0x6e, 0x64, 0x20, 0x69, 0x6e,
	0x20, 0x4f, 0x56, 0x4c, 0x31, 0x5f, 0x5f, 0x65,
	0x78, 0x65, 0x5f, 0x53, 0x43, 0x32, 0x2e, 0x63,
	0x20, 0x0d, 0x0a, 0x23, 0x20, 0x20, 0x31, 0x5d,
	0x20, 0x45, 0x46, 0x45, 0x4d, 0x5f, 0x5f, 0x5f,
	0x41, 0x6e, 0x64, 0x56, 0x65, 0x63, 0x74, 0x6f,
	0x72, 0x53, 0x20, 0x66, 0x6f, 0x75, 0x6e, 0x64,
	0x20, 0x69, 0x6e, 0x20, 0x4f, 0x56, 0x4c, 0x31,
	0x5f, 0x5f, 0x65, 0x78, 0x65, 0x5f, 0x53, 0x43,
	0x32, 0x2e, 0x63, 0x20, 0x0d, 0x0a, 0x44, 0x61,
	0x74, 0x61, 0x20, 0x43, 0x6c, 0x6f, 0x73, 0x75,
	0x72, 0x65, 0x20, 0x28, 0x64, 0x61, 0x74, 0x61,
	0x29, 0x3a, 0x20, 0x45, 0x46, 0x45, 0x4d, 0x5f,
	0x5f, 0x5f, 0x44, 0x69, 0x76, 0x56, 0x65, 0x63,
	0x74, 0x6f, 0x72, 0x53, 0x20, 0x66, 0x6f, 0x75,
	0x6e, 0x64, 0x20, 0x69, 0x6e, 0x20, 0x4f, 0x56,
	0x4c, 0x31, 0x5f, 0x5f, 0x65, 0x78, 0x65, 0x5f,
	0x53, 0x43, 0x32, 0x2e, 0x63, 0x20, 0x0d, 0x0a,
	0x23, 0x20, 0x20, 0x31, 0x5d, 0x20, 0x45, 0x46,
	0x45, 0x4d, 0x5f, 0x5f, 0x5f, 0x44, 0x69, 0x76,
	0x56, 0x65, 0x63, 0x74, 0x6f, 0x72, 0x53, 0x20,
	0x66, 0x6f, 0x75, 0x6e, 0x64, 0x20, 0x69, 0x6e,
	0x20, 0x4f, 0x56, 0x4c, 0x31, 0x5f, 0x5f, 0x65,
	0x78, 0x65, 0x5f, 0x53, 0x43, 0x32, 0x2e, 0x63,
	0x20, 0x0d, 0x0a, 0x44, 0x61, 0x74, 0x61, 0x20,
	0x43, 0x6c, 0x6f, 0x73, 0x75, 0x72, 0x65, 0x20,
	0x28, 0x64, 0x61, 0x74, 0x61, 0x29, 0x3a, 0x20,
	0x45, 0x46, 0x45, 0x4d, 0x5f, 0x5f, 0x5f, 0x4d,
	0x75, 0x6c, 0x56, 0x65, 0x63, 0x74, 0x6f, 0x72,
	0x53, 0x20, 0x66, 0x6f, 0x75, 0x6e, 0x64, 0x20,
	0x69, 0x6e, 0x20, 0x4f, 0x56, 0x4c, 0x31, 0x5f,
	0x5f, 0x65, 0x78, 0x65, 0x5f, 0x53, 0x43, 0x32,
	0x2e, 0x63, 0x20, 0x0d, 0x0a, 0x23, 0x20, 0x20,
	0x31, 0x5d, 0x20, 0x45, 0x46, 0x45, 0x4d, 0x5f,
	0x5f, 0x5f, 0x4d, 0x75, 0x6c, 0x56, 0x65, 0x63,
	0x74, 0x6f, 0x72, 0x53, 0x20, 0x66, 0x6f, 0x75,
	0x6e, 0x64, 0x20, 0x69, 0x6e, 0x20, 0x4f, 0x56,
	0x4c, 0x31, 0x5f, 0x5f, 0x65, 0x78, 0x65, 0x5f,
	0x53, 0x43, 0x32, 0x2e, 0x63, 0x20, 0x0d, 0x0a,
	0x44, 0x61, 0x74, 0x61, 0x20, 0x43, 0x6c, 0x6f,
	0x73, 0x75, 0x72, 0x65, 0x20, 0x28, 0x64, 0x61,
	0x74, 0x61, 0x29, 0x3a, 0x20, 0x45, 0x46, 0x45,
	0x4d, 0x5f, 0x5f, 0x5f, 0x44, 0x72, 0x61, 0x77,
	0x46, 0x54, 0x34, 0x5f, 0x32, 0x20, 0x66, 0x6f,
	0x75, 0x6e, 0x64, 0x20, 0x69, 0x6e, 0x20, 0x4f,
	0x56, 0x4c, 0x31, 0x5f, 0x5f, 0x65, 0x78, 0x65,
	0x5f, 0x53, 0x43, 0x32, 0x2e, 0x63, 0x20, 0x0d,
	0x0a, 0x23, 0x20, 0x20, 0x31, 0x5d, 0x20, 0x45,
	0x46, 0x45, 0x4d, 0x5f, 0x5f, 0x5f, 0x44, 0x72,
	0x61, 0x77, 0x46, 0x54, 0x34, 0x5f, 0x32, 0x20,
	0x66, 0x6f, 0x75, 0x6e, 0x64, 0x20, 0x69, 0x6e,
	0x20, 0x4f, 0x56, 0x4c, 0x31, 0x5f, 0x5f, 0x65,
	0x78, 0x65, 0x5f, 0x53, 0x43, 0x32, 0x2e, 0x63,
	0x20, 0x0d, 0x0a, 0x44, 0x61, 0x74, 0x61, 0x20,
	0x43, 0x6c, 0x6f, 0x73, 0x75, 0x72, 0x65, 0x20,
	0x28, 0x64, 0x61, 0x74, 0x61, 0x29, 0x3a, 0x20,
	0x45, 0x46, 0x45, 0x4d, 0x5f, 0x5f, 0x52, 0x65,
	0x73, 0x65, 0x74, 0x54, 0x72, 0x61, 0x6e, 0x73,
	0x52, 0x6f, 0x6f, 0x74, 0x32, 0x20, 0x66, 0x6f,
	0x75, 0x6e, 0x64, 0x20, 0x69, 0x6e, 0x20, 0x4f,
	0x56, 0x4c, 0x31, 0x5f, 0x5f, 0x65, 0x78, 0x65,
	0x5f, 0x53, 0x43, 0x32, 0x2e, 0x63, 0x20, 0x0d,
	0x0a, 0x23, 0x20, 0x20, 0x31, 0x5d, 0x20, 0x45,
	0x46, 0x45, 0x4d, 0x5f, 0x5f, 0x52, 0x65, 0x73,
	0x65, 0x74, 0x54, 0x72, 0x61, 0x6e, 0x73, 0x52,
	0x6f, 0x6f, 0x74, 0x32, 0x20, 0x66, 0x6f, 0x75,
	0x6e, 0x64, 0x20, 0x69, 0x6e, 0x20, 0x4f, 0x56,
	0x4c, 0x31, 0x5f, 0x5f, 0x65, 0x78, 0x65, 0x5f,
	0x53, 0x43, 0x32, 0x2e, 0x63, 0x20, 0x0d, 0x0a,
	0x44, 0x61, 0x74, 0x61, 0x20, 0x43, 0x6c, 0x6f,
	0x73, 0x75, 0x72, 0x65, 0x20, 0x28, 0x64, 0x61,
	0x74, 0x61, 0x29, 0x3a, 0x20, 0x45, 0x46, 0x45,
	0x4d, 0x5f, 0x5f, 0x44, 0x72, 0x61, 0x77, 0x42,
	0x6f, 0x78, 0x20, 0x66, 0x6f, 0x75, 0x6e, 0x64,
	0x20, 0x69, 0x6e, 0x20, 0x4f, 0x56, 0x4c, 0x31,
	0x5f, 0x5f, 0x65, 0x78, 0x65, 0x5f, 0x53, 0x43,
	0x32, 0x2e, 0x63, 0x20, 0x0d, 0x0a, 0x23, 0x20,
	0x20, 0x31, 0x5d, 0x20, 0x45, 0x46, 0x45, 0x4d,
	0x5f, 0x5f, 0x44, 0x72, 0x61, 0x77, 0x42, 0x6f,
	0x78, 0x20, 0x66, 0x6f, 0x75, 0x6e, 0x64, 0x20,
	0x69, 0x6e, 0x20, 0x4f, 0x56, 0x4c, 0x31, 0x5f,
	0x5f, 0x65, 0x78, 0x65, 0x5f, 0x53, 0x43, 0x32,
	0x2e, 0x63, 0x20, 0x0d, 0x0a, 0x23, 0x20, 0x20,
	0x20, 0x32, 0x5d, 0x20, 0x45, 0x46, 0x45, 0x4d,
	0x5f, 0x5f, 0x44, 0x72, 0x61, 0x77, 0x42, 0x6f,
	0x78, 0x5f, 0x70, 0x6d, 0x58, 0x20, 0x28, 0x6c,
	0x6f, 0x63, 0x61, 0x6c, 0x29, 0x20, 0x64, 0x65,
	0x66, 0x69, 0x6e, 0x65, 0x64, 0x20, 0x69, 0x6e,
	0x20, 0x4f, 0x56, 0x4c, 0x31, 0x5f, 0x5f, 0x65,
	0x78, 0x65, 0x5f, 0x53, 0x43, 0x32, 0x2e, 0x63,
	0x20, 0x0d, 0x0a, 0x23, 0x20, 0x20, 0x20, 0x32,
	0x5d, 0x20, 0x45, 0x46, 0x45, 0x4d, 0x5f, 0x5f,
	0x44, 0x72, 0x61, 0x77, 0x42, 0x6f, 0x78, 0x5f,
	0x70, 0x6d, 0x59, 0x20, 0x28, 0x6c, 0x6f, 0x63,
	0x61, 0x6c, 0x29, 0x20, 0x64, 0x65, 0x66, 0x69,
	0x6e, 0x65, 0x64, 0x20, 0x69, 0x6e, 0x20, 0x4f,
	0x56, 0x4c, 0x31, 0x5f, 0x5f, 0x65, 0x78, 0x65,
	0x5f, 0x53, 0x43, 0x32, 0x2e, 0x63, 0x20, 0x0d,
	0x0a, 0x23, 0x20, 0x20, 0x20, 0x32, 0x5d, 0x20,
	0x45, 0x46, 0x45, 0x4d, 0x5f, 0x5f, 0x44, 0x72,
	0x61, 0x77, 0x42, 0x6f, 0x78, 0x5f, 0x70, 0x6d,
	0x5a, 0x20, 0x28, 0x6c, 0x6f, 0x63, 0x61, 0x6c,
	0x29, 0x20, 0x64, 0x65, 0x66, 0x69, 0x6e, 0x65,
	0x64, 0x20, 0x69, 0x6e, 0x20, 0x4f, 0x56, 0x4c,
	0x31, 0x5f, 0x5f, 0x65, 0x78, 0x65, 0x5f, 0x53,
	0x43, 0x32, 0x2e, 0x63, 0x20, 0x0d, 0x0a, 0x23,
	0x20, 0x20, 0x20, 0x32, 0x5d, 0x20, 0x43, 0x42,
	0x49, 0x46, 0x20, 0x28, 0x6c, 0x6f, 0x63, 0x61,
	0x6c, 0x29, 0x20, 0x64, 0x65, 0x66, 0x69, 0x6e,
	0x65, 0x64, 0x20, 0x69, 0x6e, 0x20, 0x4f, 0x56,
	0x4c, 0x31, 0x5f, 0x5f, 0x65, 0x78, 0x65, 0x5f,
	0x53, 0x43, 0x32, 0x2e, 0x63, 0x20, 0x0d, 0x0a,
	0x44, 0x61, 0x74, 0x61, 0x20, 0x43, 0x6c, 0x6f,
	0x73, 0x75, 0x72, 0x65, 0x20, 0x28, 0x64, 0x61,
	0x74, 0x61, 0x29, 0x3a, 0x20, 0x45, 0x46, 0x45,
	0x4d, 0x5f, 0x5f, 0x5f, 0x46, 0x6e, 0x74, 0x50,
	0x72, 0x69, 0x6e, 0x74, 0x20, 0x66, 0x6f, 0x75,
	0x6e, 0x64, 0x20, 0x69, 0x6e, 0x20, 0x4f, 0x56,
	0x4c, 0x31, 0x5f, 0x5f, 0x65, 0x78, 0x65, 0x5f,
	0x53, 0x43, 0x32, 0x2e, 0x63, 0x20, 0x0d, 0x0a,
	0x23, 0x20, 0x20, 0x31, 0x5d, 0x20, 0x45, 0x46,
	0x45, 0x4d, 0x5f, 0x5f, 0x5f, 0x46, 0x6e, 0x74,
	0x50, 0x72, 0x69, 0x6e, 0x74, 0x20, 0x66, 0x6f,
	0x75, 0x6e, 0x64, 0x20, 0x69, 0x6e, 0x20, 0x4f,
	0x56, 0x4c, 0x31, 0x5f, 0x5f, 0x65, 0x78, 0x65,
	0x5f, 0x53, 0x43, 0x32, 0x2e, 0x63, 0x20, 0x0d,
	0x0a, 0x44, 0x61, 0x74, 0x61, 0x20, 0x43, 0x6c,
	0x6f, 0x73, 0x75, 0x72, 0x65, 0x20, 0x28, 0x64,
	0x61, 0x74, 0x61, 0x29, 0x3a, 0x20, 0x45, 0x46,
	0x45, 0x4d, 0x5f, 0x5f, 0x5f, 0x44, 0x72, 0x61,
	0x77, 0x47, 0x72, 0x69, 0x64, 0x20, 0x66, 0x6f,
	0x75, 0x6e, 0x64, 0x20, 0x69, 0x6e, 0x20, 0x4f,
	0x56, 0x4c, 0x31, 0x5f, 0x5f, 0x65, 0x78, 0x65,
	0x5f, 0x53, 0x43, 0x32, 0x2e, 0x63, 0x20, 0x0d,
	0x0a, 0x23, 0x20, 0x20, 0x31, 0x5d, 0x20, 0x45,
	0x46, 0x45, 0x4d, 0x5f, 0x5f, 0x5f, 0x44, 0x72,
	0x61, 0x77, 0x47, 0x72, 0x69, 0x64, 0x20, 0x66,
	0x6f, 0x75, 0x6e, 0x64, 0x20, 0x69, 0x6e, 0x20,
	0x4f, 0x56, 0x4c, 0x31, 0x5f, 0x5f, 0x65, 0x78,
	0x65, 0x5f, 0x53, 0x43, 0x32, 0x2e, 0x63, 0x20,
	0x0d, 0x0a, 0x23, 0x20, 0x20, 0x20, 0x32, 0x5d,
	0x20, 0x45, 0x46, 0x45, 0x4d, 0x5f, 0x5f, 0x5f,
	0x44, 0x72, 0x61, 0x77, 0x47, 0x72, 0x69, 0x64,
	0x5f, 0x6c, 0x69, 0x6e, 0x65, 0x20, 0x66, 0x6f,
	0x75, 0x6e, 0x64, 0x20, 0x69, 0x6e, 0x20, 0x4f,
	0x56, 0x4c, 0x31, 0x5f, 0x5f, 0x65, 0x78, 0x65,
	0x5f, 0x53, 0x43, 0x32, 0x2e, 0x63, 0x20, 0x0d,
	0x0a, 0x44, 0x61, 0x74, 0x61, 0x20, 0x43, 0x6c,
	0x6f, 0x73, 0x75, 0x72, 0x65, 0x20, 0x28, 0x64,
	0x61, 0x74, 0x61, 0x29, 0x3a, 0x20, 0x45, 0x46,
	0x45, 0x4d, 0x5f, 0x5f, 0x5f, 0x44, 0x72, 0x61,
	0x77, 0x46, 0x54, 0x34, 0x20, 0x66, 0x6f, 0x75,
	0x6e, 0x64, 0x20, 0x69, 0x6e, 0x20, 0x4f, 0x56,
	0x4c, 0x31, 0x5f, 0x5f, 0x65, 0x78, 0x65, 0x5f,
	0x53, 0x43, 0x32, 0x2e, 0x63, 0x20, 0x0d, 0x0a,
	0x23, 0x20, 0x20, 0x31, 0x5d, 0x20, 0x45, 0x46,
	0x45, 0x4d, 0x5f, 0x5f, 0x5f, 0x44, 0x72, 0x61,
	0x77, 0x46, 0x54, 0x34, 0x20, 0x66, 0x6f, 0x75,
	0x6e, 0x64, 0x20, 0x69, 0x6e, 0x20, 0x4f, 0x56,
	0x4c, 0x31, 0x5f, 0x5f, 0x65, 0x78, 0x65, 0x5f,
	0x53, 0x43, 0x32, 0x2e, 0x63, 0x20, 0x0d, 0x0a,
	0x44, 0x61, 0x74, 0x61, 0x20, 0x43, 0x6c, 0x6f,
	0x73, 0x75, 0x72, 0x65, 0x20, 0x28, 0x64, 0x61,
	0x74, 0x61, 0x29, 0x3a, 0x20, 0x45, 0x46, 0x45,
	0x4d, 0x5f, 0x5f, 0x5f, 0x52, 0x65, 0x73, 0x65,
	0x74, 0x45, 0x66, 0x66, 0x65, 0x63, 0x74, 0x56,
	0x69, 0x65, 0x77, 0x20, 0x66, 0x6f, 0x75, 0x6e,
	0x64, 0x20, 0x69, 0x6e, 0x20, 0x4f, 0x56, 0x4c,
	0x31, 0x5f, 0x5f, 0x65, 0x78, 0x65, 0x5f, 0x53,
	0x43, 0x32, 0x2e, 0x63, 0x20, 0x0d, 0x0a, 0x23,
	0x20, 0x20, 0x31, 0x5d, 0x20, 0x45, 0x46, 0x45,
	0x4d, 0x5f, 0x5f, 0x5f, 0x52, 0x65, 0x73, 0x65,
	0x74, 0x45, 0x66, 0x66, 0x65, 0x63, 0x74, 0x56,
	0x69, 0x65, 0x77, 0x20, 0x66, 0x6f, 0x75, 0x6e,
	0x64, 0x20, 0x69, 0x6e, 0x20, 0x4f, 0x56, 0x4c,
	0x31, 0x5f, 0x5f, 0x65, 0x78, 0x65, 0x5f, 0x53,
	0x43, 0x32, 0x2e, 0x63, 0x20, 0x0d, 0x0a, 0x44,
	0x61, 0x74, 0x61, 0x20, 0x43, 0x6c, 0x6f, 0x73,
	0x75, 0x72, 0x65, 0x20, 0x28, 0x64, 0x61, 0x74,
	0x61, 0x29, 0x3a, 0x20, 0x45, 0x46, 0x45, 0x4d,
	0x5f, 0x5f, 0x5f, 0x53, 0x65, 0x74, 0x45, 0x66,
	0x66, 0x65, 0x63, 0x74, 0x56, 0x69, 0x65, 0x77,
	0x20, 0x66, 0x6f, 0x75, 0x6e, 0x64, 0x20, 0x69,
	0x6e, 0x20, 0x4f, 0x56, 0x4c, 0x31, 0x5f, 0x5f,
	0x65, 0x78, 0x65, 0x5f, 0x53, 0x43, 0x32, 0x2e,
	0x63, 0x20, 0x0d, 0x0a, 0x23, 0x20, 0x20, 0x31,
	0x5d, 0x20, 0x45, 0x46, 0x45, 0x4d, 0x5f, 0x5f,
	0x5f, 0x53, 0x65, 0x74, 0x45, 0x66, 0x66, 0x65,
	0x63, 0x74, 0x56, 0x69, 0x65, 0x77, 0x20, 0x66,
	0x6f, 0x75, 0x6e, 0x64, 0x20, 0x69, 0x6e, 0x20,
	0x4f, 0x56, 0x4c, 0x31, 0x5f, 0x5f, 0x65, 0x78,
	0x65, 0x5f, 0x53, 0x43, 0x32, 0x2e, 0x63, 0x20,
	0x0d, 0x0a, 0x44, 0x61, 0x74, 0x61, 0x20, 0x43,
	0x6c, 0x6f, 0x73, 0x75, 0x72, 0x65, 0x20, 0x28,
	0x64, 0x61, 0x74, 0x61, 0x29, 0x3a, 0x20, 0x45,
	0x46, 0x45, 0x4d, 0x5f, 0x5f, 0x5f, 0x4d, 0x6f,
	0x64, 0x65, 0x6c, 0x5f, 0x47, 0x65, 0x74, 0x4a,
	0x6f, 0x69, 0x6e, 0x74, 0x50, 0x6f, 0x73, 0x20,
	0x66, 0x6f, 0x75, 0x6e, 0x64, 0x20, 0x69, 0x6e,
	0x20, 0x4f, 0x56, 0x4c, 0x31, 0x5f, 0x5f, 0x65,
	0x78, 0x65, 0x5f, 0x53, 0x43, 0x32, 0x2e, 0x63,
	0x20, 0x0d, 0x0a, 0x23, 0x20, 0x20, 0x31, 0x5d,
	0x20, 0x45, 0x46, 0x45, 0x4d, 0x5f, 0x5f, 0x5f,
	0x4d, 0x6f, 0x64, 0x65, 0x6c, 0x5f, 0x47, 0x65,
	0x74, 0x4a, 0x6f, 0x69, 0x6e, 0x74, 0x50, 0x6f,
	0x73, 0x20, 0x66, 0x6f, 0x75, 0x6e, 0x64, 0x20,
	0x69, 0x6e, 0x20, 0x4f, 0x56, 0x4c, 0x31, 0x5f,
	0x5f, 0x65, 0x78, 0x65, 0x5f, 0x53, 0x43, 0x32,
	0x2e, 0x63, 0x20, 0x0d, 0x0a, 0x44, 0x61, 0x74,
	0x61, 0x20, 0x43, 0x6c, 0x6f, 0x73, 0x75, 0x72,
	0x65, 0x20, 0x28, 0x64, 0x61, 0x74, 0x61, 0x29,
	0x3a, 0x20, 0x45, 0x46, 0x45, 0x4d, 0x5f, 0x5f,
	0x53, 0x65, 0x74, 0x49, 0x6e, 0x66, 0x6f, 0x50,
	0x61, 0x72, 0x65, 0x6e, 0x74, 0x20, 0x66, 0x6f,
	0x75, 0x6e, 0x64, 0x20, 0x69, 0x6e, 0x20, 0x4f,
	0x56, 0x4c, 0x31, 0x5f, 0x5f, 0x65, 0x78, 0x65,
	0x5f, 0x53, 0x43, 0x32, 0x2e, 0x63, 0x20, 0x0d,
	0x0a, 0x23, 0x20, 0x20, 0x31, 0x5d, 0x20, 0x45,
	0x46, 0x45, 0x4d, 0x5f, 0x5f, 0x53, 0x65, 0x74,
	0x49, 0x6e, 0x66, 0x6f, 0x50, 0x61, 0x72, 0x65,
	0x6e, 0x74, 0x20, 0x66, 0x6f, 0x75, 0x6e, 0x64,
	0x20, 0x69, 0x6e, 0x20, 0x4f, 0x56, 0x4c, 0x31,
	0x5f, 0x5f, 0x65, 0x78, 0x65, 0x5f, 0x53, 0x43,
	0x32, 0x2e, 0x63, 0x20, 0x0d, 0x0a, 0x44, 0x61,
	0x74, 0x61, 0x20, 0x43, 0x6c, 0x6f, 0x73, 0x75,
	0x72, 0x65, 0x20, 0x28, 0x64, 0x61, 0x74, 0x61,
	0x29, 0x3a, 0x20, 0x45, 0x46, 0x45, 0x4d, 0x5f,
	0x5f, 0x5f, 0x44, 0x72, 0x61, 0x77, 0x4c, 0x69,
	0x6e, 0x65, 0x20, 0x66, 0x6f, 0x75, 0x6e, 0x64,
	0x20, 0x69, 0x6e, 0x20, 0x4f, 0x56, 0x4c, 0x31,
	0x5f, 0x5f, 0x65, 0x78, 0x65, 0x5f, 0x53, 0x43,
	0x32, 0x2e, 0x63, 0x20, 0x0d, 0x0a, 0x23, 0x20,
	0x20, 0x31, 0x5d, 0x20, 0x45, 0x46, 0x45, 0x4d,
	0x5f, 0x5f, 0x5f, 0x44, 0x72, 0x61, 0x77, 0x4c,
	0x69, 0x6e, 0x65, 0x20, 0x66, 0x6f, 0x75, 0x6e,
	0x64, 0x20, 0x69, 0x6e, 0x20, 0x4f, 0x56, 0x4c,
	0x31, 0x5f, 0x5f, 0x65, 0x78, 0x65, 0x5f, 0x53,
	0x43, 0x32, 0x2e, 0x63, 0x20, 0x0d, 0x0a, 0x23,
	0x20, 0x20, 0x20, 0x32, 0x5d, 0x20, 0x54, 0x61,
	0x62, 0x6c, 0x65, 0x5f, 0x5f, 0x45, 0x4d, 0x44,
	0x4c, 0x5f, 0x64, 0x79, 0x20, 0x28, 0x6c, 0x6f,
	0x63, 0x61, 0x6c, 0x29, 0x20, 0x64, 0x65, 0x66,
	0x69, 0x6e, 0x65, 0x64, 0x20, 0x69, 0x6e, 0x20,
	0x4f, 0x56, 0x4c, 0x31, 0x5f, 0x5f, 0x65, 0x78,
	0x65, 0x5f, 0x53, 0x43, 0x32, 0x2e, 0x63, 0x20,
	0x0d, 0x0a, 0x23, 0x20, 0x20, 0x20, 0x32, 0x5d,
	0x20, 0x54, 0x61, 0x62, 0x6c, 0x65, 0x5f, 0x5f,
	0x45, 0x4d, 0x44, 0x4c, 0x5f, 0x64, 0x78, 0x20,
	0x28, 0x6c, 0x6f, 0x63, 0x61, 0x6c, 0x29, 0x20,
	0x64, 0x65, 0x66, 0x69, 0x6e, 0x65, 0x64, 0x20,
	0x69, 0x6e, 0x20, 0x4f, 0x56, 0x4c, 0x31, 0x5f,
	0x5f, 0x65, 0x78, 0x65, 0x5f, 0x53, 0x43, 0x32,
	0x2e, 0x63, 0x20, 0x0d, 0x0a, 0x44, 0x61, 0x74,
	0x61, 0x20, 0x43, 0x6c, 0x6f, 0x73, 0x75, 0x72,
	0x65, 0x20, 0x28, 0x64, 0x61, 0x74, 0x61, 0x29,
	0x3a, 0x20, 0x45, 0x46, 0x45, 0x4d, 0x5f, 0x5f,
	0x5f, 0x4d, 0x75, 0x6c, 0x20, 0x66, 0x6f, 0x75,
	0x6e, 0x64, 0x20, 0x69, 0x6e, 0x20, 0x4f, 0x56,
	0x4c, 0x31, 0x5f, 0x5f, 0x65, 0x78, 0x65, 0x5f,
	0x53, 0x43, 0x32, 0x2e, 0x63, 0x20, 0x0d, 0x0a,
	0x23, 0x20, 0x20, 0x31, 0x5d, 0x20, 0x45, 0x46,
	0x45, 0x4d, 0x5f, 0x5f, 0x5f, 0x4d, 0x75, 0x6c,
	0x20, 0x66, 0x6f, 0x75, 0x6e, 0x64, 0x20, 0x69,
	0x6e, 0x20, 0x4f, 0x56, 0x4c, 0x31, 0x5f, 0x5f,
	0x65, 0x78, 0x65, 0x5f, 0x53, 0x43, 0x32, 0x2e,
	0x63, 0x20, 0x0d, 0x0a, 0x44, 0x61, 0x74, 0x61,
	0x20, 0x43, 0x6c, 0x6f, 0x73, 0x75, 0x72, 0x65,
	0x20, 0x28, 0x64, 0x61, 0x74, 0x61, 0x29, 0x3a,
	0x20, 0x45, 0x46, 0x45, 0x4d, 0x5f, 0x5f, 0x5f,
	0x59, 0x58, 0x5a, 0x32, 0x58, 0x59, 0x5a, 0x20,
	0x66, 0x6f, 0x75, 0x6e, 0x64, 0x20, 0x69, 0x6e,
	0x20, 0x4f, 0x56, 0x4c, 0x31, 0x5f, 0x5f, 0x65,
	0x78, 0x65, 0x5f, 0x53, 0x43, 0x32, 0x2e, 0x63,
	0x20, 0x0d, 0x0a, 0x23, 0x20, 0x20, 0x31, 0x5d,
	0x20, 0x45, 0x46, 0x45, 0x4d, 0x5f, 0x5f, 0x5f,
	0x59, 0x58, 0x5a, 0x32, 0x58, 0x59, 0x5a, 0x20,
	0x66, 0x6f, 0x75, 0x6e, 0x64, 0x20, 0x69, 0x6e,
	0x20, 0x4f, 0x56, 0x4c, 0x31, 0x5f, 0x5f, 0x65,
	0x78, 0x65, 0x5f, 0x53, 0x43, 0x32, 0x2e, 0x63,
	0x20, 0x0d, 0x0a, 0x44, 0x61, 0x74, 0x61, 0x20,
	0x43, 0x6c, 0x6f, 0x73, 0x75, 0x72, 0x65, 0x20,
	0x28, 0x64, 0x61, 0x74, 0x61, 0x29, 0x3a, 0x20,
	0x45, 0x46, 0x45, 0x4d, 0x5f, 0x5f, 0x5f, 0x41,
	0x6e, 0x67, 0x6c, 0x65, 0x5f, 0x41, 0x70, 0x70,
	0x6c, 0x79, 0x59, 0x58, 0x5a, 0x20, 0x66, 0x6f,
	0x75, 0x6e, 0x64, 0x20, 0x69, 0x6e, 0x20, 0x4f,
	0x56, 0x4c, 0x31, 0x5f, 0x5f, 0x65, 0x78, 0x65,
	0x5f, 0x53, 0x43, 0x32, 0x2e, 0x63, 0x20, 0x0d,
	0x0a, 0x23, 0x20, 0x20, 0x31, 0x5d, 0x20, 0x45,
	0x46, 0x45, 0x4d, 0x5f, 0x5f, 0x5f, 0x41, 0x6e,
	0x67, 0x6c, 0x65, 0x5f, 0x41, 0x70, 0x70, 0x6c,
	0x79, 0x59, 0x58, 0x5a, 0x20, 0x66, 0x6f, 0x75,
	0x6e, 0x64, 0x20, 0x69, 0x6e, 0x20, 0x4f, 0x56,
	0x4c, 0x31, 0x5f, 0x5f, 0x65, 0x78, 0x65, 0x5f,
	0x53, 0x43, 0x32, 0x2e, 0x63, 0x20, 0x0d, 0x0a,
	0x44, 0x61, 0x74, 0x61, 0x20, 0x43, 0x6c, 0x6f,
	0x73, 0x75, 0x72, 0x65, 0x20, 0x28, 0x64, 0x61,
	0x74, 0x61, 0x29, 0x3a, 0x20, 0x45, 0x46, 0x45,
	0x4d, 0x5f, 0x5f, 0x5f, 0x54, 0x61, 0x72, 0x67,
	0x65, 0x74, 0x5f, 0x47, 0x65, 0x74, 0x4a, 0x6f,
	0x69, 0x6e, 0x74, 0x50, 0x6f, 0x73, 0x20, 0x66,
	0x6f, 0x75, 0x6e, 0x64, 0x20, 0x69, 0x6e, 0x20,
	0x4f, 0x56, 0x4c, 0x31, 0x5f, 0x5f, 0x65, 0x78,
	0x65, 0x5f, 0x53, 0x43, 0x32, 0x2e, 0x63, 0x20,
	0x0d, 0x0a, 0x23, 0x20, 0x20, 0x31, 0x5d, 0x20,
	0x45, 0x46, 0x45, 0x4d, 0x5f, 0x5f, 0x5f, 0x54,
	0x61, 0x72, 0x67, 0x65, 0x74, 0x5f, 0x47, 0x65,
	0x74, 0x4a, 0x6f, 0x69, 0x6e, 0x74, 0x50, 0x6f,
	0x73, 0x20, 0x66, 0x6f, 0x75, 0x6e, 0x64, 0x20,
	0x69, 0x6e, 0x20, 0x4f, 0x56, 0x4c, 0x31, 0x5f,
	0x5f, 0x65, 0x78, 0x65, 0x5f, 0x53, 0x43, 0x32,
	0x2e, 0x63, 0x20, 0x0d, 0x0a, 0x44, 0x61, 0x74,
	0x61, 0x20, 0x43, 0x6c, 0x6f, 0x73, 0x75, 0x72,
	0x65, 0x20, 0x28, 0x64, 0x61, 0x74, 0x61, 0x29,
	0x3a, 0x20, 0x45, 0x46, 0x45, 0x4d, 0x5f, 0x5f,
	0x5f, 0x52, 0x65, 0x73, 0x65, 0x74, 0x54, 0x72,
	0x61, 0x6e, 0x73, 0x43, 0x65, 0x6e, 0x74, 0x65,
	0x72, 0x20, 0x66, 0x6f, 0x75, 0x6e, 0x64, 0x20,
	0x69, 0x6e, 0x20, 0x4f, 0x56, 0x4c, 0x31, 0x5f,
	0x5f, 0x65, 0x78, 0x65, 0x5f, 0x53, 0x43, 0x32,
	0x2e, 0x63, 0x20, 0x0d, 0x0a, 0x23, 0x20, 0x20,
	0x31, 0x5d, 0x20, 0x45, 0x46, 0x45, 0x4d, 0x5f,
	0x5f, 0x5f, 0x52, 0x65, 0x73, 0x65, 0x74, 0x54,
	0x72, 0x61, 0x6e, 0x73, 0x43, 0x65, 0x6e, 0x74,
	0x65, 0x72, 0x20, 0x66, 0x6f, 0x75, 0x6e, 0x64,
	0x20, 0x69, 0x6e, 0x20, 0x4f, 0x56, 0x4c, 0x31,
	0x5f, 0x5f, 0x65, 0x78, 0x65, 0x5f, 0x53, 0x43,
	0x32, 0x2e, 0x63, 0x20, 0x0d, 0x0a, 0x44, 0x61,
	0x74, 0x61, 0x20, 0x43, 0x6c, 0x6f, 0x73, 0x75,
	0x72, 0x65, 0x20, 0x28, 0x64, 0x61, 0x74, 0x61,
	0x29, 0x3a, 0x20, 0x45, 0x46, 0x45, 0x4d, 0x5f,
	0x5f, 0x5f, 0x53, 0x68, 0x69, 0x66, 0x74, 0x52,
	0x56, 0x65, 0x63, 0x74, 0x6f, 0x72, 0x20, 0x66,
	0x6f, 0x75, 0x6e, 0x64, 0x20, 0x69, 0x6e, 0x20,
	0x4f, 0x56, 0x4c, 0x31, 0x5f, 0x5f, 0x65, 0x78,
	0x65, 0x5f, 0x53, 0x43, 0x32, 0x2e, 0x63, 0x20,
	0x0d, 0x0a, 0x23, 0x20, 0x20, 0x31, 0x5d, 0x20,
	0x45, 0x46, 0x45, 0x4d, 0x5f, 0x5f, 0x5f, 0x53,
	0x68, 0x69, 0x66, 0x74, 0x52, 0x56, 0x65, 0x63,
	0x74, 0x6f, 0x72, 0x20, 0x66, 0x6f, 0x75, 0x6e,
	0x64, 0x20, 0x69, 0x6e, 0x20, 0x4f, 0x56, 0x4c,
	0x31, 0x5f, 0x5f, 0x65, 0x78, 0x65, 0x5f, 0x53,
	0x43, 0x32, 0x2e, 0x63, 0x20, 0x0d, 0x0a, 0x44,
	0x61, 0x74, 0x61, 0x20, 0x43, 0x6c, 0x6f, 0x73,
	0x75, 0x72, 0x65, 0x20, 0x28, 0x64, 0x61, 0x74,
	0x61, 0x29, 0x3a, 0x20, 0x45, 0x46, 0x45, 0x4d,
	0x5f, 0x5f, 0x5f, 0x41, 0x6e, 0x64, 0x56, 0x65,
	0x63, 0x74, 0x6f, 0x72, 0x20, 0x66, 0x6f, 0x75,
	0x6e, 0x64, 0x20, 0x69, 0x6e, 0x20, 0x4f, 0x56,
	0x4c, 0x31, 0x5f, 0x5f, 0x65, 0x78, 0x65, 0x5f,
	0x53, 0x43, 0x32, 0x2e, 0x63, 0x20, 0x0d, 0x0a,
	0x23, 0x20, 0x20, 0x31, 0x5d, 0x20, 0x45, 0x46,
	0x45, 0x4d, 0x5f, 0x5f, 0x5f, 0x41, 0x6e, 0x64,
	0x56, 0x65, 0x63, 0x74, 0x6f, 0x72, 0x20, 0x66,
	0x6f, 0x75, 0x6e, 0x64, 0x20, 0x69, 0x6e, 0x20,
	0x4f, 0x56, 0x4c, 0x31, 0x5f, 0x5f, 0x65, 0x78,
	0x65, 0x5f, 0x53, 0x43, 0x32, 0x2e, 0x63, 0x20,
	0x0d, 0x0a, 0x44, 0x61, 0x74, 0x61, 0x20, 0x43,
	0x6c, 0x6f, 0x73, 0x75, 0x72, 0x65, 0x20, 0x28,
	0x64, 0x61, 0x74, 0x61, 0x29, 0x3a, 0x20, 0x45,
	0x46, 0x45, 0x4d, 0x5f, 0x5f, 0x5f, 0x44, 0x69,
	0x76, 0x56, 0x65, 0x63, 0x74, 0x6f, 0x72, 0x20,
	0x66, 0x6f, 0x75, 0x6e, 0x64, 0x20, 0x69, 0x6e,
	0x20, 0x4f, 0x56, 0x4c, 0x31, 0x5f, 0x5f, 0x65,
	0x78, 0x65, 0x5f, 0x53, 0x43, 0x32, 0x2e, 0x63,
	0x20, 0x0d, 0x0a, 0x23, 0x20, 0x20, 0x31, 0x5d,
	0x20, 0x45, 0x46, 0x45, 0x4d, 0x5f, 0x5f, 0x5f,
	0x44, 0x69, 0x76, 0x56, 0x65, 0x63, 0x74, 0x6f,
	0x72, 0x20, 0x66, 0x6f, 0x75, 0x6e, 0x64, 0x20,
	0x69, 0x6e, 0x20, 0x4f, 0x56, 0x4c, 0x31, 0x5f,
	0x5f, 0x65, 0x78, 0x65, 0x5f, 0x53, 0x43, 0x32,
	0x2e, 0x63, 0x20, 0x0d, 0x0a, 0x44, 0x61, 0x74,
	0x61, 0x20, 0x43, 0x6c, 0x6f, 0x73, 0x75, 0x72,
	0x65, 0x20, 0x28, 0x64, 0x61, 0x74, 0x61, 0x29,
	0x3a, 0x20, 0x45, 0x46, 0x45, 0x4d, 0x5f, 0x5f,
	0x5f, 0x4d, 0x75, 0x6c, 0x56, 0x65, 0x63, 0x74,
	0x6f, 0x72, 0x20, 0x66, 0x6f, 0x75, 0x6e, 0x64,
	0x20, 0x69, 0x6e, 0x20, 0x4f, 0x56, 0x4c, 0x31,
	0x5f, 0x5f, 0x65, 0x78, 0x65, 0x5f, 0x53, 0x43,
	0x32, 0x2e, 0x63, 0x20, 0x0d, 0x0a, 0x23, 0x20,
	0x20, 0x31, 0x5d, 0x20, 0x45, 0x46, 0x45, 0x4d,
	0x5f, 0x5f, 0x5f, 0x4d, 0x75, 0x6c, 0x56, 0x65,
	0x63, 0x74, 0x6f, 0x72, 0x20, 0x66, 0x6f, 0x75,
	0x6e, 0x64, 0x20, 0x69, 0x6e, 0x20, 0x4f, 0x56,
	0x4c, 0x31, 0x5f, 0x5f, 0x65, 0x78, 0x65, 0x5f,
	0x53, 0x43, 0x32, 0x2e, 0x63, 0x20, 0x0d, 0x0a,
	0x44, 0x61, 0x74, 0x61, 0x20, 0x43, 0x6c, 0x6f,
	0x73, 0x75, 0x72, 0x65, 0x20, 0x28, 0x64, 0x61,
	0x74, 0x61, 0x29, 0x3a, 0x20, 0x45, 0x46, 0x45,
	0x4d, 0x5f, 0x5f, 0x5f, 0x53, 0x75, 0x62, 0x56,
	0x65, 0x63, 0x74, 0x6f, 0x72, 0x20, 0x66, 0x6f,
	0x75, 0x6e, 0x64, 0x20, 0x69, 0x6e, 0x20, 0x4f,
	0x56, 0x4c, 0x31, 0x5f, 0x5f, 0x65, 0x78, 0x65,
	0x5f, 0x53, 0x43, 0x32, 0x2e, 0x63, 0x20, 0x0d,
	0x0a, 0x23, 0x20, 0x20, 0x31, 0x5d, 0x20, 0x45,
	0x46, 0x45, 0x4d, 0x5f, 0x5f, 0x5f, 0x53, 0x75,
	0x62, 0x56, 0x65, 0x63, 0x74, 0x6f, 0x72, 0x20,
	0x66, 0x6f, 0x75, 0x6e, 0x64, 0x20, 0x69, 0x6e,
	0x20, 0x4f, 0x56, 0x4c, 0x31, 0x5f, 0x5f, 0x65,
	0x78, 0x65, 0x5f, 0x53, 0x43, 0x32, 0x2e, 0x63,
	0x20, 0x0d, 0x0a, 0x44, 0x61, 0x74, 0x61, 0x20,
	0x43, 0x6c, 0x6f, 0x73, 0x75, 0x72, 0x65, 0x20,
	0x28, 0x64, 0x61, 0x74, 0x61, 0x29, 0x3a, 0x20,
	0x45, 0x46, 0x45, 0x4d, 0x5f, 0x5f, 0x5f, 0x41,
	0x64, 0x64, 0x56, 0x65, 0x63, 0x74, 0x6f, 0x72,
	0x20, 0x66, 0x6f, 0x75, 0x6e, 0x64, 0x20, 0x69,
	0x6e, 0x20, 0x4f, 0x56, 0x4c, 0x31, 0x5f, 0x5f,
	0x65, 0x78, 0x65, 0x5f, 0x53, 0x43, 0x32, 0x2e,
	0x63, 0x20, 0x0d, 0x0a, 0x23, 0x20, 0x20, 0x31,
	0x5d, 0x20, 0x45, 0x46, 0x45, 0x4d, 0x5f, 0x5f,
	0x5f, 0x41, 0x64, 0x64, 0x56, 0x65, 0x63, 0x74,
	0x6f, 0x72, 0x20, 0x66, 0x6f, 0x75, 0x6e, 0x64,
	0x20, 0x69, 0x6e, 0x20, 0x4f, 0x56, 0x4c, 0x31,
	0x5f, 0x5f, 0x65, 0x78, 0x65, 0x5f, 0x53, 0x43,
	0x32, 0x2e, 0x63, 0x20, 0x0d, 0x0a, 0x44, 0x61,
	0x74, 0x61, 0x20, 0x43, 0x6c, 0x6f, 0x73, 0x75,
	0x72, 0x65, 0x20, 0x28, 0x64, 0x61, 0x74, 0x61,
	0x29, 0x3a, 0x20, 0x45, 0x46, 0x45, 0x4d, 0x5f,
	0x5f, 0x5f, 0x43, 0x6f, 0x70, 0x79, 0x56, 0x65,
	0x63, 0x74, 0x6f, 0x72, 0x20, 0x66, 0x6f, 0x75,
	0x6e, 0x64, 0x20, 0x69, 0x6e, 0x20, 0x4f, 0x56,
	0x4c, 0x31, 0x5f, 0x5f, 0x65, 0x78, 0x65, 0x5f,
	0x53, 0x43, 0x32, 0x2e, 0x63, 0x20, 0x0d, 0x0a,
	0x23, 0x20, 0x20, 0x31, 0x5d, 0x20, 0x45, 0x46,
	0x45, 0x4d, 0x5f, 0x5f, 0x5f, 0x43, 0x6f, 0x70,
	0x79, 0x56, 0x65, 0x63, 0x74, 0x6f, 0x72, 0x20,
	0x66, 0x6f, 0x75, 0x6e, 0x64, 0x20, 0x69, 0x6e,
	0x20, 0x4f, 0x56, 0x4c, 0x31, 0x5f, 0x5f, 0x65,
	0x78, 0x65, 0x5f, 0x53, 0x43, 0x32, 0x2e, 0x63,
	0x20, 0x0d, 0x0a, 0x44, 0x61, 0x74, 0x61, 0x20,
	0x43, 0x6c, 0x6f, 0x73, 0x75, 0x72, 0x65, 0x20,
	0x28, 0x64, 0x61, 0x74, 0x61, 0x29, 0x3a, 0x20,
	0x45, 0x46, 0x45, 0x4d, 0x5f, 0x5f, 0x47, 0x65,
	0x74, 0x56, 0x65, 0x63, 0x74, 0x6f, 0x72, 0x4c,
	0x65, 0x6e, 0x67, 0x74, 0x68, 0x20, 0x66, 0x6f,
	0x75, 0x6e, 0x64, 0x20, 0x69, 0x6e, 0x20, 0x4f,
	0x56, 0x4c, 0x31, 0x5f, 0x5f, 0x65, 0x78, 0x65,
	0x5f, 0x53, 0x43, 0x32, 0x2e, 0x63, 0x20, 0x0d,
	0x0a, 0x23, 0x20, 0x20, 0x31, 0x5d, 0x20, 0x45,
	0x46, 0x45, 0x4d, 0x5f, 0x5f, 0x47, 0x65, 0x74,
	0x56, 0x65, 0x63, 0x74, 0x6f, 0x72, 0x4c, 0x65,
	0x6e, 0x67, 0x74, 0x68, 0x20, 0x66, 0x6f, 0x75,
	0x6e, 0x64, 0x20, 0x69, 0x6e, 0x20, 0x4f, 0x56,
	0x4c, 0x31, 0x5f, 0x5f, 0x65, 0x78, 0x65, 0x5f,
	0x53, 0x43, 0x32, 0x2e, 0x63, 0x20, 0x0d, 0x0a,
	0x44, 0x61, 0x74, 0x61, 0x20, 0x43, 0x6c, 0x6f,
	0x73, 0x75, 0x72, 0x65, 0x20, 0x28, 0x64, 0x61,
	0x74, 0x61, 0x29, 0x3a, 0x20, 0x45, 0x46, 0x45,
	0x4d, 0x5f, 0x5f, 0x43, 0x68, 0x61, 0x6e, 0x67,
	0x65, 0x4c, 0x61, 0x73, 0x74, 0x48, 0x69, 0x74,
	0x54, 0x61, 0x72, 0x67, 0x65, 0x74, 0x20, 0x66,
	0x6f, 0x75, 0x6e, 0x64, 0x20, 0x69, 0x6e, 0x20,
	0x4f, 0x56, 0x4c, 0x31, 0x5f, 0x5f, 0x65, 0x78,
	0x65, 0x5f, 0x53, 0x43, 0x32, 0x2e, 0x63, 0x20,
	0x0d, 0x0a, 0x23, 0x20, 0x20, 0x31, 0x5d, 0x20,
	0x45, 0x46, 0x45, 0x4d, 0x5f, 0x5f, 0x43, 0x68,
	0x61, 0x6e, 0x67, 0x65, 0x4c, 0x61, 0x73, 0x74,
	0x48, 0x69, 0x74, 0x54, 0x61, 0x72, 0x67, 0x65,
	0x74, 0x20, 0x66, 0x6f, 0x75, 0x6e, 0x64, 0x20,
	0x69, 0x6e, 0x20, 0x4f, 0x56, 0x4c, 0x31, 0x5f,
	0x5f, 0x65, 0x78, 0x65, 0x5f, 0x53, 0x43, 0x32,
	0x2e, 0x63, 0x20, 0x0d, 0x0a, 0x44, 0x61, 0x74,
	0x61, 0x20, 0x43, 0x6c, 0x6f, 0x73, 0x75, 0x72,
	0x65, 0x20, 0x28, 0x64, 0x61, 0x74, 0x61, 0x29,
	0x3a, 0x20, 0x45, 0x46, 0x45, 0x4d, 0x5f, 0x5f,
	0x61, 0x6e, 0x67, 0x6c, 0x65, 0x5f, 0x79, 0x78,
	0x7a, 0x32, 0x78, 0x79, 0x7a, 0x20, 0x66, 0x6f,
	0x75, 0x6e, 0x64, 0x20, 0x69, 0x6e, 0x20, 0x4f,
	0x56, 0x4c, 0x31, 0x5f, 0x5f, 0x65, 0x78, 0x65,
	0x5f, 0x53, 0x43, 0x32, 0x2e, 0x63, 0x20, 0x0d,
	0x0a, 0x23, 0x20, 0x20, 0x31, 0x5d, 0x20, 0x45,
	0x46, 0x45, 0x4d, 0x5f, 0x5f, 0x61, 0x6e, 0x67,
	0x6c, 0x65, 0x5f, 0x79, 0x78, 0x7a, 0x32, 0x78,
	0x79, 0x7a, 0x20, 0x66, 0x6f, 0x75, 0x6e, 0x64,
	0x20, 0x69, 0x6e, 0x20, 0x4f, 0x56, 0x4c, 0x31,
	0x5f, 0x5f, 0x65, 0x78, 0x65, 0x5f, 0x53, 0x43,
	0x32, 0x2e, 0x63, 0x20, 0x0d, 0x0a, 0x44, 0x61,
	0x74, 0x61, 0x20, 0x43, 0x6c, 0x6f, 0x73, 0x75,
	0x72, 0x65, 0x20, 0x28, 0x64, 0x61, 0x74, 0x61,
	0x29, 0x3a, 0x20, 0x45, 0x46, 0x45, 0x4d, 0x5f,
	0x5f, 0x43, 0x68, 0x65, 0x63, 0x6b, 0x48, 0x69,
	0x74, 0x4e, 0x6f, 0x45, 0x76, 0x65, 0x6e, 0x74,
	0x20, 0x66, 0x6f, 0x75, 0x6e, 0x64, 0x20, 0x69,
	0x6e, 0x20, 0x4f, 0x56, 0x4c, 0x31, 0x5f, 0x5f,
	0x65, 0x78, 0x65, 0x5f, 0x53, 0x43, 0x32, 0x2e,
	0x63, 0x20, 0x0d, 0x0a, 0x23, 0x20, 0x20, 0x31,
	0x5d, 0x20, 0x45, 0x46, 0x45, 0x4d, 0x5f, 0x5f,
	0x43, 0x68, 0x65, 0x63, 0x6b, 0x48, 0x69, 0x74,
	0x4e, 0x6f, 0x45, 0x76, 0x65, 0x6e, 0x74, 0x20,
	0x66, 0x6f, 0x75, 0x6e, 0x64, 0x20, 0x69, 0x6e,
	0x20, 0x4f, 0x56, 0x4c, 0x31, 0x5f, 0x5f, 0x65,
	0x78, 0x65, 0x5f, 0x53, 0x43, 0x32, 0x2e, 0x63,
	0x20, 0x0d, 0x0a, 0x44, 0x61, 0x74, 0x61, 0x20,
	0x43, 0x6c, 0x6f, 0x73, 0x75, 0x72, 0x65, 0x20,
	0x28, 0x64, 0x61, 0x74, 0x61, 0x29, 0x3a, 0x20,
	0x45, 0x46, 0x45, 0x4d, 0x5f, 0x5f, 0x76, 0x65,
	0x63, 0x32, 0x61, 0x6e, 0x67, 0x20, 0x66, 0x6f,
	0x75, 0x6e, 0x64, 0x20, 0x69, 0x6e, 0x20, 0x4f,
	0x56, 0x4c, 0x31, 0x5f, 0x5f, 0x65, 0x78, 0x65,
	0x5f, 0x53, 0x43, 0x32, 0x2e, 0x63, 0x20, 0x0d,
	0x0a, 0x23, 0x20, 0x20, 0x31, 0x5d, 0x20, 0x45,
	0x46, 0x45, 0x4d, 0x5f, 0x5f, 0x76, 0x65, 0x63,
	0x32, 0x61, 0x6e, 0x67, 0x20, 0x66, 0x6f, 0x75,
	0x6e, 0x64, 0x20, 0x69, 0x6e, 0x20, 0x4f, 0x56,
	0x4c, 0x31, 0x5f, 0x5f, 0x65, 0x78, 0x65, 0x5f,
	0x53, 0x43, 0x32, 0x2e, 0x63, 0x20, 0x0d, 0x0a,
	0x44, 0x61, 0x74, 0x61, 0x20, 0x43, 0x6c, 0x6f,
	0x73, 0x75, 0x72, 0x65, 0x20, 0x28, 0x64, 0x61,
	0x74, 0x61, 0x29, 0x3a, 0x20, 0x45, 0x46, 0x45,
	0x4d, 0x5f, 0x5f, 0x70, 0x72, 0x69, 0x6e, 0x74,
	0x66, 0x20, 0x66, 0x6f, 0x75, 0x6e, 0x64, 0x20,
	0x69, 0x6e, 0x20, 0x4f, 0x56, 0x4c, 0x31, 0x5f,
	0x5f, 0x65, 0x78, 0x65, 0x5f, 0x53, 0x43, 0x32,
	0x2e, 0x63, 0x20, 0x0d, 0x0a, 0x23, 0x20, 0x20,
	0x31, 0x5d, 0x20, 0x45, 0x46, 0x45, 0x4d, 0x5f,
	0x5f, 0x70, 0x72, 0x69, 0x6e, 0x74, 0x66, 0x20,
	0x66, 0x6f, 0x75, 0x6e, 0x64, 0x20, 0x69, 0x6e,
	0x20, 0x4f, 0x56, 0x4c, 0x31, 0x5f, 0x5f, 0x65,
	0x78, 0x65, 0x5f, 0x53, 0x43, 0x32, 0x2e, 0x63,
	0x20, 0x0d, 0x0a, 0x23, 0x20, 0x20, 0x20, 0x32,
	0x5d, 0x20, 0x40, 0x34, 0x36, 0x36, 0x20, 0x28,
	0x6c, 0x6f, 0x63, 0x61, 0x6c, 0x29, 0x20, 0x64,
	0x65, 0x66, 0x69, 0x6e, 0x65, 0x64, 0x20, 0x69,
	0x6e, 0x20, 0x4f, 0x56, 0x4c, 0x31, 0x5f, 0x5f,
	0x65, 0x78, 0x65, 0x5f, 0x53, 0x43, 0x32, 0x2e,
	0x63, 0x20, 0x0d, 0x0a, 0x44, 0x61, 0x74, 0x61,
	0x20, 0x43, 0x6c, 0x6f, 0x73, 0x75, 0x72, 0x65,
	0x20, 0x28, 0x64, 0x61, 0x74, 0x61, 0x29, 0x3a,
	0x20, 0x45, 0x46, 0x45, 0x4d, 0x5f, 0x5f, 0x72,
	0x61, 0x6e, 0x64, 0x20, 0x66, 0x6f, 0x75, 0x6e,
	0x64, 0x20, 0x69, 0x6e, 0x20, 0x4f, 0x56, 0x4c,
	0x31, 0x5f, 0x5f, 0x65, 0x78, 0x65, 0x5f, 0x53,
	0x43, 0x32, 0x2e, 0x63, 0x20, 0x0d, 0x0a, 0x23,
	0x20, 0x20, 0x31, 0x5d, 0x20, 0x45, 0x46, 0x45,
	0x4d, 0x5f, 0x5f, 0x72, 0x61, 0x6e, 0x64, 0x20,
	0x66, 0x6f, 0x75, 0x6e, 0x64, 0x20, 0x69, 0x6e,
	0x20, 0x4f, 0x56, 0x4c, 0x31, 0x5f, 0x5f, 0x65,
	0x78, 0x65, 0x5f, 0x53, 0x43, 0x32, 0x2e, 0x63,
	0x20, 0x0d, 0x0a, 0x44, 0x61, 0x74, 0x61, 0x20,
	0x43, 0x6c, 0x6f, 0x73, 0x75, 0x72, 0x65, 0x20,
	0x28, 0x64, 0x61, 0x74, 0x61, 0x29, 0x3a, 0x20,
	0x45, 0x46, 0x45, 0x4d, 0x5f, 0x5f, 0x47, 0x65,
	0x74, 0x4d, 0x65, 0x64, 0x69, 0x75, 0x6d, 0x20,
	0x66, 0x6f, 0x75, 0x6e, 0x64, 0x20, 0x69, 0x6e,
	0x20, 0x4f, 0x56, 0x4c, 0x31, 0x5f, 0x5f, 0x65,
	0x78, 0x65, 0x5f, 0x53, 0x43, 0x32, 0x2e, 0x63,
	0x20, 0x0d, 0x0a, 0x23, 0x20, 0x20, 0x31, 0x5d,
	0x20, 0x45, 0x46, 0x45, 0x4d, 0x5f, 0x5f, 0x47,
	0x65, 0x74, 0x4d, 0x65, 0x64, 0x69, 0x75, 0x6d,
	0x20, 0x66, 0x6f, 0x75, 0x6e, 0x64, 0x20, 0x69,
	0x6e, 0x20, 0x4f, 0x56, 0x4c, 0x31, 0x5f, 0x5f,
	0x65, 0x78, 0x65, 0x5f, 0x53, 0x43, 0x32, 0x2e,
	0x63, 0x20, 0x0d, 0x0a, 0x44, 0x61, 0x74, 0x61,
	0x20, 0x43, 0x6c, 0x6f, 0x73, 0x75, 0x72, 0x65,
	0x20, 0x28, 0x64, 0x61, 0x74, 0x61, 0x29, 0x3a,
	0x20, 0x45, 0x46, 0x45, 0x4d, 0x5f, 0x5f, 0x52,
	0x63, 0x6f, 0x73, 0x20, 0x66, 0x6f, 0x75, 0x6e,
	0x64, 0x20, 0x69, 0x6e, 0x20, 0x4f, 0x56, 0x4c,
	0x31, 0x5f, 0x5f, 0x65, 0x78, 0x65, 0x5f, 0x53,
	0x43, 0x32, 0x2e, 0x63, 0x20, 0x0d, 0x0a, 0x23,
	0x20, 0x20, 0x31, 0x5d, 0x20, 0x45, 0x46, 0x45,
	0x4d, 0x5f, 0x5f, 0x52, 0x63, 0x6f, 0x73, 0x20,
	0x66, 0x6f, 0x75, 0x6e, 0x64, 0x20, 0x69, 0x6e,
	0x20, 0x4f, 0x56, 0x4c, 0x31, 0x5f, 0x5f, 0x65,
	0x78, 0x65, 0x5f, 0x53, 0x43, 0x32, 0x2e, 0x63,
	0x20, 0x0d, 0x0a, 0x44, 0x61, 0x74, 0x61, 0x20,
	0x43, 0x6c, 0x6f, 0x73, 0x75, 0x72, 0x65, 0x20,
	0x28, 0x64, 0x61, 0x74, 0x61, 0x29, 0x3a, 0x20,
	0x45, 0x46, 0x45, 0x4d, 0x5f, 0x5f, 0x52, 0x73,
	0x69, 0x6e, 0x20, 0x66, 0x6f, 0x75, 0x6e, 0x64,
	0x20, 0x69, 0x6e, 0x20, 0x4f, 0x56, 0x4c, 0x31,
	0x5f, 0x5f, 0x65, 0x78, 0x65, 0x5f, 0x53, 0x43,
	0x32, 0x2e, 0x63, 0x20, 0x0d, 0x0a, 0x23, 0x20,
	0x20, 0x31, 0x5d, 0x20, 0x45, 0x46, 0x45, 0x4d,
	0x5f, 0x5f, 0x52, 0x73, 0x69, 0x6e, 0x20, 0x66,
	0x6f, 0x75, 0x6e, 0x64, 0x20, 0x69, 0x6e, 0x20,
	0x4f, 0x56, 0x4c, 0x31, 0x5f, 0x5f, 0x65, 0x78,
	0x65, 0x5f, 0x53, 0x43, 0x32, 0x2e, 0x63, 0x20,
	0x0d, 0x0a, 0x44, 0x61, 0x74, 0x61, 0x20, 0x43,
	0x6c, 0x6f, 0x73, 0x75, 0x72, 0x65, 0x20, 0x28,
	0x64, 0x61, 0x74, 0x61, 0x29, 0x3a, 0x20, 0x45,
	0x46, 0x45, 0x4d, 0x5f, 0x5f, 0x47, 0x65, 0x74,
	0x4d, 0x6f, 0x64, 0x65, 0x6c, 0x43, 0x6f, 0x6c,
	0x6c, 0x69, 0x73, 0x69, 0x6f, 0x6e, 0x20, 0x66,
	0x6f, 0x75, 0x6e, 0x64, 0x20, 0x69, 0x6e, 0x20,
	0x4f, 0x56, 0x4c, 0x31, 0x5f, 0x5f, 0x65, 0x78,
	0x65, 0x5f, 0x53, 0x43, 0x32, 0x2e, 0x63, 0x20,
	0x0d, 0x0a, 0x23, 0x20, 0x20, 0x31, 0x5d, 0x20,
	0x45, 0x46, 0x45, 0x4d, 0x5f, 0x5f, 0x47, 0x65,
	0x74, 0x4d, 0x6f, 0x64, 0x65, 0x6c, 0x43, 0x6f,
	0x6c, 0x6c, 0x69, 0x73, 0x69, 0x6f, 0x6e, 0x20,
	0x66, 0x6f, 0x75, 0x6e, 0x64, 0x20, 0x69, 0x6e,
	0x20, 0x4f, 0x56, 0x4c, 0x31, 0x5f, 0x5f, 0x65,
	0x78, 0x65, 0x5f, 0x53, 0x43, 0x32, 0x2e, 0x63,
	0x20, 0x0d, 0x0a, 0x44, 0x61, 0x74, 0x61, 0x20,
	0x43, 0x6c, 0x6f, 0x73, 0x75, 0x72, 0x65, 0x20,
	0x28, 0x64, 0x61, 0x74, 0x61, 0x29, 0x3a, 0x20,
	0x45, 0x46, 0x45, 0x4d, 0x5f, 0x5f, 0x4c, 0x65,
	0x61, 0x76, 0x65, 0x33, 0x64, 0x46, 0x6f, 0x72,
	0x50, 0x6f, 0x69, 0x6e, 0x74, 0x20, 0x66, 0x6f,
	0x75, 0x6e, 0x64, 0x20, 0x69, 0x6e, 0x20, 0x4f,
	0x56, 0x4c, 0x31, 0x5f, 0x5f, 0x65, 0x78, 0x65,
	0x5f, 0x53, 0x43, 0x32, 0x2e, 0x63, 0x20, 0x0d,
	0x0a, 0x23, 0x20, 0x20, 0x31, 0x5d, 0x20, 0x45,
	0x46, 0x45, 0x4d, 0x5f, 0x5f, 0x4c, 0x65, 0x61,
	0x76, 0x65, 0x33, 0x64, 0x46, 0x6f, 0x72, 0x50,
	0x6f, 0x69, 0x6e, 0x74, 0x20, 0x66, 0x6f, 0x75,
	0x6e, 0x64, 0x20, 0x69, 0x6e, 0x20, 0x4f, 0x56,
	0x4c, 0x31, 0x5f, 0x5f, 0x65, 0x78, 0x65, 0x5f,
	0x53, 0x43, 0x32, 0x2e, 0x63, 0x20, 0x0d, 0x0a,
	0x44, 0x61, 0x74, 0x61, 0x20, 0x43, 0x6c, 0x6f,
	0x73, 0x75, 0x72, 0x65, 0x20, 0x28, 0x64, 0x61,
	0x74, 0x61, 0x29, 0x3a, 0x20, 0x45, 0x46, 0x45,
	0x4d, 0x5f, 0x5f, 0x5f, 0x47, 0x65, 0x74, 0x43,
	0x6f, 0x75, 0x6e, 0x74, 0x41, 0x4e, 0x49, 0x4d,
	0x20, 0x66, 0x6f, 0x75, 0x6e, 0x64, 0x20, 0x69,
	0x6e, 0x20, 0x4f, 0x56, 0x4c, 0x31, 0x5f, 0x5f,
	0x65, 0x78, 0x65, 0x5f, 0x53, 0x43, 0x32, 0x2e,
	0x63, 0x20, 0x0d, 0x0a, 0x23, 0x20, 0x20, 0x31,
	0x5d, 0x20, 0x45, 0x46, 0x45, 0x4d, 0x5f, 0x5f,
	0x5f, 0x47, 0x65, 0x74, 0x43, 0x6f, 0x75, 0x6e,
	0x74, 0x41, 0x4e, 0x49, 0x4d, 0x20, 0x66, 0x6f,
	0x75, 0x6e, 0x64, 0x20, 0x69, 0x6e, 0x20, 0x4f,
	0x56, 0x4c, 0x31, 0x5f, 0x5f, 0x65, 0x78, 0x65,
	0x5f, 0x53, 0x43, 0x32, 0x2e, 0x63, 0x20, 0x0d,
	0x0a, 0x44, 0x61, 0x74, 0x61, 0x20, 0x43, 0x6c,
	0x6f, 0x73, 0x75, 0x72, 0x65, 0x20, 0x28, 0x64,
	0x61, 0x74, 0x61, 0x29, 0x3a, 0x20, 0x45, 0x46,
	0x45, 0x4d, 0x5f, 0x5f, 0x43, 0x68, 0x65, 0x63,
	0x6b, 0x49, 0x6e, 0x73, 0x69, 0x64, 0x65, 0x54,
	0x41, 0x52, 0x47, 0x45, 0x54, 0x63, 0x69, 0x72,
	0x63, 0x6c, 0x65, 0x20, 0x66, 0x6f, 0x75, 0x6e,
	0x64, 0x20, 0x69, 0x6e, 0x20, 0x4f, 0x56, 0x4c,
	0x31, 0x5f, 0x5f, 0x65, 0x78, 0x65, 0x5f, 0x53,
	0x43, 0x32, 0x2e, 0x63, 0x20, 0x0d, 0x0a, 0x23,
	0x20, 0x20, 0x31, 0x5d, 0x20, 0x45, 0x46, 0x45,
	0x4d, 0x5f, 0x5f, 0x43, 0x68, 0x65, 0x63, 0x6b,
	0x49, 0x6e, 0x73, 0x69, 0x64, 0x65, 0x54, 0x41,
	0x52, 0x47, 0x45, 0x54, 0x63, 0x69, 0x72, 0x63,
	0x6c, 0x65, 0x20, 0x66, 0x6f, 0x75, 0x6e, 0x64,
	0x20, 0x69, 0x6e, 0x20, 0x4f, 0x56, 0x4c, 0x31,
	0x5f, 0x5f, 0x65, 0x78, 0x65, 0x5f, 0x53, 0x43,
	0x32, 0x2e, 0x63, 0x20, 0x0d, 0x0a, 0x44, 0x61,
	0x74, 0x61, 0x20, 0x43, 0x6c, 0x6f, 0x73, 0x75,
	0x72, 0x65, 0x20, 0x28, 0x64, 0x61, 0x74, 0x61,
	0x29, 0x3a, 0x20, 0x45, 0x46, 0x45, 0x4d, 0x5f,
	0x5f, 0x52, 0x65, 0x73, 0x65, 0x74, 0x41, 0x6e,
	0x67, 0x6c, 0x65, 0x46, 0x6f, 0x72, 0x50, 0x6f,
	0x69, 0x6e, 0x74, 0x20, 0x66, 0x6f, 0x75, 0x6e,
	0x64, 0x20, 0x69, 0x6e, 0x20, 0x4f, 0x56, 0x4c,
	0x31, 0x5f, 0x5f, 0x65, 0x78, 0x65, 0x5f, 0x53,
	0x43, 0x32, 0x2e, 0x63, 0x20, 0x0d, 0x0a, 0x23,
	0x20, 0x20, 0x31, 0x5d, 0x20, 0x45, 0x46, 0x45,
	0x4d, 0x5f, 0x5f, 0x52, 0x65, 0x73, 0x65, 0x74,
	0x41, 0x6e, 0x67, 0x6c, 0x65, 0x46, 0x6f, 0x72,
	0x50, 0x6f, 0x69, 0x6e, 0x74, 0x20, 0x66, 0x6f,
	0x75, 0x6e, 0x64, 0x20, 0x69, 0x6e, 0x20, 0x4f,
	0x56, 0x4c, 0x31, 0x5f, 0x5f, 0x65, 0x78, 0x65,
	0x5f, 0x53, 0x43, 0x32, 0x2e, 0x63, 0x20, 0x0d,
	0x0a, 0x44, 0x61, 0x74, 0x61, 0x20, 0x43, 0x6c,
	0x6f, 0x73, 0x75, 0x72, 0x65, 0x20, 0x28, 0x64,
	0x61, 0x74, 0x61, 0x29, 0x3a, 0x20, 0x45, 0x46,
	0x45, 0x4d, 0x5f, 0x5f, 0x52, 0x65, 0x73, 0x65,
	0x74, 0x54, 0x72, 0x61, 0x6e, 0x73, 0x4d, 0x6f,
	0x64, 0x65, 0x6c, 0x20, 0x66, 0x6f, 0x75, 0x6e,
	0x64, 0x20, 0x69, 0x6e, 0x20, 0x4f, 0x56, 0x4c,
	0x31, 0x5f, 0x5f, 0x65, 0x78, 0x65, 0x5f, 0x53,
	0x43, 0x32, 0x2e, 0x63, 0x20, 0x0d, 0x0a, 0x23,
	0x20, 0x20, 0x31, 0x5d, 0x20, 0x45, 0x46, 0x45,
	0x4d, 0x5f, 0x5f, 0x52, 0x65, 0x73, 0x65, 0x74,
	0x54, 0x72, 0x61, 0x6e, 0x73, 0x4d, 0x6f, 0x64,
	0x65, 0x6c, 0x20, 0x66, 0x6f, 0x75, 0x6e, 0x64,
	0x20, 0x69, 0x6e, 0x20, 0x4f, 0x56, 0x4c, 0x31,
	0x5f, 0x5f, 0x65, 0x78, 0x65, 0x5f, 0x53, 0x43,
	0x32, 0x2e, 0x63, 0x20, 0x0d, 0x0a, 0x44, 0x61,
	0x74, 0x61, 0x20, 0x43, 0x6c, 0x6f, 0x73, 0x75,
	0x72, 0x65, 0x20, 0x28, 0x64, 0x61, 0x74, 0x61,
	0x29, 0x3a, 0x20, 0x45, 0x46, 0x45, 0x4d, 0x5f,
	0x5f, 0x44, 0x72, 0x61, 0x77, 0x4d, 0x61, 0x73,
	0x6b, 0x32, 0x20, 0x66, 0x6f, 0x75, 0x6e, 0x64,
	0x20, 0x69, 0x6e, 0x20, 0x4f, 0x56, 0x4c, 0x31,
	0x5f, 0x5f, 0x65, 0x78, 0x65, 0x5f, 0x53, 0x43,
	0x32, 0x2e, 0x63, 0x20, 0x0d, 0x0a, 0x23, 0x20,
	0x20, 0x31, 0x5d, 0x20, 0x45, 0x46, 0x45, 0x4d,
	0x5f, 0x5f, 0x44, 0x72, 0x61, 0x77, 0x4d, 0x61,
	0x73, 0x6b, 0x32, 0x20, 0x66, 0x6f, 0x75, 0x6e,
	0x64, 0x20, 0x69, 0x6e, 0x20, 0x4f, 0x56, 0x4c,
	0x31, 0x5f, 0x5f, 0x65, 0x78, 0x65, 0x5f, 0x53,
	0x43, 0x32, 0x2e, 0x63, 0x20, 0x0d, 0x0a, 0x44,
	0x61, 0x74, 0x61, 0x20, 0x43, 0x6c, 0x6f, 0x73,
	0x75, 0x72, 0x65, 0x20, 0x28, 0x64, 0x61, 0x74,
	0x61, 0x29, 0x3a, 0x20, 0x45, 0x46, 0x45, 0x4d,
	0x5f, 0x5f, 0x44, 0x72, 0x61, 0x77, 0x4d, 0x61,
	0x73, 0x6b, 0x20, 0x66, 0x6f, 0x75, 0x6e, 0x64,
	0x20, 0x69, 0x6e, 0x20, 0x4f, 0x56, 0x4c, 0x31,
	0x5f, 0x5f, 0x65, 0x78, 0x65, 0x5f, 0x53, 0x43,
	0x32, 0x2e, 0x63, 0x20, 0x0d, 0x0a, 0x23, 0x20,
	0x20, 0x31, 0x5d, 0x20, 0x45, 0x46, 0x45, 0x4d,
	0x5f, 0x5f, 0x44, 0x72, 0x61, 0x77, 0x4d, 0x61,
	0x73, 0x6b, 0x20, 0x66, 0x6f, 0x75, 0x6e, 0x64,
	0x20, 0x69, 0x6e, 0x20, 0x4f, 0x56, 0x4c, 0x31,
	0x5f, 0x5f, 0x65, 0x78, 0x65, 0x5f, 0x53, 0x43,
	0x32, 0x2e, 0x63, 0x20, 0x0d, 0x0a, 0x44, 0x61,
	0x74, 0x61, 0x20, 0x43, 0x6c, 0x6f, 0x73, 0x75,
	0x72, 0x65, 0x20, 0x28, 0x64, 0x61, 0x74, 0x61,
	0x29, 0x3a, 0x20, 0x45, 0x46, 0x45, 0x4d, 0x5f,
	0x5f, 0x52, 0x65, 0x73, 0x65, 0x74, 0x54, 0x72,
	0x61, 0x6e, 0x73, 0x52, 0x6f, 0x6f, 0x74, 0x20,
	0x66, 0x6f, 0x75, 0x6e, 0x64, 0x20, 0x69, 0x6e,
	0x20, 0x4f, 0x56, 0x4c, 0x31, 0x5f, 0x5f, 0x65,
	0x78, 0x65, 0x5f, 0x53, 0x43, 0x32, 0x2e, 0x63,
	0x20, 0x0d, 0x0a, 0x23, 0x20, 0x20, 0x31, 0x5d,
	0x20, 0x45, 0x46, 0x45, 0x4d, 0x5f, 0x5f, 0x52,
	0x65, 0x73, 0x65, 0x74, 0x54, 0x72, 0x61, 0x6e,
	0x73, 0x52, 0x6f, 0x6f, 0x74, 0x20, 0x66, 0x6f,
	0x75, 0x6e, 0x64, 0x20, 0x69, 0x6e, 0x20, 0x4f,
	0x56, 0x4c, 0x31, 0x5f, 0x5f, 0x65, 0x78, 0x65,
	0x5f, 0x53, 0x43, 0x32, 0x2e, 0x63, 0x20, 0x0d,
	0x0a, 0x44, 0x61, 0x74, 0x61, 0x20, 0x43, 0x6c,
	0x6f, 0x73, 0x75, 0x72, 0x65, 0x20, 0x28, 0x64,
	0x61, 0x74, 0x61, 0x29, 0x3a, 0x20, 0x45, 0x46,
	0x45, 0x4d, 0x5f, 0x5f, 0x50, 0x6c, 0x61, 0x79,
	0x53, 0x45, 0x20, 0x66, 0x6f, 0x75, 0x6e, 0x64,
	0x20, 0x69, 0x6e, 0x20, 0x4f, 0x56, 0x4c, 0x31,
	0x5f, 0x5f, 0x65, 0x78, 0x65, 0x5f, 0x53, 0x43,
	0x32, 0x2e, 0x63, 0x20, 0x0d, 0x0a, 0x23, 0x20,
	0x20, 0x31, 0x5d, 0x20, 0x45, 0x46, 0x45, 0x4d,
	0x5f, 0x5f, 0x50, 0x6c, 0x61, 0x79, 0x53, 0x45,
	0x20, 0x66, 0x6f, 0x75, 0x6e, 0x64, 0x20, 0x69,
	0x6e, 0x20, 0x4f, 0x56, 0x4c, 0x31, 0x5f, 0x5f,
	0x65, 0x78, 0x65, 0x5f, 0x53, 0x43, 0x32, 0x2e,
	0x63, 0x20, 0x0d, 0x0a, 0x44, 0x61, 0x74, 0x61,
	0x20, 0x43, 0x6c, 0x6f, 0x73, 0x75, 0x72, 0x65,
	0x20, 0x28, 0x64, 0x61, 0x74, 0x61, 0x29, 0x3a,
	0x20, 0x45, 0x46, 0x45, 0x4d, 0x5f, 0x5f, 0x53,
	0x65, 0x74, 0x45, 0x4c, 0x45, 0x43, 0x73, 0x68,
	0x6f, 0x63, 0x6b, 0x20, 0x66, 0x6f, 0x75, 0x6e,
	0x64, 0x20, 0x69, 0x6e, 0x20, 0x4f, 0x56, 0x4c,
	0x31, 0x5f, 0x5f, 0x65, 0x78, 0x65, 0x5f, 0x53,
	0x43, 0x32, 0x2e, 0x63, 0x20, 0x0d, 0x0a, 0x23,
	0x20, 0x20, 0x31, 0x5d, 0x20, 0x45, 0x46, 0x45,
	0x4d, 0x5f, 0x5f, 0x53, 0x65, 0x74, 0x45, 0x4c,
	0x45, 0x43, 0x73, 0x68, 0x6f, 0x63, 0x6b, 0x20,
	0x66, 0x6f, 0x75, 0x6e, 0x64, 0x20, 0x69, 0x6e,
	0x20, 0x4f, 0x56, 0x4c, 0x31, 0x5f, 0x5f, 0x65,
	0x78, 0x65, 0x5f, 0x53, 0x43, 0x32, 0x2e, 0x63,
	0x20, 0x0d, 0x0a, 0x44, 0x61, 0x74, 0x61, 0x20,
	0x43, 0x6c, 0x6f, 0x73, 0x75, 0x72, 0x65, 0x20,
	0x28, 0x64, 0x61, 0x74, 0x61, 0x29, 0x3a, 0x20,
	0x45, 0x46, 0x45, 0x4d, 0x5f, 0x5f, 0x47, 0x65,
	0x74, 0x49, 0x6e, 0x66, 0x6f, 0x50, 0x61, 0x72,
	0x65, 0x6e, 0x74, 0x20, 0x66, 0x6f, 0x75, 0x6e,
	0x64, 0x20, 0x69, 0x6e, 0x20, 0x4f, 0x56, 0x4c,
	0x31, 0x5f, 0x5f, 0x65, 0x78, 0x65, 0x5f, 0x53,
	0x43, 0x32, 0x2e, 0x63, 0x20, 0x0d, 0x0a, 0x23,
	0x20, 0x20, 0x31, 0x5d, 0x20, 0x45, 0x46, 0x45,
	0x4d, 0x5f, 0x5f, 0x47, 0x65, 0x74, 0x49, 0x6e,
	0x66, 0x6f, 0x50, 0x61, 0x72, 0x65, 0x6e, 0x74,
	0x20, 0x66, 0x6f, 0x75, 0x6e, 0x64, 0x20, 0x69,
	0x6e, 0x20, 0x4f, 0x56, 0x4c, 0x31, 0x5f, 0x5f,
	0x65, 0x78, 0x65, 0x5f, 0x53, 0x43, 0x32, 0x2e,
	0x63, 0x20, 0x0d, 0x0a, 0x44, 0x61, 0x74, 0x61,
	0x20, 0x43, 0x6c, 0x6f, 0x73, 0x75, 0x72, 0x65,
	0x20, 0x28, 0x64, 0x61, 0x74, 0x61, 0x29, 0x3a,
	0x20, 0x45, 0x46, 0x45, 0x4d, 0x5f, 0x5f, 0x52,
	0x6f, 0x74, 0x61, 0x74, 0x65, 0x32, 0x44, 0x20,
	0x66, 0x6f, 0x75, 0x6e, 0x64, 0x20, 0x69, 0x6e,
	0x20, 0x4f, 0x56, 0x4c, 0x31, 0x5f, 0x5f, 0x65,
	0x78, 0x65, 0x5f, 0x53, 0x43, 0x32, 0x2e, 0x63,
	0x20, 0x0d, 0x0a, 0x23, 0x20, 0x20, 0x31, 0x5d,
	0x20, 0x45, 0x46, 0x45, 0x4d, 0x5f, 0x5f, 0x52,
	0x6f, 0x74, 0x61, 0x74, 0x65, 0x32, 0x44, 0x20,
	0x66, 0x6f, 0x75, 0x6e, 0x64, 0x20, 0x69, 0x6e,
	0x20, 0x4f, 0x56, 0x4c, 0x31, 0x5f, 0x5f, 0x65,
	0x78, 0x65, 0x5f, 0x53, 0x43, 0x32, 0x2e, 0x63,
	0x20, 0x0d, 0x0a, 0x44, 0x61, 0x74, 0x61, 0x20,
	0x43, 0x6c, 0x6f, 0x73, 0x75, 0x72, 0x65, 0x20,
	0x28, 0x64, 0x61, 0x74, 0x61, 0x29, 0x3a, 0x20,
	0x45, 0x46, 0x45, 0x4d, 0x5f, 0x5f, 0x44, 0x72,
	0x61, 0x77, 0x33, 0x44, 0x53, 0x50, 0x5f, 0x32,
	0x20, 0x66, 0x6f, 0x75, 0x6e, 0x64, 0x20, 0x69,
	0x6e, 0x20, 0x4f, 0x56, 0x4c, 0x31, 0x5f, 0x5f,
	0x65, 0x78, 0x65, 0x5f, 0x53, 0x43, 0x32, 0x2e,
	0x63, 0x20, 0x0d, 0x0a, 0x23, 0x20, 0x20, 0x31,
	0x5d, 0x20, 0x45, 0x46, 0x45, 0x4d, 0x5f, 0x5f,
	0x44, 0x72, 0x61, 0x77, 0x33, 0x44, 0x53, 0x50,
	0x5f, 0x32, 0x20, 0x66, 0x6f, 0x75, 0x6e, 0x64,
	0x20, 0x69, 0x6e, 0x20, 0x4f, 0x56, 0x4c, 0x31,
	0x5f, 0x5f, 0x65, 0x78, 0x65, 0x5f, 0x53, 0x43,
	0x32, 0x2e, 0x63, 0x20, 0x0d, 0x0a, 0x44, 0x61,
	0x74, 0x61, 0x20, 0x43, 0x6c, 0x6f, 0x73, 0x75,
	0x72, 0x65, 0x20, 0x28, 0x64, 0x61, 0x74, 0x61,
	0x29, 0x3a, 0x20, 0x45, 0x46, 0x45, 0x4d, 0x5f,
	0x5f, 0x47, 0x65, 0x74, 0x54, 0x61, 0x72, 0x67,
	0x65, 0x74, 0x43, 0x6f, 0x6c, 0x6c, 0x69, 0x73,
	0x69, 0x6f, 0x6e, 0x20, 0x66, 0x6f, 0x75, 0x6e,
	0x64, 0x20, 0x69, 0x6e, 0x20, 0x4f, 0x56, 0x4c,
	0x31, 0x5f, 0x5f, 0x65, 0x78, 0x65, 0x5f, 0x53,
	0x43, 0x32, 0x2e, 0x63, 0x20, 0x0d, 0x0a, 0x23,
	0x20, 0x20, 0x31, 0x5d, 0x20, 0x45, 0x46, 0x45,
	0x4d, 0x5f, 0x5f, 0x47, 0x65, 0x74, 0x54, 0x61,
	0x72, 0x67, 0x65, 0x74, 0x43, 0x6f, 0x6c, 0x6c,
	0x69, 0x73, 0x69, 0x6f, 0x6e, 0x20, 0x66, 0x6f,
	0x75, 0x6e, 0x64, 0x20, 0x69, 0x6e, 0x20, 0x4f,
	0x56, 0x4c, 0x31, 0x5f, 0x5f, 0x65, 0x78, 0x65,
	0x5f, 0x53, 0x43, 0x32, 0x2e, 0x63, 0x20, 0x0d,
	0x0a, 0x44, 0x61, 0x74, 0x61, 0x20, 0x43, 0x6c,
	0x6f, 0x73, 0x75, 0x72, 0x65, 0x20, 0x28, 0x64,
	0x61, 0x74, 0x61, 0x29, 0x3a, 0x20, 0x45, 0x46,
	0x45, 0x4d, 0x5f, 0x5f, 0x44, 0x72, 0x61, 0x77,
	0x50, 0x4f, 0x4c, 0x59, 0x34, 0x34, 0x20, 0x66,
	0x6f, 0x75, 0x6e, 0x64, 0x20, 0x69, 0x6e, 0x20,
	0x4f, 0x56, 0x4c, 0x31, 0x5f, 0x5f, 0x65, 0x78,
	0x65, 0x5f, 0x53, 0x43, 0x32, 0x2e, 0x63, 0x20,
	0x0d, 0x0a, 0x23, 0x20, 0x20, 0x31, 0x5d, 0x20,
	0x45, 0x46, 0x45, 0x4d, 0x5f, 0x5f, 0x44, 0x72,
	0x61, 0x77, 0x50, 0x4f, 0x4c, 0x59, 0x34, 0x34,
	0x20, 0x66, 0x6f, 0x75, 0x6e, 0x64, 0x20, 0x69,
	0x6e, 0x20, 0x4f, 0x56, 0x4c, 0x31, 0x5f, 0x5f,
	0x65, 0x78, 0x65, 0x5f, 0x53, 0x43, 0x32, 0x2e,
	0x63, 0x20, 0x0d, 0x0a, 0x44, 0x61, 0x74, 0x61,
	0x20, 0x43, 0x6c, 0x6f, 0x73, 0x75, 0x72, 0x65,
	0x20, 0x28, 0x64, 0x61, 0x74, 0x61, 0x29, 0x3a,
	0x20, 0x45, 0x46, 0x45, 0x4d, 0x5f, 0x5f, 0x52,
	0x6f, 0x74, 0x54, 0x72, 0x61, 0x6e, 0x73, 0x50,
	0x65, 0x61, 0x72, 0x73, 0x20, 0x66, 0x6f, 0x75,
	0x6e, 0x64, 0x20, 0x69, 0x6e, 0x20, 0x4f, 0x56,
	0x4c, 0x31, 0x5f, 0x5f, 0x65, 0x78, 0x65, 0x5f,
	0x53, 0x43, 0x32, 0x2e, 0x63, 0x20, 0x0d, 0x0a,
	0x23, 0x20, 0x20, 0x31, 0x5d, 0x20, 0x45, 0x46,
	0x45, 0x4d, 0x5f, 0x5f, 0x52, 0x6f, 0x74, 0x54,
	0x72, 0x61, 0x6e, 0x73, 0x50, 0x65, 0x61, 0x72,
	0x73, 0x20, 0x66, 0x6f, 0x75, 0x6e, 0x64, 0x20,
	0x69, 0x6e, 0x20, 0x4f, 0x56, 0x4c, 0x31, 0x5f,
	0x5f, 0x65, 0x78, 0x65, 0x5f, 0x53, 0x43, 0x32,
	0x2e, 0x63, 0x20, 0x0d, 0x0a, 0x44, 0x61, 0x74,
	0x61, 0x20, 0x43, 0x6c, 0x6f, 0x73, 0x75, 0x72,
	0x65, 0x20, 0x28, 0x64, 0x61, 0x74, 0x61, 0x29,
	0x3a, 0x20, 0x45, 0x46, 0x45, 0x4d, 0x5f, 0x5f,
	0x44, 0x72, 0x61, 0x77, 0x53, 0x50, 0x34, 0x20,
	0x66, 0x6f, 0x75, 0x6e, 0x64, 0x20, 0x69, 0x6e,
	0x20, 0x4f, 0x56, 0x4c, 0x31, 0x5f, 0x5f, 0x65,
	0x78, 0x65, 0x5f, 0x53, 0x43, 0x32, 0x2e, 0x63,
	0x20, 0x0d, 0x0a, 0x23, 0x20, 0x20, 0x31, 0x5d,
	0x20, 0x45, 0x46, 0x45, 0x4d, 0x5f, 0x5f, 0x44,
	0x72, 0x61, 0x77, 0x53, 0x50, 0x34, 0x20, 0x66,
	0x6f, 0x75, 0x6e, 0x64, 0x20, 0x69, 0x6e, 0x20,
	0x4f, 0x56, 0x4c, 0x31, 0x5f, 0x5f, 0x65, 0x78,
	0x65, 0x5f, 0x53, 0x43, 0x32, 0x2e, 0x63, 0x20,
	0x0d, 0x0a, 0x44, 0x61, 0x74, 0x61, 0x20, 0x43,
	0x6c, 0x6f, 0x73, 0x75, 0x72, 0x65, 0x20, 0x28,
	0x64, 0x61, 0x74, 0x61, 0x29, 0x3a, 0x20, 0x45,
	0x46, 0x45, 0x4d, 0x5f, 0x5f, 0x53, 0x65, 0x74,
	0x44, 0x55, 0x53, 0x54, 0x20, 0x66, 0x6f, 0x75,
	0x6e, 0x64, 0x20, 0x69, 0x6e, 0x20, 0x4f, 0x56,
	0x4c, 0x31, 0x5f, 0x5f, 0x65, 0x78, 0x65, 0x5f,
	0x53, 0x43, 0x32, 0x2e, 0x63, 0x20, 0x0d, 0x0a,
	0x23, 0x20, 0x20, 0x31, 0x5d, 0x20, 0x45, 0x46,
	0x45, 0x4d, 0x5f, 0x5f, 0x53, 0x65, 0x74, 0x44,
	0x55, 0x53, 0x54, 0x20, 0x66, 0x6f, 0x75, 0x6e,
	0x64, 0x20, 0x69, 0x6e, 0x20, 0x4f, 0x56, 0x4c,
	0x31, 0x5f, 0x5f, 0x65, 0x78, 0x65, 0x5f, 0x53,
	0x43, 0x32, 0x2e, 0x63, 0x20, 0x0d, 0x0a, 0x44,
	0x61, 0x74, 0x61, 0x20, 0x43, 0x6c, 0x6f, 0x73,
	0x75, 0x72, 0x65, 0x20, 0x28, 0x64, 0x61, 0x74,
	0x61, 0x29, 0x3a, 0x20, 0x45, 0x46, 0x45, 0x4d,
	0x5f, 0x5f, 0x53, 0x65, 0x74, 0x53, 0x68, 0x61,
	0x64, 0x6f, 0x77, 0x20, 0x66, 0x6f, 0x75, 0x6e,
	0x64, 0x20, 0x69, 0x6e, 0x20, 0x45, 0x58, 0x45,
	0x5f, 0x53, 0x43, 0x32, 0x2e, 0x43, 0x20, 0x0d,
	0x0a, 0x23, 0x20, 0x20, 0x31, 0x5d, 0x20, 0x45,
	0x46, 0x45, 0x4d, 0x5f, 0x5f, 0x53, 0x65, 0x74,
	0x53, 0x68, 0x61, 0x64, 0x6f, 0x77, 0x20, 0x66,
	0x6f, 0x75, 0x6e, 0x64, 0x20, 0x69, 0x6e, 0x20,
	0x45, 0x58, 0x45, 0x5f, 0x53, 0x43, 0x32, 0x2e,
	0x43, 0x20, 0x0d, 0x0a, 0x44, 0x61, 0x74, 0x61,
	0x20, 0x43, 0x6c, 0x6f, 0x73, 0x75, 0x72, 0x65,
	0x20, 0x28, 0x64, 0x61, 0x74, 0x61, 0x29, 0x3a,
	0x20, 0x45, 0x46, 0x45, 0x4d, 0x5f, 0x5f, 0x47,
	0x65, 0x74, 0x54, 0x41, 0x52, 0x47, 0x45, 0x54,
	0x70, 0x20, 0x66, 0x6f, 0x75, 0x6e, 0x64, 0x20,
	0x69, 0x6e, 0x20, 0x4f, 0x56, 0x4c, 0x31, 0x5f,
	0x5f, 0x65, 0x78, 0x65, 0x5f, 0x53, 0x43, 0x32,
	0x2e, 0x63, 0x20, 0x0d, 0x0a, 0x23, 0x20, 0x20,
	0x31, 0x5d, 0x20, 0x45, 0x46, 0x45, 0x4d, 0x5f,
	0x5f, 0x47, 0x65, 0x74, 0x54, 0x41, 0x52, 0x47,
	0x45, 0x54, 0x70, 0x20, 0x66, 0x6f, 0x75, 0x6e,
	0x64, 0x20, 0x69, 0x6e, 0x20, 0x4f, 0x56, 0x4c,
	0x31, 0x5f, 0x5f, 0x65, 0x78, 0x65, 0x5f, 0x53,
	0x43, 0x32, 0x2e, 0x63, 0x20, 0x0d, 0x0a, 0x44,
	0x61, 0x74, 0x61, 0x20, 0x43, 0x6c, 0x6f, 0x73,
	0x75, 0x72, 0x65, 0x20, 0x28, 0x64, 0x61, 0x74,
	0x61, 0x29, 0x3a, 0x20, 0x45, 0x46, 0x45, 0x4d,
	0x5f, 0x5f, 0x53, 0x65, 0x74, 0x50, 0x61, 0x72,
	0x74, 0x69, 0x63, 0x6c, 0x65, 0x20, 0x66, 0x6f,
	0x75, 0x6e, 0x64, 0x20, 0x69, 0x6e, 0x20, 0x4f,
	0x56, 0x4c, 0x31, 0x5f, 0x5f, 0x65, 0x78, 0x65,
	0x5f, 0x53, 0x43, 0x32, 0x2e, 0x63, 0x20, 0x0d,
	0x0a, 0x23, 0x20, 0x20, 0x31, 0x5d, 0x20, 0x45,
	0x46, 0x45, 0x4d, 0x5f, 0x5f, 0x53, 0x65, 0x74,
	0x50, 0x61, 0x72, 0x74, 0x69, 0x63, 0x6c, 0x65,
	0x20, 0x66, 0x6f, 0x75, 0x6e, 0x64, 0x20, 0x69,
	0x6e, 0x20, 0x4f, 0x56, 0x4c, 0x31, 0x5f, 0x5f,
	0x65, 0x78, 0x65, 0x5f, 0x53, 0x43, 0x32, 0x2e,
	0x63, 0x20, 0x0d, 0x0a, 0x44, 0x61, 0x74, 0x61,
	0x20, 0x43, 0x6c, 0x6f, 0x73, 0x75, 0x72, 0x65,
	0x20, 0x28, 0x64, 0x61, 0x74, 0x61, 0x29, 0x3a,
	0x20, 0x45, 0x46, 0x45, 0x4d, 0x5f, 0x5f, 0x52,
	0x65, 0x73, 0x65, 0x74, 0x4f, 0x62, 0x6a, 0x52,
	0x47, 0x42, 0x20, 0x66, 0x6f, 0x75, 0x6e, 0x64,
	0x20, 0x69, 0x6e, 0x20, 0x4f, 0x56, 0x4c, 0x31,
	0x5f, 0x5f, 0x65, 0x78, 0x65, 0x5f, 0x53, 0x43,
	0x32, 0x2e, 0x63, 0x20, 0x0d, 0x0a, 0x23, 0x20,
	0x20, 0x31, 0x5d, 0x20, 0x45, 0x46, 0x45, 0x4d,
	0x5f, 0x5f, 0x52, 0x65, 0x73, 0x65, 0x74, 0x4f,
	0x62, 0x6a, 0x52, 0x47, 0x42, 0x20, 0x66, 0x6f,
	0x75, 0x6e, 0x64, 0x20, 0x69, 0x6e, 0x20, 0x4f,
	0x56, 0x4c, 0x31, 0x5f, 0x5f, 0x65, 0x78, 0x65,
	0x5f, 0x53, 0x43, 0x32, 0x2e, 0x63, 0x20, 0x0d,
	0x0a, 0x44, 0x61, 0x74, 0x61, 0x20, 0x43, 0x6c,
	0x6f, 0x73, 0x75, 0x72, 0x65, 0x20, 0x28, 0x64,
	0x61, 0x74, 0x61, 0x29, 0x3a, 0x20, 0x45, 0x46,
	0x45, 0x4d, 0x5f, 0x5f, 0x47, 0x65, 0x74, 0x54,
	0x61, 0x72, 0x67, 0x65, 0x74, 0x50, 0x6f, 0x69,
	0x6e, 0x74, 0x20, 0x66, 0x6f, 0x75, 0x6e, 0x64,
	0x20, 0x69, 0x6e, 0x20, 0x4f, 0x56, 0x4c, 0x31,
	0x5f, 0x5f, 0x65, 0x78, 0x65, 0x5f, 0x53, 0x43,
	0x32, 0x2e, 0x63, 0x20, 0x0d, 0x0a, 0x23, 0x20,
	0x20, 0x31, 0x5d, 0x20, 0x45, 0x46, 0x45, 0x4d,
	0x5f, 0x5f, 0x47, 0x65, 0x74, 0x54, 0x61, 0x72,
	0x67, 0x65, 0x74, 0x50, 0x6f, 0x69, 0x6e, 0x74,
	0x20, 0x66, 0x6f, 0x75, 0x6e, 0x64, 0x20, 0x69,
	0x6e, 0x20, 0x4f, 0x56, 0x4c, 0x31, 0x5f, 0x5f,
	0x65, 0x78, 0x65, 0x5f, 0x53, 0x43, 0x32, 0x2e,
	0x63, 0x20, 0x0d, 0x0a, 0x44, 0x61, 0x74, 0x61,
	0x20, 0x43, 0x6c, 0x6f, 0x73, 0x75, 0x72, 0x65,
	0x20, 0x28, 0x64, 0x61, 0x74, 0x61, 0x29, 0x3a,
	0x20, 0x45, 0x46, 0x45, 0x4d, 0x5f, 0x5f, 0x4c,
	0x65, 0x61, 0x76, 0x65, 0x46, 0x6f, 0x72, 0x50,
	0x6f, 0x69, 0x6e, 0x74, 0x20, 0x66, 0x6f, 0x75,
	0x6e, 0x64, 0x20, 0x69, 0x6e, 0x20, 0x4f, 0x56,
	0x4c, 0x31, 0x5f, 0x5f, 0x65, 0x78, 0x65, 0x5f,
	0x53, 0x43, 0x32, 0x2e, 0x63, 0x20, 0x0d, 0x0a,
	0x23, 0x20, 0x20, 0x31, 0x5d, 0x20, 0x45, 0x46,
	0x45, 0x4d, 0x5f, 0x5f, 0x4c, 0x65, 0x61, 0x76,
	0x65, 0x46, 0x6f, 0x72, 0x50, 0x6f, 0x69, 0x6e,
	0x74, 0x20, 0x66, 0x6f, 0x75, 0x6e, 0x64, 0x20,
	0x69, 0x6e, 0x20, 0x4f, 0x56, 0x4c, 0x31, 0x5f,
	0x5f, 0x65, 0x78, 0x65, 0x5f, 0x53, 0x43, 0x32,
	0x2e, 0x63, 0x20, 0x0d, 0x0a, 0x44, 0x61, 0x74,
	0x61, 0x20, 0x43, 0x6c, 0x6f, 0x73, 0x75, 0x72,
	0x65, 0x20, 0x28, 0x64, 0x61, 0x74, 0x61, 0x29,
	0x3a, 0x20, 0x45, 0x46, 0x45, 0x4d, 0x5f, 0x5f,
	0x44, 0x69, 0x76, 0x56, 0x65, 0x63, 0x74, 0x6f,
	0x72, 0x20, 0x66, 0x6f, 0x75, 0x6e, 0x64, 0x20,
	0x69, 0x6e, 0x20, 0x4f, 0x56, 0x4c, 0x31, 0x5f,
	0x5f, 0x65, 0x78, 0x65, 0x5f, 0x53, 0x43, 0x32,
	0x2e, 0x63, 0x20, 0x0d, 0x0a, 0x23, 0x20, 0x20,
	0x31, 0x5d, 0x20, 0x45, 0x46, 0x45, 0x4d, 0x5f,
	0x5f, 0x44, 0x69, 0x76, 0x56, 0x65, 0x63, 0x74,
	0x6f, 0x72, 0x20, 0x66, 0x6f, 0x75, 0x6e, 0x64,
	0x20, 0x69, 0x6e, 0x20, 0x4f, 0x56, 0x4c, 0x31,
	0x5f, 0x5f, 0x65, 0x78, 0x65, 0x5f, 0x53, 0x43,
	0x32, 0x2e, 0x63, 0x20, 0x0d, 0x0a, 0x44, 0x61,
	0x74, 0x61, 0x20, 0x43, 0x6c, 0x6f, 0x73, 0x75,
	0x72, 0x65, 0x20, 0x28, 0x64, 0x61, 0x74, 0x61,
	0x29, 0x3a, 0x20, 0x45, 0x46, 0x45, 0x4d, 0x5f,
	0x5f, 0x44, 0x72, 0x61, 0x77, 0x51, 0x75, 0x62,
	0x65, 0x20, 0x66, 0x6f, 0x75, 0x6e, 0x64, 0x20,
	0x69, 0x6e, 0x20, 0x4f, 0x56, 0x4c, 0x31, 0x5f,
	0x5f, 0x65, 0x78, 0x65, 0x5f, 0x53, 0x43, 0x32,
	0x2e, 0x63, 0x20, 0x0d, 0x0a, 0x23, 0x20, 0x20,
	0x31, 0x5d, 0x20, 0x45, 0x46, 0x45, 0x4d, 0x5f,
	0x5f, 0x44, 0x72, 0x61, 0x77, 0x51, 0x75, 0x62,
	0x65, 0x20, 0x66, 0x6f, 0x75, 0x6e, 0x64, 0x20,
	0x69, 0x6e, 0x20, 0x4f, 0x56, 0x4c, 0x31, 0x5f,
	0x5f, 0x65, 0x78, 0x65, 0x5f, 0x53, 0x43, 0x32,
	0x2e, 0x63, 0x20, 0x0d, 0x0a, 0x44, 0x61, 0x74,
	0x61, 0x20, 0x43, 0x6c, 0x6f, 0x73, 0x75, 0x72,
	0x65, 0x20, 0x28, 0x64, 0x61, 0x74, 0x61, 0x29,
	0x3a, 0x20, 0x45, 0x46, 0x45, 0x4d, 0x5f, 0x5f,
	0x47, 0x65, 0x74, 0x54, 0x72, 0x61, 0x6e, 0x73,
	0x20, 0x66, 0x6f, 0x75, 0x6e, 0x64, 0x20, 0x69,
	0x6e, 0x20, 0x4f, 0x56, 0x4c, 0x31, 0x5f, 0x5f,
	0x65, 0x78, 0x65, 0x5f, 0x53, 0x43, 0x32, 0x2e,
	0x63, 0x20, 0x0d, 0x0a, 0x23, 0x20, 0x20, 0x31,
	0x5d, 0x20, 0x45, 0x46, 0x45, 0x4d, 0x5f, 0x5f,
	0x47, 0x65, 0x74, 0x54, 0x72, 0x61, 0x6e, 0x73,
	0x20, 0x66, 0x6f, 0x75, 0x6e, 0x64, 0x20, 0x69,
	0x6e, 0x20, 0x4f, 0x56, 0x4c, 0x31, 0x5f, 0x5f,
	0x65, 0x78, 0x65, 0x5f, 0x53, 0x43, 0x32, 0x2e,
	0x63, 0x20, 0x0d, 0x0a, 0x44, 0x61, 0x74, 0x61,
	0x20, 0x43, 0x6c, 0x6f, 0x73, 0x75, 0x72, 0x65,
	0x20, 0x28, 0x64, 0x61, 0x74, 0x61, 0x29, 0x3a,
	0x20, 0x45, 0x46, 0x45, 0x4d, 0x5f, 0x5f, 0x43,
	0x68, 0x65, 0x63, 0x6b, 0x48, 0x69, 0x74, 0x20,
	0x66, 0x6f, 0x75, 0x6e, 0x64, 0x20, 0x69, 0x6e,
	0x20, 0x4f, 0x56, 0x4c, 0x31, 0x5f, 0x5f, 0x65,
	0x78, 0x65, 0x5f, 0x53, 0x43, 0x32, 0x2e, 0x63,
	0x20, 0x0d, 0x0a, 0x23, 0x20, 0x20, 0x31, 0x5d,
	0x20, 0x45, 0x46, 0x45, 0x4d, 0x5f, 0x5f, 0x43,
	0x68, 0x65, 0x63, 0x6b, 0x48, 0x69, 0x74, 0x20,
	0x66, 0x6f, 0x75, 0x6e, 0x64, 0x20, 0x69, 0x6e,
	0x20, 0x4f, 0x56, 0x4c, 0x31, 0x5f, 0x5f, 0x65,
	0x78, 0x65, 0x5f, 0x53, 0x43, 0x32, 0x2e, 0x63,
	0x20, 0x0d, 0x0a, 0x44, 0x61, 0x74, 0x61, 0x20,
	0x43, 0x6c, 0x6f, 0x73, 0x75, 0x72, 0x65, 0x20,
	0x28, 0x64, 0x61, 0x74, 0x61, 0x29, 0x3a, 0x20,
	0x45, 0x46, 0x45, 0x4d, 0x5f, 0x5f, 0x48, 0x69,
	0x74, 0x54, 0x61, 0x72, 0x67, 0x65, 0x74, 0x20,
	0x66, 0x6f, 0x75, 0x6e, 0x64, 0x20, 0x69, 0x6e,
	0x20, 0x4f, 0x56, 0x4c, 0x31, 0x5f, 0x5f, 0x65,
	0x78, 0x65, 0x5f, 0x53, 0x43, 0x32, 0x2e, 0x63,
	0x20, 0x0d, 0x0a, 0x23, 0x20, 0x20, 0x31, 0x5d,
	0x20, 0x45, 0x46, 0x45, 0x4d, 0x5f, 0x5f, 0x48,
	0x69, 0x74, 0x54, 0x61, 0x72, 0x67, 0x65, 0x74,
	0x20, 0x66, 0x6f, 0x75, 0x6e, 0x64, 0x20, 0x69,
	0x6e, 0x20, 0x4f, 0x56, 0x4c, 0x31, 0x5f, 0x5f,
	0x65, 0x78, 0x65, 0x5f, 0x53, 0x43, 0x32, 0x2e,
	0x63, 0x20, 0x0d, 0x0a, 0x44, 0x61, 0x74, 0x61,
	0x20, 0x43, 0x6c, 0x6f, 0x73, 0x75, 0x72, 0x65,
	0x20, 0x28, 0x64, 0x61, 0x74, 0x61, 0x29, 0x3a,
	0x20, 0x45, 0x46, 0x45, 0x4d, 0x5f, 0x5f, 0x52,
	0x65, 0x73, 0x65, 0x74, 0x54, 0x72, 0x61, 0x6e,
	0x73, 0x54, 0x61, 0x72, 0x67, 0x65, 0x74, 0x20,
	0x66, 0x6f, 0x75, 0x6e, 0x64, 0x20, 0x69, 0x6e,
	0x20, 0x4f, 0x56, 0x4c, 0x31, 0x5f, 0x5f, 0x65,
	0x78, 0x65, 0x5f, 0x53, 0x43, 0x32, 0x2e, 0x63,
	0x20, 0x0d, 0x0a, 0x23, 0x20, 0x20, 0x31, 0x5d,
	0x20, 0x45, 0x46, 0x45, 0x4d, 0x5f, 0x5f, 0x52,
	0x65, 0x73, 0x65, 0x74, 0x54, 0x72, 0x61, 0x6e,
	0x73, 0x54, 0x61, 0x72, 0x67, 0x65, 0x74, 0x20,
	0x66, 0x6f, 0x75, 0x6e, 0x64, 0x20, 0x69, 0x6e,
	0x20, 0x4f, 0x56, 0x4c, 0x31, 0x5f, 0x5f, 0x65,
	0x78, 0x65, 0x5f, 0x53, 0x43, 0x32, 0x2e, 0x63,
	0x20, 0x0d, 0x0a, 0x44, 0x61, 0x74, 0x61, 0x20,
	0x43, 0x6c, 0x6f, 0x73, 0x75, 0x72, 0x65, 0x20,
	0x28, 0x64, 0x61, 0x74, 0x61, 0x29, 0x3a, 0x20,
	0x45, 0x46, 0x45, 0x4d, 0x5f, 0x5f, 0x44, 0x72,
	0x61, 0x77, 0x33, 0x44, 0x53, 0x50, 0x20, 0x66,
	0x6f, 0x75, 0x6e, 0x64, 0x20, 0x69, 0x6e, 0x20,
	0x4f, 0x56, 0x4c, 0x31, 0x5f, 0x5f, 0x65, 0x78,
	0x65, 0x5f, 0x53, 0x43, 0x32, 0x2e, 0x63, 0x20,
	0x0d, 0x0a, 0x23, 0x20, 0x20, 0x31, 0x5d, 0x20,
	0x45, 0x46, 0x45, 0x4d, 0x5f, 0x5f, 0x44, 0x72,
	0x61, 0x77, 0x33, 0x44, 0x53, 0x50, 0x20, 0x66,
	0x6f, 0x75, 0x6e, 0x64, 0x20, 0x69, 0x6e, 0x20,
	0x4f, 0x56, 0x4c, 0x31, 0x5f, 0x5f, 0x65, 0x78,
	0x65, 0x5f, 0x53, 0x43, 0x32, 0x2e, 0x63, 0x20,
	0x0d, 0x0a, 0x44, 0x61, 0x74, 0x61, 0x20, 0x43,
	0x6c, 0x6f, 0x73, 0x75, 0x72, 0x65, 0x20, 0x28,
	0x64, 0x61, 0x74, 0x61, 0x29, 0x3a, 0x20, 0x45,
	0x46, 0x45, 0x4d, 0x5f, 0x5f, 0x52, 0x6f, 0x74,
	0x5a, 0x59, 0x58, 0x20, 0x66, 0x6f, 0x75, 0x6e,
	0x64, 0x20, 0x69, 0x6e, 0x20, 0x45, 0x58, 0x45,
	0x5f, 0x53, 0x43, 0x32, 0x2e, 0x43, 0x20, 0x0d,
	0x0a, 0x23, 0x20, 0x20, 0x31, 0x5d, 0x20, 0x45,
	0x46, 0x45, 0x4d, 0x5f, 0x5f, 0x52, 0x6f, 0x74,
	0x5a, 0x59, 0x58, 0x20, 0x66, 0x6f, 0x75, 0x6e,
	0x64, 0x20, 0x69, 0x6e, 0x20, 0x45, 0x58, 0x45,
	0x5f, 0x53, 0x43, 0x32, 0x2e, 0x43, 0x20, 0x0d,
	0x0a, 0x44, 0x61, 0x74, 0x61, 0x20, 0x43, 0x6c,
	0x6f, 0x73, 0x75, 0x72, 0x65, 0x20, 0x28, 0x64,
	0x61, 0x74, 0x61, 0x29, 0x3a, 0x20, 0x45, 0x46,
	0x45, 0x4d, 0x5f, 0x5f, 0x52, 0x65, 0x73, 0x65,
	0x74, 0x54, 0x72, 0x61, 0x6e, 0x73, 0x20, 0x66,
	0x6f, 0x75, 0x6e, 0x64, 0x20, 0x69, 0x6e, 0x20,
	0x4f, 0x56, 0x4c, 0x31, 0x5f, 0x5f, 0x65, 0x78,
	0x65, 0x5f, 0x53, 0x43, 0x32, 0x2e, 0x63, 0x20,
	0x0d, 0x0a, 0x23, 0x20, 0x20, 0x31, 0x5d, 0x20,
	0x45, 0x46, 0x45, 0x4d, 0x5f, 0x5f, 0x52, 0x65,
	0x73, 0x65, 0x74, 0x54, 0x72, 0x61, 0x6e, 0x73,
	0x20, 0x66, 0x6f, 0x75, 0x6e, 0x64, 0x20, 0x69,
	0x6e, 0x20, 0x4f, 0x56, 0x4c, 0x31, 0x5f, 0x5f,
	0x65, 0x78, 0x65, 0x5f, 0x53, 0x43, 0x32, 0x2e,
	0x63, 0x20, 0x0d, 0x0a, 0x44, 0x61, 0x74, 0x61,
	0x20, 0x43, 0x6c, 0x6f, 0x73, 0x75, 0x72, 0x65,
	0x20, 0x28, 0x64, 0x61, 0x74, 0x61, 0x29, 0x3a,
	0x20, 0x45, 0x46, 0x45, 0x4d, 0x5f, 0x5f, 0x44,
	0x72, 0x61, 0x77, 0x4f, 0x62, 0x6a, 0x20, 0x66,
	0x6f, 0x75, 0x6e, 0x64, 0x20, 0x69, 0x6e, 0x20,
	0x4f, 0x56, 0x4c, 0x31, 0x5f, 0x5f, 0x65, 0x78,
	0x65, 0x5f, 0x53, 0x43, 0x32, 0x2e, 0x63, 0x20,
	0x0d, 0x0a, 0x23, 0x20, 0x20, 0x31, 0x5d, 0x20,
	0x45, 0x46, 0x45, 0x4d, 0x5f, 0x5f, 0x44, 0x72,
	0x61, 0x77, 0x4f, 0x62, 0x6a, 0x20, 0x66, 0x6f,
	0x75, 0x6e, 0x64, 0x20, 0x69, 0x6e, 0x20, 0x4f,
	0x56, 0x4c, 0x31, 0x5f, 0x5f, 0x65, 0x78, 0x65,
	0x5f, 0x53, 0x43, 0x32, 0x2e, 0x63, 0x20, 0x0d,
	0x0a, 0x44, 0x61, 0x74, 0x61, 0x20, 0x43, 0x6c,
	0x6f, 0x73, 0x75, 0x72, 0x65, 0x20, 0x28, 0x64,
	0x61, 0x74, 0x61, 0x29, 0x3a, 0x20, 0x45, 0x46,
	0x45, 0x4d, 0x5f, 0x5f, 0x53, 0x65, 0x74, 0x4f,
	0x62, 0x6a, 0x65, 0x63, 0x74, 0x20, 0x66, 0x6f,
	0x75, 0x6e, 0x64, 0x20, 0x69, 0x6e, 0x20, 0x4f,
	0x56, 0x4c, 0x31, 0x5f, 0x5f, 0x65, 0x78, 0x65,
	0x5f, 0x53, 0x43, 0x32, 0x2e, 0x63, 0x20, 0x0d,
	0x0a, 0x23, 0x20, 0x20, 0x31, 0x5d, 0x20, 0x45,
	0x46, 0x45, 0x4d, 0x5f, 0x5f, 0x53, 0x65, 0x74,
	0x4f, 0x62, 0x6a, 0x65, 0x63, 0x74, 0x20, 0x66,
	0x6f, 0x75, 0x6e, 0x64, 0x20, 0x69, 0x6e, 0x20,
	0x4f, 0x56, 0x4c, 0x31, 0x5f, 0x5f, 0x65, 0x78,
	0x65, 0x5f, 0x53, 0x43, 0x32, 0x2e, 0x63, 0x20,
	0x0d, 0x0a, 0x44, 0x61, 0x74, 0x61, 0x20, 0x43,
	0x6c, 0x6f, 0x73, 0x75, 0x72, 0x65, 0x20, 0x28,
	0x64, 0x61, 0x74, 0x61, 0x29, 0x3a, 0x20, 0x45,
	0x46, 0x45, 0x4d, 0x5f, 0x5f, 0x4d, 0x61, 0x6b,
	0x65, 0x4f, 0x62, 0x6a, 0x20, 0x66, 0x6f, 0x75,
	0x6e, 0x64, 0x20, 0x69, 0x6e, 0x20, 0x4f, 0x56,
	0x4c, 0x31, 0x5f, 0x5f, 0x65, 0x78, 0x65, 0x5f,
	0x53, 0x43, 0x32, 0x2e, 0x63, 0x20, 0x0d, 0x0a,
	0x23, 0x20, 0x20, 0x31, 0x5d, 0x20, 0x45, 0x46,
	0x45, 0x4d, 0x5f, 0x5f, 0x4d, 0x61, 0x6b, 0x65,
	0x4f, 0x62, 0x6a, 0x20, 0x66, 0x6f, 0x75, 0x6e,
	0x64, 0x20, 0x69, 0x6e, 0x20, 0x4f, 0x56, 0x4c,
	0x31, 0x5f, 0x5f, 0x65, 0x78, 0x65, 0x5f, 0x53,
	0x43, 0x32, 0x2e, 0x63, 0x20, 0x0d, 0x0a, 0x44,
	0x61, 0x74, 0x61, 0x20, 0x43, 0x6c, 0x6f, 0x73,
	0x75, 0x72, 0x65, 0x20, 0x28, 0x64, 0x61, 0x74,
	0x61, 0x29, 0x3a, 0x20, 0x45, 0x46, 0x45, 0x4d,
	0x5f, 0x5f, 0x43, 0x68, 0x65, 0x63, 0x6b, 0x43,
	0x68, 0x61, 0x72, 0x63, 0x74, 0x65, 0x72, 0x20,
	0x66, 0x6f, 0x75, 0x6e, 0x64, 0x20, 0x69, 0x6e,
	0x20, 0x4f, 0x56, 0x4c, 0x31, 0x5f, 0x5f, 0x65,
	0x78, 0x65, 0x5f, 0x53, 0x43, 0x32, 0x2e, 0x63,
	0x20, 0x0d, 0x0a, 0x23, 0x20, 0x20, 0x31, 0x5d,
	0x20, 0x45, 0x46, 0x45, 0x4d, 0x5f, 0x5f, 0x43,
	0x68, 0x65, 0x63, 0x6b, 0x43, 0x68, 0x61, 0x72,
	0x63, 0x74, 0x65, 0x72, 0x20, 0x66, 0x6f, 0x75,
	0x6e, 0x64, 0x20, 0x69, 0x6e, 0x20, 0x4f, 0x56,
	0x4c, 0x31, 0x5f, 0x5f, 0x65, 0x78, 0x65, 0x5f,
	0x53, 0x43, 0x32, 0x2e, 0x63, 0x20, 0x0d, 0x0a,
	0x44, 0x61, 0x74, 0x61, 0x20, 0x43, 0x6c, 0x6f,
	0x73, 0x75, 0x72, 0x65, 0x20, 0x28, 0x64, 0x61,
	0x74, 0x61, 0x29, 0x3a, 0x20, 0x45, 0x46, 0x45,
	0x4d, 0x63, 0x6f, 0x6d, 0x31, 0x31, 0x5f, 0x5f,
	0x73, 0x65, 0x74, 0x46, 0x75, 0x6e, 0x63, 0x20,
	0x66, 0x6f, 0x75, 0x6e, 0x64, 0x20, 0x69, 0x6e,
	0x20, 0x4f, 0x56, 0x4c, 0x31, 0x5f, 0x5f, 0x65,
	0x78, 0x65, 0x5f, 0x53, 0x43, 0x32, 0x2e, 0x63,
	0x20, 0x0d, 0x0a, 0x23, 0x20, 0x20, 0x31, 0x5d,
	0x20, 0x45, 0x46, 0x45, 0x4d, 0x63, 0x6f, 0x6d,
	0x31, 0x31, 0x5f, 0x5f, 0x73, 0x65, 0x74, 0x46,
	0x75, 0x6e, 0x63, 0x20, 0x66, 0x6f, 0x75, 0x6e,
	0x64, 0x20, 0x69, 0x6e, 0x20, 0x4f, 0x56, 0x4c,
	0x31, 0x5f, 0x5f, 0x65, 0x78, 0x65, 0x5f, 0x53,
	0x43, 0x32, 0x2e, 0x63, 0x20, 0x0d, 0x0a, 0x23,
	0x20, 0x20, 0x20, 0x32, 0x5d, 0x20, 0x45, 0x46,
	0x45, 0x4d, 0x63, 0x6f, 0x6d, 0x30, 0x66, 0x5f,
	0x5f, 0x72, 0x65, 0x74, 0x75, 0x72, 0x6e, 0x20,
	0x66, 0x6f, 0x75, 0x6e, 0x64, 0x20, 0x69, 0x6e,
	0x20, 0x4f, 0x56, 0x4c, 0x31, 0x5f, 0x5f, 0x65,
	0x78, 0x65, 0x5f, 0x53, 0x43, 0x32, 0x2e, 0x63,
	0x20, 0x0d, 0x0a, 0x44, 0x61, 0x74, 0x61, 0x20,
	0x43, 0x6c, 0x6f, 0x73, 0x75, 0x72, 0x65, 0x20,
	0x28, 0x64, 0x61, 0x74, 0x61, 0x29, 0x3a, 0x20,
	0x45, 0x46, 0x45, 0x4d, 0x63, 0x6f, 0x6d, 0x31,
	0x30, 0x5f, 0x5f, 0x70, 0x6f, 0x70, 0x56, 0x20,
	0x66, 0x6f, 0x75, 0x6e, 0x64, 0x20, 0x69, 0x6e,
	0x20, 0x4f, 0x56, 0x4c, 0x31, 0x5f, 0x5f, 0x65,
	0x78, 0x65, 0x5f, 0x53, 0x43, 0x32, 0x2e, 0x63,
	0x20, 0x0d, 0x0a, 0x23, 0x20, 0x20, 0x31, 0x5d,
	0x20, 0x45, 0x46, 0x45, 0x4d, 0x63, 0x6f, 0x6d,
	0x31, 0x30, 0x5f, 0x5f, 0x70, 0x6f, 0x70, 0x56,
	0x20, 0x66, 0x6f, 0x75, 0x6e, 0x64, 0x20, 0x69,
	0x6e, 0x20, 0x4f, 0x56, 0x4c, 0x31, 0x5f, 0x5f,
	0x65, 0x78, 0x65, 0x5f, 0x53, 0x43, 0x32, 0x2e,
	0x63, 0x20, 0x0d, 0x0a, 0x44, 0x61, 0x74, 0x61,
	0x20, 0x43, 0x6c, 0x6f, 0x73, 0x75, 0x72, 0x65,
	0x20, 0x28, 0x64, 0x61, 0x74, 0x61, 0x29, 0x3a,
	0x20, 0x45, 0x46, 0x45, 0x4d, 0x63, 0x6f, 0x6d,
	0x30, 0x65, 0x5f, 0x5f, 0x66, 0x75, 0x6e, 0x63,
	0x53, 0x20, 0x66, 0x6f, 0x75, 0x6e, 0x64, 0x20,
	0x69, 0x6e, 0x20, 0x4f, 0x56, 0x4c, 0x31, 0x5f,
	0x5f, 0x65, 0x78, 0x65, 0x5f, 0x53, 0x43, 0x32,
	0x2e, 0x63, 0x20, 0x0d, 0x0a, 0x23, 0x20, 0x20,
	0x31, 0x5d, 0x20, 0x45, 0x46, 0x45, 0x4d, 0x63,
	0x6f, 0x6d, 0x30, 0x65, 0x5f, 0x5f, 0x66, 0x75,
	0x6e, 0x63, 0x53, 0x20, 0x66, 0x6f, 0x75, 0x6e,
	0x64, 0x20, 0x69, 0x6e, 0x20, 0x4f, 0x56, 0x4c,
	0x31, 0x5f, 0x5f, 0x65, 0x78, 0x65, 0x5f, 0x53,
	0x43, 0x32, 0x2e, 0x63, 0x20, 0x0d, 0x0a, 0x44,
	0x61, 0x74, 0x61, 0x20, 0x43, 0x6c, 0x6f, 0x73,
	0x75, 0x72, 0x65, 0x20, 0x28, 0x64, 0x61, 0x74,
	0x61, 0x29, 0x3a, 0x20, 0x45, 0x46, 0x45, 0x4d,
	0x63, 0x6f, 0x6d, 0x30, 0x64, 0x5f, 0x5f, 0x6a,
	0x73, 0x72, 0x20, 0x66, 0x6f, 0x75, 0x6e, 0x64,
	0x20, 0x69, 0x6e, 0x20, 0x4f, 0x56, 0x4c, 0x31,
	0x5f, 0x5f, 0x65, 0x78, 0x65, 0x5f, 0x53, 0x43,
	0x32, 0x2e, 0x63, 0x20, 0x0d, 0x0a, 0x23, 0x20,
	0x20, 0x31, 0x5d, 0x20, 0x45, 0x46, 0x45, 0x4d,
	0x63, 0x6f, 0x6d, 0x30, 0x64, 0x5f, 0x5f, 0x6a,
	0x73, 0x72, 0x20, 0x66, 0x6f, 0x75, 0x6e, 0x64,
	0x20, 0x69, 0x6e, 0x20, 0x4f, 0x56, 0x4c, 0x31,
	0x5f, 0x5f, 0x65, 0x78, 0x65, 0x5f, 0x53, 0x43,
	0x32, 0x2e, 0x63, 0x20, 0x0d, 0x0a, 0x44, 0x61,
	0x74, 0x61, 0x20, 0x43, 0x6c, 0x6f, 0x73, 0x75,
	0x72, 0x65, 0x20, 0x28, 0x64, 0x61, 0x74, 0x61,
	0x29, 0x3a, 0x20, 0x45, 0x46, 0x45, 0x4d, 0x63,
	0x6f, 0x6d, 0x30, 0x63, 0x5f, 0x5f, 0x70, 0x75,
	0x73, 0x68, 0x41, 0x20, 0x66, 0x6f, 0x75, 0x6e,
	0x64, 0x20, 0x69, 0x6e, 0x20, 0x4f, 0x56, 0x4c,
};

PositionDataRaw STD_D_8007F528[8] = {
	{
		{
			0x31, 0x5f, 0x5f, 0x65, 0x78, 0x65, 0x5f, 0x53,
			0x43, 0x32, 0x2e, 0x63, 0x20, 0x0d, 0x0a, 0x23,
			0x20, 0x20, 0x31, 0x5d, 0x20, 0x45, 0x46, 0x45,
			0x4d, 0x63, 0x6f, 0x6d, 0x30, 0x63, 0x5f, 0x5f,
			0x70, 0x75, 0x73, 0x68, 0x41, 0x20, 0x66, 0x6f,
			0x75, 0x6e, 0x64, 0x20, 0x69, 0x6e, 0x20, 0x4f,
			0x56, 0x4c, 0x31, 0x5f, 0x5f, 0x65, 0x78, 0x65,
			0x5f, 0x53, 0x43, 0x32, 0x2e, 0x63, 0x20, 0x0d,
			0x0a, 0x44, 0x61, 0x74, 0x61, 0x20, 0x43, 0x6c,
			0x6f, 0x73, 0x75, 0x72, 0x65, 0x20, 0x28, 0x64,
			0x61, 0x74, 0x61, 0x29, 0x3a, 0x20, 0x45, 0x46,
			0x45, 0x4d, 0x63, 0x6f, 0x6d, 0x30, 0x62, 0x5f,
			0x5f, 0x70, 0x75, 0x73, 0x68, 0x56, 0x20, 0x66,
			0x6f, 0x75, 0x6e, 0x64, 0x20, 0x69, 0x6e, 0x20,
			0x4f, 0x56, 0x4c, 0x31, 0x5f, 0x5f, 0x65, 0x78,
			0x65, 0x5f, 0x53, 0x43, 0x32, 0x2e, 0x63, 0x20,
			0x0d, 0x0a, 0x23, 0x20, 0x20, 0x31, 0x5d, 0x20,
		},
	},
	{
		{
			0x45, 0x46, 0x45, 0x4d, 0x63, 0x6f, 0x6d, 0x30,
			0x62, 0x5f, 0x5f, 0x70, 0x75, 0x73, 0x68, 0x56,
			0x20, 0x66, 0x6f, 0x75, 0x6e, 0x64, 0x20, 0x69,
			0x6e, 0x20, 0x4f, 0x56, 0x4c, 0x31, 0x5f, 0x5f,
			0x65, 0x78, 0x65, 0x5f, 0x53, 0x43, 0x32, 0x2e,
			0x63, 0x20, 0x0d, 0x0a, 0x44, 0x61, 0x74, 0x61,
			0x20, 0x43, 0x6c, 0x6f, 0x73, 0x75, 0x72, 0x65,
			0x20, 0x28, 0x64, 0x61, 0x74, 0x61, 0x29, 0x3a,
			0x20, 0x45, 0x46, 0x45, 0x4d, 0x63, 0x6f, 0x6d,
			0x30, 0x61, 0x5f, 0x5f, 0x70, 0x75, 0x73, 0x68,
			0x43, 0x20, 0x66, 0x6f, 0x75, 0x6e, 0x64, 0x20,
			0x69, 0x6e, 0x20, 0x4f, 0x56, 0x4c, 0x31, 0x5f,
			0x5f, 0x65, 0x78, 0x65, 0x5f, 0x53, 0x43, 0x32,
			0x2e, 0x63, 0x20, 0x0d, 0x0a, 0x23, 0x20, 0x20,
			0x31, 0x5d, 0x20, 0x45, 0x46, 0x45, 0x4d, 0x63,
			0x6f, 0x6d, 0x30, 0x61, 0x5f, 0x5f, 0x70, 0x75,
			0x73, 0x68, 0x43, 0x20, 0x66, 0x6f, 0x75, 0x6e,
		},
	},
	{
		{
			0x64, 0x20, 0x69, 0x6e, 0x20, 0x4f, 0x56, 0x4c,
			0x31, 0x5f, 0x5f, 0x65, 0x78, 0x65, 0x5f, 0x53,
			0x43, 0x32, 0x2e, 0x63, 0x20, 0x0d, 0x0a, 0x44,
			0x61, 0x74, 0x61, 0x20, 0x43, 0x6c, 0x6f, 0x73,
			0x75, 0x72, 0x65, 0x20, 0x28, 0x64, 0x61, 0x74,
			0x61, 0x29, 0x3a, 0x20, 0x45, 0x46, 0x45, 0x4d,
			0x63, 0x6f, 0x6d, 0x30, 0x39, 0x5f, 0x5f, 0x67,
			0x6f, 0x74, 0x6f, 0x20, 0x66, 0x6f, 0x75, 0x6e,
			0x64, 0x20, 0x69, 0x6e, 0x20, 0x4f, 0x56, 0x4c,
			0x31, 0x5f, 0x5f, 0x65, 0x78, 0x65, 0x5f, 0x53,
			0x43, 0x32, 0x2e, 0x63, 0x20, 0x0d, 0x0a, 0x23,
			0x20, 0x20, 0x31, 0x5d, 0x20, 0x45, 0x46, 0x45,
			0x4d, 0x63, 0x6f, 0x6d, 0x30, 0x39, 0x5f, 0x5f,
			0x67, 0x6f, 0x74, 0x6f, 0x20, 0x66, 0x6f, 0x75,
			0x6e, 0x64, 0x20, 0x69, 0x6e, 0x20, 0x4f, 0x56,
			0x4c, 0x31, 0x5f, 0x5f, 0x65, 0x78, 0x65, 0x5f,
			0x53, 0x43, 0x32, 0x2e, 0x63, 0x20, 0x0d, 0x0a,
		},
	},
	{
		{
			0x44, 0x61, 0x74, 0x61, 0x20, 0x43, 0x6c, 0x6f,
			0x73, 0x75, 0x72, 0x65, 0x20, 0x28, 0x64, 0x61,
			0x74, 0x61, 0x29, 0x3a, 0x20, 0x45, 0x46, 0x45,
			0x4d, 0x63, 0x6f, 0x6d, 0x58, 0x58, 0x5f, 0x5f,
			0x6e, 0x75, 0x6c, 0x6c, 0x20, 0x66, 0x6f, 0x75,
			0x6e, 0x64, 0x20, 0x69, 0x6e, 0x20, 0x4f, 0x56,
			0x4c, 0x31, 0x5f, 0x5f, 0x65, 0x78, 0x65, 0x5f,
			0x53, 0x43, 0x32, 0x2e, 0x63, 0x20, 0x0d, 0x0a,
			0x23, 0x20, 0x20, 0x31, 0x5d, 0x20, 0x45, 0x46,
			0x45, 0x4d, 0x63, 0x6f, 0x6d, 0x58, 0x58, 0x5f,
			0x5f, 0x6e, 0x75, 0x6c, 0x6c, 0x20, 0x66, 0x6f,
			0x75, 0x6e, 0x64, 0x20, 0x69, 0x6e, 0x20, 0x4f,
			0x56, 0x4c, 0x31, 0x5f, 0x5f, 0x65, 0x78, 0x65,
			0x5f, 0x53, 0x43, 0x32, 0x2e, 0x63, 0x20, 0x0d,
			0x0a, 0x44, 0x61, 0x74, 0x61, 0x20, 0x43, 0x6c,
			0x6f, 0x73, 0x75, 0x72, 0x65, 0x20, 0x28, 0x64,
			0x61, 0x74, 0x61, 0x29, 0x3a, 0x20, 0x45, 0x46,
		},
	},
	{
		{
			0x45, 0x4d, 0x63, 0x6f, 0x6d, 0x30, 0x37, 0x5f,
			0x5f, 0x69, 0x66, 0x56, 0x20, 0x66, 0x6f, 0x75,
			0x6e, 0x64, 0x20, 0x69, 0x6e, 0x20, 0x4f, 0x56,
			0x4c, 0x31, 0x5f, 0x5f, 0x65, 0x78, 0x65, 0x5f,
			0x53, 0x43, 0x32, 0x2e, 0x63, 0x20, 0x0d, 0x0a,
			0x23, 0x20, 0x20, 0x31, 0x5d, 0x20, 0x45, 0x46,
			0x45, 0x4d, 0x63, 0x6f, 0x6d, 0x30, 0x37, 0x5f,
			0x5f, 0x69, 0x66, 0x56, 0x20, 0x66, 0x6f, 0x75,
			0x6e, 0x64, 0x20, 0x69, 0x6e, 0x20, 0x4f, 0x56,
			0x4c, 0x31, 0x5f, 0x5f, 0x65, 0x78, 0x65, 0x5f,
			0x53, 0x43, 0x32, 0x2e, 0x63, 0x20, 0x0d, 0x0a,
			0x23, 0x20, 0x20, 0x20, 0x32, 0x5d, 0x20, 0x65,
			0x76, 0x61, 0x6c, 0x75, 0x61, 0x74, 0x69, 0x6f,
			0x6e, 0x5f, 0x58, 0x20, 0x28, 0x6c, 0x6f, 0x63,
			0x61, 0x6c, 0x29, 0x20, 0x64, 0x65, 0x66, 0x69,
			0x6e, 0x65, 0x64, 0x20, 0x69, 0x6e, 0x20, 0x4f,
			0x56, 0x4c, 0x31, 0x5f, 0x5f, 0x65, 0x78, 0x65,
		},
	},
	{
		{
			0x5f, 0x53, 0x43, 0x32, 0x2e, 0x63, 0x20, 0x0d,
			0x0a, 0x44, 0x61, 0x74, 0x61, 0x20, 0x43, 0x6c,
			0x6f, 0x73, 0x75, 0x72, 0x65, 0x20, 0x28, 0x64,
			0x61, 0x74, 0x61, 0x29, 0x3a, 0x20, 0x45, 0x46,
			0x45, 0x4d, 0x63, 0x6f, 0x6d, 0x30, 0x34, 0x5f,
			0x5f, 0x73, 0x65, 0x74, 0x56, 0x20, 0x66, 0x6f,
			0x75, 0x6e, 0x64, 0x20, 0x69, 0x6e, 0x20, 0x4f,
			0x56, 0x4c, 0x31, 0x5f, 0x5f, 0x65, 0x78, 0x65,
			0x5f, 0x53, 0x43, 0x32, 0x2e, 0x63, 0x20, 0x0d,
			0x0a, 0x23, 0x20, 0x20, 0x31, 0x5d, 0x20, 0x45,
			0x46, 0x45, 0x4d, 0x63, 0x6f, 0x6d, 0x30, 0x34,
			0x5f, 0x5f, 0x73, 0x65, 0x74, 0x56, 0x20, 0x66,
			0x6f, 0x75, 0x6e, 0x64, 0x20, 0x69, 0x6e, 0x20,
			0x4f, 0x56, 0x4c, 0x31, 0x5f, 0x5f, 0x65, 0x78,
			0x65, 0x5f, 0x53, 0x43, 0x32, 0x2e, 0x63, 0x20,
			0x0d, 0x0a, 0x23, 0x20, 0x20, 0x20, 0x32, 0x5d,
			0x20, 0x73, 0x65, 0x74, 0x5f, 0x53, 0x61, 0x76,
		},
	},
	{
		{
			0x65, 0x43, 0x6f, 0x6e, 0x73, 0x74, 0x20, 0x28,
			0x6c, 0x6f, 0x63, 0x61, 0x6c, 0x29, 0x20, 0x64,
			0x65, 0x66, 0x69, 0x6e, 0x65, 0x64, 0x20, 0x69,
			0x6e, 0x20, 0x4f, 0x56, 0x4c, 0x31, 0x5f, 0x5f,
			0x65, 0x78, 0x65, 0x5f, 0x53, 0x43, 0x32, 0x2e,
			0x63, 0x20, 0x0d, 0x0a, 0x44, 0x61, 0x74, 0x61,
			0x20, 0x43, 0x6c, 0x6f, 0x73, 0x75, 0x72, 0x65,
			0x20, 0x28, 0x64, 0x61, 0x74, 0x61, 0x29, 0x3a,
			0x20, 0x45, 0x46, 0x45, 0x4d, 0x63, 0x6f, 0x6d,
			0x30, 0x33, 0x5f, 0x5f, 0x73, 0x65, 0x74, 0x54,
			0x20, 0x66, 0x6f, 0x75, 0x6e, 0x64, 0x20, 0x69,
			0x6e, 0x20, 0x4f, 0x56, 0x4c, 0x31, 0x5f, 0x5f,
			0x65, 0x78, 0x65, 0x5f, 0x53, 0x43, 0x32, 0x2e,
			0x63, 0x20, 0x0d, 0x0a, 0x23, 0x20, 0x20, 0x31,
			0x5d, 0x20, 0x45, 0x46, 0x45, 0x4d, 0x63, 0x6f,
			0x6d, 0x30, 0x33, 0x5f, 0x5f, 0x73, 0x65, 0x74,
			0x54, 0x20, 0x66, 0x6f, 0x75, 0x6e, 0x64, 0x20,
		},
	},
	{
		{
			0x69, 0x6e, 0x20, 0x4f, 0x56, 0x4c, 0x31, 0x5f,
			0x5f, 0x65, 0x78, 0x65, 0x5f, 0x53, 0x43, 0x32,
			0x2e, 0x63, 0x20, 0x0d, 0x0a, 0x44, 0x61, 0x74,
			0x61, 0x20, 0x43, 0x6c, 0x6f, 0x73, 0x75, 0x72,
			0x65, 0x20, 0x28, 0x64, 0x61, 0x74, 0x61, 0x29,
			0x3a, 0x20, 0x45, 0x46, 0x45, 0x4d, 0x63, 0x6f,
			0x6d, 0x30, 0x32, 0x5f, 0x5f, 0x72, 0x61, 0x6e,
			0x64, 0x20, 0x66, 0x6f, 0x75, 0x6e, 0x64, 0x20,
			0x69, 0x6e, 0x20, 0x4f, 0x56, 0x4c, 0x31, 0x5f,
			0x5f, 0x65, 0x78, 0x65, 0x5f, 0x53, 0x43, 0x32,
			0x2e, 0x63, 0x20, 0x0d, 0x0a, 0x23, 0x20, 0x20,
			0x31, 0x5d, 0x20, 0x45, 0x46, 0x45, 0x4d, 0x63,
			0x6f, 0x6d, 0x30, 0x32, 0x5f, 0x5f, 0x72, 0x61,
			0x6e, 0x64, 0x20, 0x66, 0x6f, 0x75, 0x6e, 0x64,
			0x20, 0x69, 0x6e, 0x20, 0x4f, 0x56, 0x4c, 0x31,
			0x5f, 0x5f, 0x65, 0x78, 0x65, 0x5f, 0x53, 0x43,
			0x32, 0x2e, 0x63, 0x20, 0x0d, 0x0a, 0x44, 0x61,
		},
	},
};

int16_t STD_D_8007F968[80] = {
	0x6174, 0x4320, 0x6f6c, 0x7573, 0x6572, 0x2820, 0x6164, 0x6174,
	0x3a29, 0x4520, 0x4546, 0x634d, 0x6d6f, 0x3130, 0x5f5f, 0x6573,
	0x5674, 0x6620, 0x756f, 0x646e, 0x6920, 0x206e, 0x564f, 0x314c,
	0x5f5f, 0x7865, 0x5f65, 0x4353, 0x2e32, 0x2063, 0x0a0d, 0x2023,
	0x3120, 0x205d, 0x4645, 0x4d45, 0x6f63, 0x306d, 0x5f31, 0x735f,
	0x7465, 0x2056, 0x6f66, 0x6e75, 0x2064, 0x6e69, 0x4f20, 0x4c56,
	0x5f31, 0x655f, 0x6578, 0x535f, 0x3243, 0x632e, 0x0d20, 0x440a,
	0x7461, 0x2061, 0x6c43, 0x736f, 0x7275, 0x2065, 0x6428, 0x7461,
	0x2961, 0x203a, 0x4645, 0x4d45, 0x6f63, 0x306d, 0x5f30, 0x735f,
	0x7465, 0x2043, 0x6f66, 0x6e75, 0x2064, 0x6e69, 0x4f20, 0x4c56,
};

int16_t STD_D_8007FA08[10] = {
	0x5f31, 0x655f, 0x6578, 0x535f, 0x3243, 0x632e, 0x0d20, 0x230a,
	0x2020, 0x5d31,
};

int16_t STD_D_8007FA1C[32] = {
	0x4520, 0x4546, 0x634d, 0x6d6f, 0x3030, 0x5f5f, 0x6573, 0x4374,
	0x6620, 0x756f, 0x646e, 0x6920, 0x206e, 0x564f, 0x314c, 0x5f5f,
	0x7865, 0x5f65, 0x4353, 0x2e32, 0x2063, 0x0a0d, 0x6144, 0x6174,
	0x4320, 0x6f6c, 0x7573, 0x6572, 0x2820, 0x6164, 0x6174, 0x3a29,
};

uint8_t STD_D_8007FA5C[32] = {
	0x20, 0x6c, 0x73, 0x72, 0x4c, 0x20, 0x66, 0x6f,
	0x75, 0x6e, 0x64, 0x20, 0x69, 0x6e, 0x20, 0x4f,
	0x56, 0x4c, 0x31, 0x5f, 0x5f, 0x65, 0x78, 0x65,
	0x5f, 0x53, 0x43, 0x32, 0x2e, 0x63, 0x20, 0x0d,
};

void (*STD_jtbl_8007FA7C[97])(void) = {
	(void (*)(void))0x2020230a,
	(void (*)(void))0x6c205d31,
	(void (*)(void))0x204c7273,
	(void (*)(void))0x6e756f66,
	(void (*)(void))0x6e692064,
	(void (*)(void))0x4c564f20,
	(void (*)(void))0x655f5f31,
	(void (*)(void))0x535f6578,
	(void (*)(void))0x632e3243,
	(void (*)(void))0x440a0d20,
	(void (*)(void))0x20617461,
	(void (*)(void))0x736f6c43,
	(void (*)(void))0x20657275,
	(void (*)(void))0x74616428,
	(void (*)(void))0x203a2961,
	(void (*)(void))0x4c6c736c,
	(void (*)(void))0x756f6620,
	(void (*)(void))0x6920646e,
	(void (*)(void))0x564f206e,
	(void (*)(void))0x5f5f314c,
	(void (*)(void))0x5f657865,
	(void (*)(void))0x2e324353,
	(void (*)(void))0x0a0d2063,
	(void (*)(void))0x31202023,
	(void (*)(void))0x736c205d,
	(void (*)(void))0x66204c6c,
	(void (*)(void))0x646e756f,
	(void (*)(void))0x206e6920,
	(void (*)(void))0x314c564f,
	(void (*)(void))0x78655f5f,
	(void (*)(void))0x43535f65,
	(void (*)(void))0x20632e32,
	(void (*)(void))0x61440a0d,
	(void (*)(void))0x43206174,
	(void (*)(void))0x75736f6c,
	(void (*)(void))0x28206572,
	(void (*)(void))0x61746164,
	(void (*)(void))0x61203a29,
	(void (*)(void))0x204c616d,
	(void (*)(void))0x6e756f66,
	(void (*)(void))0x6e692064,
	(void (*)(void))0x4c564f20,
	(void (*)(void))0x655f5f31,
	(void (*)(void))0x535f6578,
	(void (*)(void))0x632e3243,
	(void (*)(void))0x230a0d20,
	(void (*)(void))0x5d312020,
	(void (*)(void))0x616d6120,
	(void (*)(void))0x6f66204c,
	(void (*)(void))0x20646e75,
	(void (*)(void))0x4f206e69,
	(void (*)(void))0x5f314c56,
	(void (*)(void))0x6578655f,
	(void (*)(void))0x3243535f,
	(void (*)(void))0x0d20632e,
	(void (*)(void))0x7461440a,
	(void (*)(void))0x6c432061,
	(void (*)(void))0x7275736f,
	(void (*)(void))0x64282065,
	(void (*)(void))0x29617461,
	(void (*)(void))0x756d203a,
	(void (*)(void))0x66204c6c,
	(void (*)(void))0x646e756f,
	(void (*)(void))0x206e6920,
	(void (*)(void))0x314c564f,
	(void (*)(void))0x78655f5f,
	(void (*)(void))0x43535f65,
	(void (*)(void))0x20632e32,
	(void (*)(void))0x20230a0d,
	(void (*)(void))0x205d3120,
	(void (*)(void))0x4c6c756d,
	(void (*)(void))0x756f6620,
	(void (*)(void))0x6920646e,
	(void (*)(void))0x564f206e,
	(void (*)(void))0x5f5f314c,
	(void (*)(void))0x5f657865,
	(void (*)(void))0x2e324353,
	(void (*)(void))0x0a0d2063,
	(void (*)(void))0x61746144,
	(void (*)(void))0x6f6c4320,
	(void (*)(void))0x65727573,
	(void (*)(void))0x61642820,
	(void (*)(void))0x3a296174,
	(void (*)(void))0x76696420,
	(void (*)(void))0x6f66204c,
	(void (*)(void))0x20646e75,
	(void (*)(void))0x4f206e69,
	(void (*)(void))0x5f314c56,
	(void (*)(void))0x6578655f,
	(void (*)(void))0x3243535f,
	(void (*)(void))0x0d20632e,
	(void (*)(void))0x2020230a,
	(void (*)(void))0x64205d31,
	(void (*)(void))0x204c7669,
	(void (*)(void))0x6e756f66,
	(void (*)(void))0x6e692064,
	(void (*)(void))0x4c564f20,
};

EfePoisonBubble STD_D_8007FC20[12] = {
	{ 0x5f31, 0x655f, 0x6578, 0x535f, (Entity *)0x632e3243 },
	{ 0x0d20, 0x440a, 0x7461, 0x2061, (Entity *)0x736f6c43 },
	{ 0x7275, 0x2065, 0x6428, 0x7461, (Entity *)0x203a2961 },
	{ 0x7573, 0x4c62, 0x6620, 0x756f, (Entity *)0x6920646e },
	{ 0x206e, 0x564f, 0x314c, 0x5f5f, (Entity *)0x5f657865 },
	{ 0x4353, 0x2e32, 0x2063, 0x0a0d, (Entity *)0x31202023 },
	{ 0x205d, 0x7573, 0x4c62, 0x6620, (Entity *)0x646e756f },
	{ 0x6920, 0x206e, 0x564f, 0x314c, (Entity *)0x78655f5f },
	{ 0x5f65, 0x4353, 0x2e32, 0x2063, (Entity *)0x61440a0d },
	{ 0x6174, 0x4320, 0x6f6c, 0x7573, (Entity *)0x28206572 },
	{ 0x6164, 0x6174, 0x3a29, 0x6120, (Entity *)0x204c6464 },
	{ 0x6f66, 0x6e75, 0x2064, 0x6e69, (Entity *)0x4c564f20 },
};

EfePoison STD_D_8007FCB0[4] = {
	{ 0x5f31, 0x655f, (Entity *)0x535f6578 },
	{ 0x3243, 0x632e, (Entity *)0x230a0d20 },
	{ 0x2020, 0x5d31, (Entity *)0x64646120 },
	{ 0x204c, 0x6f66, (Entity *)0x20646e75 },
};

EfeConfusion STD_D_8007FCD0[4] = {
	{
		0x6e69,
		0x4f20,
		0x4c56,
		{ 0x5f31, 0x655f, 0x6578 },
		(Entity *)0x3243535f,
	},
	{
		0x632e,
		0x0d20,
		0x440a,
		{ 0x7461, 0x2061, 0x6c43 },
		(Entity *)0x7275736f,
	},
	{
		0x2065,
		0x6428,
		0x7461,
		{ 0x2961, 0x203a, 0x6f6d },
		(Entity *)0x66204c76,
	},
	{
		0x756f,
		0x646e,
		0x6920,
		{ 0x206e, 0x564f, 0x314c },
		(Entity *)0x78655f5f,
	},
};

EfeStun STD_D_8007FD10[5] = {
	{ 0x5f65, 0x4353, 0x2e32, 0x2063, (Entity *)0x20230a0d },
	{ 0x3120, 0x205d, 0x6f6d, 0x4c76, (Entity *)0x756f6620 },
	{ 0x646e, 0x6920, 0x206e, 0x564f, (Entity *)0x5f5f314c },
	{ 0x7865, 0x5f65, 0x4353, 0x2e32, (Entity *)0x0a0d2063 },
	{ 0x6144, 0x6174, 0x4320, 0x6f6c, (Entity *)0x65727573 },
};

EfeStunSpark STD_D_8007FD4C[25] = {
	{ 0x2820, 0x6164, (Entity *)0x3a296174 },
	{ 0x6c20, 0x7273, (Entity *)0x6f662043 },
	{ 0x6e75, 0x2064, (Entity *)0x4f206e69 },
	{ 0x4c56, 0x5f31, (Entity *)0x6578655f },
	{ 0x535f, 0x3243, (Entity *)0x0d20632e },
	{ 0x230a, 0x2020, (Entity *)0x6c205d31 },
	{ 0x7273, 0x2043, (Entity *)0x6e756f66 },
	{ 0x2064, 0x6e69, (Entity *)0x4c564f20 },
	{ 0x5f31, 0x655f, (Entity *)0x535f6578 },
	{ 0x3243, 0x632e, (Entity *)0x440a0d20 },
	{ 0x7461, 0x2061, (Entity *)0x736f6c43 },
	{ 0x7275, 0x2065, (Entity *)0x74616428 },
	{ 0x2961, 0x203a, (Entity *)0x436c736c },
	{ 0x6620, 0x756f, (Entity *)0x6920646e },
	{ 0x206e, 0x564f, (Entity *)0x5f5f314c },
	{ 0x7865, 0x5f65, (Entity *)0x2e324353 },
	{ 0x2063, 0x0a0d, (Entity *)0x31202023 },
	{ 0x205d, 0x736c, (Entity *)0x6620436c },
	{ 0x756f, 0x646e, (Entity *)0x206e6920 },
	{ 0x564f, 0x314c, (Entity *)0x78655f5f },
	{ 0x5f65, 0x4353, (Entity *)0x20632e32 },
	{ 0x0a0d, 0x6144, (Entity *)0x43206174 },
	{ 0x6f6c, 0x7573, (Entity *)0x28206572 },
	{ 0x6164, 0x6174, (Entity *)0x61203a29 },
	{ 0x616d, 0x2043, (Entity *)0x6e756f66 },
};

EfeFinisherAura STD_D_8007FE14[2] = {
	{ 0x2064, 0x6e69, (Entity *)0x4c564f20 },
	{ 0x5f31, 0x655f, (Entity *)0x535f6578 },
};

SVECTOR STD_D_8007FE24[20] = {
	{ 0x3243, 0x632e, 0x0d20, 0x230a },
	{ 0x2020, 0x5d31, 0x6120, 0x616d },
	{ 0x2043, 0x6f66, 0x6e75, 0x2064 },
	{ 0x6e69, 0x4f20, 0x4c56, 0x5f31 },
	{ 0x655f, 0x6578, 0x535f, 0x3243 },
	{ 0x632e, 0x0d20, 0x440a, 0x7461 },
	{ 0x2061, 0x6c43, 0x736f, 0x7275 },
	{ 0x2065, 0x6428, 0x7461, 0x2961 },
	{ 0x203a, 0x756d, 0x436c, 0x6620 },
	{ 0x756f, 0x646e, 0x6920, 0x206e },
	{ 0x564f, 0x314c, 0x5f5f, 0x7865 },
	{ 0x5f65, 0x4353, 0x2e32, 0x2063 },
	{ 0x0a0d, 0x2023, 0x3120, 0x205d },
	{ 0x756d, 0x436c, 0x6620, 0x756f },
	{ 0x646e, 0x6920, 0x206e, 0x564f },
	{ 0x314c, 0x5f5f, 0x7865, 0x5f65 },
	{ 0x4353, 0x2e32, 0x2063, 0x0a0d },
	{ 0x6144, 0x6174, 0x4320, 0x6f6c },
	{ 0x7573, 0x6572, 0x2820, 0x6164 },
	{ 0x6174, 0x3a29, 0x6420, 0x7669 },
};
// clang-format on
