#include <libgs.h>
#include <libgte.h>

#include <dw/graphics.h>
#include <dw/std.h>
#include <dw/types.h>

// clang-format off
GsOT STD_D_8007B684[2] = {
	{
		0x00000000,
		(GsOT_TAG *)0x00000000,
		0x00000000,
		0x00000000,
		(GsOT_TAG *)0x00000000,
	},
	{
		0x00000000,
		(GsOT_TAG *)0x00000000,
		0x00000000,
		0x00000000,
		(GsOT_TAG *)0x00000000,
	},
};

GsOT_TAG STD_D_8007B664[4] = {
	{ 0x000000, 0x00 },
	{ 0x000000, 0x00 },
	{ 0x000000, 0x00 },
	{ 0x000000, 0x00 },
};

GsOT_TAG STD_D_8007B674[4] = {
	{ 0x000000, 0x00 },
	{ 0x000000, 0x00 },
	{ 0x000000, 0x00 },
	{ 0x000000, 0x00 },
};

GsOT STD_D_8007B6AC[2] = {
	{
		0x00000000,
		(GsOT_TAG *)0x00000000,
		0x00000000,
		0x00000000,
		(GsOT_TAG *)0x00000000,
	},
	{
		0x00000000,
		(GsOT_TAG *)0x00000000,
		0x00000000,
		0x00000000,
		(GsOT_TAG *)0x00000000,
	},
};

GsOT_TAG STD_D_8007B6D4[4] = {
	{ 0x000000, 0x00 },
	{ 0x000000, 0x00 },
	{ 0x000000, 0x00 },
	{ 0x000000, 0x00 },
};

GsOT_TAG STD_D_8007B6E4[4] = {
	{ 0x000000, 0x00 },
	{ 0x000000, 0x00 },
	{ 0x000000, 0x00 },
	{ 0x000000, 0x00 },
};

VECTOR STD_INTRO_TARGET_POS = { 0x00000000, 0x00000000, 0x00000000, 0x00000000 };

VECTOR STD_CAMERA_CHASE_LAST_POS = { 0x00000000, 0x00000000, 0x00000000, 0x00000000 };

GsOT STD_MODEL_SCENE_ORDERING_TABLE[2] = {
	{
		0x00000000,
		(GsOT_TAG *)0x00000000,
		0x00000000,
		0x00440043,
		(GsOT_TAG *)0x00500056,
	},
	{
		0x002e0045,
		(GsOT_TAG *)0x00540048,
		0x0000004d,
		0x0004005e,
		(GsOT_TAG *)0x00080000,
	},
};

GsOT_TAG STD_MODEL_SCENE_OT_TAGS_0[32] = {
	{ 0xf83300, 0x24 },
	{ 0xbc64e7, 0x01 },
	{ 0x000001, 0x00 },
	{ 0x500048, 0x00 },
	{ 0x580053, 0x00 },
	{ 0x44005c, 0x00 },
	{ 0x43004f, 0x00 },
	{ 0x4a005c, 0x00 },
	{ 0x5c0050, 0x00 },
	{ 0x540048, 0x00 },
	{ 0x4c004d, 0x00 },
	{ 0x4c005c, 0x00 },
	{ 0x420049, 0x00 },
	{ 0x450052, 0x00 },
	{ 0x5c0046, 0x00 },
	{ 0x470053, 0x00 },
	{ 0x4d0043, 0x00 },
	{ 0x500056, 0x00 },
	{ 0x450055, 0x00 },
	{ 0x48002e, 0x00 },
	{ 0x4d0054, 0x00 },
	{ 0x5e0000, 0x00 },
	{ 0x000004, 0x00 },
	{ 0x000008, 0x33 },
	{ 0xe724f8, 0x64 },
	{ 0x0101bc, 0x00 },
	{ 0x480000, 0x00 },
	{ 0x530050, 0x00 },
	{ 0x5c0058, 0x00 },
	{ 0x4f0044, 0x00 },
	{ 0x5c0043, 0x00 },
	{ 0x50004a, 0x00 },
};

GsOT_TAG STD_MODEL_SCENE_OT_TAGS_1[32] = {
	{ 0x48005c, 0x00 },
	{ 0x4d0054, 0x00 },
	{ 0x5c004c, 0x00 },
	{ 0x49004c, 0x00 },
	{ 0x520042, 0x00 },
	{ 0x460045, 0x00 },
	{ 0x53005c, 0x00 },
	{ 0x430047, 0x00 },
	{ 0x53004d, 0x00 },
	{ 0x540045, 0x00 },
	{ 0x2e0045, 0x00 },
	{ 0x540048, 0x00 },
	{ 0x00004d, 0x00 },
	{ 0x04005e, 0x00 },
	{ 0x080000, 0x00 },
	{ 0xf83300, 0x24 },
	{ 0xbc64e7, 0x01 },
	{ 0x000001, 0x00 },
	{ 0x500048, 0x00 },
	{ 0x580053, 0x00 },
	{ 0x44005c, 0x00 },
	{ 0x43004f, 0x00 },
	{ 0x4a005c, 0x00 },
	{ 0x5c0050, 0x00 },
	{ 0x540048, 0x00 },
	{ 0x4c004d, 0x00 },
	{ 0x4c005c, 0x00 },
	{ 0x420049, 0x00 },
	{ 0x450052, 0x00 },
	{ 0x5c0046, 0x00 },
	{ 0x470053, 0x00 },
	{ 0x4d0043, 0x00 },
};

GsDOBJ2 STD_ARENA_OBJECTS[4] = {
	{
		0x00500056,
		(GsCOORDINATE2 *)0x00580055,
		(long unsigned int *)0x0048002e,
		0x004d0054,
	},
	{
		0x005e0000,
		(GsCOORDINATE2 *)0x00000004,
		(long unsigned int *)0x33000008,
		0x64e724f8,
	},
	{
		0x000101bc,
		(GsCOORDINATE2 *)0x00480000,
		(long unsigned int *)0x00530050,
		0x005c0058,
	},
	{
		0x004f0044,
		(GsCOORDINATE2 *)0x005c0043,
		(long unsigned int *)0x0050004a,
		0x0048005c,
	},
};

GsCOORDINATE2Raw STD_ARENA_COORDS[4] = {
	{
		{
			0x54, 0x00, 0x4d, 0x00, 0x4c, 0x00, 0x5c, 0x00,
			0x4c, 0x00, 0x49, 0x00, 0x42, 0x00, 0x52, 0x00,
			0x45, 0x00, 0x46, 0x00, 0x5c, 0x00, 0x53, 0x00,
			0x47, 0x00, 0x44, 0x00, 0x45, 0x00, 0x54, 0x00,
			0x52, 0x00, 0x41, 0x00, 0x47, 0x00, 0x2e, 0x00,
			0x48, 0x00, 0x54, 0x00, 0x4d, 0x00, 0x00, 0x00,
			0x5e, 0x00, 0x04, 0x00, 0x00, 0x00, 0x08, 0x00,
			0x00, 0x33, 0xf8, 0x24, 0xe7, 0x64, 0xbc, 0x01,
			0x01, 0x00, 0x00, 0x00, 0x48, 0x00, 0x50, 0x00,
			0x53, 0x00, 0x58, 0x00, 0x5c, 0x00, 0x44, 0x00,
		},
	},
	{
		{
			0x4f, 0x00, 0x43, 0x00, 0x5c, 0x00, 0x4a, 0x00,
			0x50, 0x00, 0x5c, 0x00, 0x48, 0x00, 0x54, 0x00,
			0x4d, 0x00, 0x4c, 0x00, 0x5c, 0x00, 0x4c, 0x00,
			0x49, 0x00, 0x42, 0x00, 0x52, 0x00, 0x45, 0x00,
			0x46, 0x00, 0x5c, 0x00, 0x53, 0x00, 0x47, 0x00,
			0x43, 0x00, 0x50, 0x00, 0x53, 0x00, 0x45, 0x00,
			0x54, 0x00, 0x54, 0x00, 0x2e, 0x00, 0x48, 0x00,
			0x54, 0x00, 0x4d, 0x00, 0x00, 0x00, 0x5e, 0x00,
			0x04, 0x00, 0x00, 0x00, 0x08, 0x00, 0x00, 0x33,
			0xf8, 0x24, 0xe7, 0x64, 0xbc, 0x01, 0x01, 0x00,
		},
	},
	{
		{
			0x00, 0x00, 0x48, 0x00, 0x50, 0x00, 0x53, 0x00,
			0x58, 0x00, 0x5c, 0x00, 0x44, 0x00, 0x4f, 0x00,
			0x43, 0x00, 0x5c, 0x00, 0x4a, 0x00, 0x50, 0x00,
			0x5c, 0x00, 0x48, 0x00, 0x54, 0x00, 0x4d, 0x00,
			0x4c, 0x00, 0x5c, 0x00, 0x4c, 0x00, 0x49, 0x00,
			0x42, 0x00, 0x52, 0x00, 0x45, 0x00, 0x46, 0x00,
			0x5c, 0x00, 0x53, 0x00, 0x47, 0x00, 0x49, 0x00,
			0x52, 0x00, 0x50, 0x00, 0x55, 0x00, 0x45, 0x00,
			0x51, 0x00, 0x2e, 0x00, 0x48, 0x00, 0x54, 0x00,
			0x4d, 0x00, 0x00, 0x00, 0x5e, 0x00, 0x04, 0x00,
		},
	},
	{
		{
			0x00, 0x00, 0x08, 0x00, 0x00, 0x33, 0xf8, 0x24,
			0xe7, 0x64, 0xbc, 0x01, 0x01, 0x00, 0x00, 0x00,
			0x48, 0x00, 0x50, 0x00, 0x53, 0x00, 0x58, 0x00,
			0x5c, 0x00, 0x44, 0x00, 0x4f, 0x00, 0x43, 0x00,
			0x5c, 0x00, 0x4a, 0x00, 0x50, 0x00, 0x5c, 0x00,
			0x48, 0x00, 0x54, 0x00, 0x4d, 0x00, 0x4c, 0x00,
			0x5c, 0x00, 0x4c, 0x00, 0x49, 0x00, 0x42, 0x00,
			0x52, 0x00, 0x45, 0x00, 0x46, 0x00, 0x5c, 0x00,
			0x53, 0x00, 0x47, 0x00, 0x4d, 0x00, 0x53, 0x00,
			0x45, 0x00, 0x54, 0x00, 0x55, 0x00, 0x45, 0x00,
		},
	},
};

int16_t STD_D_8007B9BC[10] = {
	0x002e, 0x0048, 0x0054, 0x004d, 0x0000, 0x005e, 0x0004, 0x0000,
	0x0008, 0x3300,
};

StdUnkB9D0 STD_D_8007B9D0 = {
	0x24f8,
	0x64e7,
	(Entity *)0x000101bc,
	(Entity *)0x00480000,
	{
		0x50, 0x00, 0x53, 0x00, 0x58, 0x00, 0x5c, 0x00,
		0x44, 0x00, 0x4f, 0x00, 0x43, 0x00, 0x5c, 0x00,
	},
};

int32_t STD_D_8007BA44[22] = {
	0x0050004a, 0x0048005c, 0x004d0054, 0x005c004c,
	0x0049004c, 0x00520042, 0x00460045, 0x0053005c,
	0x00490047, 0x00510052, 0x00500041, 0x002e0052,
	0x00540048, 0x0000004d, 0x0004005e, 0x00080000,
	0x26296000, 0x01bc64e7, 0x00000001, 0x00500048,
	0x00580053, 0x0044005c,
};

int32_t STD_D_8007B9EC[4] = {
	0x0043004f, 0x004a005c, 0x005c0050, 0x00540048,
};

int32_t STD_D_8007B9FC[18] = {
	0x004c004d, 0x004c005c, 0x00420049, 0x00450052,
	0x005c0046, 0x00470053, 0x004d0052, 0x00500044,
	0x00480055, 0x0048002e, 0x004d0054, 0x005e0000,
	0x00000004, 0x60000008, 0x64e72629, 0x000101bc,
	0x00480000, 0x00530050,
};

int32_t STD_D_8007BA9C[4] = {
	0x005c0058, 0x004f0044, 0x005c0043, 0x0050004a,
};

int32_t STD_D_8007BAAC[18] = {
	0x0048005c, 0x004d0054, 0x005c004c, 0x0049004c,
	0x00520042, 0x00460045, 0x0053005c, 0x004f0047,
	0x00540045, 0x004f0045, 0x002e0054, 0x00540048,
	0x0000004d, 0x0004005e, 0x00080000, 0x26296000,
	0x01bc64e7, 0x00000001,
};

StdUnkBAF4 STD_BRACKET_SLOTS[8] = {
	{
		0x0048,
		0x0050,
		0x53,
		0x00,
		0x58,
		0x00,
		0x5c,
		0x00,
		{ 0x44, 0x00 },
		0x4f,
		0x00,
	},
	{
		0x0043,
		0x005c,
		0x4a,
		0x00,
		0x50,
		0x00,
		0x5c,
		0x00,
		{ 0x48, 0x00 },
		0x54,
		0x00,
	},
	{
		0x004d,
		0x004c,
		0x5c,
		0x00,
		0x4c,
		0x00,
		0x49,
		0x00,
		{ 0x42, 0x00 },
		0x52,
		0x00,
	},
	{
		0x0045,
		0x0046,
		0x5c,
		0x00,
		0x53,
		0x00,
		0x47,
		0x00,
		{ 0x52, 0x00 },
		0x4d,
		0x00,
	},
	{
		0x0050,
		0x0050,
		0x55,
		0x00,
		0x4d,
		0x00,
		0x2e,
		0x00,
		{ 0x48, 0x00 },
		0x54,
		0x00,
	},
	{
		0x004d,
		0x0000,
		0x5e,
		0x00,
		0x04,
		0x00,
		0x00,
		0x00,
		{ 0x08, 0x00 },
		0x00,
		0x60,
	},
	{
		0x2629,
		0x64e7,
		0xbc,
		0x01,
		0x01,
		0x00,
		0x00,
		0x00,
		{ 0x48, 0x00 },
		0x50,
		0x00,
	},
	{
		0x0053,
		0x0058,
		0x5c,
		0x00,
		0x44,
		0x00,
		0x4f,
		0x00,
		{ 0x43, 0x00 },
		0x5c,
		0x00,
	},
};

StdUnkBB64 STD_BRACKET_PROJECTILES[8] = {
	{ 0x004a, 0x0050, 0x5c, 0x00 },
	{ 0x0048, 0x0054, 0x4d, 0x00 },
	{ 0x004c, 0x005c, 0x4c, 0x00 },
	{ 0x0049, 0x0042, 0x52, 0x00 },
	{ 0x0045, 0x0046, 0x5c, 0x00 },
	{ 0x0053, 0x0047, 0x50, 0x00 },
	{ 0x004c, 0x0046, 0x4f, 0x00 },
	{ 0x0056, 0x0045, 0x2e, 0x00 },
};

uint8_t STD_BATTLE_START_TEXT_PIECES[155][20] = {
	{
		0x48, 0x00, 0x54, 0x00, 0x4d, 0x00, 0x00, 0x00,
		0x5e, 0x00, 0x04, 0x00, 0x00, 0x00, 0x08, 0x00,
		0x00, 0x60, 0x29, 0x26,
	},
	{
		0xe7, 0x64, 0xbc, 0x01, 0x01, 0x00, 0x00, 0x00,
		0x48, 0x00, 0x50, 0x00, 0x53, 0x00, 0x58, 0x00,
		0x5c, 0x00, 0x44, 0x00,
	},
	{
		0x4f, 0x00, 0x43, 0x00, 0x5c, 0x00, 0x4a, 0x00,
		0x50, 0x00, 0x5c, 0x00, 0x48, 0x00, 0x54, 0x00,
		0x4d, 0x00, 0x4c, 0x00,
	},
	{
		0x5c, 0x00, 0x4c, 0x00, 0x49, 0x00, 0x42, 0x00,
		0x52, 0x00, 0x45, 0x00, 0x46, 0x00, 0x5c, 0x00,
		0x53, 0x00, 0x47, 0x00,
	},
	{
		0x52, 0x00, 0x4d, 0x00, 0x44, 0x00, 0x54, 0x00,
		0x50, 0x00, 0x45, 0x00, 0x2e, 0x00, 0x48, 0x00,
		0x54, 0x00, 0x4d, 0x00,
	},
	{
		0x00, 0x00, 0x5e, 0x00, 0x04, 0x00, 0x00, 0x00,
		0x08, 0x00, 0x00, 0x60, 0x29, 0x26, 0xe7, 0x64,
		0xbc, 0x01, 0x01, 0x00,
	},
	{
		0x00, 0x00, 0x48, 0x00, 0x50, 0x00, 0x53, 0x00,
		0x58, 0x00, 0x5c, 0x00, 0x44, 0x00, 0x4f, 0x00,
		0x43, 0x00, 0x5c, 0x00,
	},
	{
		0x4a, 0x00, 0x50, 0x00, 0x5c, 0x00, 0x48, 0x00,
		0x54, 0x00, 0x4d, 0x00, 0x4c, 0x00, 0x5c, 0x00,
		0x4c, 0x00, 0x49, 0x00,
	},
	{
		0x42, 0x00, 0x52, 0x00, 0x45, 0x00, 0x46, 0x00,
		0x5c, 0x00, 0x53, 0x00, 0x47, 0x00, 0x52, 0x00,
		0x4d, 0x00, 0x54, 0x00,
	},
	{
		0x50, 0x00, 0x55, 0x00, 0x45, 0x00, 0x2e, 0x00,
		0x48, 0x00, 0x54, 0x00, 0x4d, 0x00, 0x00, 0x00,
		0x5e, 0x00, 0x04, 0x00,
	},
	{
		0x00, 0x00, 0x08, 0x00, 0x00, 0x60, 0x29, 0x26,
		0xe7, 0x64, 0xbc, 0x01, 0x01, 0x00, 0x00, 0x00,
		0x48, 0x00, 0x50, 0x00,
	},
	{
		0x53, 0x00, 0x58, 0x00, 0x5c, 0x00, 0x44, 0x00,
		0x4f, 0x00, 0x43, 0x00, 0x5c, 0x00, 0x4a, 0x00,
		0x50, 0x00, 0x5c, 0x00,
	},
	{
		0x48, 0x00, 0x54, 0x00, 0x4d, 0x00, 0x4c, 0x00,
		0x5c, 0x00, 0x4c, 0x00, 0x49, 0x00, 0x42, 0x00,
		0x52, 0x00, 0x45, 0x00,
	},
	{
		0x46, 0x00, 0x5c, 0x00, 0x53, 0x00, 0x47, 0x00,
		0x52, 0x00, 0x50, 0x00, 0x55, 0x00, 0x45, 0x00,
		0x54, 0x00, 0x42, 0x00,
	},
	{
		0x2e, 0x00, 0x48, 0x00, 0x54, 0x00, 0x4d, 0x00,
		0x00, 0x00, 0x5e, 0x00, 0x04, 0x00, 0x00, 0x00,
		0x08, 0x00, 0x00, 0x60,
	},
	{
		0x29, 0x26, 0xe7, 0x64, 0xbc, 0x01, 0x01, 0x00,
		0x00, 0x00, 0x48, 0x00, 0x50, 0x00, 0x53, 0x00,
		0x58, 0x00, 0x5c, 0x00,
	},
	{
		0x44, 0x00, 0x4f, 0x00, 0x43, 0x00, 0x5c, 0x00,
		0x4a, 0x00, 0x50, 0x00, 0x5c, 0x00, 0x48, 0x00,
		0x54, 0x00, 0x4d, 0x00,
	},
	{
		0x4c, 0x00, 0x5c, 0x00, 0x4c, 0x00, 0x49, 0x00,
		0x42, 0x00, 0x52, 0x00, 0x45, 0x00, 0x46, 0x00,
		0x5c, 0x00, 0x53, 0x00,
	},
	{
		0x47, 0x00, 0x52, 0x00, 0x4d, 0x00, 0x46, 0x00,
		0x50, 0x00, 0x55, 0x00, 0x4b, 0x00, 0x2e, 0x00,
		0x48, 0x00, 0x54, 0x00,
	},
	{
		0x4d, 0x00, 0x00, 0x00, 0x5e, 0x00, 0x04, 0x00,
		0x00, 0x00, 0x08, 0x00, 0x00, 0x60, 0x29, 0x26,
		0xe7, 0x64, 0xbc, 0x01,
	},
	{
		0x01, 0x00, 0x00, 0x00, 0x48, 0x00, 0x50, 0x00,
		0x53, 0x00, 0x58, 0x00, 0x5c, 0x00, 0x44, 0x00,
		0x4f, 0x00, 0x43, 0x00,
	},
	{
		0x5c, 0x00, 0x4a, 0x00, 0x50, 0x00, 0x5c, 0x00,
		0x48, 0x00, 0x54, 0x00, 0x4d, 0x00, 0x4c, 0x00,
		0x5c, 0x00, 0x4c, 0x00,
	},
	{
		0x49, 0x00, 0x42, 0x00, 0x52, 0x00, 0x45, 0x00,
		0x46, 0x00, 0x5c, 0x00, 0x53, 0x00, 0x47, 0x00,
		0x4e, 0x00, 0x54, 0x00,
	},
	{
		0x45, 0x00, 0x54, 0x00, 0x45, 0x00, 0x53, 0x00,
		0x2e, 0x00, 0x48, 0x00, 0x54, 0x00, 0x4d, 0x00,
		0x00, 0x00, 0x5e, 0x00,
	},
	{
		0x04, 0x00, 0x00, 0x00, 0x08, 0x00, 0x00, 0x60,
		0x29, 0x26, 0xe7, 0x64, 0xbc, 0x01, 0x01, 0x00,
		0x00, 0x00, 0x48, 0x00,
	},
	{
		0x50, 0x00, 0x53, 0x00, 0x58, 0x00, 0x5c, 0x00,
		0x44, 0x00, 0x4f, 0x00, 0x43, 0x00, 0x5c, 0x00,
		0x4a, 0x00, 0x50, 0x00,
	},
	{
		0x5c, 0x00, 0x48, 0x00, 0x54, 0x00, 0x4d, 0x00,
		0x4c, 0x00, 0x5c, 0x00, 0x4c, 0x00, 0x49, 0x00,
		0x42, 0x00, 0x52, 0x00,
	},
	{
		0x45, 0x00, 0x46, 0x00, 0x5c, 0x00, 0x53, 0x00,
		0x47, 0x00, 0x4e, 0x00, 0x43, 0x00, 0x50, 0x00,
		0x55, 0x00, 0x45, 0x00,
	},
	{
		0x4b, 0x00, 0x2e, 0x00, 0x48, 0x00, 0x54, 0x00,
		0x4d, 0x00, 0x00, 0x00, 0x5e, 0x00, 0x04, 0x00,
		0x00, 0x00, 0x08, 0x00,
	},
	{
		0x00, 0x60, 0x29, 0x26, 0xe7, 0x64, 0xbc, 0x01,
		0x01, 0x00, 0x00, 0x00, 0x48, 0x00, 0x50, 0x00,
		0x53, 0x00, 0x58, 0x00,
	},
	{
		0x5c, 0x00, 0x44, 0x00, 0x4f, 0x00, 0x43, 0x00,
		0x5c, 0x00, 0x4a, 0x00, 0x50, 0x00, 0x5c, 0x00,
		0x48, 0x00, 0x54, 0x00,
	},
	{
		0x4d, 0x00, 0x4c, 0x00, 0x5c, 0x00, 0x4c, 0x00,
		0x49, 0x00, 0x42, 0x00, 0x52, 0x00, 0x45, 0x00,
		0x46, 0x00, 0x5c, 0x00,
	},
	{
		0x53, 0x00, 0x47, 0x00, 0x4e, 0x00, 0x54, 0x00,
		0x45, 0x00, 0x54, 0x00, 0x45, 0x00, 0x54, 0x00,
		0x2e, 0x00, 0x48, 0x00,
	},
	{
		0x54, 0x00, 0x4d, 0x00, 0x00, 0x00, 0x5e, 0x00,
		0x04, 0x00, 0x00, 0x00, 0x08, 0x00, 0x00, 0x60,
		0x29, 0x26, 0xe7, 0x64,
	},
	{
		0xbc, 0x01, 0x01, 0x00, 0x00, 0x00, 0x48, 0x00,
		0x50, 0x00, 0x53, 0x00, 0x58, 0x00, 0x5c, 0x00,
		0x44, 0x00, 0x4f, 0x00,
	},
	{
		0x43, 0x00, 0x5c, 0x00, 0x4a, 0x00, 0x50, 0x00,
		0x5c, 0x00, 0x48, 0x00, 0x54, 0x00, 0x4d, 0x00,
		0x4c, 0x00, 0x5c, 0x00,
	},
	{
		0x4c, 0x00, 0x49, 0x00, 0x42, 0x00, 0x52, 0x00,
		0x45, 0x00, 0x46, 0x00, 0x5c, 0x00, 0x53, 0x00,
		0x47, 0x00, 0x4d, 0x00,
	},
	{
		0x56, 0x00, 0x53, 0x00, 0x45, 0x00, 0x54, 0x00,
		0x4c, 0x00, 0x2e, 0x00, 0x48, 0x00, 0x54, 0x00,
		0x4d, 0x00, 0x00, 0x00,
	},
	{
		0x5e, 0x00, 0x04, 0x00, 0x00, 0x00, 0x08, 0x00,
		0x00, 0x60, 0x29, 0x26, 0xe7, 0x64, 0xbc, 0x01,
		0x01, 0x00, 0x00, 0x00,
	},
	{
		0x48, 0x00, 0x50, 0x00, 0x53, 0x00, 0x58, 0x00,
		0x5c, 0x00, 0x44, 0x00, 0x4f, 0x00, 0x43, 0x00,
		0x5c, 0x00, 0x4a, 0x00,
	},
	{
		0x50, 0x00, 0x5c, 0x00, 0x48, 0x00, 0x54, 0x00,
		0x4d, 0x00, 0x4c, 0x00, 0x5c, 0x00, 0x4c, 0x00,
		0x49, 0x00, 0x42, 0x00,
	},
	{
		0x52, 0x00, 0x45, 0x00, 0x46, 0x00, 0x5c, 0x00,
		0x53, 0x00, 0x47, 0x00, 0x4e, 0x00, 0x56, 0x00,
		0x50, 0x00, 0x55, 0x00,
	},
	{
		0x45, 0x00, 0x45, 0x00, 0x2e, 0x00, 0x48, 0x00,
		0x54, 0x00, 0x4d, 0x00, 0x00, 0x00, 0x5e, 0x00,
		0x04, 0x00, 0x00, 0x00,
	},
	{
		0x08, 0x00, 0x00, 0x8d, 0x5a, 0x27, 0xe7, 0x64,
		0xbc, 0x01, 0x01, 0x00, 0x00, 0x00, 0x48, 0x00,
		0x50, 0x00, 0x53, 0x00,
	},
	{
		0x58, 0x00, 0x5c, 0x00, 0x44, 0x00, 0x4f, 0x00,
		0x43, 0x00, 0x5c, 0x00, 0x4a, 0x00, 0x50, 0x00,
		0x5c, 0x00, 0x48, 0x00,
	},
	{
		0x54, 0x00, 0x4d, 0x00, 0x4c, 0x00, 0x5c, 0x00,
		0x4c, 0x00, 0x49, 0x00, 0x42, 0x00, 0x52, 0x00,
		0x45, 0x00, 0x46, 0x00,
	},
	{
		0x5c, 0x00, 0x53, 0x00, 0x49, 0x00, 0x48, 0x00,
		0x50, 0x00, 0x55, 0x00, 0x4e, 0x00, 0x49, 0x00,
		0x54, 0x00, 0x2e, 0x00,
	},
	{
		0x48, 0x00, 0x54, 0x00, 0x4d, 0x00, 0x00, 0x00,
		0x5e, 0x00, 0x04, 0x00, 0x00, 0x00, 0x08, 0x00,
		0x00, 0x8d, 0x5a, 0x27,
	},
	{
		0xe7, 0x64, 0xbc, 0x01, 0x01, 0x00, 0x00, 0x00,
		0x48, 0x00, 0x50, 0x00, 0x53, 0x00, 0x58, 0x00,
		0x5c, 0x00, 0x44, 0x00,
	},
	{
		0x4f, 0x00, 0x43, 0x00, 0x5c, 0x00, 0x4a, 0x00,
		0x50, 0x00, 0x5c, 0x00, 0x48, 0x00, 0x54, 0x00,
		0x4d, 0x00, 0x4c, 0x00,
	},
	{
		0x5c, 0x00, 0x4c, 0x00, 0x49, 0x00, 0x42, 0x00,
		0x52, 0x00, 0x45, 0x00, 0x46, 0x00, 0x5c, 0x00,
		0x53, 0x00, 0x47, 0x00,
	},
	{
		0x54, 0x00, 0x4d, 0x00, 0x50, 0x00, 0x55, 0x00,
		0x45, 0x00, 0x45, 0x00, 0x2e, 0x00, 0x48, 0x00,
		0x54, 0x00, 0x4d, 0x00,
	},
	{
		0x00, 0x00, 0x5e, 0x00, 0x04, 0x00, 0x00, 0x00,
		0x08, 0x00, 0x00, 0x8d, 0x5a, 0x27, 0xe7, 0x64,
		0xbc, 0x01, 0x01, 0x00,
	},
	{
		0x00, 0x00, 0x48, 0x00, 0x50, 0x00, 0x53, 0x00,
		0x58, 0x00, 0x5c, 0x00, 0x44, 0x00, 0x4f, 0x00,
		0x43, 0x00, 0x5c, 0x00,
	},
	{
		0x4a, 0x00, 0x50, 0x00, 0x5c, 0x00, 0x48, 0x00,
		0x54, 0x00, 0x4d, 0x00, 0x4c, 0x00, 0x5c, 0x00,
		0x4c, 0x00, 0x49, 0x00,
	},
	{
		0x42, 0x00, 0x52, 0x00, 0x45, 0x00, 0x46, 0x00,
		0x5c, 0x00, 0x53, 0x00, 0x47, 0x00, 0x55, 0x00,
		0x45, 0x00, 0x4c, 0x00,
	},
	{
		0x45, 0x00, 0x43, 0x00, 0x4e, 0x00, 0x2e, 0x00,
		0x48, 0x00, 0x54, 0x00, 0x4d, 0x00, 0x00, 0x00,
		0x5e, 0x00, 0x04, 0x00,
	},
	{
		0x00, 0x00, 0x08, 0x00, 0x00, 0x8d, 0x5a, 0x27,
		0xe7, 0x64, 0xbc, 0x01, 0x01, 0x00, 0x00, 0x00,
		0x48, 0x00, 0x50, 0x00,
	},
	{
		0x53, 0x00, 0x58, 0x00, 0x5c, 0x00, 0x44, 0x00,
		0x4f, 0x00, 0x43, 0x00, 0x5c, 0x00, 0x4a, 0x00,
		0x50, 0x00, 0x5c, 0x00,
	},
	{
		0x48, 0x00, 0x54, 0x00, 0x4d, 0x00, 0x4c, 0x00,
		0x5c, 0x00, 0x4c, 0x00, 0x49, 0x00, 0x42, 0x00,
		0x52, 0x00, 0x45, 0x00,
	},
	{
		0x46, 0x00, 0x5c, 0x00, 0x53, 0x00, 0x47, 0x00,
		0x52, 0x00, 0x56, 0x00, 0x50, 0x00, 0x55, 0x00,
		0x45, 0x00, 0x45, 0x00,
	},
	{
		0x2e, 0x00, 0x48, 0x00, 0x54, 0x00, 0x4d, 0x00,
		0x00, 0x00, 0x5e, 0x00, 0x04, 0x00, 0x00, 0x00,
		0x08, 0x00, 0x00, 0x8d,
	},
	{
		0x5a, 0x27, 0xe7, 0x64, 0xbc, 0x01, 0x01, 0x00,
		0x00, 0x00, 0x48, 0x00, 0x50, 0x00, 0x53, 0x00,
		0x58, 0x00, 0x5c, 0x00,
	},
	{
		0x44, 0x00, 0x4f, 0x00, 0x43, 0x00, 0x5c, 0x00,
		0x4a, 0x00, 0x50, 0x00, 0x5c, 0x00, 0x48, 0x00,
		0x54, 0x00, 0x4d, 0x00,
	},
	{
		0x4c, 0x00, 0x5c, 0x00, 0x4c, 0x00, 0x49, 0x00,
		0x42, 0x00, 0x52, 0x00, 0x45, 0x00, 0x46, 0x00,
		0x5c, 0x00, 0x53, 0x00,
	},
	{
		0x49, 0x00, 0x4d, 0x00, 0x50, 0x00, 0x55, 0x00,
		0x4e, 0x00, 0x49, 0x00, 0x43, 0x00, 0x2e, 0x00,
		0x48, 0x00, 0x54, 0x00,
	},
	{
		0x4d, 0x00, 0x00, 0x00, 0x5e, 0x00, 0x04, 0x00,
		0x00, 0x00, 0x08, 0x00, 0x00, 0x8d, 0x5a, 0x27,
		0xe7, 0x64, 0xbc, 0x01,
	},
	{
		0x01, 0x00, 0x00, 0x00, 0x48, 0x00, 0x50, 0x00,
		0x53, 0x00, 0x58, 0x00, 0x5c, 0x00, 0x44, 0x00,
		0x4f, 0x00, 0x43, 0x00,
	},
	{
		0x5c, 0x00, 0x4a, 0x00, 0x50, 0x00, 0x5c, 0x00,
		0x48, 0x00, 0x54, 0x00, 0x4d, 0x00, 0x4c, 0x00,
		0x5c, 0x00, 0x4c, 0x00,
	},
	{
		0x49, 0x00, 0x42, 0x00, 0x52, 0x00, 0x45, 0x00,
		0x46, 0x00, 0x5c, 0x00, 0x53, 0x00, 0x47, 0x00,
		0x53, 0x00, 0x45, 0x00,
	},
	{
		0x54, 0x00, 0x45, 0x00, 0x4f, 0x00, 0x4e, 0x00,
		0x2e, 0x00, 0x48, 0x00, 0x54, 0x00, 0x4d, 0x00,
		0x00, 0x00, 0x5e, 0x00,
	},
	{
		0x04, 0x00, 0x00, 0x00, 0x08, 0x00, 0x00, 0x8d,
		0x5a, 0x27, 0xe7, 0x64, 0xbc, 0x01, 0x01, 0x00,
		0x00, 0x00, 0x48, 0x00,
	},
	{
		0x50, 0x00, 0x53, 0x00, 0x58, 0x00, 0x5c, 0x00,
		0x44, 0x00, 0x4f, 0x00, 0x43, 0x00, 0x5c, 0x00,
		0x4a, 0x00, 0x50, 0x00,
	},
	{
		0x5c, 0x00, 0x48, 0x00, 0x54, 0x00, 0x4d, 0x00,
		0x4c, 0x00, 0x5c, 0x00, 0x4c, 0x00, 0x49, 0x00,
		0x42, 0x00, 0x52, 0x00,
	},
	{
		0x45, 0x00, 0x46, 0x00, 0x5c, 0x00, 0x53, 0x00,
		0x47, 0x00, 0x53, 0x00, 0x41, 0x00, 0x53, 0x00,
		0x45, 0x00, 0x54, 0x00,
	},
	{
		0x52, 0x00, 0x2e, 0x00, 0x48, 0x00, 0x54, 0x00,
		0x4d, 0x00, 0x00, 0x00, 0x5e, 0x00, 0x04, 0x00,
		0x00, 0x00, 0x08, 0x00,
	},
	{
		0x00, 0x8d, 0x5a, 0x27, 0xe7, 0x64, 0xbc, 0x01,
		0x01, 0x00, 0x00, 0x00, 0x48, 0x00, 0x50, 0x00,
		0x53, 0x00, 0x58, 0x00,
	},
	{
		0x5c, 0x00, 0x44, 0x00, 0x4f, 0x00, 0x43, 0x00,
		0x5c, 0x00, 0x4a, 0x00, 0x50, 0x00, 0x5c, 0x00,
		0x48, 0x00, 0x54, 0x00,
	},
	{
		0x4d, 0x00, 0x4c, 0x00, 0x5c, 0x00, 0x4c, 0x00,
		0x49, 0x00, 0x42, 0x00, 0x52, 0x00, 0x45, 0x00,
		0x46, 0x00, 0x5c, 0x00,
	},
	{
		0x53, 0x00, 0x47, 0x00, 0x54, 0x00, 0x53, 0x00,
		0x41, 0x00, 0x50, 0x00, 0x55, 0x00, 0x52, 0x00,
		0x2e, 0x00, 0x48, 0x00,
	},
	{
		0x54, 0x00, 0x4d, 0x00, 0x00, 0x00, 0x5e, 0x00,
		0x04, 0x00, 0x00, 0x00, 0x08, 0x00, 0x00, 0x8d,
		0x5a, 0x27, 0xe7, 0x64,
	},
	{
		0xbc, 0x01, 0x01, 0x00, 0x00, 0x00, 0x48, 0x00,
		0x50, 0x00, 0x53, 0x00, 0x58, 0x00, 0x5c, 0x00,
		0x44, 0x00, 0x4f, 0x00,
	},
	{
		0x43, 0x00, 0x5c, 0x00, 0x4a, 0x00, 0x50, 0x00,
		0x5c, 0x00, 0x48, 0x00, 0x54, 0x00, 0x4d, 0x00,
		0x4c, 0x00, 0x5c, 0x00,
	},
	{
		0x4c, 0x00, 0x49, 0x00, 0x42, 0x00, 0x52, 0x00,
		0x45, 0x00, 0x46, 0x00, 0x5c, 0x00, 0x53, 0x00,
		0x47, 0x00, 0x52, 0x00,
	},
	{
		0x56, 0x00, 0x53, 0x00, 0x45, 0x00, 0x54, 0x00,
		0x4c, 0x00, 0x2e, 0x00, 0x48, 0x00, 0x54, 0x00,
		0x4d, 0x00, 0x00, 0x00,
	},
	{
		0x5e, 0x00, 0x04, 0x00, 0x00, 0x00, 0x08, 0x00,
		0x00, 0x8d, 0x5a, 0x27, 0xe7, 0x64, 0xbc, 0x01,
		0x01, 0x00, 0x00, 0x00,
	},
	{
		0x48, 0x00, 0x50, 0x00, 0x53, 0x00, 0x58, 0x00,
		0x5c, 0x00, 0x44, 0x00, 0x4f, 0x00, 0x43, 0x00,
		0x5c, 0x00, 0x4a, 0x00,
	},
	{
		0x50, 0x00, 0x5c, 0x00, 0x48, 0x00, 0x54, 0x00,
		0x4d, 0x00, 0x4c, 0x00, 0x5c, 0x00, 0x4c, 0x00,
		0x49, 0x00, 0x42, 0x00,
	},
	{
		0x52, 0x00, 0x45, 0x00, 0x46, 0x00, 0x5c, 0x00,
		0x53, 0x00, 0x47, 0x00, 0x53, 0x00, 0x56, 0x00,
		0x53, 0x00, 0x45, 0x00,
	},
	{
		0x54, 0x00, 0x4c, 0x00, 0x2e, 0x00, 0x48, 0x00,
		0x54, 0x00, 0x4d, 0x00, 0x00, 0x00, 0x5e, 0x00,
		0x04, 0x00, 0x00, 0x00,
	},
	{
		0x08, 0x00, 0x00, 0x8d, 0x5a, 0x27, 0xe7, 0x64,
		0xbc, 0x01, 0x01, 0x00, 0x00, 0x00, 0x48, 0x00,
		0x50, 0x00, 0x53, 0x00,
	},
	{
		0x58, 0x00, 0x5c, 0x00, 0x44, 0x00, 0x4f, 0x00,
		0x43, 0x00, 0x5c, 0x00, 0x4a, 0x00, 0x50, 0x00,
		0x5c, 0x00, 0x48, 0x00,
	},
	{
		0x54, 0x00, 0x4d, 0x00, 0x4c, 0x00, 0x5c, 0x00,
		0x4c, 0x00, 0x49, 0x00, 0x42, 0x00, 0x52, 0x00,
		0x45, 0x00, 0x46, 0x00,
	},
	{
		0x5c, 0x00, 0x53, 0x00, 0x49, 0x00, 0x48, 0x00,
		0x53, 0x00, 0x4e, 0x00, 0x49, 0x00, 0x54, 0x00,
		0x54, 0x00, 0x2e, 0x00,
	},
	{
		0x48, 0x00, 0x54, 0x00, 0x4d, 0x00, 0x00, 0x00,
		0x5e, 0x00, 0x04, 0x00, 0x00, 0x00, 0x08, 0x00,
		0x00, 0xba, 0x8b, 0x28,
	},
	{
		0xe7, 0x64, 0xbc, 0x01, 0x01, 0x00, 0x00, 0x00,
		0x48, 0x00, 0x50, 0x00, 0x53, 0x00, 0x58, 0x00,
		0x5c, 0x00, 0x44, 0x00,
	},
	{
		0x4f, 0x00, 0x43, 0x00, 0x5c, 0x00, 0x4a, 0x00,
		0x50, 0x00, 0x5c, 0x00, 0x48, 0x00, 0x54, 0x00,
		0x4d, 0x00, 0x4c, 0x00,
	},
	{
		0x5c, 0x00, 0x4c, 0x00, 0x49, 0x00, 0x42, 0x00,
		0x52, 0x00, 0x45, 0x00, 0x46, 0x00, 0x5c, 0x00,
		0x53, 0x00, 0x49, 0x00,
	},
	{
		0x54, 0x00, 0x4f, 0x00, 0x52, 0x00, 0x45, 0x00,
		0x4d, 0x00, 0x45, 0x00, 0x2e, 0x00, 0x48, 0x00,
		0x54, 0x00, 0x4d, 0x00,
	},
	{
		0x00, 0x00, 0x5e, 0x00, 0x04, 0x00, 0x00, 0x00,
		0x08, 0x00, 0x00, 0xba, 0x8b, 0x28, 0xe7, 0x64,
		0xbc, 0x01, 0x01, 0x00,
	},
	{
		0x00, 0x00, 0x48, 0x00, 0x50, 0x00, 0x53, 0x00,
		0x58, 0x00, 0x5c, 0x00, 0x44, 0x00, 0x4f, 0x00,
		0x43, 0x00, 0x5c, 0x00,
	},
	{
		0x4a, 0x00, 0x50, 0x00, 0x5c, 0x00, 0x48, 0x00,
		0x54, 0x00, 0x4d, 0x00, 0x4c, 0x00, 0x5c, 0x00,
		0x4c, 0x00, 0x49, 0x00,
	},
	{
		0x42, 0x00, 0x52, 0x00, 0x45, 0x00, 0x46, 0x00,
		0x5c, 0x00, 0x53, 0x00, 0x4c, 0x00, 0x46, 0x00,
		0x45, 0x00, 0x54, 0x00,
	},
	{
		0x49, 0x00, 0x4e, 0x00, 0x34, 0x00, 0x2e, 0x00,
		0x48, 0x00, 0x54, 0x00, 0x4d, 0x00, 0x00, 0x00,
		0x54, 0x00, 0x04, 0x00,
	},
	{
		0x00, 0x00, 0x08, 0x00, 0x00, 0xba, 0x8b, 0x28,
		0xe7, 0x64, 0xbc, 0x01, 0x01, 0x00, 0x00, 0x00,
		0x3e, 0x00, 0x50, 0x00,
	},
	{
		0x53, 0x00, 0x58, 0x00, 0x5c, 0x00, 0x44, 0x00,
		0x4f, 0x00, 0x43, 0x00, 0x5c, 0x00, 0x4a, 0x00,
		0x50, 0x00, 0x5c, 0x00,
	},
	{
		0x48, 0x00, 0x54, 0x00, 0x4d, 0x00, 0x4c, 0x00,
		0x5c, 0x00, 0x4c, 0x00, 0x49, 0x00, 0x42, 0x00,
		0x52, 0x00, 0x45, 0x00,
	},
	{
		0x46, 0x00, 0x5c, 0x00, 0x53, 0x00, 0x49, 0x00,
		0x4e, 0x00, 0x2e, 0x00, 0x48, 0x00, 0x54, 0x00,
		0x4d, 0x00, 0x00, 0x00,
	},
	{
		0x5e, 0x00, 0x04, 0x00, 0x00, 0x00, 0x08, 0x00,
		0x00, 0xba, 0x8b, 0x28, 0xe7, 0x64, 0xbc, 0x01,
		0x01, 0x00, 0x00, 0x00,
	},
	{
		0x48, 0x00, 0x50, 0x00, 0x53, 0x00, 0x58, 0x00,
		0x5c, 0x00, 0x44, 0x00, 0x4f, 0x00, 0x43, 0x00,
		0x5c, 0x00, 0x4a, 0x00,
	},
	{
		0x50, 0x00, 0x5c, 0x00, 0x48, 0x00, 0x54, 0x00,
		0x4d, 0x00, 0x4c, 0x00, 0x5c, 0x00, 0x4c, 0x00,
		0x49, 0x00, 0x42, 0x00,
	},
	{
		0x52, 0x00, 0x45, 0x00, 0x46, 0x00, 0x5c, 0x00,
		0x53, 0x00, 0x4c, 0x00, 0x47, 0x00, 0x45, 0x00,
		0x54, 0x00, 0x49, 0x00,
	},
	{
		0x4e, 0x00, 0x32, 0x00, 0x2e, 0x00, 0x48, 0x00,
		0x54, 0x00, 0x4d, 0x00, 0x00, 0x00, 0x5e, 0x00,
		0x04, 0x00, 0x00, 0x00,
	},
	{
		0x08, 0x00, 0x00, 0xba, 0x8b, 0x28, 0xe7, 0x64,
		0xbc, 0x01, 0x01, 0x00, 0x00, 0x00, 0x48, 0x00,
		0x50, 0x00, 0x53, 0x00,
	},
	{
		0x58, 0x00, 0x5c, 0x00, 0x44, 0x00, 0x4f, 0x00,
		0x43, 0x00, 0x5c, 0x00, 0x4a, 0x00, 0x50, 0x00,
		0x5c, 0x00, 0x48, 0x00,
	},
	{
		0x54, 0x00, 0x4d, 0x00, 0x4c, 0x00, 0x5c, 0x00,
		0x4c, 0x00, 0x49, 0x00, 0x42, 0x00, 0x52, 0x00,
		0x45, 0x00, 0x46, 0x00,
	},
	{
		0x5c, 0x00, 0x53, 0x00, 0x4c, 0x00, 0x47, 0x00,
		0x45, 0x00, 0x54, 0x00, 0x49, 0x00, 0x4e, 0x00,
		0x33, 0x00, 0x2e, 0x00,
	},
	{
		0x48, 0x00, 0x54, 0x00, 0x4d, 0x00, 0x00, 0x00,
		0x5e, 0x00, 0x04, 0x00, 0x00, 0x00, 0x08, 0x00,
		0x00, 0xba, 0x8b, 0x28,
	},
	{
		0xe7, 0x64, 0xbc, 0x01, 0x01, 0x00, 0x00, 0x00,
		0x48, 0x00, 0x50, 0x00, 0x53, 0x00, 0x58, 0x00,
		0x5c, 0x00, 0x44, 0x00,
	},
	{
		0x4f, 0x00, 0x43, 0x00, 0x5c, 0x00, 0x4a, 0x00,
		0x50, 0x00, 0x5c, 0x00, 0x48, 0x00, 0x54, 0x00,
		0x4d, 0x00, 0x4c, 0x00,
	},
	{
		0x5c, 0x00, 0x4c, 0x00, 0x49, 0x00, 0x42, 0x00,
		0x52, 0x00, 0x45, 0x00, 0x46, 0x00, 0x5c, 0x00,
		0x53, 0x00, 0x4c, 0x00,
	},
	{
		0x47, 0x00, 0x45, 0x00, 0x54, 0x00, 0x49, 0x00,
		0x4e, 0x00, 0x34, 0x00, 0x2e, 0x00, 0x48, 0x00,
		0x54, 0x00, 0x4d, 0x00,
	},
	{
		0x00, 0x00, 0x5e, 0x00, 0x04, 0x00, 0x00, 0x00,
		0x08, 0x00, 0x00, 0xba, 0x8b, 0x28, 0xe7, 0x64,
		0xbc, 0x01, 0x01, 0x00,
	},
	{
		0x00, 0x00, 0x48, 0x00, 0x50, 0x00, 0x53, 0x00,
		0x58, 0x00, 0x5c, 0x00, 0x44, 0x00, 0x4f, 0x00,
		0x43, 0x00, 0x5c, 0x00,
	},
	{
		0x4a, 0x00, 0x50, 0x00, 0x5c, 0x00, 0x48, 0x00,
		0x54, 0x00, 0x4d, 0x00, 0x4c, 0x00, 0x5c, 0x00,
		0x4c, 0x00, 0x49, 0x00,
	},
	{
		0x42, 0x00, 0x52, 0x00, 0x45, 0x00, 0x46, 0x00,
		0x5c, 0x00, 0x53, 0x00, 0x4c, 0x00, 0x46, 0x00,
		0x45, 0x00, 0x54, 0x00,
	},
	{
		0x49, 0x00, 0x4e, 0x00, 0x33, 0x00, 0x2e, 0x00,
		0x48, 0x00, 0x54, 0x00, 0x4d, 0x00, 0x00, 0x00,
		0x56, 0x00, 0x04, 0x00,
	},
	{
		0x00, 0x00, 0x08, 0x00, 0x00, 0xba, 0x8b, 0x28,
		0xe7, 0x64, 0xbc, 0x01, 0x01, 0x00, 0x00, 0x00,
		0x40, 0x00, 0x50, 0x00,
	},
	{
		0x53, 0x00, 0x58, 0x00, 0x5c, 0x00, 0x44, 0x00,
		0x4f, 0x00, 0x43, 0x00, 0x5c, 0x00, 0x4a, 0x00,
		0x50, 0x00, 0x5c, 0x00,
	},
	{
		0x48, 0x00, 0x54, 0x00, 0x4d, 0x00, 0x4c, 0x00,
		0x5c, 0x00, 0x4c, 0x00, 0x49, 0x00, 0x42, 0x00,
		0x52, 0x00, 0x45, 0x00,
	},
	{
		0x46, 0x00, 0x5c, 0x00, 0x53, 0x00, 0x49, 0x00,
		0x4e, 0x00, 0x48, 0x00, 0x2e, 0x00, 0x48, 0x00,
		0x54, 0x00, 0x4d, 0x00,
	},
	{
		0x00, 0x00, 0x5e, 0x00, 0x04, 0x00, 0x00, 0x00,
		0x08, 0x00, 0x00, 0xba, 0x8b, 0x28, 0xe7, 0x64,
		0xbc, 0x01, 0x01, 0x00,
	},
	{
		0x00, 0x00, 0x48, 0x00, 0x50, 0x00, 0x53, 0x00,
		0x58, 0x00, 0x5c, 0x00, 0x44, 0x00, 0x4f, 0x00,
		0x43, 0x00, 0x5c, 0x00,
	},
	{
		0x4a, 0x00, 0x50, 0x00, 0x5c, 0x00, 0x48, 0x00,
		0x54, 0x00, 0x4d, 0x00, 0x4c, 0x00, 0x5c, 0x00,
		0x4c, 0x00, 0x49, 0x00,
	},
	{
		0x42, 0x00, 0x52, 0x00, 0x45, 0x00, 0x46, 0x00,
		0x5c, 0x00, 0x53, 0x00, 0x49, 0x00, 0x54, 0x00,
		0x43, 0x00, 0x50, 0x00,
	},
	{
		0x55, 0x00, 0x53, 0x00, 0x44, 0x00, 0x2e, 0x00,
		0x48, 0x00, 0x54, 0x00, 0x4d, 0x00, 0x00, 0x00,
		0x5e, 0x00, 0x04, 0x00,
	},
	{
		0x00, 0x00, 0x08, 0x00, 0x00, 0xba, 0x8b, 0x28,
		0xe7, 0x64, 0xbc, 0x01, 0x01, 0x00, 0x00, 0x00,
		0x48, 0x00, 0x50, 0x00,
	},
	{
		0x53, 0x00, 0x58, 0x00, 0x5c, 0x00, 0x44, 0x00,
		0x4f, 0x00, 0x43, 0x00, 0x5c, 0x00, 0x4a, 0x00,
		0x50, 0x00, 0x5c, 0x00,
	},
	{
		0x48, 0x00, 0x54, 0x00, 0x4d, 0x00, 0x4c, 0x00,
		0x5c, 0x00, 0x4c, 0x00, 0x49, 0x00, 0x42, 0x00,
		0x52, 0x00, 0x45, 0x00,
	},
	{
		0x46, 0x00, 0x5c, 0x00, 0x53, 0x00, 0x4c, 0x00,
		0x4d, 0x00, 0x45, 0x00, 0x54, 0x00, 0x49, 0x00,
		0x47, 0x00, 0x58, 0x00,
	},
	{
		0x2e, 0x00, 0x48, 0x00, 0x54, 0x00, 0x4d, 0x00,
		0x00, 0x00, 0x5e, 0x00, 0x04, 0x00, 0x00, 0x00,
		0x08, 0x00, 0x00, 0xba,
	},
	{
		0x8b, 0x28, 0xe7, 0x64, 0xbc, 0x01, 0x01, 0x00,
		0x00, 0x00, 0x48, 0x00, 0x50, 0x00, 0x53, 0x00,
		0x58, 0x00, 0x5c, 0x00,
	},
	{
		0x44, 0x00, 0x4f, 0x00, 0x43, 0x00, 0x5c, 0x00,
		0x4a, 0x00, 0x50, 0x00, 0x5c, 0x00, 0x48, 0x00,
		0x54, 0x00, 0x4d, 0x00,
	},
	{
		0x4c, 0x00, 0x5c, 0x00, 0x4c, 0x00, 0x49, 0x00,
		0x42, 0x00, 0x52, 0x00, 0x45, 0x00, 0x46, 0x00,
		0x5c, 0x00, 0x53, 0x00,
	},
	{
		0x49, 0x00, 0x52, 0x00, 0x57, 0x00, 0x41, 0x00,
		0x52, 0x00, 0x50, 0x00, 0x44, 0x00, 0x2e, 0x00,
		0x48, 0x00, 0x54, 0x00,
	},
	{
		0x4d, 0x00, 0x00, 0x00, 0x5e, 0x00, 0x04, 0x00,
		0x00, 0x00, 0x08, 0x00, 0x00, 0xba, 0x8b, 0x28,
		0xe7, 0x64, 0xbc, 0x01,
	},
	{
		0x01, 0x00, 0x00, 0x00, 0x48, 0x00, 0x50, 0x00,
		0x53, 0x00, 0x58, 0x00, 0x5c, 0x00, 0x44, 0x00,
		0x4f, 0x00, 0x43, 0x00,
	},
	{
		0x5c, 0x00, 0x4a, 0x00, 0x50, 0x00, 0x5c, 0x00,
		0x48, 0x00, 0x54, 0x00, 0x4d, 0x00, 0x4c, 0x00,
		0x5c, 0x00, 0x4c, 0x00,
	},
	{
		0x49, 0x00, 0x42, 0x00, 0x52, 0x00, 0x45, 0x00,
		0x46, 0x00, 0x5c, 0x00, 0x53, 0x00, 0x4c, 0x00,
		0x46, 0x00, 0x45, 0x00,
	},
	{
		0x54, 0x00, 0x49, 0x00, 0x4e, 0x00, 0x32, 0x00,
		0x2e, 0x00, 0x48, 0x00, 0x54, 0x00, 0x4d, 0x00,
		0x00, 0x00, 0x5e, 0x00,
	},
	{
		0x04, 0x00, 0x00, 0x00, 0x08, 0x00, 0x00, 0xe7,
		0xbc, 0x29, 0xe7, 0x64, 0xbc, 0x01, 0x01, 0x00,
		0x00, 0x00, 0x48, 0x00,
	},
	{
		0x50, 0x00, 0x53, 0x00, 0x58, 0x00, 0x5c, 0x00,
		0x44, 0x00, 0x4f, 0x00, 0x43, 0x00, 0x5c, 0x00,
		0x4a, 0x00, 0x50, 0x00,
	},
	{
		0x5c, 0x00, 0x48, 0x00, 0x54, 0x00, 0x4d, 0x00,
		0x4c, 0x00, 0x5c, 0x00, 0x4c, 0x00, 0x49, 0x00,
		0x42, 0x00, 0x52, 0x00,
	},
	{
		0x45, 0x00, 0x46, 0x00, 0x5c, 0x00, 0x53, 0x00,
		0x4d, 0x00, 0x50, 0x00, 0x55, 0x00, 0x41, 0x00,
		0x4c, 0x00, 0x4c, 0x00,
	},
	{
		0x43, 0x00, 0x2e, 0x00, 0x48, 0x00, 0x54, 0x00,
		0x4d, 0x00, 0x00, 0x00, 0x5e, 0x00, 0x04, 0x00,
		0x00, 0x00, 0x08, 0x00,
	},
};

PositionDataRaw STD_VERSUS_MODEL_OBJECTS[9] = {
	{
		{
			0x00, 0xe7, 0xbc, 0x29, 0xe7, 0x64, 0xbc, 0x01,
			0x01, 0x00, 0x00, 0x00, 0x48, 0x00, 0x50, 0x00,
			0x53, 0x00, 0x58, 0x00, 0x5c, 0x00, 0x44, 0x00,
			0x4f, 0x00, 0x43, 0x00, 0x5c, 0x00, 0x4a, 0x00,
			0x50, 0x00, 0x5c, 0x00, 0x48, 0x00, 0x54, 0x00,
			0x4d, 0x00, 0x4c, 0x00, 0x5c, 0x00, 0x4c, 0x00,
			0x49, 0x00, 0x42, 0x00, 0x52, 0x00, 0x45, 0x00,
			0x46, 0x00, 0x5c, 0x00, 0x53, 0x00, 0x4d, 0x00,
			0x57, 0x00, 0x53, 0x00, 0x41, 0x00, 0x50, 0x00,
			0x55, 0x00, 0x52, 0x00, 0x2e, 0x00, 0x48, 0x00,
			0x54, 0x00, 0x4d, 0x00, 0x00, 0x00, 0x5e, 0x00,
			0x04, 0x00, 0x00, 0x00, 0x08, 0x00, 0x00, 0xe7,
			0xbc, 0x29, 0xe7, 0x64, 0xbc, 0x01, 0x01, 0x00,
			0x00, 0x00, 0x48, 0x00, 0x50, 0x00, 0x53, 0x00,
			0x58, 0x00, 0x5c, 0x00, 0x44, 0x00, 0x4f, 0x00,
			0x43, 0x00, 0x5c, 0x00, 0x4a, 0x00, 0x50, 0x00,
			0x5c, 0x00, 0x48, 0x00, 0x54, 0x00, 0x4d, 0x00,
		},
	},
	{
		{
			0x4c, 0x00, 0x5c, 0x00, 0x4c, 0x00, 0x49, 0x00,
			0x42, 0x00, 0x52, 0x00, 0x45, 0x00, 0x46, 0x00,
			0x5c, 0x00, 0x53, 0x00, 0x4d, 0x00, 0x43, 0x00,
			0x41, 0x00, 0x4c, 0x00, 0x45, 0x00, 0x41, 0x00,
			0x4c, 0x00, 0x2e, 0x00, 0x48, 0x00, 0x54, 0x00,
			0x4d, 0x00, 0x00, 0x00, 0x5e, 0x00, 0x04, 0x00,
			0x00, 0x00, 0x08, 0x00, 0x00, 0xe7, 0xbc, 0x29,
			0xe7, 0x64, 0xbc, 0x01, 0x01, 0x00, 0x00, 0x00,
			0x48, 0x00, 0x50, 0x00, 0x53, 0x00, 0x58, 0x00,
			0x5c, 0x00, 0x44, 0x00, 0x4f, 0x00, 0x43, 0x00,
			0x5c, 0x00, 0x4a, 0x00, 0x50, 0x00, 0x5c, 0x00,
			0x48, 0x00, 0x54, 0x00, 0x4d, 0x00, 0x4c, 0x00,
			0x5c, 0x00, 0x4c, 0x00, 0x49, 0x00, 0x42, 0x00,
			0x52, 0x00, 0x45, 0x00, 0x46, 0x00, 0x5c, 0x00,
			0x53, 0x00, 0x50, 0x00, 0x46, 0x00, 0x45, 0x00,
			0x54, 0x00, 0x4f, 0x00, 0x4c, 0x00, 0x34, 0x00,
			0x2e, 0x00, 0x48, 0x00, 0x54, 0x00, 0x4d, 0x00,
		},
	},
	{
		{
			0x00, 0x00, 0x5e, 0x00, 0x04, 0x00, 0x00, 0x00,
			0x08, 0x00, 0x00, 0xe7, 0xbc, 0x29, 0xe7, 0x64,
			0xbc, 0x01, 0x01, 0x00, 0x00, 0x00, 0x48, 0x00,
			0x50, 0x00, 0x53, 0x00, 0x58, 0x00, 0x5c, 0x00,
			0x44, 0x00, 0x4f, 0x00, 0x43, 0x00, 0x5c, 0x00,
			0x4a, 0x00, 0x50, 0x00, 0x5c, 0x00, 0x48, 0x00,
			0x54, 0x00, 0x4d, 0x00, 0x4c, 0x00, 0x5c, 0x00,
			0x4c, 0x00, 0x49, 0x00, 0x42, 0x00, 0x52, 0x00,
			0x45, 0x00, 0x46, 0x00, 0x5c, 0x00, 0x53, 0x00,
			0x4d, 0x00, 0x52, 0x00, 0x4d, 0x00, 0x45, 0x00,
			0x54, 0x00, 0x55, 0x00, 0x58, 0x00, 0x2e, 0x00,
			0x48, 0x00, 0x54, 0x00, 0x4d, 0x00, 0x00, 0x00,
			0x5e, 0x00, 0x04, 0x00, 0x00, 0x00, 0x08, 0x00,
			0x00, 0xe7, 0xbc, 0x29, 0xe7, 0x64, 0xbc, 0x01,
			0x01, 0x00, 0x00, 0x00, 0x48, 0x00, 0x50, 0x00,
			0x53, 0x00, 0x58, 0x00, 0x5c, 0x00, 0x44, 0x00,
			0x4f, 0x00, 0x43, 0x00, 0x5c, 0x00, 0x4a, 0x00,
		},
	},
	{
		{
			0x50, 0x00, 0x5c, 0x00, 0x48, 0x00, 0x54, 0x00,
			0x4d, 0x00, 0x4c, 0x00, 0x5c, 0x00, 0x4c, 0x00,
			0x49, 0x00, 0x42, 0x00, 0x52, 0x00, 0x45, 0x00,
			0x46, 0x00, 0x5c, 0x00, 0x53, 0x00, 0x4d, 0x00,
			0x43, 0x00, 0x41, 0x00, 0x4c, 0x00, 0x45, 0x00,
			0x41, 0x00, 0x58, 0x00, 0x2e, 0x00, 0x48, 0x00,
			0x54, 0x00, 0x4d, 0x00, 0x00, 0x00, 0x5e, 0x00,
			0x04, 0x00, 0x00, 0x00, 0x08, 0x00, 0x00, 0xe7,
			0xbc, 0x29, 0xe7, 0x64, 0xbc, 0x01, 0x01, 0x00,
			0x00, 0x00, 0x48, 0x00, 0x50, 0x00, 0x53, 0x00,
			0x58, 0x00, 0x5c, 0x00, 0x44, 0x00, 0x4f, 0x00,
			0x43, 0x00, 0x5c, 0x00, 0x4a, 0x00, 0x50, 0x00,
			0x5c, 0x00, 0x48, 0x00, 0x54, 0x00, 0x4d, 0x00,
			0x4c, 0x00, 0x5c, 0x00, 0x4c, 0x00, 0x49, 0x00,
			0x42, 0x00, 0x52, 0x00, 0x45, 0x00, 0x46, 0x00,
			0x5c, 0x00, 0x53, 0x00, 0x50, 0x00, 0x46, 0x00,
			0x45, 0x00, 0x54, 0x00, 0x4f, 0x00, 0x4c, 0x00,
		},
	},
	{
		{
			0x33, 0x00, 0x2e, 0x00, 0x48, 0x00, 0x54, 0x00,
			0x4d, 0x00, 0x00, 0x00, 0x5e, 0x00, 0x04, 0x00,
			0x00, 0x00, 0x08, 0x00, 0x00, 0xe7, 0xbc, 0x29,
			0xe7, 0x64, 0xbc, 0x01, 0x01, 0x00, 0x00, 0x00,
			0x48, 0x00, 0x50, 0x00, 0x53, 0x00, 0x58, 0x00,
			0x5c, 0x00, 0x44, 0x00, 0x4f, 0x00, 0x43, 0x00,
			0x5c, 0x00, 0x4a, 0x00, 0x50, 0x00, 0x5c, 0x00,
			0x48, 0x00, 0x54, 0x00, 0x4d, 0x00, 0x4c, 0x00,
			0x5c, 0x00, 0x4c, 0x00, 0x49, 0x00, 0x42, 0x00,
			0x52, 0x00, 0x45, 0x00, 0x46, 0x00, 0x5c, 0x00,
			0x53, 0x00, 0x4e, 0x00, 0x53, 0x00, 0x54, 0x00,
			0x45, 0x00, 0x58, 0x00, 0x54, 0x00, 0x53, 0x00,
			0x2e, 0x00, 0x48, 0x00, 0x54, 0x00, 0x4d, 0x00,
			0x00, 0x00, 0x5e, 0x00, 0x04, 0x00, 0x00, 0x00,
			0x08, 0x00, 0x00, 0xe7, 0xbc, 0x29, 0xe7, 0x64,
			0xbc, 0x01, 0x01, 0x00, 0x00, 0x00, 0x48, 0x00,
			0x50, 0x00, 0x53, 0x00, 0x58, 0x00, 0x5c, 0x00,
		},
	},
	{
		{
			0x44, 0x00, 0x4f, 0x00, 0x43, 0x00, 0x5c, 0x00,
			0x4a, 0x00, 0x50, 0x00, 0x5c, 0x00, 0x48, 0x00,
			0x54, 0x00, 0x4d, 0x00, 0x4c, 0x00, 0x5c, 0x00,
			0x4c, 0x00, 0x49, 0x00, 0x42, 0x00, 0x52, 0x00,
			0x45, 0x00, 0x46, 0x00, 0x5c, 0x00, 0x53, 0x00,
			0x4e, 0x00, 0x53, 0x00, 0x56, 0x00, 0x41, 0x00,
			0x50, 0x00, 0x55, 0x00, 0x52, 0x00, 0x2e, 0x00,
			0x48, 0x00, 0x54, 0x00, 0x4d, 0x00, 0x00, 0x00,
			0x5e, 0x00, 0x04, 0x00, 0x00, 0x00, 0x08, 0x00,
			0x00, 0xe7, 0xbc, 0x29, 0xe7, 0x64, 0xbc, 0x01,
			0x01, 0x00, 0x00, 0x00, 0x48, 0x00, 0x50, 0x00,
			0x53, 0x00, 0x58, 0x00, 0x5c, 0x00, 0x44, 0x00,
			0x4f, 0x00, 0x43, 0x00, 0x5c, 0x00, 0x4a, 0x00,
			0x50, 0x00, 0x5c, 0x00, 0x48, 0x00, 0x54, 0x00,
			0x4d, 0x00, 0x4c, 0x00, 0x5c, 0x00, 0x4c, 0x00,
			0x49, 0x00, 0x42, 0x00, 0x52, 0x00, 0x45, 0x00,
			0x46, 0x00, 0x5c, 0x00, 0x53, 0x00, 0x4d, 0x00,
		},
	},
	{
		{
			0x4d, 0x00, 0x45, 0x00, 0x54, 0x00, 0x55, 0x00,
			0x4c, 0x00, 0x58, 0x00, 0x2e, 0x00, 0x48, 0x00,
			0x54, 0x00, 0x4d, 0x00, 0x00, 0x00, 0x5e, 0x00,
			0x04, 0x00, 0x00, 0x00, 0x08, 0x00, 0x00, 0xe7,
			0xbc, 0x29, 0xe7, 0x64, 0xbc, 0x01, 0x01, 0x00,
			0x00, 0x00, 0x48, 0x00, 0x50, 0x00, 0x53, 0x00,
			0x58, 0x00, 0x5c, 0x00, 0x44, 0x00, 0x4f, 0x00,
			0x43, 0x00, 0x5c, 0x00, 0x4a, 0x00, 0x50, 0x00,
			0x5c, 0x00, 0x48, 0x00, 0x54, 0x00, 0x4d, 0x00,
			0x4c, 0x00, 0x5c, 0x00, 0x4c, 0x00, 0x49, 0x00,
			0x42, 0x00, 0x52, 0x00, 0x45, 0x00, 0x46, 0x00,
			0x5c, 0x00, 0x53, 0x00, 0x50, 0x00, 0x42, 0x00,
			0x53, 0x00, 0x4c, 0x00, 0x41, 0x00, 0x59, 0x00,
			0x4b, 0x00, 0x2e, 0x00, 0x48, 0x00, 0x54, 0x00,
			0x4d, 0x00, 0x00, 0x00, 0x5e, 0x00, 0x04, 0x00,
			0x00, 0x00, 0x08, 0x00, 0x00, 0xe7, 0xbc, 0x29,
			0xe7, 0x64, 0xbc, 0x01, 0x01, 0x00, 0x00, 0x00,
		},
	},
	{
		{
			0x48, 0x00, 0x50, 0x00, 0x53, 0x00, 0x58, 0x00,
			0x5c, 0x00, 0x44, 0x00, 0x4f, 0x00, 0x43, 0x00,
			0x5c, 0x00, 0x4a, 0x00, 0x50, 0x00, 0x5c, 0x00,
			0x48, 0x00, 0x54, 0x00, 0x4d, 0x00, 0x4c, 0x00,
			0x5c, 0x00, 0x4c, 0x00, 0x49, 0x00, 0x42, 0x00,
			0x52, 0x00, 0x45, 0x00, 0x46, 0x00, 0x5c, 0x00,
			0x53, 0x00, 0x4e, 0x00, 0x47, 0x00, 0x56, 0x00,
			0x41, 0x00, 0x50, 0x00, 0x55, 0x00, 0x52, 0x00,
			0x2e, 0x00, 0x48, 0x00, 0x54, 0x00, 0x4d, 0x00,
			0x00, 0x00, 0x5e, 0x00, 0x04, 0x00, 0x00, 0x00,
			0x08, 0x00, 0x00, 0x14, 0xee, 0x2a, 0xe7, 0x64,
			0xbc, 0x01, 0x01, 0x00, 0x00, 0x00, 0x48, 0x00,
			0x50, 0x00, 0x53, 0x00, 0x58, 0x00, 0x5c, 0x00,
			0x44, 0x00, 0x4f, 0x00, 0x43, 0x00, 0x5c, 0x00,
			0x4a, 0x00, 0x50, 0x00, 0x5c, 0x00, 0x48, 0x00,
			0x54, 0x00, 0x4d, 0x00, 0x4c, 0x00, 0x5c, 0x00,
			0x4c, 0x00, 0x49, 0x00, 0x42, 0x00, 0x52, 0x00,
		},
	},
	{
		{
			0x45, 0x00, 0x46, 0x00, 0x5c, 0x00, 0x53, 0x00,
			0x50, 0x00, 0x52, 0x00, 0x49, 0x00, 0x4e, 0x00,
			0x54, 0x00, 0x46, 0x00, 0x32, 0x00, 0x2e, 0x00,
			0x48, 0x00, 0x54, 0x00, 0x4d, 0x00, 0x00, 0x00,
			0x5e, 0x00, 0x04, 0x00, 0x00, 0x00, 0x08, 0x00,
			0x00, 0x14, 0xee, 0x2a, 0xe7, 0x64, 0xbc, 0x01,
			0x01, 0x00, 0x00, 0x00, 0x48, 0x00, 0x50, 0x00,
			0x53, 0x00, 0x58, 0x00, 0x5c, 0x00, 0x44, 0x00,
			0x4f, 0x00, 0x43, 0x00, 0x5c, 0x00, 0x4a, 0x00,
			0x50, 0x00, 0x5c, 0x00, 0x48, 0x00, 0x54, 0x00,
			0x4d, 0x00, 0x4c, 0x00, 0x5c, 0x00, 0x4c, 0x00,
			0x49, 0x00, 0x42, 0x00, 0x52, 0x00, 0x45, 0x00,
			0x46, 0x00, 0x5c, 0x00, 0x53, 0x00, 0x50, 0x00,
			0x46, 0x00, 0x54, 0x00, 0x45, 0x00, 0x54, 0x00,
			0x4f, 0x00, 0x34, 0x00, 0x2e, 0x00, 0x48, 0x00,
			0x54, 0x00, 0x4d, 0x00, 0x00, 0x00, 0x56, 0x00,
			0x04, 0x00, 0x00, 0x00, 0x08, 0x00, 0x00, 0x14,
		},
	},
};

int16_t STD_WIN_ROTATION_X[22] = {
	0x2aee, 0x64e7, 0x01bc, 0x0001, 0x0000, 0x0040, 0x0050, 0x0053,
	0x0058, 0x005c, 0x0044, 0x004f, 0x0043, 0x005c, 0x004a, 0x0050,
	0x005c, 0x0048, 0x0054, 0x004d, 0x004c, 0x005c,
};

int16_t STD_WIN_ROTATION_Y[22] = {
	0x004c, 0x0049, 0x0042, 0x0052, 0x0045, 0x0046, 0x005c, 0x0053,
	0x0050, 0x0052, 0x0054, 0x002e, 0x0048, 0x0054, 0x004d, 0x0000,
	0x005c, 0x0004, 0x0000, 0x0008, 0x1400, 0x2aee,
};

int16_t STD_WIN_FIRST_X[22] = {
	0x64e7, 0x01bc, 0x0001, 0x0000, 0x0046, 0x0050, 0x0053, 0x0058,
	0x005c, 0x0044, 0x004f, 0x0043, 0x005c, 0x004a, 0x0050, 0x005c,
	0x0048, 0x0054, 0x004d, 0x004c, 0x005c, 0x004c,
};

int16_t STD_WIN_LAST_X[22] = {
	0x0049, 0x0042, 0x0052, 0x0045, 0x0046, 0x005c, 0x0053, 0x0050,
	0x0052, 0x0054, 0x005f, 0x0031, 0x0036, 0x002e, 0x0048, 0x0054,
	0x004d, 0x0000, 0x005a, 0x0004, 0x0000, 0x0008,
};

char STD_RESULT_TMD_BUFFER[10240] = {
	0x00, 0x14, 0xee, 0x2a, 0xe7, 0x64, 0xbc, 0x01,
	0x01, 0x00, 0x00, 0x00, 0x44, 0x00, 0x50, 0x00,
	0x53, 0x00, 0x58, 0x00, 0x5c, 0x00, 0x44, 0x00,
	0x4f, 0x00, 0x43, 0x00, 0x5c, 0x00, 0x4a, 0x00,
	0x50, 0x00, 0x5c, 0x00, 0x48, 0x00, 0x54, 0x00,
	0x4d, 0x00, 0x4c, 0x00, 0x5c, 0x00, 0x4c, 0x00,
	0x49, 0x00, 0x42, 0x00, 0x52, 0x00, 0x45, 0x00,
	0x46, 0x00, 0x5c, 0x00, 0x53, 0x00, 0x50, 0x00,
	0x52, 0x00, 0x54, 0x00, 0x5f, 0x00, 0x38, 0x00,
	0x2e, 0x00, 0x48, 0x00, 0x54, 0x00, 0x4d, 0x00,
	0x00, 0x00, 0x5a, 0x00, 0x04, 0x00, 0x00, 0x00,
	0x08, 0x00, 0x00, 0x14, 0xee, 0x2a, 0xe7, 0x64,
	0xbc, 0x01, 0x01, 0x00, 0x00, 0x00, 0x44, 0x00,
	0x50, 0x00, 0x53, 0x00, 0x58, 0x00, 0x5c, 0x00,
	0x44, 0x00, 0x4f, 0x00, 0x43, 0x00, 0x5c, 0x00,
	0x4a, 0x00, 0x50, 0x00, 0x5c, 0x00, 0x48, 0x00,
	0x54, 0x00, 0x4d, 0x00, 0x4c, 0x00, 0x5c, 0x00,
	0x4c, 0x00, 0x49, 0x00, 0x42, 0x00, 0x52, 0x00,
	0x45, 0x00, 0x46, 0x00, 0x5c, 0x00, 0x53, 0x00,
	0x50, 0x00, 0x55, 0x00, 0x45, 0x00, 0x4e, 0x00,
	0x56, 0x00, 0x2e, 0x00, 0x48, 0x00, 0x54, 0x00,
	0x4d, 0x00, 0x00, 0x00, 0x5c, 0x00, 0x04, 0x00,
	0x00, 0x00, 0x08, 0x00, 0x00, 0x14, 0xee, 0x2a,
	0xe7, 0x64, 0xbc, 0x01, 0x01, 0x00, 0x00, 0x00,
	0x46, 0x00, 0x50, 0x00, 0x53, 0x00, 0x58, 0x00,
	0x5c, 0x00, 0x44, 0x00, 0x4f, 0x00, 0x43, 0x00,
	0x5c, 0x00, 0x4a, 0x00, 0x50, 0x00, 0x5c, 0x00,
	0x48, 0x00, 0x54, 0x00, 0x4d, 0x00, 0x4c, 0x00,
	0x5c, 0x00, 0x4c, 0x00, 0x49, 0x00, 0x42, 0x00,
	0x52, 0x00, 0x45, 0x00, 0x46, 0x00, 0x5c, 0x00,
	0x53, 0x00, 0x50, 0x00, 0x52, 0x00, 0x49, 0x00,
	0x4e, 0x00, 0x54, 0x00, 0x46, 0x00, 0x2e, 0x00,
	0x48, 0x00, 0x54, 0x00, 0x4d, 0x00, 0x00, 0x00,
	0x5e, 0x00, 0x04, 0x00, 0x00, 0x00, 0x08, 0x00,
	0x00, 0x14, 0xee, 0x2a, 0xe7, 0x64, 0xbc, 0x01,
	0x01, 0x00, 0x00, 0x00, 0x48, 0x00, 0x50, 0x00,
	0x53, 0x00, 0x58, 0x00, 0x5c, 0x00, 0x44, 0x00,
	0x4f, 0x00, 0x43, 0x00, 0x5c, 0x00, 0x4a, 0x00,
	0x50, 0x00, 0x5c, 0x00, 0x48, 0x00, 0x54, 0x00,
	0x4d, 0x00, 0x4c, 0x00, 0x5c, 0x00, 0x4c, 0x00,
	0x49, 0x00, 0x42, 0x00, 0x52, 0x00, 0x45, 0x00,
	0x46, 0x00, 0x5c, 0x00, 0x53, 0x00, 0x50, 0x00,
	0x46, 0x00, 0x54, 0x00, 0x45, 0x00, 0x54, 0x00,
	0x4f, 0x00, 0x33, 0x00, 0x2e, 0x00, 0x48, 0x00,
	0x54, 0x00, 0x4d, 0x00, 0x00, 0x00, 0x5e, 0x00,
	0x04, 0x00, 0x00, 0x00, 0x08, 0x00, 0x00, 0x14,
	0xee, 0x2a, 0xe7, 0x64, 0xbc, 0x01, 0x01, 0x00,
	0x00, 0x00, 0x48, 0x00, 0x50, 0x00, 0x53, 0x00,
	0x58, 0x00, 0x5c, 0x00, 0x44, 0x00, 0x4f, 0x00,
	0x43, 0x00, 0x5c, 0x00, 0x4a, 0x00, 0x50, 0x00,
	0x5c, 0x00, 0x48, 0x00, 0x54, 0x00, 0x4d, 0x00,
	0x4c, 0x00, 0x5c, 0x00, 0x4c, 0x00, 0x49, 0x00,
	0x42, 0x00, 0x52, 0x00, 0x45, 0x00, 0x46, 0x00,
	0x5c, 0x00, 0x53, 0x00, 0x50, 0x00, 0x47, 0x00,
	0x54, 0x00, 0x45, 0x00, 0x54, 0x00, 0x4f, 0x00,
	0x34, 0x00, 0x2e, 0x00, 0x48, 0x00, 0x54, 0x00,
	0x4d, 0x00, 0x00, 0x00, 0x5e, 0x00, 0x04, 0x00,
	0x00, 0x00, 0x08, 0x00, 0x00, 0x14, 0xee, 0x2a,
	0xe7, 0x64, 0xbc, 0x01, 0x01, 0x00, 0x00, 0x00,
	0x48, 0x00, 0x50, 0x00, 0x53, 0x00, 0x58, 0x00,
	0x5c, 0x00, 0x44, 0x00, 0x4f, 0x00, 0x43, 0x00,
	0x5c, 0x00, 0x4a, 0x00, 0x50, 0x00, 0x5c, 0x00,
	0x48, 0x00, 0x54, 0x00, 0x4d, 0x00, 0x4c, 0x00,
	0x5c, 0x00, 0x4c, 0x00, 0x49, 0x00, 0x42, 0x00,
	0x52, 0x00, 0x45, 0x00, 0x46, 0x00, 0x5c, 0x00,
	0x53, 0x00, 0x50, 0x00, 0x47, 0x00, 0x45, 0x00,
	0x54, 0x00, 0x4f, 0x00, 0x4c, 0x00, 0x33, 0x00,
	0x2e, 0x00, 0x48, 0x00, 0x54, 0x00, 0x4d, 0x00,
	0x00, 0x00, 0x56, 0x00, 0x04, 0x00, 0x00, 0x00,
	0x08, 0x00, 0x00, 0x14, 0xee, 0x2a, 0xe7, 0x64,
	0xbc, 0x01, 0x01, 0x00, 0x00, 0x00, 0x40, 0x00,
	0x50, 0x00, 0x53, 0x00, 0x58, 0x00, 0x5c, 0x00,
	0x44, 0x00, 0x4f, 0x00, 0x43, 0x00, 0x5c, 0x00,
	0x4a, 0x00, 0x50, 0x00, 0x5c, 0x00, 0x48, 0x00,
	0x54, 0x00, 0x4d, 0x00, 0x4c, 0x00, 0x5c, 0x00,
	0x4c, 0x00, 0x49, 0x00, 0x42, 0x00, 0x52, 0x00,
	0x45, 0x00, 0x46, 0x00, 0x5c, 0x00, 0x53, 0x00,
	0x50, 0x00, 0x4f, 0x00, 0x4c, 0x00, 0x2e, 0x00,
	0x48, 0x00, 0x54, 0x00, 0x4d, 0x00, 0x00, 0x00,
	0x5e, 0x00, 0x04, 0x00, 0x00, 0x00, 0x08, 0x00,
	0x00, 0x14, 0xee, 0x2a, 0xe7, 0x64, 0xbc, 0x01,
	0x01, 0x00, 0x00, 0x00, 0x48, 0x00, 0x50, 0x00,
	0x53, 0x00, 0x58, 0x00, 0x5c, 0x00, 0x44, 0x00,
	0x4f, 0x00, 0x43, 0x00, 0x5c, 0x00, 0x4a, 0x00,
	0x50, 0x00, 0x5c, 0x00, 0x48, 0x00, 0x54, 0x00,
	0x4d, 0x00, 0x4c, 0x00, 0x5c, 0x00, 0x4c, 0x00,
	0x49, 0x00, 0x42, 0x00, 0x52, 0x00, 0x45, 0x00,
	0x46, 0x00, 0x5c, 0x00, 0x53, 0x00, 0x50, 0x00,
	0x47, 0x00, 0x54, 0x00, 0x45, 0x00, 0x54, 0x00,
	0x4f, 0x00, 0x33, 0x00, 0x2e, 0x00, 0x48, 0x00,
	0x54, 0x00, 0x4d, 0x00, 0x00, 0x00, 0x5e, 0x00,
	0x04, 0x00, 0x00, 0x00, 0x08, 0x00, 0x00, 0x14,
	0xee, 0x2a, 0xe7, 0x64, 0xbc, 0x01, 0x01, 0x00,
	0x00, 0x00, 0x48, 0x00, 0x50, 0x00, 0x53, 0x00,
	0x58, 0x00, 0x5c, 0x00, 0x44, 0x00, 0x4f, 0x00,
	0x43, 0x00, 0x5c, 0x00, 0x4a, 0x00, 0x50, 0x00,
	0x5c, 0x00, 0x48, 0x00, 0x54, 0x00, 0x4d, 0x00,
	0x4c, 0x00, 0x5c, 0x00, 0x4c, 0x00, 0x49, 0x00,
	0x42, 0x00, 0x52, 0x00, 0x45, 0x00, 0x46, 0x00,
	0x5c, 0x00, 0x53, 0x00, 0x50, 0x00, 0x47, 0x00,
	0x45, 0x00, 0x54, 0x00, 0x4f, 0x00, 0x4c, 0x00,
	0x34, 0x00, 0x2e, 0x00, 0x48, 0x00, 0x54, 0x00,
	0x4d, 0x00, 0x00, 0x00, 0x5c, 0x00, 0x04, 0x00,
	0x00, 0x00, 0x08, 0x00, 0x00, 0x41, 0x1f, 0x2c,
	0xe7, 0x64, 0xbc, 0x01, 0x01, 0x00, 0x00, 0x00,
	0x46, 0x00, 0x50, 0x00, 0x53, 0x00, 0x58, 0x00,
	0x5c, 0x00, 0x44, 0x00, 0x4f, 0x00, 0x43, 0x00,
	0x5c, 0x00, 0x4a, 0x00, 0x50, 0x00, 0x5c, 0x00,
	0x48, 0x00, 0x54, 0x00, 0x4d, 0x00, 0x4c, 0x00,
	0x5c, 0x00, 0x4c, 0x00, 0x49, 0x00, 0x42, 0x00,
	0x52, 0x00, 0x45, 0x00, 0x46, 0x00, 0x5c, 0x00,
	0x53, 0x00, 0x50, 0x00, 0x55, 0x00, 0x46, 0x00,
	0x52, 0x00, 0x45, 0x00, 0x45, 0x00, 0x2e, 0x00,
	0x48, 0x00, 0x54, 0x00, 0x4d, 0x00, 0x00, 0x00,
	0x56, 0x00, 0x04, 0x00, 0x00, 0x00, 0x08, 0x00,
	0x00, 0x41, 0x1f, 0x2c, 0xe7, 0x64, 0xbc, 0x01,
	0x01, 0x00, 0x00, 0x00, 0x40, 0x00, 0x50, 0x00,
	0x53, 0x00, 0x58, 0x00, 0x5c, 0x00, 0x44, 0x00,
	0x4f, 0x00, 0x43, 0x00, 0x5c, 0x00, 0x4a, 0x00,
	0x50, 0x00, 0x5c, 0x00, 0x48, 0x00, 0x54, 0x00,
	0x4d, 0x00, 0x4c, 0x00, 0x5c, 0x00, 0x4c, 0x00,
	0x49, 0x00, 0x42, 0x00, 0x52, 0x00, 0x45, 0x00,
	0x46, 0x00, 0x5c, 0x00, 0x53, 0x00, 0x51, 0x00,
	0x52, 0x00, 0x54, 0x00, 0x2e, 0x00, 0x48, 0x00,
	0x54, 0x00, 0x4d, 0x00, 0x00, 0x00, 0x5c, 0x00,
	0x04, 0x00, 0x00, 0x00, 0x08, 0x00, 0x00, 0x41,
	0x1f, 0x2c, 0xe7, 0x64, 0xbc, 0x01, 0x01, 0x00,
	0x00, 0x00, 0x46, 0x00, 0x50, 0x00, 0x53, 0x00,
	0x58, 0x00, 0x5c, 0x00, 0x44, 0x00, 0x4f, 0x00,
	0x43, 0x00, 0x5c, 0x00, 0x4a, 0x00, 0x50, 0x00,
	0x5c, 0x00, 0x48, 0x00, 0x54, 0x00, 0x4d, 0x00,
	0x4c, 0x00, 0x5c, 0x00, 0x4c, 0x00, 0x49, 0x00,
	0x42, 0x00, 0x52, 0x00, 0x45, 0x00, 0x46, 0x00,
	0x5c, 0x00, 0x53, 0x00, 0x51, 0x00, 0x55, 0x00,
	0x41, 0x00, 0x52, 0x00, 0x45, 0x00, 0x30, 0x00,
	0x2e, 0x00, 0x48, 0x00, 0x54, 0x00, 0x4d, 0x00,
	0x00, 0x00, 0x5e, 0x00, 0x04, 0x00, 0x00, 0x00,
	0x08, 0x00, 0x00, 0x41, 0x1f, 0x2c, 0xe7, 0x64,
	0xbc, 0x01, 0x01, 0x00, 0x00, 0x00, 0x48, 0x00,
	0x50, 0x00, 0x53, 0x00, 0x58, 0x00, 0x5c, 0x00,
	0x44, 0x00, 0x4f, 0x00, 0x43, 0x00, 0x5c, 0x00,
	0x4a, 0x00, 0x50, 0x00, 0x5c, 0x00, 0x48, 0x00,
	0x54, 0x00, 0x4d, 0x00, 0x4c, 0x00, 0x5c, 0x00,
	0x4c, 0x00, 0x49, 0x00, 0x42, 0x00, 0x52, 0x00,
	0x45, 0x00, 0x46, 0x00, 0x5c, 0x00, 0x53, 0x00,
	0x51, 0x00, 0x55, 0x00, 0x41, 0x00, 0x52, 0x00,
	0x45, 0x00, 0x31, 0x00, 0x32, 0x00, 0x2e, 0x00,
	0x48, 0x00, 0x54, 0x00, 0x4d, 0x00, 0x00, 0x00,
	0x5e, 0x00, 0x04, 0x00, 0x00, 0x00, 0x08, 0x00,
	0x00, 0x41, 0x1f, 0x2c, 0xe7, 0x64, 0xbc, 0x01,
	0x01, 0x00, 0x00, 0x00, 0x48, 0x00, 0x50, 0x00,
	0x53, 0x00, 0x58, 0x00, 0x5c, 0x00, 0x44, 0x00,
	0x4f, 0x00, 0x43, 0x00, 0x5c, 0x00, 0x4a, 0x00,
	0x50, 0x00, 0x5c, 0x00, 0x48, 0x00, 0x54, 0x00,
	0x4d, 0x00, 0x4c, 0x00, 0x5c, 0x00, 0x4c, 0x00,
	0x49, 0x00, 0x42, 0x00, 0x52, 0x00, 0x45, 0x00,
	0x46, 0x00, 0x5c, 0x00, 0x53, 0x00, 0x52, 0x00,
	0x31, 0x00, 0x51, 0x00, 0x55, 0x00, 0x41, 0x00,
	0x52, 0x00, 0x32, 0x00, 0x2e, 0x00, 0x48, 0x00,
	0x54, 0x00, 0x4d, 0x00, 0x00, 0x00, 0x5e, 0x00,
	0x04, 0x00, 0x00, 0x00, 0x08, 0x00, 0x00, 0x41,
	0x1f, 0x2c, 0xe7, 0x64, 0xbc, 0x01, 0x01, 0x00,
	0x00, 0x00, 0x48, 0x00, 0x50, 0x00, 0x53, 0x00,
	0x58, 0x00, 0x5c, 0x00, 0x44, 0x00, 0x4f, 0x00,
	0x43, 0x00, 0x5c, 0x00, 0x4a, 0x00, 0x50, 0x00,
	0x5c, 0x00, 0x48, 0x00, 0x54, 0x00, 0x4d, 0x00,
	0x4c, 0x00, 0x5c, 0x00, 0x4c, 0x00, 0x49, 0x00,
	0x42, 0x00, 0x52, 0x00, 0x45, 0x00, 0x46, 0x00,
	0x5c, 0x00, 0x53, 0x00, 0x50, 0x00, 0x55, 0x00,
	0x46, 0x00, 0x4c, 0x00, 0x55, 0x00, 0x53, 0x00,
	0x48, 0x00, 0x2e, 0x00, 0x48, 0x00, 0x54, 0x00,
	0x4d, 0x00, 0x00, 0x00, 0x5e, 0x00, 0x04, 0x00,
	0x00, 0x00, 0x08, 0x00, 0x00, 0x41, 0x1f, 0x2c,
	0xe7, 0x64, 0xbc, 0x01, 0x01, 0x00, 0x00, 0x00,
	0x48, 0x00, 0x50, 0x00, 0x53, 0x00, 0x58, 0x00,
	0x5c, 0x00, 0x44, 0x00, 0x4f, 0x00, 0x43, 0x00,
	0x5c, 0x00, 0x4a, 0x00, 0x50, 0x00, 0x5c, 0x00,
	0x48, 0x00, 0x54, 0x00, 0x4d, 0x00, 0x4c, 0x00,
	0x5c, 0x00, 0x4c, 0x00, 0x49, 0x00, 0x42, 0x00,
	0x52, 0x00, 0x45, 0x00, 0x46, 0x00, 0x5c, 0x00,
	0x53, 0x00, 0x50, 0x00, 0x55, 0x00, 0x57, 0x00,
	0x52, 0x00, 0x49, 0x00, 0x54, 0x00, 0x45, 0x00,
	0x2e, 0x00, 0x48, 0x00, 0x54, 0x00, 0x4d, 0x00,
	0x00, 0x00, 0x5e, 0x00, 0x04, 0x00, 0x00, 0x00,
	0x08, 0x00, 0x00, 0x41, 0x1f, 0x2c, 0xe7, 0x64,
	0xbc, 0x01, 0x01, 0x00, 0x00, 0x00, 0x48, 0x00,
	0x50, 0x00, 0x53, 0x00, 0x58, 0x00, 0x5c, 0x00,
	0x44, 0x00, 0x4f, 0x00, 0x43, 0x00, 0x5c, 0x00,
	0x4a, 0x00, 0x50, 0x00, 0x5c, 0x00, 0x48, 0x00,
	0x54, 0x00, 0x4d, 0x00, 0x4c, 0x00, 0x5c, 0x00,
	0x4c, 0x00, 0x49, 0x00, 0x42, 0x00, 0x52, 0x00,
	0x45, 0x00, 0x46, 0x00, 0x5c, 0x00, 0x53, 0x00,
	0x50, 0x00, 0x55, 0x00, 0x53, 0x00, 0x54, 0x00,
	0x41, 0x00, 0x52, 0x00, 0x54, 0x00, 0x2e, 0x00,
	0x48, 0x00, 0x54, 0x00, 0x4d, 0x00, 0x00, 0x00,
	0x5c, 0x00, 0x04, 0x00, 0x00, 0x00, 0x08, 0x00,
	0x00, 0x41, 0x1f, 0x2c, 0xe7, 0x64, 0xbc, 0x01,
	0x01, 0x00, 0x00, 0x00, 0x46, 0x00, 0x50, 0x00,
	0x53, 0x00, 0x58, 0x00, 0x5c, 0x00, 0x44, 0x00,
	0x4f, 0x00, 0x43, 0x00, 0x5c, 0x00, 0x4a, 0x00,
	0x50, 0x00, 0x5c, 0x00, 0x48, 0x00, 0x54, 0x00,
	0x4d, 0x00, 0x4c, 0x00, 0x5c, 0x00, 0x4c, 0x00,
	0x49, 0x00, 0x42, 0x00, 0x52, 0x00, 0x45, 0x00,
	0x46, 0x00, 0x5c, 0x00, 0x53, 0x00, 0x50, 0x00,
	0x55, 0x00, 0x49, 0x00, 0x4e, 0x00, 0x49, 0x00,
	0x54, 0x00, 0x2e, 0x00, 0x48, 0x00, 0x54, 0x00,
	0x4d, 0x00, 0x00, 0x00, 0x5c, 0x00, 0x04, 0x00,
	0x00, 0x00, 0x08, 0x00, 0x00, 0x41, 0x1f, 0x2c,
	0xe7, 0x64, 0xbc, 0x01, 0x01, 0x00, 0x00, 0x00,
	0x46, 0x00, 0x50, 0x00, 0x53, 0x00, 0x58, 0x00,
	0x5c, 0x00, 0x44, 0x00, 0x4f, 0x00, 0x43, 0x00,
	0x5c, 0x00, 0x4a, 0x00, 0x50, 0x00, 0x5c, 0x00,
	0x48, 0x00, 0x54, 0x00, 0x4d, 0x00, 0x4c, 0x00,
	0x5c, 0x00, 0x4c, 0x00, 0x49, 0x00, 0x42, 0x00,
	0x52, 0x00, 0x45, 0x00, 0x46, 0x00, 0x5c, 0x00,
	0x53, 0x00, 0x50, 0x00, 0x55, 0x00, 0x51, 0x00,
	0x55, 0x00, 0x49, 0x00, 0x54, 0x00, 0x2e, 0x00,
	0x48, 0x00, 0x54, 0x00, 0x4d, 0x00, 0x00, 0x00,
	0x5c, 0x00, 0x04, 0x00, 0x00, 0x00, 0x08, 0x00,
	0x00, 0x41, 0x1f, 0x2c, 0xe7, 0x64, 0xbc, 0x01,
	0x01, 0x00, 0x00, 0x00, 0x46, 0x00, 0x50, 0x00,
	0x53, 0x00, 0x58, 0x00, 0x5c, 0x00, 0x44, 0x00,
	0x4f, 0x00, 0x43, 0x00, 0x5c, 0x00, 0x4a, 0x00,
	0x50, 0x00, 0x5c, 0x00, 0x48, 0x00, 0x54, 0x00,
	0x4d, 0x00, 0x4c, 0x00, 0x5c, 0x00, 0x4c, 0x00,
	0x49, 0x00, 0x42, 0x00, 0x52, 0x00, 0x45, 0x00,
	0x46, 0x00, 0x5c, 0x00, 0x53, 0x00, 0x50, 0x00,
	0x55, 0x00, 0x52, 0x00, 0x45, 0x00, 0x41, 0x00,
	0x44, 0x00, 0x2e, 0x00, 0x48, 0x00, 0x54, 0x00,
	0x4d, 0x00, 0x00, 0x00, 0x5e, 0x00, 0x04, 0x00,
	0x00, 0x00, 0x08, 0x00, 0x00, 0x41, 0x1f, 0x2c,
	0xe7, 0x64, 0xbc, 0x01, 0x01, 0x00, 0x00, 0x00,
	0x48, 0x00, 0x50, 0x00, 0x53, 0x00, 0x58, 0x00,
	0x5c, 0x00, 0x44, 0x00, 0x4f, 0x00, 0x43, 0x00,
	0x5c, 0x00, 0x4a, 0x00, 0x50, 0x00, 0x5c, 0x00,
	0x48, 0x00, 0x54, 0x00, 0x4d, 0x00, 0x4c, 0x00,
	0x5c, 0x00, 0x4c, 0x00, 0x49, 0x00, 0x42, 0x00,
	0x52, 0x00, 0x45, 0x00, 0x46, 0x00, 0x5c, 0x00,
	0x53, 0x00, 0x50, 0x00, 0x55, 0x00, 0x53, 0x00,
	0x54, 0x00, 0x45, 0x00, 0x4e, 0x00, 0x56, 0x00,
	0x2e, 0x00, 0x48, 0x00, 0x54, 0x00, 0x4d, 0x00,
	0x00, 0x00, 0x5e, 0x00, 0x04, 0x00, 0x00, 0x00,
	0x08, 0x00, 0x00, 0x6e, 0x50, 0x2d, 0xe7, 0x64,
	0xbc, 0x01, 0x01, 0x00, 0x00, 0x00, 0x48, 0x00,
	0x50, 0x00, 0x53, 0x00, 0x58, 0x00, 0x5c, 0x00,
	0x44, 0x00, 0x4f, 0x00, 0x43, 0x00, 0x5c, 0x00,
	0x4a, 0x00, 0x50, 0x00, 0x5c, 0x00, 0x48, 0x00,
	0x54, 0x00, 0x4d, 0x00, 0x4c, 0x00, 0x5c, 0x00,
	0x4c, 0x00, 0x49, 0x00, 0x42, 0x00, 0x52, 0x00,
	0x45, 0x00, 0x46, 0x00, 0x5c, 0x00, 0x53, 0x00,
	0x52, 0x00, 0x4d, 0x00, 0x45, 0x00, 0x54, 0x00,
	0x4f, 0x00, 0x54, 0x00, 0x58, 0x00, 0x2e, 0x00,
	0x48, 0x00, 0x54, 0x00, 0x4d, 0x00, 0x00, 0x00,
	0x5e, 0x00, 0x04, 0x00, 0x00, 0x00, 0x08, 0x00,
	0x00, 0x6e, 0x50, 0x2d, 0xe7, 0x64, 0xbc, 0x01,
	0x01, 0x00, 0x00, 0x00, 0x48, 0x00, 0x50, 0x00,
	0x53, 0x00, 0x58, 0x00, 0x5c, 0x00, 0x44, 0x00,
	0x4f, 0x00, 0x43, 0x00, 0x5c, 0x00, 0x4a, 0x00,
	0x50, 0x00, 0x5c, 0x00, 0x48, 0x00, 0x54, 0x00,
	0x4d, 0x00, 0x4c, 0x00, 0x5c, 0x00, 0x4c, 0x00,
	0x49, 0x00, 0x42, 0x00, 0x52, 0x00, 0x45, 0x00,
	0x46, 0x00, 0x5c, 0x00, 0x53, 0x00, 0x52, 0x00,
	0x47, 0x00, 0x41, 0x00, 0x4b, 0x00, 0x53, 0x00,
	0x50, 0x00, 0x53, 0x00, 0x2e, 0x00, 0x48, 0x00,
	0x54, 0x00, 0x4d, 0x00, 0x00, 0x00, 0x5e, 0x00,
	0x04, 0x00, 0x00, 0x00, 0x08, 0x00, 0x00, 0x6e,
	0x50, 0x2d, 0xe7, 0x64, 0xbc, 0x01, 0x01, 0x00,
	0x00, 0x00, 0x48, 0x00, 0x50, 0x00, 0x53, 0x00,
	0x58, 0x00, 0x5c, 0x00, 0x44, 0x00, 0x4f, 0x00,
	0x43, 0x00, 0x5c, 0x00, 0x4a, 0x00, 0x50, 0x00,
	0x5c, 0x00, 0x48, 0x00, 0x54, 0x00, 0x4d, 0x00,
	0x4c, 0x00, 0x5c, 0x00, 0x4c, 0x00, 0x49, 0x00,
	0x42, 0x00, 0x52, 0x00, 0x45, 0x00, 0x46, 0x00,
	0x5c, 0x00, 0x53, 0x00, 0x53, 0x00, 0x31, 0x00,
	0x45, 0x00, 0x54, 0x00, 0x50, 0x00, 0x52, 0x00,
	0x36, 0x00, 0x2e, 0x00, 0x48, 0x00, 0x54, 0x00,
	0x4d, 0x00, 0x00, 0x00, 0x5e, 0x00, 0x04, 0x00,
	0x00, 0x00, 0x08, 0x00, 0x00, 0x6e, 0x50, 0x2d,
	0xe7, 0x64, 0xbc, 0x01, 0x01, 0x00, 0x00, 0x00,
	0x48, 0x00, 0x50, 0x00, 0x53, 0x00, 0x58, 0x00,
	0x5c, 0x00, 0x44, 0x00, 0x4f, 0x00, 0x43, 0x00,
	0x5c, 0x00, 0x4a, 0x00, 0x50, 0x00, 0x5c, 0x00,
	0x48, 0x00, 0x54, 0x00, 0x4d, 0x00, 0x4c, 0x00,
	0x5c, 0x00, 0x4c, 0x00, 0x49, 0x00, 0x42, 0x00,
	0x52, 0x00, 0x45, 0x00, 0x46, 0x00, 0x5c, 0x00,
	0x53, 0x00, 0x52, 0x00, 0x53, 0x00, 0x56, 0x00,
	0x41, 0x00, 0x50, 0x00, 0x55, 0x00, 0x52, 0x00,
	0x2e, 0x00, 0x48, 0x00, 0x54, 0x00, 0x4d, 0x00,
	0x00, 0x00, 0x58, 0x00, 0x04, 0x00, 0x00, 0x00,
	0x08, 0x00, 0x00, 0x6e, 0x50, 0x2d, 0xe7, 0x64,
	0xbc, 0x01, 0x01, 0x00, 0x00, 0x00, 0x42, 0x00,
	0x50, 0x00, 0x53, 0x00, 0x58, 0x00, 0x5c, 0x00,
	0x44, 0x00, 0x4f, 0x00, 0x43, 0x00, 0x5c, 0x00,
	0x4a, 0x00, 0x50, 0x00, 0x5c, 0x00, 0x48, 0x00,
	0x54, 0x00, 0x4d, 0x00, 0x4c, 0x00, 0x5c, 0x00,
	0x4c, 0x00, 0x49, 0x00, 0x42, 0x00, 0x52, 0x00,
	0x45, 0x00, 0x46, 0x00, 0x5c, 0x00, 0x53, 0x00,
	0x52, 0x00, 0x41, 0x00, 0x4e, 0x00, 0x44, 0x00,
	0x2e, 0x00, 0x48, 0x00, 0x54, 0x00, 0x4d, 0x00,
	0x00, 0x00, 0x5e, 0x00, 0x04, 0x00, 0x00, 0x00,
	0x08, 0x00, 0x00, 0x6e, 0x50, 0x2d, 0xe7, 0x64,
	0xbc, 0x01, 0x01, 0x00, 0x00, 0x00, 0x48, 0x00,
	0x50, 0x00, 0x53, 0x00, 0x58, 0x00, 0x5c, 0x00,
	0x44, 0x00, 0x4f, 0x00, 0x43, 0x00, 0x5c, 0x00,
	0x4a, 0x00, 0x50, 0x00, 0x5c, 0x00, 0x48, 0x00,
	0x54, 0x00, 0x4d, 0x00, 0x4c, 0x00, 0x5c, 0x00,
	0x4c, 0x00, 0x49, 0x00, 0x42, 0x00, 0x52, 0x00,
	0x45, 0x00, 0x46, 0x00, 0x5c, 0x00, 0x53, 0x00,
	0x52, 0x00, 0x53, 0x00, 0x54, 0x00, 0x49, 0x00,
	0x4e, 0x00, 0x47, 0x00, 0x53, 0x00, 0x2e, 0x00,
	0x48, 0x00, 0x54, 0x00, 0x4d, 0x00, 0x00, 0x00,
	0x5e, 0x00, 0x04, 0x00, 0x00, 0x00, 0x08, 0x00,
	0x00, 0x6e, 0x50, 0x2d, 0xe7, 0x64, 0xbc, 0x01,
	0x01, 0x00, 0x00, 0x00, 0x48, 0x00, 0x50, 0x00,
	0x53, 0x00, 0x58, 0x00, 0x5c, 0x00, 0x44, 0x00,
	0x4f, 0x00, 0x43, 0x00, 0x5c, 0x00, 0x4a, 0x00,
	0x50, 0x00, 0x5c, 0x00, 0x48, 0x00, 0x54, 0x00,
	0x4d, 0x00, 0x4c, 0x00, 0x5c, 0x00, 0x4c, 0x00,
	0x49, 0x00, 0x42, 0x00, 0x52, 0x00, 0x45, 0x00,
	0x46, 0x00, 0x5c, 0x00, 0x53, 0x00, 0x53, 0x00,
	0x41, 0x00, 0x4b, 0x00, 0x4f, 0x00, 0x4d, 0x00,
	0x53, 0x00, 0x45, 0x00, 0x2e, 0x00, 0x48, 0x00,
	0x54, 0x00, 0x4d, 0x00, 0x00, 0x00, 0x5e, 0x00,
	0x04, 0x00, 0x00, 0x00, 0x08, 0x00, 0x00, 0x6e,
	0x50, 0x2d, 0xe7, 0x64, 0xbc, 0x01, 0x01, 0x00,
	0x00, 0x00, 0x48, 0x00, 0x50, 0x00, 0x53, 0x00,
	0x58, 0x00, 0x5c, 0x00, 0x44, 0x00, 0x4f, 0x00,
	0x43, 0x00, 0x5c, 0x00, 0x4a, 0x00, 0x50, 0x00,
	0x5c, 0x00, 0x48, 0x00, 0x54, 0x00, 0x4d, 0x00,
	0x4c, 0x00, 0x5c, 0x00, 0x4c, 0x00, 0x49, 0x00,
	0x42, 0x00, 0x52, 0x00, 0x45, 0x00, 0x46, 0x00,
	0x5c, 0x00, 0x53, 0x00, 0x52, 0x00, 0x41, 0x00,
	0x50, 0x00, 0x55, 0x00, 0x45, 0x00, 0x56, 0x00,
	0x52, 0x00, 0x2e, 0x00, 0x48, 0x00, 0x54, 0x00,
	0x4d, 0x00, 0x00, 0x00, 0x5e, 0x00, 0x04, 0x00,
	0x00, 0x00, 0x08, 0x00, 0x00, 0x6e, 0x50, 0x2d,
	0xe7, 0x64, 0xbc, 0x01, 0x01, 0x00, 0x00, 0x00,
	0x48, 0x00, 0x50, 0x00, 0x53, 0x00, 0x58, 0x00,
	0x5c, 0x00, 0x44, 0x00, 0x4f, 0x00, 0x43, 0x00,
	0x5c, 0x00, 0x4a, 0x00, 0x50, 0x00, 0x5c, 0x00,
	0x48, 0x00, 0x54, 0x00, 0x4d, 0x00, 0x4c, 0x00,
	0x5c, 0x00, 0x4c, 0x00, 0x49, 0x00, 0x42, 0x00,
	0x52, 0x00, 0x45, 0x00, 0x46, 0x00, 0x5c, 0x00,
	0x53, 0x00, 0x52, 0x00, 0x43, 0x00, 0x54, 0x00,
	0x41, 0x00, 0x52, 0x00, 0x54, 0x00, 0x54, 0x00,
	0x2e, 0x00, 0x48, 0x00, 0x54, 0x00, 0x4d, 0x00,
	0x00, 0x00, 0x5e, 0x00, 0x04, 0x00, 0x00, 0x00,
	0x08, 0x00, 0x00, 0x6e, 0x50, 0x2d, 0xe7, 0x64,
	0xbc, 0x01, 0x01, 0x00, 0x00, 0x00, 0x48, 0x00,
	0x50, 0x00, 0x53, 0x00, 0x58, 0x00, 0x5c, 0x00,
	0x44, 0x00, 0x4f, 0x00, 0x43, 0x00, 0x5c, 0x00,
	0x4a, 0x00, 0x50, 0x00, 0x5c, 0x00, 0x48, 0x00,
	0x54, 0x00, 0x4d, 0x00, 0x4c, 0x00, 0x5c, 0x00,
	0x4c, 0x00, 0x49, 0x00, 0x42, 0x00, 0x52, 0x00,
	0x45, 0x00, 0x46, 0x00, 0x5c, 0x00, 0x53, 0x00,
	0x52, 0x00, 0x51, 0x00, 0x55, 0x00, 0x41, 0x00,
	0x52, 0x00, 0x45, 0x00, 0x30, 0x00, 0x2e, 0x00,
	0x48, 0x00, 0x54, 0x00, 0x4d, 0x00, 0x00, 0x00,
	0x5e, 0x00, 0x04, 0x00, 0x00, 0x00, 0x08, 0x00,
	0x00, 0x6e, 0x50, 0x2d, 0xe7, 0x64, 0xbc, 0x01,
	0x01, 0x00, 0x00, 0x00, 0x48, 0x00, 0x50, 0x00,
	0x53, 0x00, 0x58, 0x00, 0x5c, 0x00, 0x44, 0x00,
	0x4f, 0x00, 0x43, 0x00, 0x5c, 0x00, 0x4a, 0x00,
	0x50, 0x00, 0x5c, 0x00, 0x48, 0x00, 0x54, 0x00,
	0x4d, 0x00, 0x4c, 0x00, 0x5c, 0x00, 0x4c, 0x00,
	0x49, 0x00, 0x42, 0x00, 0x52, 0x00, 0x45, 0x00,
	0x46, 0x00, 0x5c, 0x00, 0x53, 0x00, 0x52, 0x00,
	0x44, 0x00, 0x44, 0x00, 0x50, 0x00, 0x55, 0x00,
	0x45, 0x00, 0x41, 0x00, 0x2e, 0x00, 0x48, 0x00,
	0x54, 0x00, 0x4d, 0x00, 0x00, 0x00, 0x5e, 0x00,
	0x04, 0x00, 0x00, 0x00, 0x08, 0x00, 0x00, 0x6e,
	0x50, 0x2d, 0xe7, 0x64, 0xbc, 0x01, 0x01, 0x00,
	0x00, 0x00, 0x48, 0x00, 0x50, 0x00, 0x53, 0x00,
	0x58, 0x00, 0x5c, 0x00, 0x44, 0x00, 0x4f, 0x00,
	0x43, 0x00, 0x5c, 0x00, 0x4a, 0x00, 0x50, 0x00,
	0x5c, 0x00, 0x48, 0x00, 0x54, 0x00, 0x4d, 0x00,
	0x4c, 0x00, 0x5c, 0x00, 0x4c, 0x00, 0x49, 0x00,
	0x42, 0x00, 0x52, 0x00, 0x45, 0x00, 0x46, 0x00,
	0x5c, 0x00, 0x53, 0x00, 0x52, 0x00, 0x52, 0x00,
	0x57, 0x00, 0x41, 0x00, 0x50, 0x00, 0x55, 0x00,
	0x41, 0x00, 0x2e, 0x00, 0x48, 0x00, 0x54, 0x00,
	0x4d, 0x00, 0x00, 0x00, 0x58, 0x00, 0x04, 0x00,
	0x00, 0x00, 0x08, 0x00, 0x00, 0x9b, 0x81, 0x2e,
	0xe7, 0x64, 0xbc, 0x01, 0x01, 0x00, 0x00, 0x00,
	0x42, 0x00, 0x50, 0x00, 0x53, 0x00, 0x58, 0x00,
	0x5c, 0x00, 0x44, 0x00, 0x4f, 0x00, 0x43, 0x00,
	0x5c, 0x00, 0x4a, 0x00, 0x50, 0x00, 0x5c, 0x00,
	0x48, 0x00, 0x54, 0x00, 0x4d, 0x00, 0x4c, 0x00,
	0x5c, 0x00, 0x4c, 0x00, 0x49, 0x00, 0x42, 0x00,
	0x52, 0x00, 0x45, 0x00, 0x46, 0x00, 0x5c, 0x00,
	0x53, 0x00, 0x53, 0x00, 0x45, 0x00, 0x4e, 0x00,
	0x44, 0x00, 0x2e, 0x00, 0x48, 0x00, 0x54, 0x00,
	0x4d, 0x00, 0x00, 0x00, 0x5e, 0x00, 0x04, 0x00,
	0x00, 0x00, 0x08, 0x00, 0x00, 0x9b, 0x81, 0x2e,
	0xe7, 0x64, 0xbc, 0x01, 0x01, 0x00, 0x00, 0x00,
	0x48, 0x00, 0x50, 0x00, 0x53, 0x00, 0x58, 0x00,
	0x5c, 0x00, 0x44, 0x00, 0x4f, 0x00, 0x43, 0x00,
	0x5c, 0x00, 0x4a, 0x00, 0x50, 0x00, 0x5c, 0x00,
	0x48, 0x00, 0x54, 0x00, 0x4d, 0x00, 0x4c, 0x00,
	0x5c, 0x00, 0x4c, 0x00, 0x49, 0x00, 0x42, 0x00,
	0x52, 0x00, 0x45, 0x00, 0x46, 0x00, 0x5c, 0x00,
	0x53, 0x00, 0x53, 0x00, 0x43, 0x00, 0x54, 0x00,
	0x45, 0x00, 0x54, 0x00, 0x48, 0x00, 0x4c, 0x00,
	0x2e, 0x00, 0x48, 0x00, 0x54, 0x00, 0x4d, 0x00,
	0x00, 0x00, 0x5e, 0x00, 0x04, 0x00, 0x00, 0x00,
	0x08, 0x00, 0x00, 0x9b, 0x81, 0x2e, 0xe7, 0x64,
	0xbc, 0x01, 0x01, 0x00, 0x00, 0x00, 0x48, 0x00,
	0x50, 0x00, 0x53, 0x00, 0x58, 0x00, 0x5c, 0x00,
	0x44, 0x00, 0x4f, 0x00, 0x43, 0x00, 0x5c, 0x00,
	0x4a, 0x00, 0x50, 0x00, 0x5c, 0x00, 0x48, 0x00,
	0x54, 0x00, 0x4d, 0x00, 0x4c, 0x00, 0x5c, 0x00,
	0x4c, 0x00, 0x49, 0x00, 0x42, 0x00, 0x52, 0x00,
	0x45, 0x00, 0x46, 0x00, 0x5c, 0x00, 0x53, 0x00,
	0x53, 0x00, 0x43, 0x00, 0x53, 0x00, 0x45, 0x00,
	0x51, 0x00, 0x4c, 0x00, 0x45, 0x00, 0x2e, 0x00,
	0x48, 0x00, 0x54, 0x00, 0x4d, 0x00, 0x00, 0x00,
	0x5e, 0x00, 0x04, 0x00, 0x00, 0x00, 0x08, 0x00,
	0x00, 0x9b, 0x81, 0x2e, 0xe7, 0x64, 0xbc, 0x01,
	0x01, 0x00, 0x00, 0x00, 0x48, 0x00, 0x50, 0x00,
	0x53, 0x00, 0x58, 0x00, 0x5c, 0x00, 0x44, 0x00,
	0x4f, 0x00, 0x43, 0x00, 0x5c, 0x00, 0x4a, 0x00,
	0x50, 0x00, 0x5c, 0x00, 0x48, 0x00, 0x54, 0x00,
	0x4d, 0x00, 0x4c, 0x00, 0x5c, 0x00, 0x4c, 0x00,
	0x49, 0x00, 0x42, 0x00, 0x52, 0x00, 0x45, 0x00,
	0x46, 0x00, 0x5c, 0x00, 0x53, 0x00, 0x53, 0x00,
	0x43, 0x00, 0x53, 0x00, 0x45, 0x00, 0x50, 0x00,
	0x4c, 0x00, 0x45, 0x00, 0x2e, 0x00, 0x48, 0x00,
	0x54, 0x00, 0x4d, 0x00, 0x00, 0x00, 0x5e, 0x00,
	0x04, 0x00, 0x00, 0x00, 0x08, 0x00, 0x00, 0x9b,
	0x81, 0x2e, 0xe7, 0x64, 0xbc, 0x01, 0x01, 0x00,
	0x00, 0x00, 0x48, 0x00, 0x50, 0x00, 0x53, 0x00,
	0x58, 0x00, 0x5c, 0x00, 0x44, 0x00, 0x4f, 0x00,
	0x43, 0x00, 0x5c, 0x00, 0x4a, 0x00, 0x50, 0x00,
	0x5c, 0x00, 0x48, 0x00, 0x54, 0x00, 0x4d, 0x00,
	0x4c, 0x00, 0x5c, 0x00, 0x4c, 0x00, 0x49, 0x00,
	0x42, 0x00, 0x52, 0x00, 0x45, 0x00, 0x46, 0x00,
	0x5c, 0x00, 0x53, 0x00, 0x53, 0x00, 0x43, 0x00,
	0x54, 0x00, 0x53, 0x00, 0x45, 0x00, 0x51, 0x00,
	0x54, 0x00, 0x2e, 0x00, 0x48, 0x00, 0x54, 0x00,
	0x4d, 0x00, 0x00, 0x00, 0x5e, 0x00, 0x04, 0x00,
	0x00, 0x00, 0x08, 0x00, 0x00, 0x9b, 0x81, 0x2e,
	0xe7, 0x64, 0xbc, 0x01, 0x01, 0x00, 0x00, 0x00,
	0x48, 0x00, 0x50, 0x00, 0x53, 0x00, 0x58, 0x00,
	0x5c, 0x00, 0x44, 0x00, 0x4f, 0x00, 0x43, 0x00,
	0x5c, 0x00, 0x4a, 0x00, 0x50, 0x00, 0x5c, 0x00,
	0x48, 0x00, 0x54, 0x00, 0x4d, 0x00, 0x4c, 0x00,
	0x5c, 0x00, 0x4c, 0x00, 0x49, 0x00, 0x42, 0x00,
	0x52, 0x00, 0x45, 0x00, 0x46, 0x00, 0x5c, 0x00,
	0x53, 0x00, 0x53, 0x00, 0x45, 0x00, 0x54, 0x00,
	0x45, 0x00, 0x54, 0x00, 0x4d, 0x00, 0x45, 0x00,
	0x2e, 0x00, 0x48, 0x00, 0x54, 0x00, 0x4d, 0x00,
	0x00, 0x00, 0x5e, 0x00, 0x04, 0x00, 0x00, 0x00,
	0x08, 0x00, 0x00, 0x9b, 0x81, 0x2e, 0xe7, 0x64,
	0xbc, 0x01, 0x01, 0x00, 0x00, 0x00, 0x48, 0x00,
	0x50, 0x00, 0x53, 0x00, 0x58, 0x00, 0x5c, 0x00,
	0x44, 0x00, 0x4f, 0x00, 0x43, 0x00, 0x5c, 0x00,
	0x4a, 0x00, 0x50, 0x00, 0x5c, 0x00, 0x48, 0x00,
	0x54, 0x00, 0x4d, 0x00, 0x4c, 0x00, 0x5c, 0x00,
	0x4c, 0x00, 0x49, 0x00, 0x42, 0x00, 0x52, 0x00,
	0x45, 0x00, 0x46, 0x00, 0x5c, 0x00, 0x53, 0x00,
	0x53, 0x00, 0x43, 0x00, 0x43, 0x00, 0x44, 0x00,
	0x4d, 0x00, 0x50, 0x00, 0x58, 0x00, 0x2e, 0x00,
	0x48, 0x00, 0x54, 0x00, 0x4d, 0x00, 0x00, 0x00,
	0x5e, 0x00, 0x04, 0x00, 0x00, 0x00, 0x08, 0x00,
	0x00, 0x9b, 0x81, 0x2e, 0xe7, 0x64, 0xbc, 0x01,
	0x01, 0x00, 0x00, 0x00, 0x48, 0x00, 0x50, 0x00,
	0x53, 0x00, 0x58, 0x00, 0x5c, 0x00, 0x44, 0x00,
	0x4f, 0x00, 0x43, 0x00, 0x5c, 0x00, 0x4a, 0x00,
	0x50, 0x00, 0x5c, 0x00, 0x48, 0x00, 0x54, 0x00,
	0x4d, 0x00, 0x4c, 0x00, 0x5c, 0x00, 0x4c, 0x00,
	0x49, 0x00, 0x42, 0x00, 0x52, 0x00, 0x45, 0x00,
	0x46, 0x00, 0x5c, 0x00, 0x53, 0x00, 0x53, 0x00,
	0x43, 0x00, 0x4d, 0x00, 0x56, 0x00, 0x41, 0x00,
	0x50, 0x00, 0x52, 0x00, 0x2e, 0x00, 0x48, 0x00,
	0x54, 0x00, 0x4d, 0x00, 0x00, 0x00, 0x5e, 0x00,
	0x04, 0x00, 0x00, 0x00, 0x08, 0x00, 0x00, 0x9b,
	0x81, 0x2e, 0xe7, 0x64, 0xbc, 0x01, 0x01, 0x00,
	0x00, 0x00, 0x48, 0x00, 0x50, 0x00, 0x53, 0x00,
	0x58, 0x00, 0x5c, 0x00, 0x44, 0x00, 0x4f, 0x00,
	0x43, 0x00, 0x5c, 0x00, 0x4a, 0x00, 0x50, 0x00,
	0x5c, 0x00, 0x48, 0x00, 0x54, 0x00, 0x4d, 0x00,
	0x4c, 0x00, 0x5c, 0x00, 0x4c, 0x00, 0x49, 0x00,
	0x42, 0x00, 0x52, 0x00, 0x45, 0x00, 0x46, 0x00,
	0x5c, 0x00, 0x53, 0x00, 0x53, 0x00, 0x43, 0x00,
	0x41, 0x00, 0x50, 0x00, 0x55, 0x00, 0x45, 0x00,
	0x52, 0x00, 0x2e, 0x00, 0x48, 0x00, 0x54, 0x00,
	0x4d, 0x00, 0x00, 0x00, 0x5e, 0x00, 0x04, 0x00,
	0x00, 0x00, 0x08, 0x00, 0x00, 0x9b, 0x81, 0x2e,
	0xe7, 0x64, 0xbc, 0x01, 0x01, 0x00, 0x00, 0x00,
	0x48, 0x00, 0x50, 0x00, 0x53, 0x00, 0x58, 0x00,
	0x5c, 0x00, 0x44, 0x00, 0x4f, 0x00, 0x43, 0x00,
	0x5c, 0x00, 0x4a, 0x00, 0x50, 0x00, 0x5c, 0x00,
	0x48, 0x00, 0x54, 0x00, 0x4d, 0x00, 0x4c, 0x00,
	0x5c, 0x00, 0x4c, 0x00, 0x49, 0x00, 0x42, 0x00,
	0x52, 0x00, 0x45, 0x00, 0x46, 0x00, 0x5c, 0x00,
	0x53, 0x00, 0x53, 0x00, 0x43, 0x00, 0x4d, 0x00,
	0x56, 0x00, 0x50, 0x00, 0x55, 0x00, 0x45, 0x00,
	0x2e, 0x00, 0x48, 0x00, 0x54, 0x00, 0x4d, 0x00,
	0x00, 0x00, 0x5e, 0x00, 0x04, 0x00, 0x00, 0x00,
	0x08, 0x00, 0x00, 0x9b, 0x81, 0x2e, 0xe7, 0x64,
	0xbc, 0x01, 0x01, 0x00, 0x00, 0x00, 0x48, 0x00,
	0x50, 0x00, 0x53, 0x00, 0x58, 0x00, 0x5c, 0x00,
	0x44, 0x00, 0x4f, 0x00, 0x43, 0x00, 0x5c, 0x00,
	0x4a, 0x00, 0x50, 0x00, 0x5c, 0x00, 0x48, 0x00,
	0x54, 0x00, 0x4d, 0x00, 0x4c, 0x00, 0x5c, 0x00,
	0x4c, 0x00, 0x49, 0x00, 0x42, 0x00, 0x52, 0x00,
	0x45, 0x00, 0x46, 0x00, 0x5c, 0x00, 0x53, 0x00,
	0x53, 0x00, 0x45, 0x00, 0x50, 0x00, 0x55, 0x00,
	0x45, 0x00, 0x54, 0x00, 0x56, 0x00, 0x2e, 0x00,
	0x48, 0x00, 0x54, 0x00, 0x4d, 0x00, 0x00, 0x00,
	0x5e, 0x00, 0x04, 0x00, 0x00, 0x00, 0x08, 0x00,
	0x00, 0x9b, 0x81, 0x2e, 0xe7, 0x64, 0xbc, 0x01,
	0x01, 0x00, 0x00, 0x00, 0x48, 0x00, 0x50, 0x00,
	0x53, 0x00, 0x58, 0x00, 0x5c, 0x00, 0x44, 0x00,
	0x4f, 0x00, 0x43, 0x00, 0x5c, 0x00, 0x4a, 0x00,
	0x50, 0x00, 0x5c, 0x00, 0x48, 0x00, 0x54, 0x00,
	0x4d, 0x00, 0x4c, 0x00, 0x5c, 0x00, 0x4c, 0x00,
	0x49, 0x00, 0x42, 0x00, 0x52, 0x00, 0x45, 0x00,
	0x46, 0x00, 0x5c, 0x00, 0x53, 0x00, 0x53, 0x00,
	0x43, 0x00, 0x43, 0x00, 0x44, 0x00, 0x56, 0x00,
	0x50, 0x00, 0x45, 0x00, 0x2e, 0x00, 0x48, 0x00,
	0x54, 0x00, 0x4d, 0x00, 0x00, 0x00, 0x5e, 0x00,
	0x04, 0x00, 0x00, 0x00, 0x08, 0x00, 0x00, 0x9b,
	0x81, 0x2e, 0xe7, 0x64, 0xbc, 0x01, 0x01, 0x00,
	0x00, 0x00, 0x48, 0x00, 0x50, 0x00, 0x53, 0x00,
	0x58, 0x00, 0x5c, 0x00, 0x44, 0x00, 0x4f, 0x00,
	0x43, 0x00, 0x5c, 0x00, 0x4a, 0x00, 0x50, 0x00,
	0x5c, 0x00, 0x48, 0x00, 0x54, 0x00, 0x4d, 0x00,
	0x4c, 0x00, 0x5c, 0x00, 0x4c, 0x00, 0x49, 0x00,
	0x42, 0x00, 0x52, 0x00, 0x45, 0x00, 0x46, 0x00,
	0x5c, 0x00, 0x53, 0x00, 0x53, 0x00, 0x43, 0x00,
	0x43, 0x00, 0x44, 0x00, 0x52, 0x00, 0x50, 0x00,
	0x42, 0x00, 0x2e, 0x00, 0x48, 0x00, 0x54, 0x00,
	0x4d, 0x00, 0x00, 0x00, 0x5e, 0x00, 0x04, 0x00,
	0x00, 0x00, 0x08, 0x00, 0x00, 0xc8, 0xb2, 0x2f,
	0xe7, 0x64, 0xbc, 0x01, 0x01, 0x00, 0x00, 0x00,
	0x48, 0x00, 0x50, 0x00, 0x53, 0x00, 0x58, 0x00,
	0x5c, 0x00, 0x44, 0x00, 0x4f, 0x00, 0x43, 0x00,
	0x5c, 0x00, 0x4a, 0x00, 0x50, 0x00, 0x5c, 0x00,
	0x48, 0x00, 0x54, 0x00, 0x4d, 0x00, 0x4c, 0x00,
	0x5c, 0x00, 0x4c, 0x00, 0x49, 0x00, 0x42, 0x00,
	0x52, 0x00, 0x45, 0x00, 0x46, 0x00, 0x5c, 0x00,
	0x53, 0x00, 0x53, 0x00, 0x49, 0x00, 0x52, 0x00,
	0x50, 0x00, 0x55, 0x00, 0x45, 0x00, 0x51, 0x00,
	0x2e, 0x00, 0x48, 0x00, 0x54, 0x00, 0x4d, 0x00,
	0x00, 0x00, 0x5a, 0x00, 0x04, 0x00, 0x00, 0x00,
	0x08, 0x00, 0x00, 0xc8, 0xb2, 0x2f, 0xe7, 0x64,
	0xbc, 0x01, 0x01, 0x00, 0x00, 0x00, 0x44, 0x00,
	0x50, 0x00, 0x53, 0x00, 0x58, 0x00, 0x5c, 0x00,
	0x44, 0x00, 0x4f, 0x00, 0x43, 0x00, 0x5c, 0x00,
	0x4a, 0x00, 0x50, 0x00, 0x5c, 0x00, 0x48, 0x00,
	0x54, 0x00, 0x4d, 0x00, 0x4c, 0x00, 0x5c, 0x00,
	0x4c, 0x00, 0x49, 0x00, 0x42, 0x00, 0x52, 0x00,
	0x45, 0x00, 0x46, 0x00, 0x5c, 0x00, 0x53, 0x00,
	0x53, 0x00, 0x49, 0x00, 0x4e, 0x00, 0x49, 0x00,
	0x54, 0x00, 0x2e, 0x00, 0x48, 0x00, 0x54, 0x00,
	0x4d, 0x00, 0x00, 0x00, 0x5e, 0x00, 0x04, 0x00,
	0x00, 0x00, 0x08, 0x00, 0x00, 0xc8, 0xb2, 0x2f,
	0xe7, 0x64, 0xbc, 0x01, 0x01, 0x00, 0x00, 0x00,
	0x48, 0x00, 0x50, 0x00, 0x53, 0x00, 0x58, 0x00,
	0x5c, 0x00, 0x44, 0x00, 0x4f, 0x00, 0x43, 0x00,
	0x5c, 0x00, 0x4a, 0x00, 0x50, 0x00, 0x5c, 0x00,
	0x48, 0x00, 0x54, 0x00, 0x4d, 0x00, 0x4c, 0x00,
	0x5c, 0x00, 0x4c, 0x00, 0x49, 0x00, 0x42, 0x00,
	0x52, 0x00, 0x45, 0x00, 0x46, 0x00, 0x5c, 0x00,
	0x53, 0x00, 0x53, 0x00, 0x47, 0x00, 0x45, 0x00,
	0x54, 0x00, 0x4e, 0x00, 0x43, 0x00, 0x4b, 0x00,
	0x2e, 0x00, 0x48, 0x00, 0x54, 0x00, 0x4d, 0x00,
	0x00, 0x00, 0x5e, 0x00, 0x04, 0x00, 0x00, 0x00,
	0x08, 0x00, 0x00, 0xc8, 0xb2, 0x2f, 0xe7, 0x64,
	0xbc, 0x01, 0x01, 0x00, 0x00, 0x00, 0x48, 0x00,
	0x50, 0x00, 0x53, 0x00, 0x58, 0x00, 0x5c, 0x00,
	0x44, 0x00, 0x4f, 0x00, 0x43, 0x00, 0x5c, 0x00,
	0x4a, 0x00, 0x50, 0x00, 0x5c, 0x00, 0x48, 0x00,
	0x54, 0x00, 0x4d, 0x00, 0x4c, 0x00, 0x5c, 0x00,
	0x4c, 0x00, 0x49, 0x00, 0x42, 0x00, 0x52, 0x00,
	0x45, 0x00, 0x46, 0x00, 0x5c, 0x00, 0x53, 0x00,
	0x53, 0x00, 0x49, 0x00, 0x50, 0x00, 0x55, 0x00,
	0x54, 0x00, 0x4e, 0x00, 0x54, 0x00, 0x2e, 0x00,
	0x48, 0x00, 0x54, 0x00, 0x4d, 0x00, 0x00, 0x00,
	0x5e, 0x00, 0x04, 0x00, 0x00, 0x00, 0x08, 0x00,
	0x00, 0xc8, 0xb2, 0x2f, 0xe7, 0x64, 0xbc, 0x01,
	0x01, 0x00, 0x00, 0x00, 0x48, 0x00, 0x50, 0x00,
	0x53, 0x00, 0x58, 0x00, 0x5c, 0x00, 0x44, 0x00,
	0x4f, 0x00, 0x43, 0x00, 0x5c, 0x00, 0x4a, 0x00,
	0x50, 0x00, 0x5c, 0x00, 0x48, 0x00, 0x54, 0x00,
	0x4d, 0x00, 0x4c, 0x00, 0x5c, 0x00, 0x4c, 0x00,
	0x49, 0x00, 0x42, 0x00, 0x52, 0x00, 0x45, 0x00,
	0x46, 0x00, 0x5c, 0x00, 0x53, 0x00, 0x53, 0x00,
	0x47, 0x00, 0x56, 0x00, 0x53, 0x00, 0x45, 0x00,
	0x51, 0x00, 0x4c, 0x00, 0x2e, 0x00, 0x48, 0x00,
	0x54, 0x00, 0x4d, 0x00, 0x00, 0x00, 0x5e, 0x00,
	0x04, 0x00, 0x00, 0x00, 0x08, 0x00, 0x00, 0xc8,
	0xb2, 0x2f, 0xe7, 0x64, 0xbc, 0x01, 0x01, 0x00,
	0x00, 0x00, 0x48, 0x00, 0x50, 0x00, 0x53, 0x00,
	0x58, 0x00, 0x5c, 0x00, 0x44, 0x00, 0x4f, 0x00,
	0x43, 0x00, 0x5c, 0x00, 0x4a, 0x00, 0x50, 0x00,
	0x5c, 0x00, 0x48, 0x00, 0x54, 0x00, 0x4d, 0x00,
	0x4c, 0x00, 0x5c, 0x00, 0x4c, 0x00, 0x49, 0x00,
	0x42, 0x00, 0x52, 0x00, 0x45, 0x00, 0x46, 0x00,
	0x5c, 0x00, 0x53, 0x00, 0x53, 0x00, 0x47, 0x00,
	0x53, 0x00, 0x50, 0x00, 0x55, 0x00, 0x54, 0x00,
	0x53, 0x00, 0x2e, 0x00, 0x48, 0x00, 0x54, 0x00,
	0x4d, 0x00, 0x00, 0x00, 0x5e, 0x00, 0x04, 0x00,
	0x00, 0x00, 0x08, 0x00, 0x00, 0xc8, 0xb2, 0x2f,
	0xe7, 0x64, 0xbc, 0x01, 0x01, 0x00, 0x00, 0x00,
	0x48, 0x00, 0x50, 0x00, 0x53, 0x00, 0x58, 0x00,
	0x5c, 0x00, 0x44, 0x00, 0x4f, 0x00, 0x43, 0x00,
	0x5c, 0x00, 0x4a, 0x00, 0x50, 0x00, 0x5c, 0x00,
	0x48, 0x00, 0x54, 0x00, 0x4d, 0x00, 0x4c, 0x00,
	0x5c, 0x00, 0x4c, 0x00, 0x49, 0x00, 0x42, 0x00,
	0x52, 0x00, 0x45, 0x00, 0x46, 0x00, 0x5c, 0x00,
	0x53, 0x00, 0x53, 0x00, 0x47, 0x00, 0x56, 0x00,
	0x53, 0x00, 0x50, 0x00, 0x55, 0x00, 0x53, 0x00,
	0x2e, 0x00, 0x48, 0x00, 0x54, 0x00, 0x4d, 0x00,
	0x00, 0x00, 0x5e, 0x00, 0x04, 0x00, 0x00, 0x00,
	0x08, 0x00, 0x00, 0xc8, 0xb2, 0x2f, 0xe7, 0x64,
	0xbc, 0x01, 0x01, 0x00, 0x00, 0x00, 0x48, 0x00,
	0x50, 0x00, 0x53, 0x00, 0x58, 0x00, 0x5c, 0x00,
	0x44, 0x00, 0x4f, 0x00, 0x43, 0x00, 0x5c, 0x00,
	0x4a, 0x00, 0x50, 0x00, 0x5c, 0x00, 0x48, 0x00,
	0x54, 0x00, 0x4d, 0x00, 0x4c, 0x00, 0x5c, 0x00,
	0x4c, 0x00, 0x49, 0x00, 0x42, 0x00, 0x52, 0x00,
	0x45, 0x00, 0x46, 0x00, 0x5c, 0x00, 0x53, 0x00,
	0x53, 0x00, 0x49, 0x00, 0x52, 0x00, 0x51, 0x00,
	0x43, 0x00, 0x50, 0x00, 0x4b, 0x00, 0x2e, 0x00,
	0x48, 0x00, 0x54, 0x00, 0x4d, 0x00, 0x00, 0x00,
	0x5e, 0x00, 0x04, 0x00, 0x00, 0x00, 0x08, 0x00,
	0x00, 0xc8, 0xb2, 0x2f, 0xe7, 0x64, 0xbc, 0x01,
	0x01, 0x00, 0x00, 0x00, 0x48, 0x00, 0x50, 0x00,
	0x53, 0x00, 0x58, 0x00, 0x5c, 0x00, 0x44, 0x00,
	0x4f, 0x00, 0x43, 0x00, 0x5c, 0x00, 0x4a, 0x00,
	0x50, 0x00, 0x5c, 0x00, 0x48, 0x00, 0x54, 0x00,
	0x4d, 0x00, 0x4c, 0x00, 0x5c, 0x00, 0x4c, 0x00,
	0x49, 0x00, 0x42, 0x00, 0x52, 0x00, 0x45, 0x00,
	0x46, 0x00, 0x5c, 0x00, 0x53, 0x00, 0x53, 0x00,
	0x4b, 0x00, 0x50, 0x00, 0x55, 0x00, 0x45, 0x00,
	0x54, 0x00, 0x59, 0x00, 0x2e, 0x00, 0x48, 0x00,
	0x54, 0x00, 0x4d, 0x00, 0x00, 0x00, 0x5e, 0x00,
	0x04, 0x00, 0x00, 0x00, 0x08, 0x00, 0x00, 0xc8,
	0xb2, 0x2f, 0xe7, 0x64, 0xbc, 0x01, 0x01, 0x00,
	0x00, 0x00, 0x48, 0x00, 0x50, 0x00, 0x53, 0x00,
	0x58, 0x00, 0x5c, 0x00, 0x44, 0x00, 0x4f, 0x00,
	0x43, 0x00, 0x5c, 0x00, 0x4a, 0x00, 0x50, 0x00,
	0x5c, 0x00, 0x48, 0x00, 0x54, 0x00, 0x4d, 0x00,
	0x4c, 0x00, 0x5c, 0x00, 0x4c, 0x00, 0x49, 0x00,
	0x42, 0x00, 0x52, 0x00, 0x45, 0x00, 0x46, 0x00,
	0x5c, 0x00, 0x53, 0x00, 0x53, 0x00, 0x4b, 0x00,
	0x4f, 0x00, 0x57, 0x00, 0x41, 0x00, 0x50, 0x00,
	0x52, 0x00, 0x2e, 0x00, 0x48, 0x00, 0x54, 0x00,
	0x4d, 0x00, 0x00, 0x00, 0x5c, 0x00, 0x04, 0x00,
	0x00, 0x00, 0x08, 0x00, 0x00, 0xc8, 0xb2, 0x2f,
	0xe7, 0x64, 0xbc, 0x01, 0x01, 0x00, 0x00, 0x00,
	0x46, 0x00, 0x50, 0x00, 0x53, 0x00, 0x58, 0x00,
	0x5c, 0x00, 0x44, 0x00, 0x4f, 0x00, 0x43, 0x00,
	0x5c, 0x00, 0x4a, 0x00, 0x50, 0x00, 0x5c, 0x00,
	0x48, 0x00, 0x54, 0x00, 0x4d, 0x00, 0x4c, 0x00,
	0x5c, 0x00, 0x4c, 0x00, 0x49, 0x00, 0x42, 0x00,
	0x52, 0x00, 0x45, 0x00, 0x46, 0x00, 0x5c, 0x00,
	0x53, 0x00, 0x53, 0x00, 0x49, 0x00, 0x53, 0x00,
	0x45, 0x00, 0x4f, 0x00, 0x53, 0x00, 0x2e, 0x00,
	0x48, 0x00, 0x54, 0x00, 0x4d, 0x00, 0x00, 0x00,
	0x5e, 0x00, 0x04, 0x00, 0x00, 0x00, 0x08, 0x00,
	0x00, 0xc8, 0xb2, 0x2f, 0xe7, 0x64, 0xbc, 0x01,
	0x01, 0x00, 0x00, 0x00, 0x48, 0x00, 0x50, 0x00,
	0x53, 0x00, 0x58, 0x00, 0x5c, 0x00, 0x44, 0x00,
	0x4f, 0x00, 0x43, 0x00, 0x5c, 0x00, 0x4a, 0x00,
	0x50, 0x00, 0x5c, 0x00, 0x48, 0x00, 0x54, 0x00,
	0x4d, 0x00, 0x4c, 0x00, 0x5c, 0x00, 0x4c, 0x00,
	0x49, 0x00, 0x42, 0x00, 0x52, 0x00, 0x45, 0x00,
	0x46, 0x00, 0x5c, 0x00, 0x53, 0x00, 0x53, 0x00,
	0x49, 0x00, 0x52, 0x00, 0x51, 0x00, 0x41, 0x00,
	0x50, 0x00, 0x52, 0x00, 0x2e, 0x00, 0x48, 0x00,
	0x54, 0x00, 0x4d, 0x00, 0x00, 0x00, 0x5e, 0x00,
	0x04, 0x00, 0x00, 0x00, 0x08, 0x00, 0x00, 0xf5,
	0xe3, 0x30, 0xe7, 0x64, 0xbc, 0x01, 0x01, 0x00,
	0x00, 0x00, 0x48, 0x00, 0x50, 0x00, 0x53, 0x00,
	0x58, 0x00, 0x5c, 0x00, 0x44, 0x00, 0x4f, 0x00,
	0x43, 0x00, 0x5c, 0x00, 0x4a, 0x00, 0x50, 0x00,
	0x5c, 0x00, 0x48, 0x00, 0x54, 0x00, 0x4d, 0x00,
	0x4c, 0x00, 0x5c, 0x00, 0x4c, 0x00, 0x49, 0x00,
	0x42, 0x00, 0x52, 0x00, 0x45, 0x00, 0x46, 0x00,
	0x5c, 0x00, 0x53, 0x00, 0x53, 0x00, 0x4e, 0x00,
	0x43, 0x00, 0x50, 0x00, 0x55, 0x00, 0x45, 0x00,
	0x4b, 0x00, 0x2e, 0x00, 0x48, 0x00, 0x54, 0x00,
	0x4d, 0x00, 0x00, 0x00, 0x5e, 0x00, 0x04, 0x00,
	0x00, 0x00, 0x08, 0x00, 0x00, 0xf5, 0xe3, 0x30,
	0xe7, 0x64, 0xbc, 0x01, 0x01, 0x00, 0x00, 0x00,
	0x48, 0x00, 0x50, 0x00, 0x53, 0x00, 0x58, 0x00,
	0x5c, 0x00, 0x44, 0x00, 0x4f, 0x00, 0x43, 0x00,
	0x5c, 0x00, 0x4a, 0x00, 0x50, 0x00, 0x5c, 0x00,
	0x48, 0x00, 0x54, 0x00, 0x4d, 0x00, 0x4c, 0x00,
	0x5c, 0x00, 0x4c, 0x00, 0x49, 0x00, 0x42, 0x00,
	0x52, 0x00, 0x45, 0x00, 0x46, 0x00, 0x5c, 0x00,
	0x53, 0x00, 0x53, 0x00, 0x4e, 0x00, 0x4f, 0x00,
	0x53, 0x00, 0x45, 0x00, 0x54, 0x00, 0x46, 0x00,
	0x2e, 0x00, 0x48, 0x00, 0x54, 0x00, 0x4d, 0x00,
	0x00, 0x00, 0x5e, 0x00, 0x04, 0x00, 0x00, 0x00,
	0x08, 0x00, 0x00, 0xf5, 0xe3, 0x30, 0xe7, 0x64,
	0xbc, 0x01, 0x01, 0x00, 0x00, 0x00, 0x48, 0x00,
	0x50, 0x00, 0x53, 0x00, 0x58, 0x00, 0x5c, 0x00,
	0x44, 0x00, 0x4f, 0x00, 0x43, 0x00, 0x5c, 0x00,
	0x4a, 0x00, 0x50, 0x00, 0x5c, 0x00, 0x48, 0x00,
	0x54, 0x00, 0x4d, 0x00, 0x4c, 0x00, 0x5c, 0x00,
	0x4c, 0x00, 0x49, 0x00, 0x42, 0x00, 0x52, 0x00,
	0x45, 0x00, 0x46, 0x00, 0x5c, 0x00, 0x53, 0x00,
	0x53, 0x00, 0x4c, 0x00, 0x53, 0x00, 0x45, 0x00,
	0x54, 0x00, 0x4f, 0x00, 0x50, 0x00, 0x2e, 0x00,
	0x48, 0x00, 0x54, 0x00, 0x4d, 0x00, 0x00, 0x00,
	0x5e, 0x00, 0x04, 0x00, 0x00, 0x00, 0x08, 0x00,
	0x00, 0xf5, 0xe3, 0x30, 0xe7, 0x64, 0xbc, 0x01,
	0x01, 0x00, 0x00, 0x00, 0x48, 0x00, 0x50, 0x00,
	0x53, 0x00, 0x58, 0x00, 0x5c, 0x00, 0x44, 0x00,
	0x4f, 0x00, 0x43, 0x00, 0x5c, 0x00, 0x4a, 0x00,
	0x50, 0x00, 0x5c, 0x00, 0x48, 0x00, 0x54, 0x00,
	0x4d, 0x00, 0x4c, 0x00, 0x5c, 0x00, 0x4c, 0x00,
	0x49, 0x00, 0x42, 0x00, 0x52, 0x00, 0x45, 0x00,
	0x46, 0x00, 0x5c, 0x00, 0x53, 0x00, 0x53, 0x00,
	0x4d, 0x00, 0x53, 0x00, 0x45, 0x00, 0x54, 0x00,
	0x4f, 0x00, 0x4f, 0x00, 0x2e, 0x00, 0x48, 0x00,
	0x54, 0x00, 0x4d, 0x00, 0x00, 0x00, 0x5e, 0x00,
	0x04, 0x00, 0x00, 0x00, 0x08, 0x00, 0x00, 0xf5,
	0xe3, 0x30, 0xe7, 0x64, 0xbc, 0x01, 0x01, 0x00,
	0x00, 0x00, 0x48, 0x00, 0x50, 0x00, 0x53, 0x00,
	0x58, 0x00, 0x5c, 0x00, 0x44, 0x00, 0x4f, 0x00,
	0x43, 0x00, 0x5c, 0x00, 0x4a, 0x00, 0x50, 0x00,
	0x5c, 0x00, 0x48, 0x00, 0x54, 0x00, 0x4d, 0x00,
	0x4c, 0x00, 0x5c, 0x00, 0x4c, 0x00, 0x49, 0x00,
	0x42, 0x00, 0x52, 0x00, 0x45, 0x00, 0x46, 0x00,
	0x5c, 0x00, 0x53, 0x00, 0x53, 0x00, 0x4c, 0x00,
	0x31, 0x00, 0x51, 0x00, 0x55, 0x00, 0x41, 0x00,
	0x32, 0x00, 0x2e, 0x00, 0x48, 0x00, 0x54, 0x00,
	0x4d, 0x00, 0x00, 0x00, 0x5e, 0x00, 0x04, 0x00,
	0x00, 0x00, 0x08, 0x00, 0x00, 0xf5, 0xe3, 0x30,
	0xe7, 0x64, 0xbc, 0x01, 0x01, 0x00, 0x00, 0x00,
	0x48, 0x00, 0x50, 0x00, 0x53, 0x00, 0x58, 0x00,
	0x5c, 0x00, 0x44, 0x00, 0x4f, 0x00, 0x43, 0x00,
	0x5c, 0x00, 0x4a, 0x00, 0x50, 0x00, 0x5c, 0x00,
	0x48, 0x00, 0x54, 0x00, 0x4d, 0x00, 0x4c, 0x00,
	0x5c, 0x00, 0x4c, 0x00, 0x49, 0x00, 0x42, 0x00,
	0x52, 0x00, 0x45, 0x00, 0x46, 0x00, 0x5c, 0x00,
	0x53, 0x00, 0x53, 0x00, 0x4d, 0x00, 0x43, 0x00,
	0x53, 0x00, 0x45, 0x00, 0x54, 0x00, 0x4b, 0x00,
	0x2e, 0x00, 0x48, 0x00, 0x54, 0x00, 0x4d, 0x00,
	0x00, 0x00, 0x5e, 0x00, 0x04, 0x00, 0x00, 0x00,
	0x08, 0x00, 0x00, 0xf5, 0xe3, 0x30, 0xe7, 0x64,
	0xbc, 0x01, 0x01, 0x00, 0x00, 0x00, 0x48, 0x00,
	0x50, 0x00, 0x53, 0x00, 0x58, 0x00, 0x5c, 0x00,
	0x44, 0x00, 0x4f, 0x00, 0x43, 0x00, 0x5c, 0x00,
	0x4a, 0x00, 0x50, 0x00, 0x5c, 0x00, 0x48, 0x00,
	0x54, 0x00, 0x4d, 0x00, 0x4c, 0x00, 0x5c, 0x00,
	0x4c, 0x00, 0x49, 0x00, 0x42, 0x00, 0x52, 0x00,
	0x45, 0x00, 0x46, 0x00, 0x5c, 0x00, 0x53, 0x00,
	0x53, 0x00, 0x4d, 0x00, 0x50, 0x00, 0x55, 0x00,
	0x45, 0x00, 0x54, 0x00, 0x45, 0x00, 0x2e, 0x00,
	0x48, 0x00, 0x54, 0x00, 0x4d, 0x00, 0x00, 0x00,
	0x5e, 0x00, 0x04, 0x00, 0x00, 0x00, 0x08, 0x00,
	0x00, 0xf5, 0xe3, 0x30, 0xe7, 0x64, 0xbc, 0x01,
	0x01, 0x00, 0x00, 0x00, 0x48, 0x00, 0x50, 0x00,
	0x53, 0x00, 0x58, 0x00, 0x5c, 0x00, 0x44, 0x00,
	0x4f, 0x00, 0x43, 0x00, 0x5c, 0x00, 0x4a, 0x00,
	0x50, 0x00, 0x5c, 0x00, 0x48, 0x00, 0x54, 0x00,
	0x4d, 0x00, 0x4c, 0x00, 0x5c, 0x00, 0x4c, 0x00,
	0x49, 0x00, 0x42, 0x00, 0x52, 0x00, 0x45, 0x00,
	0x46, 0x00, 0x5c, 0x00, 0x53, 0x00, 0x53, 0x00,
	0x4d, 0x00, 0x53, 0x00, 0x45, 0x00, 0x54, 0x00,
	0x55, 0x00, 0x45, 0x00, 0x2e, 0x00, 0x48, 0x00,
	0x54, 0x00, 0x4d, 0x00, 0x00, 0x00, 0x5e, 0x00,
	0x04, 0x00, 0x00, 0x00, 0x08, 0x00, 0x00, 0xf5,
	0xe3, 0x30, 0xe7, 0x64, 0xbc, 0x01, 0x01, 0x00,
	0x00, 0x00, 0x48, 0x00, 0x50, 0x00, 0x53, 0x00,
	0x58, 0x00, 0x5c, 0x00, 0x44, 0x00, 0x4f, 0x00,
	0x43, 0x00, 0x5c, 0x00, 0x4a, 0x00, 0x50, 0x00,
	0x5c, 0x00, 0x48, 0x00, 0x54, 0x00, 0x4d, 0x00,
	0x4c, 0x00, 0x5c, 0x00, 0x4c, 0x00, 0x49, 0x00,
	0x42, 0x00, 0x52, 0x00, 0x45, 0x00, 0x46, 0x00,
	0x5c, 0x00, 0x53, 0x00, 0x53, 0x00, 0x4d, 0x00,
	0x54, 0x00, 0x45, 0x00, 0x54, 0x00, 0x41, 0x00,
	0x4b, 0x00, 0x2e, 0x00, 0x48, 0x00, 0x54, 0x00,
	0x4d, 0x00, 0x00, 0x00, 0x5e, 0x00, 0x04, 0x00,
	0x00, 0x00, 0x08, 0x00, 0x00, 0xf5, 0xe3, 0x30,
	0xe7, 0x64, 0xbc, 0x01, 0x01, 0x00, 0x00, 0x00,
	0x48, 0x00, 0x50, 0x00, 0x53, 0x00, 0x58, 0x00,
	0x5c, 0x00, 0x44, 0x00, 0x4f, 0x00, 0x43, 0x00,
	0x5c, 0x00, 0x4a, 0x00, 0x50, 0x00, 0x5c, 0x00,
	0x48, 0x00, 0x54, 0x00, 0x4d, 0x00, 0x4c, 0x00,
	0x5c, 0x00, 0x4c, 0x00, 0x49, 0x00, 0x42, 0x00,
	0x52, 0x00, 0x45, 0x00, 0x46, 0x00, 0x5c, 0x00,
	0x53, 0x00, 0x53, 0x00, 0x4e, 0x00, 0x4f, 0x00,
	0x53, 0x00, 0x45, 0x00, 0x54, 0x00, 0x4e, 0x00,
	0x2e, 0x00, 0x48, 0x00, 0x54, 0x00, 0x4d, 0x00,
	0x00, 0x00, 0x5e, 0x00, 0x04, 0x00, 0x00, 0x00,
	0x08, 0x00, 0x00, 0xf5, 0xe3, 0x30, 0xe7, 0x64,
	0xbc, 0x01, 0x01, 0x00, 0x00, 0x00, 0x48, 0x00,
	0x50, 0x00, 0x53, 0x00, 0x58, 0x00, 0x5c, 0x00,
	0x44, 0x00, 0x4f, 0x00, 0x43, 0x00, 0x5c, 0x00,
	0x4a, 0x00, 0x50, 0x00, 0x5c, 0x00, 0x48, 0x00,
	0x54, 0x00, 0x4d, 0x00, 0x4c, 0x00, 0x5c, 0x00,
	0x4c, 0x00, 0x49, 0x00, 0x42, 0x00, 0x52, 0x00,
	0x45, 0x00, 0x46, 0x00, 0x5c, 0x00, 0x53, 0x00,
	0x53, 0x00, 0x4d, 0x00, 0x56, 0x00, 0x53, 0x00,
	0x45, 0x00, 0x54, 0x00, 0x4c, 0x00, 0x2e, 0x00,
	0x48, 0x00, 0x54, 0x00, 0x4d, 0x00, 0x00, 0x00,
	0x5e, 0x00, 0x04, 0x00, 0x00, 0x00, 0x08, 0x00,
	0x00, 0xf5, 0xe3, 0x30, 0xe7, 0x64, 0xbc, 0x01,
	0x01, 0x00, 0x00, 0x00, 0x48, 0x00, 0x50, 0x00,
	0x53, 0x00, 0x58, 0x00, 0x5c, 0x00, 0x44, 0x00,
	0x4f, 0x00, 0x43, 0x00, 0x5c, 0x00, 0x4a, 0x00,
	0x50, 0x00, 0x5c, 0x00, 0x48, 0x00, 0x54, 0x00,
	0x4d, 0x00, 0x4c, 0x00, 0x5c, 0x00, 0x4c, 0x00,
	0x49, 0x00, 0x42, 0x00, 0x52, 0x00, 0x45, 0x00,
	0x46, 0x00, 0x5c, 0x00, 0x53, 0x00, 0x53, 0x00,
	0x4c, 0x00, 0x51, 0x00, 0x55, 0x00, 0x41, 0x00,
	0x52, 0x00, 0x30, 0x00, 0x2e, 0x00, 0x48, 0x00,
	0x54, 0x00, 0x4d, 0x00, 0x00, 0x00, 0x5e, 0x00,
	0x04, 0x00, 0x00, 0x00, 0x08, 0x00, 0x00, 0x22,
	0x15, 0x32, 0xe7, 0x64, 0xbc, 0x01, 0x01, 0x00,
	0x00, 0x00, 0x48, 0x00, 0x50, 0x00, 0x53, 0x00,
	0x58, 0x00, 0x5c, 0x00, 0x44, 0x00, 0x4f, 0x00,
	0x43, 0x00, 0x5c, 0x00, 0x4a, 0x00, 0x50, 0x00,
	0x5c, 0x00, 0x48, 0x00, 0x54, 0x00, 0x4d, 0x00,
	0x4c, 0x00, 0x5c, 0x00, 0x4c, 0x00, 0x49, 0x00,
	0x42, 0x00, 0x52, 0x00, 0x45, 0x00, 0x46, 0x00,
	0x5c, 0x00, 0x53, 0x00, 0x53, 0x00, 0x4f, 0x00,
	0x53, 0x00, 0x45, 0x00, 0x51, 0x00, 0x50, 0x00,
	0x4e, 0x00, 0x2e, 0x00, 0x48, 0x00, 0x54, 0x00,
	0x4d, 0x00, 0x00, 0x00, 0x5e, 0x00, 0x04, 0x00,
	0x00, 0x00, 0x08, 0x00, 0x00, 0x22, 0x15, 0x32,
	0xe7, 0x64, 0xbc, 0x01, 0x01, 0x00, 0x00, 0x00,
	0x48, 0x00, 0x50, 0x00, 0x53, 0x00, 0x58, 0x00,
	0x5c, 0x00, 0x44, 0x00, 0x4f, 0x00, 0x43, 0x00,
	0x5c, 0x00, 0x4a, 0x00, 0x50, 0x00, 0x5c, 0x00,
	0x48, 0x00, 0x54, 0x00, 0x4d, 0x00, 0x4c, 0x00,
	0x5c, 0x00, 0x4c, 0x00, 0x49, 0x00, 0x42, 0x00,
	0x52, 0x00, 0x45, 0x00, 0x46, 0x00, 0x5c, 0x00,
	0x53, 0x00, 0x53, 0x00, 0x50, 0x00, 0x53, 0x00,
	0x45, 0x00, 0x50, 0x00, 0x41, 0x00, 0x45, 0x00,
	0x2e, 0x00, 0x48, 0x00, 0x54, 0x00, 0x4d, 0x00,
	0x00, 0x00, 0x5e, 0x00, 0x04, 0x00, 0x00, 0x00,
	0x08, 0x00, 0x00, 0x22, 0x15, 0x32, 0xe7, 0x64,
	0xbc, 0x01, 0x01, 0x00, 0x00, 0x00, 0x48, 0x00,
	0x50, 0x00, 0x53, 0x00, 0x58, 0x00, 0x5c, 0x00,
	0x44, 0x00, 0x4f, 0x00, 0x43, 0x00, 0x5c, 0x00,
	0x4a, 0x00, 0x50, 0x00, 0x5c, 0x00, 0x48, 0x00,
	0x54, 0x00, 0x4d, 0x00, 0x4c, 0x00, 0x5c, 0x00,
	0x4c, 0x00, 0x49, 0x00, 0x42, 0x00, 0x52, 0x00,
	0x45, 0x00, 0x46, 0x00, 0x5c, 0x00, 0x53, 0x00,
	0x53, 0x00, 0x4f, 0x00, 0x53, 0x00, 0x45, 0x00,
	0x51, 0x00, 0x50, 0x00, 0x4a, 0x00, 0x2e, 0x00,
	0x48, 0x00, 0x54, 0x00, 0x4d, 0x00, 0x00, 0x00,
	0x5e, 0x00, 0x04, 0x00, 0x00, 0x00, 0x08, 0x00,
	0x00, 0x22, 0x15, 0x32, 0xe7, 0x64, 0xbc, 0x01,
	0x01, 0x00, 0x00, 0x00, 0x48, 0x00, 0x50, 0x00,
	0x53, 0x00, 0x58, 0x00, 0x5c, 0x00, 0x44, 0x00,
	0x4f, 0x00, 0x43, 0x00, 0x5c, 0x00, 0x4a, 0x00,
	0x50, 0x00, 0x5c, 0x00, 0x48, 0x00, 0x54, 0x00,
	0x4d, 0x00, 0x4c, 0x00, 0x5c, 0x00, 0x4c, 0x00,
	0x49, 0x00, 0x42, 0x00, 0x52, 0x00, 0x45, 0x00,
	0x46, 0x00, 0x5c, 0x00, 0x53, 0x00, 0x53, 0x00,
	0x50, 0x00, 0x53, 0x00, 0x45, 0x00, 0x50, 0x00,
	0x4c, 0x00, 0x59, 0x00, 0x2e, 0x00, 0x48, 0x00,
	0x54, 0x00, 0x4d, 0x00, 0x00, 0x00, 0x5e, 0x00,
	0x04, 0x00, 0x00, 0x00, 0x08, 0x00, 0x00, 0x22,
	0x15, 0x32, 0xe7, 0x64, 0xbc, 0x01, 0x01, 0x00,
	0x00, 0x00, 0x48, 0x00, 0x50, 0x00, 0x53, 0x00,
	0x58, 0x00, 0x5c, 0x00, 0x44, 0x00, 0x4f, 0x00,
	0x43, 0x00, 0x5c, 0x00, 0x4a, 0x00, 0x50, 0x00,
	0x5c, 0x00, 0x48, 0x00, 0x54, 0x00, 0x4d, 0x00,
	0x4c, 0x00, 0x5c, 0x00, 0x4c, 0x00, 0x49, 0x00,
	0x42, 0x00, 0x52, 0x00, 0x45, 0x00, 0x46, 0x00,
	0x5c, 0x00, 0x53, 0x00, 0x53, 0x00, 0x50, 0x00,
	0x53, 0x00, 0x45, 0x00, 0x51, 0x00, 0x4c, 0x00,
	0x59, 0x00, 0x2e, 0x00, 0x48, 0x00, 0x54, 0x00,
	0x4d, 0x00, 0x00, 0x00, 0x5e, 0x00, 0x04, 0x00,
	0x00, 0x00, 0x08, 0x00, 0x00, 0x22, 0x15, 0x32,
	0xe7, 0x64, 0xbc, 0x01, 0x01, 0x00, 0x00, 0x00,
	0x48, 0x00, 0x50, 0x00, 0x53, 0x00, 0x58, 0x00,
	0x5c, 0x00, 0x44, 0x00, 0x4f, 0x00, 0x43, 0x00,
	0x5c, 0x00, 0x4a, 0x00, 0x50, 0x00, 0x5c, 0x00,
	0x48, 0x00, 0x54, 0x00, 0x4d, 0x00, 0x4c, 0x00,
	0x5c, 0x00, 0x4c, 0x00, 0x49, 0x00, 0x42, 0x00,
	0x52, 0x00, 0x45, 0x00, 0x46, 0x00, 0x5c, 0x00,
	0x53, 0x00, 0x53, 0x00, 0x4f, 0x00, 0x53, 0x00,
	0x45, 0x00, 0x50, 0x00, 0x50, 0x00, 0x4e, 0x00,
	0x2e, 0x00, 0x48, 0x00, 0x54, 0x00, 0x4d, 0x00,
	0x00, 0x00, 0x5e, 0x00, 0x04, 0x00, 0x00, 0x00,
	0x08, 0x00, 0x00, 0x22, 0x15, 0x32, 0xe7, 0x64,
	0xbc, 0x01, 0x01, 0x00, 0x00, 0x00, 0x48, 0x00,
	0x50, 0x00, 0x53, 0x00, 0x58, 0x00, 0x5c, 0x00,
	0x44, 0x00, 0x4f, 0x00, 0x43, 0x00, 0x5c, 0x00,
	0x4a, 0x00, 0x50, 0x00, 0x5c, 0x00, 0x48, 0x00,
	0x54, 0x00, 0x4d, 0x00, 0x4c, 0x00, 0x5c, 0x00,
	0x4c, 0x00, 0x49, 0x00, 0x42, 0x00, 0x52, 0x00,
	0x45, 0x00, 0x46, 0x00, 0x5c, 0x00, 0x53, 0x00,
	0x53, 0x00, 0x4e, 0x00, 0x53, 0x00, 0x45, 0x00,
	0x54, 0x00, 0x45, 0x00, 0x54, 0x00, 0x2e, 0x00,
	0x48, 0x00, 0x54, 0x00, 0x4d, 0x00, 0x00, 0x00,
	0x5e, 0x00, 0x04, 0x00, 0x00, 0x00, 0x08, 0x00,
	0x00, 0x22, 0x15, 0x32, 0xe7, 0x64, 0xbc, 0x01,
	0x01, 0x00, 0x00, 0x00, 0x48, 0x00, 0x50, 0x00,
	0x53, 0x00, 0x58, 0x00, 0x5c, 0x00, 0x44, 0x00,
	0x4f, 0x00, 0x43, 0x00, 0x5c, 0x00, 0x4a, 0x00,
	0x50, 0x00, 0x5c, 0x00, 0x48, 0x00, 0x54, 0x00,
	0x4d, 0x00, 0x4c, 0x00, 0x5c, 0x00, 0x4c, 0x00,
	0x49, 0x00, 0x42, 0x00, 0x52, 0x00, 0x45, 0x00,
	0x46, 0x00, 0x5c, 0x00, 0x53, 0x00, 0x53, 0x00,
	0x4e, 0x00, 0x56, 0x00, 0x50, 0x00, 0x55, 0x00,
	0x45, 0x00, 0x45, 0x00, 0x2e, 0x00, 0x48, 0x00,
	0x54, 0x00, 0x4d, 0x00, 0x00, 0x00, 0x5e, 0x00,
	0x04, 0x00, 0x00, 0x00, 0x08, 0x00, 0x00, 0x22,
	0x15, 0x32, 0xe7, 0x64, 0xbc, 0x01, 0x01, 0x00,
	0x00, 0x00, 0x48, 0x00, 0x50, 0x00, 0x53, 0x00,
	0x58, 0x00, 0x5c, 0x00, 0x44, 0x00, 0x4f, 0x00,
	0x43, 0x00, 0x5c, 0x00, 0x4a, 0x00, 0x50, 0x00,
	0x5c, 0x00, 0x48, 0x00, 0x54, 0x00, 0x4d, 0x00,
	0x4c, 0x00, 0x5c, 0x00, 0x4c, 0x00, 0x49, 0x00,
	0x42, 0x00, 0x52, 0x00, 0x45, 0x00, 0x46, 0x00,
	0x5c, 0x00, 0x53, 0x00, 0x53, 0x00, 0x50, 0x00,
	0x53, 0x00, 0x45, 0x00, 0x51, 0x00, 0x41, 0x00,
	0x45, 0x00, 0x2e, 0x00, 0x48, 0x00, 0x54, 0x00,
	0x4d, 0x00, 0x00, 0x00, 0x5a, 0x00, 0x04, 0x00,
	0x00, 0x00, 0x08, 0x00, 0x00, 0x22, 0x15, 0x32,
	0xe7, 0x64, 0xbc, 0x01, 0x01, 0x00, 0x00, 0x00,
	0x44, 0x00, 0x50, 0x00, 0x53, 0x00, 0x58, 0x00,
	0x5c, 0x00, 0x44, 0x00, 0x4f, 0x00, 0x43, 0x00,
	0x5c, 0x00, 0x4a, 0x00, 0x50, 0x00, 0x5c, 0x00,
	0x48, 0x00, 0x54, 0x00, 0x4d, 0x00, 0x4c, 0x00,
	0x5c, 0x00, 0x4c, 0x00, 0x49, 0x00, 0x42, 0x00,
	0x52, 0x00, 0x45, 0x00, 0x46, 0x00, 0x5c, 0x00,
	0x53, 0x00, 0x53, 0x00, 0x51, 0x00, 0x55, 0x00,
	0x49, 0x00, 0x54, 0x00, 0x2e, 0x00, 0x48, 0x00,
	0x54, 0x00, 0x4d, 0x00, 0x00, 0x00, 0x5e, 0x00,
	0x04, 0x00, 0x00, 0x00, 0x08, 0x00, 0x00, 0x22,
	0x15, 0x32, 0xe7, 0x64, 0xbc, 0x01, 0x01, 0x00,
	0x00, 0x00, 0x48, 0x00, 0x50, 0x00, 0x53, 0x00,
	0x58, 0x00, 0x5c, 0x00, 0x44, 0x00, 0x4f, 0x00,
	0x43, 0x00, 0x5c, 0x00, 0x4a, 0x00, 0x50, 0x00,
	0x5c, 0x00, 0x48, 0x00, 0x54, 0x00, 0x4d, 0x00,
	0x4c, 0x00, 0x5c, 0x00, 0x4c, 0x00, 0x49, 0x00,
	0x42, 0x00, 0x52, 0x00, 0x45, 0x00, 0x46, 0x00,
	0x5c, 0x00, 0x53, 0x00, 0x53, 0x00, 0x51, 0x00,
	0x50, 0x00, 0x55, 0x00, 0x54, 0x00, 0x55, 0x00,
	0x54, 0x00, 0x2e, 0x00, 0x48, 0x00, 0x54, 0x00,
	0x4d, 0x00, 0x00, 0x00, 0x5e, 0x00, 0x04, 0x00,
	0x00, 0x00, 0x08, 0x00, 0x00, 0x22, 0x15, 0x32,
	0xe7, 0x64, 0xbc, 0x01, 0x01, 0x00, 0x00, 0x00,
	0x48, 0x00, 0x50, 0x00, 0x53, 0x00, 0x58, 0x00,
	0x5c, 0x00, 0x44, 0x00, 0x4f, 0x00, 0x43, 0x00,
	0x5c, 0x00, 0x4a, 0x00, 0x50, 0x00, 0x5c, 0x00,
	0x48, 0x00, 0x54, 0x00, 0x4d, 0x00, 0x4c, 0x00,
	0x5c, 0x00, 0x4c, 0x00, 0x49, 0x00, 0x42, 0x00,
	0x52, 0x00, 0x45, 0x00, 0x46, 0x00, 0x5c, 0x00,
	0x53, 0x00, 0x53, 0x00, 0x50, 0x00, 0x4c, 0x00,
	0x46, 0x00, 0x4f, 0x00, 0x56, 0x00, 0x45, 0x00,
	0x2e, 0x00, 0x48, 0x00, 0x54, 0x00, 0x4d, 0x00,
	0x00, 0x00, 0x5e, 0x00, 0x04, 0x00, 0x00, 0x00,
	0x08, 0x00, 0x00, 0x22, 0x15, 0x32, 0xe7, 0x64,
	0xbc, 0x01, 0x01, 0x00, 0x00, 0x00, 0x48, 0x00,
	0x50, 0x00, 0x53, 0x00, 0x58, 0x00, 0x5c, 0x00,
	0x44, 0x00, 0x4f, 0x00, 0x43, 0x00, 0x5c, 0x00,
	0x4a, 0x00, 0x50, 0x00, 0x5c, 0x00, 0x48, 0x00,
	0x54, 0x00, 0x4d, 0x00, 0x4c, 0x00, 0x5c, 0x00,
	0x4c, 0x00, 0x49, 0x00, 0x42, 0x00, 0x52, 0x00,
	0x45, 0x00, 0x46, 0x00, 0x5c, 0x00, 0x53, 0x00,
	0x53, 0x00, 0x4f, 0x00, 0x53, 0x00, 0x45, 0x00,
	0x50, 0x00, 0x50, 0x00, 0x4a, 0x00, 0x2e, 0x00,
	0x48, 0x00, 0x54, 0x00, 0x4d, 0x00, 0x00, 0x00,
	0x5e, 0x00, 0x04, 0x00, 0x00, 0x00, 0x08, 0x00,
	0x00, 0x4f, 0x46, 0x33, 0xe7, 0x64, 0xbc, 0x01,
	0x01, 0x00, 0x00, 0x00, 0x48, 0x00, 0x50, 0x00,
	0x53, 0x00, 0x58, 0x00, 0x5c, 0x00, 0x44, 0x00,
	0x4f, 0x00, 0x43, 0x00, 0x5c, 0x00, 0x4a, 0x00,
	0x50, 0x00, 0x5c, 0x00, 0x48, 0x00, 0x54, 0x00,
	0x4d, 0x00, 0x4c, 0x00, 0x5c, 0x00, 0x4c, 0x00,
	0x49, 0x00, 0x42, 0x00, 0x52, 0x00, 0x45, 0x00,
	0x46, 0x00, 0x5c, 0x00, 0x53, 0x00, 0x53, 0x00,
	0x52, 0x00, 0x4d, 0x00, 0x50, 0x00, 0x50, 0x00,
	0x55, 0x00, 0x4d, 0x00, 0x2e, 0x00, 0x48, 0x00,
	0x54, 0x00, 0x4d, 0x00, 0x00, 0x00, 0x5e, 0x00,
	0x04, 0x00, 0x00, 0x00, 0x08, 0x00, 0x00, 0x4f,
	0x46, 0x33, 0xe7, 0x64, 0xbc, 0x01, 0x01, 0x00,
	0x00, 0x00, 0x48, 0x00, 0x50, 0x00, 0x53, 0x00,
	0x58, 0x00, 0x5c, 0x00, 0x44, 0x00, 0x4f, 0x00,
	0x43, 0x00, 0x5c, 0x00, 0x4a, 0x00, 0x50, 0x00,
	0x5c, 0x00, 0x48, 0x00, 0x54, 0x00, 0x4d, 0x00,
	0x4c, 0x00, 0x5c, 0x00, 0x4c, 0x00, 0x49, 0x00,
	0x42, 0x00, 0x52, 0x00, 0x45, 0x00, 0x46, 0x00,
	0x5c, 0x00, 0x53, 0x00, 0x53, 0x00, 0x52, 0x00,
	0x4d, 0x00, 0x46, 0x00, 0x50, 0x00, 0x55, 0x00,
	0x4b, 0x00, 0x2e, 0x00, 0x48, 0x00, 0x54, 0x00,
	0x4d, 0x00, 0x00, 0x00, 0x5e, 0x00, 0x04, 0x00,
	0x00, 0x00, 0x08, 0x00, 0x00, 0x4f, 0x46, 0x33,
	0xe7, 0x64, 0xbc, 0x01, 0x01, 0x00, 0x00, 0x00,
	0x48, 0x00, 0x50, 0x00, 0x53, 0x00, 0x58, 0x00,
	0x5c, 0x00, 0x44, 0x00, 0x4f, 0x00, 0x43, 0x00,
	0x5c, 0x00, 0x4a, 0x00, 0x50, 0x00, 0x5c, 0x00,
	0x48, 0x00, 0x54, 0x00, 0x4d, 0x00, 0x4c, 0x00,
	0x5c, 0x00, 0x4c, 0x00, 0x49, 0x00, 0x42, 0x00,
	0x52, 0x00, 0x45, 0x00, 0x46, 0x00, 0x5c, 0x00,
	0x53, 0x00, 0x53, 0x00, 0x52, 0x00, 0x56, 0x00,
	0x50, 0x00, 0x55, 0x00, 0x45, 0x00, 0x45, 0x00,
	0x2e, 0x00, 0x48, 0x00, 0x54, 0x00, 0x4d, 0x00,
	0x00, 0x00, 0x5e, 0x00, 0x04, 0x00, 0x00, 0x00,
	0x08, 0x00, 0x00, 0x4f, 0x46, 0x33, 0xe7, 0x64,
	0xbc, 0x01, 0x01, 0x00, 0x00, 0x00, 0x48, 0x00,
	0x50, 0x00, 0x53, 0x00, 0x58, 0x00, 0x5c, 0x00,
	0x44, 0x00, 0x4f, 0x00, 0x43, 0x00, 0x5c, 0x00,
	0x4a, 0x00, 0x50, 0x00, 0x5c, 0x00, 0x48, 0x00,
	0x54, 0x00, 0x4d, 0x00, 0x4c, 0x00, 0x5c, 0x00,
	0x4c, 0x00, 0x49, 0x00, 0x42, 0x00, 0x52, 0x00,
	0x45, 0x00, 0x46, 0x00, 0x5c, 0x00, 0x53, 0x00,
	0x53, 0x00, 0x52, 0x00, 0x53, 0x00, 0x45, 0x00,
	0x51, 0x00, 0x45, 0x00, 0x59, 0x00, 0x2e, 0x00,
	0x48, 0x00, 0x54, 0x00, 0x4d, 0x00, 0x00, 0x00,
	0x5e, 0x00, 0x04, 0x00, 0x00, 0x00, 0x08, 0x00,
	0x00, 0x4f, 0x46, 0x33, 0xe7, 0x64, 0xbc, 0x01,
	0x01, 0x00, 0x00, 0x00, 0x48, 0x00, 0x50, 0x00,
	0x53, 0x00, 0x58, 0x00, 0x5c, 0x00, 0x44, 0x00,
	0x4f, 0x00, 0x43, 0x00, 0x5c, 0x00, 0x4a, 0x00,
	0x50, 0x00, 0x5c, 0x00, 0x48, 0x00, 0x54, 0x00,
	0x4d, 0x00, 0x4c, 0x00, 0x5c, 0x00, 0x4c, 0x00,
	0x49, 0x00, 0x42, 0x00, 0x52, 0x00, 0x45, 0x00,
	0x46, 0x00, 0x5c, 0x00, 0x53, 0x00, 0x53, 0x00,
	0x52, 0x00, 0x56, 0x00, 0x53, 0x00, 0x45, 0x00,
	0x54, 0x00, 0x45, 0x00, 0x2e, 0x00, 0x48, 0x00,
	0x54, 0x00, 0x4d, 0x00, 0x00, 0x00, 0x5e, 0x00,
	0x04, 0x00, 0x00, 0x00, 0x08, 0x00, 0x00, 0x4f,
	0x46, 0x33, 0xe7, 0x64, 0xbc, 0x01, 0x01, 0x00,
	0x00, 0x00, 0x48, 0x00, 0x50, 0x00, 0x53, 0x00,
	0x58, 0x00, 0x5c, 0x00, 0x44, 0x00, 0x4f, 0x00,
	0x43, 0x00, 0x5c, 0x00, 0x4a, 0x00, 0x50, 0x00,
	0x5c, 0x00, 0x48, 0x00, 0x54, 0x00, 0x4d, 0x00,
	0x4c, 0x00, 0x5c, 0x00, 0x4c, 0x00, 0x49, 0x00,
	0x42, 0x00, 0x52, 0x00, 0x45, 0x00, 0x46, 0x00,
	0x5c, 0x00, 0x53, 0x00, 0x53, 0x00, 0x52, 0x00,
	0x54, 0x00, 0x45, 0x00, 0x54, 0x00, 0x49, 0x00,
	0x47, 0x00, 0x2e, 0x00, 0x48, 0x00, 0x54, 0x00,
	0x4d, 0x00, 0x00, 0x00, 0x5e, 0x00, 0x04, 0x00,
	0x00, 0x00, 0x08, 0x00, 0x00, 0x4f, 0x46, 0x33,
	0xe7, 0x64, 0xbc, 0x01, 0x01, 0x00, 0x00, 0x00,
	0x48, 0x00, 0x50, 0x00, 0x53, 0x00, 0x58, 0x00,
	0x5c, 0x00, 0x44, 0x00, 0x4f, 0x00, 0x43, 0x00,
	0x5c, 0x00, 0x4a, 0x00, 0x50, 0x00, 0x5c, 0x00,
	0x48, 0x00, 0x54, 0x00, 0x4d, 0x00, 0x4c, 0x00,
	0x5c, 0x00, 0x4c, 0x00, 0x49, 0x00, 0x42, 0x00,
	0x52, 0x00, 0x45, 0x00, 0x46, 0x00, 0x5c, 0x00,
	0x53, 0x00, 0x53, 0x00, 0x52, 0x00, 0x44, 0x00,
	0x50, 0x00, 0x55, 0x00, 0x45, 0x00, 0x48, 0x00,
	0x2e, 0x00, 0x48, 0x00, 0x54, 0x00, 0x4d, 0x00,
	0x00, 0x00, 0x5e, 0x00, 0x04, 0x00, 0x00, 0x00,
	0x08, 0x00, 0x00, 0x4f, 0x46, 0x33, 0xe7, 0x64,
	0xbc, 0x01, 0x01, 0x00, 0x00, 0x00, 0x48, 0x00,
	0x50, 0x00, 0x53, 0x00, 0x58, 0x00, 0x5c, 0x00,
	0x44, 0x00, 0x4f, 0x00, 0x43, 0x00, 0x5c, 0x00,
	0x4a, 0x00, 0x50, 0x00, 0x5c, 0x00, 0x48, 0x00,
	0x54, 0x00, 0x4d, 0x00, 0x4c, 0x00, 0x5c, 0x00,
	0x4c, 0x00, 0x49, 0x00, 0x42, 0x00, 0x52, 0x00,
	0x45, 0x00, 0x46, 0x00, 0x5c, 0x00, 0x53, 0x00,
	0x53, 0x00, 0x52, 0x00, 0x53, 0x00, 0x45, 0x00,
	0x50, 0x00, 0x45, 0x00, 0x59, 0x00, 0x2e, 0x00,
	0x48, 0x00, 0x54, 0x00, 0x4d, 0x00, 0x00, 0x00,
	0x5e, 0x00, 0x04, 0x00, 0x00, 0x00, 0x08, 0x00,
	0x00, 0x4f, 0x46, 0x33, 0xe7, 0x64, 0xbc, 0x01,
	0x01, 0x00, 0x00, 0x00, 0x48, 0x00, 0x50, 0x00,
	0x53, 0x00, 0x58, 0x00, 0x5c, 0x00, 0x44, 0x00,
	0x4f, 0x00, 0x43, 0x00, 0x5c, 0x00, 0x4a, 0x00,
	0x50, 0x00, 0x5c, 0x00, 0x48, 0x00, 0x54, 0x00,
	0x4d, 0x00, 0x4c, 0x00, 0x5c, 0x00, 0x4c, 0x00,
	0x49, 0x00, 0x42, 0x00, 0x52, 0x00, 0x45, 0x00,
	0x46, 0x00, 0x5c, 0x00, 0x53, 0x00, 0x53, 0x00,
	0x52, 0x00, 0x4d, 0x00, 0x44, 0x00, 0x50, 0x00,
	0x55, 0x00, 0x48, 0x00, 0x2e, 0x00, 0x48, 0x00,
	0x54, 0x00, 0x4d, 0x00, 0x00, 0x00, 0x5e, 0x00,
	0x04, 0x00, 0x00, 0x00, 0x08, 0x00, 0x00, 0x4f,
	0x46, 0x33, 0xe7, 0x64, 0xbc, 0x01, 0x01, 0x00,
	0x00, 0x00, 0x48, 0x00, 0x50, 0x00, 0x53, 0x00,
	0x58, 0x00, 0x5c, 0x00, 0x44, 0x00, 0x4f, 0x00,
	0x43, 0x00, 0x5c, 0x00, 0x4a, 0x00, 0x50, 0x00,
	0x5c, 0x00, 0x48, 0x00, 0x54, 0x00, 0x4d, 0x00,
	0x4c, 0x00, 0x5c, 0x00, 0x4c, 0x00, 0x49, 0x00,
	0x42, 0x00, 0x52, 0x00, 0x45, 0x00, 0x46, 0x00,
	0x5c, 0x00, 0x53, 0x00, 0x53, 0x00, 0x52, 0x00,
	0x50, 0x00, 0x55, 0x00, 0x45, 0x00, 0x54, 0x00,
	0x42, 0x00, 0x2e, 0x00, 0x48, 0x00, 0x54, 0x00,
	0x4d, 0x00, 0x00, 0x00, 0x5e, 0x00, 0x04, 0x00,
	0x00, 0x00, 0x08, 0x00, 0x00, 0x4f, 0x46, 0x33,
	0xe7, 0x64, 0xbc, 0x01, 0x01, 0x00, 0x00, 0x00,
	0x48, 0x00, 0x50, 0x00, 0x53, 0x00, 0x58, 0x00,
	0x5c, 0x00, 0x44, 0x00, 0x4f, 0x00, 0x43, 0x00,
	0x5c, 0x00, 0x4a, 0x00, 0x50, 0x00, 0x5c, 0x00,
	0x48, 0x00, 0x54, 0x00, 0x4d, 0x00, 0x4c, 0x00,
	0x5c, 0x00, 0x4c, 0x00, 0x49, 0x00, 0x42, 0x00,
	0x52, 0x00, 0x45, 0x00, 0x46, 0x00, 0x5c, 0x00,
	0x53, 0x00, 0x53, 0x00, 0x52, 0x00, 0x4d, 0x00,
	0x44, 0x00, 0x54, 0x00, 0x50, 0x00, 0x45, 0x00,
	0x2e, 0x00, 0x48, 0x00, 0x54, 0x00, 0x4d, 0x00,
	0x00, 0x00, 0x5e, 0x00, 0x04, 0x00, 0x00, 0x00,
	0x08, 0x00, 0x00, 0x4f, 0x46, 0x33, 0xe7, 0x64,
	0xbc, 0x01, 0x01, 0x00, 0x00, 0x00, 0x48, 0x00,
	0x50, 0x00, 0x53, 0x00, 0x58, 0x00, 0x5c, 0x00,
	0x44, 0x00, 0x4f, 0x00, 0x43, 0x00, 0x5c, 0x00,
	0x4a, 0x00, 0x50, 0x00, 0x5c, 0x00, 0x48, 0x00,
	0x54, 0x00, 0x4d, 0x00, 0x4c, 0x00, 0x5c, 0x00,
	0x4c, 0x00, 0x49, 0x00, 0x42, 0x00, 0x52, 0x00,
	0x45, 0x00, 0x46, 0x00, 0x5c, 0x00, 0x53, 0x00,
	0x53, 0x00, 0x52, 0x00, 0x4d, 0x00, 0x54, 0x00,
	0x50, 0x00, 0x55, 0x00, 0x45, 0x00, 0x2e, 0x00,
	0x48, 0x00, 0x54, 0x00, 0x4d, 0x00, 0x00, 0x00,
	0x5e, 0x00, 0x04, 0x00, 0x00, 0x00, 0x08, 0x00,
	0x00, 0x7c, 0x77, 0x34, 0xe7, 0x64, 0xbc, 0x01,
	0x01, 0x00, 0x00, 0x00, 0x48, 0x00, 0x50, 0x00,
	0x53, 0x00, 0x58, 0x00, 0x5c, 0x00, 0x44, 0x00,
	0x4f, 0x00, 0x43, 0x00, 0x5c, 0x00, 0x4a, 0x00,
	0x50, 0x00, 0x5c, 0x00, 0x48, 0x00, 0x54, 0x00,
	0x4d, 0x00, 0x4c, 0x00, 0x5c, 0x00, 0x4c, 0x00,
	0x49, 0x00, 0x42, 0x00, 0x52, 0x00, 0x45, 0x00,
	0x46, 0x00, 0x5c, 0x00, 0x53, 0x00, 0x53, 0x00,
	0x53, 0x00, 0x51, 0x00, 0x55, 0x00, 0x41, 0x00,
	0x52, 0x00, 0x30, 0x00, 0x2e, 0x00, 0x48, 0x00,
	0x54, 0x00, 0x4d, 0x00, 0x00, 0x00, 0x5e, 0x00,
	0x04, 0x00, 0x00, 0x00, 0x08, 0x00, 0x00, 0x7c,
	0x77, 0x34, 0xe7, 0x64, 0xbc, 0x01, 0x01, 0x00,
	0x00, 0x00, 0x48, 0x00, 0x50, 0x00, 0x53, 0x00,
	0x58, 0x00, 0x5c, 0x00, 0x44, 0x00, 0x4f, 0x00,
	0x43, 0x00, 0x5c, 0x00, 0x4a, 0x00, 0x50, 0x00,
	0x5c, 0x00, 0x48, 0x00, 0x54, 0x00, 0x4d, 0x00,
	0x4c, 0x00, 0x5c, 0x00, 0x4c, 0x00, 0x49, 0x00,
	0x42, 0x00, 0x52, 0x00, 0x45, 0x00, 0x46, 0x00,
	0x5c, 0x00, 0x53, 0x00, 0x53, 0x00, 0x53, 0x00,
	0x41, 0x00, 0x53, 0x00, 0x45, 0x00, 0x51, 0x00,
	0x4f, 0x00, 0x2e, 0x00, 0x48, 0x00, 0x54, 0x00,
	0x4d, 0x00, 0x00, 0x00, 0x5e, 0x00, 0x04, 0x00,
	0x00, 0x00, 0x08, 0x00, 0x00, 0x7c, 0x77, 0x34,
	0xe7, 0x64, 0xbc, 0x01, 0x01, 0x00, 0x00, 0x00,
	0x48, 0x00, 0x50, 0x00, 0x53, 0x00, 0x58, 0x00,
	0x5c, 0x00, 0x44, 0x00, 0x4f, 0x00, 0x43, 0x00,
	0x5c, 0x00, 0x4a, 0x00, 0x50, 0x00, 0x5c, 0x00,
	0x48, 0x00, 0x54, 0x00, 0x4d, 0x00, 0x4c, 0x00,
	0x5c, 0x00, 0x4c, 0x00, 0x49, 0x00, 0x42, 0x00,
	0x52, 0x00, 0x45, 0x00, 0x46, 0x00, 0x5c, 0x00,
	0x53, 0x00, 0x53, 0x00, 0x53, 0x00, 0x50, 0x00,
	0x46, 0x00, 0x43, 0x00, 0x50, 0x00, 0x4b, 0x00,
	0x2e, 0x00, 0x48, 0x00, 0x54, 0x00, 0x4d, 0x00,
	0x00, 0x00, 0x5e, 0x00, 0x04, 0x00, 0x00, 0x00,
	0x08, 0x00, 0x00, 0x7c, 0x77, 0x34, 0xe7, 0x64,
	0xbc, 0x01, 0x01, 0x00, 0x00, 0x00, 0x48, 0x00,
	0x50, 0x00, 0x53, 0x00, 0x58, 0x00, 0x5c, 0x00,
	0x44, 0x00, 0x4f, 0x00, 0x43, 0x00, 0x5c, 0x00,
	0x4a, 0x00, 0x50, 0x00, 0x5c, 0x00, 0x48, 0x00,
	0x54, 0x00, 0x4d, 0x00, 0x4c, 0x00, 0x5c, 0x00,
	0x4c, 0x00, 0x49, 0x00, 0x42, 0x00, 0x52, 0x00,
	0x45, 0x00, 0x46, 0x00, 0x5c, 0x00, 0x53, 0x00,
	0x53, 0x00, 0x53, 0x00, 0x41, 0x00, 0x53, 0x00,
	0x45, 0x00, 0x54, 0x00, 0x52, 0x00, 0x2e, 0x00,
	0x48, 0x00, 0x54, 0x00, 0x4d, 0x00, 0x00, 0x00,
	0x5e, 0x00, 0x04, 0x00, 0x00, 0x00, 0x08, 0x00,
	0x00, 0x7c, 0x77, 0x34, 0xe7, 0x64, 0xbc, 0x01,
	0x01, 0x00, 0x00, 0x00, 0x48, 0x00, 0x50, 0x00,
	0x53, 0x00, 0x58, 0x00, 0x5c, 0x00, 0x44, 0x00,
	0x4f, 0x00, 0x43, 0x00, 0x5c, 0x00, 0x4a, 0x00,
	0x50, 0x00, 0x5c, 0x00, 0x48, 0x00, 0x54, 0x00,
	0x4d, 0x00, 0x4c, 0x00, 0x5c, 0x00, 0x4c, 0x00,
	0x49, 0x00, 0x42, 0x00, 0x52, 0x00, 0x45, 0x00,
	0x46, 0x00, 0x5c, 0x00, 0x53, 0x00, 0x53, 0x00,
	0x53, 0x00, 0x45, 0x00, 0x54, 0x00, 0x4e, 0x00,
	0x43, 0x00, 0x4b, 0x00, 0x2e, 0x00, 0x48, 0x00,
	0x54, 0x00, 0x4d, 0x00, 0x00, 0x00, 0x5e, 0x00,
	0x04, 0x00, 0x00, 0x00, 0x08, 0x00, 0x00, 0x7c,
	0x77, 0x34, 0xe7, 0x64, 0xbc, 0x01, 0x01, 0x00,
	0x00, 0x00, 0x48, 0x00, 0x50, 0x00, 0x53, 0x00,
	0x58, 0x00, 0x5c, 0x00, 0x44, 0x00, 0x4f, 0x00,
	0x43, 0x00, 0x5c, 0x00, 0x4a, 0x00, 0x50, 0x00,
	0x5c, 0x00, 0x48, 0x00, 0x54, 0x00, 0x4d, 0x00,
	0x4c, 0x00, 0x5c, 0x00, 0x4c, 0x00, 0x49, 0x00,
	0x42, 0x00, 0x52, 0x00, 0x45, 0x00, 0x46, 0x00,
	0x5c, 0x00, 0x53, 0x00, 0x53, 0x00, 0x53, 0x00,
	0x43, 0x00, 0x53, 0x00, 0x45, 0x00, 0x50, 0x00,
	0x4f, 0x00, 0x2e, 0x00, 0x48, 0x00, 0x54, 0x00,
	0x4d, 0x00, 0x00, 0x00, 0x5e, 0x00, 0x04, 0x00,
	0x00, 0x00, 0x08, 0x00, 0x00, 0x7c, 0x77, 0x34,
	0xe7, 0x64, 0xbc, 0x01, 0x01, 0x00, 0x00, 0x00,
	0x48, 0x00, 0x50, 0x00, 0x53, 0x00, 0x58, 0x00,
	0x5c, 0x00, 0x44, 0x00, 0x4f, 0x00, 0x43, 0x00,
	0x5c, 0x00, 0x4a, 0x00, 0x50, 0x00, 0x5c, 0x00,
	0x48, 0x00, 0x54, 0x00, 0x4d, 0x00, 0x4c, 0x00,
	0x5c, 0x00, 0x4c, 0x00, 0x49, 0x00, 0x42, 0x00,
	0x52, 0x00, 0x45, 0x00, 0x46, 0x00, 0x5c, 0x00,
	0x53, 0x00, 0x53, 0x00, 0x53, 0x00, 0x41, 0x00,
	0x53, 0x00, 0x45, 0x00, 0x50, 0x00, 0x4f, 0x00,
	0x2e, 0x00, 0x48, 0x00, 0x54, 0x00, 0x4d, 0x00,
	0x00, 0x00, 0x5e, 0x00, 0x04, 0x00, 0x00, 0x00,
	0x08, 0x00, 0x00, 0x7c, 0x77, 0x34, 0xe7, 0x64,
	0xbc, 0x01, 0x01, 0x00, 0x00, 0x00, 0x48, 0x00,
	0x50, 0x00, 0x53, 0x00, 0x58, 0x00, 0x5c, 0x00,
	0x44, 0x00, 0x4f, 0x00, 0x43, 0x00, 0x5c, 0x00,
	0x4a, 0x00, 0x50, 0x00, 0x5c, 0x00, 0x48, 0x00,
	0x54, 0x00, 0x4d, 0x00, 0x4c, 0x00, 0x5c, 0x00,
	0x4c, 0x00, 0x49, 0x00, 0x42, 0x00, 0x52, 0x00,
	0x45, 0x00, 0x46, 0x00, 0x5c, 0x00, 0x53, 0x00,
	0x53, 0x00, 0x53, 0x00, 0x43, 0x00, 0x53, 0x00,
	0x45, 0x00, 0x51, 0x00, 0x4f, 0x00, 0x2e, 0x00,
	0x48, 0x00, 0x54, 0x00, 0x4d, 0x00, 0x00, 0x00,
	0x5e, 0x00, 0x04, 0x00, 0x00, 0x00, 0x08, 0x00,
	0x00, 0x7c, 0x77, 0x34, 0xe7, 0x64, 0xbc, 0x01,
	0x01, 0x00, 0x00, 0x00, 0x48, 0x00, 0x50, 0x00,
	0x53, 0x00, 0x58, 0x00, 0x5c, 0x00, 0x44, 0x00,
	0x4f, 0x00, 0x43, 0x00, 0x5c, 0x00, 0x4a, 0x00,
	0x50, 0x00, 0x5c, 0x00, 0x48, 0x00, 0x54, 0x00,
	0x4d, 0x00, 0x4c, 0x00, 0x5c, 0x00, 0x4c, 0x00,
	0x49, 0x00, 0x42, 0x00, 0x52, 0x00, 0x45, 0x00,
	0x46, 0x00, 0x5c, 0x00, 0x53, 0x00, 0x53, 0x00,
	0x53, 0x00, 0x31, 0x00, 0x51, 0x00, 0x55, 0x00,
	0x41, 0x00, 0x32, 0x00, 0x2e, 0x00, 0x48, 0x00,
	0x54, 0x00, 0x4d, 0x00, 0x00, 0x00, 0x5e, 0x00,
	0x04, 0x00, 0x00, 0x00, 0x08, 0x00, 0x00, 0x7c,
	0x77, 0x34, 0xe7, 0x64, 0xbc, 0x01, 0x01, 0x00,
	0x00, 0x00, 0x48, 0x00, 0x50, 0x00, 0x53, 0x00,
	0x58, 0x00, 0x5c, 0x00, 0x44, 0x00, 0x4f, 0x00,
	0x43, 0x00, 0x5c, 0x00, 0x4a, 0x00, 0x50, 0x00,
	0x5c, 0x00, 0x48, 0x00, 0x54, 0x00, 0x4d, 0x00,
	0x4c, 0x00, 0x5c, 0x00, 0x4c, 0x00, 0x49, 0x00,
	0x42, 0x00, 0x52, 0x00, 0x45, 0x00, 0x46, 0x00,
	0x5c, 0x00, 0x53, 0x00, 0x53, 0x00, 0x53, 0x00,
	0x4e, 0x00, 0x53, 0x00, 0x45, 0x00, 0x51, 0x00,
	0x54, 0x00, 0x2e, 0x00, 0x48, 0x00, 0x54, 0x00,
	0x4d, 0x00, 0x00, 0x00, 0x5e, 0x00, 0x04, 0x00,
	0x00, 0x00, 0x08, 0x00, 0x00, 0x7c, 0x77, 0x34,
	0xe7, 0x64, 0xbc, 0x01, 0x01, 0x00, 0x00, 0x00,
	0x48, 0x00, 0x50, 0x00, 0x53, 0x00, 0x58, 0x00,
	0x5c, 0x00, 0x44, 0x00, 0x4f, 0x00, 0x43, 0x00,
	0x5c, 0x00, 0x4a, 0x00, 0x50, 0x00, 0x5c, 0x00,
	0x48, 0x00, 0x54, 0x00, 0x4d, 0x00, 0x4c, 0x00,
	0x5c, 0x00, 0x4c, 0x00, 0x49, 0x00, 0x42, 0x00,
	0x52, 0x00, 0x45, 0x00, 0x46, 0x00, 0x5c, 0x00,
	0x53, 0x00, 0x53, 0x00, 0x53, 0x00, 0x44, 0x00,
	0x53, 0x00, 0x45, 0x00, 0x50, 0x00, 0x4f, 0x00,
	0x2e, 0x00, 0x48, 0x00, 0x54, 0x00, 0x4d, 0x00,
	0x00, 0x00, 0x5e, 0x00, 0x04, 0x00, 0x00, 0x00,
	0x08, 0x00, 0x00, 0x7c, 0x77, 0x34, 0xe7, 0x64,
	0xbc, 0x01, 0x01, 0x00, 0x00, 0x00, 0x48, 0x00,
	0x50, 0x00, 0x53, 0x00, 0x58, 0x00, 0x5c, 0x00,
	0x44, 0x00, 0x4f, 0x00, 0x43, 0x00, 0x5c, 0x00,
	0x4a, 0x00, 0x50, 0x00, 0x5c, 0x00, 0x48, 0x00,
	0x54, 0x00, 0x4d, 0x00, 0x4c, 0x00, 0x5c, 0x00,
	0x4c, 0x00, 0x49, 0x00, 0x42, 0x00, 0x52, 0x00,
	0x45, 0x00, 0x46, 0x00, 0x5c, 0x00, 0x53, 0x00,
	0x53, 0x00, 0x53, 0x00, 0x44, 0x00, 0x53, 0x00,
	0x45, 0x00, 0x51, 0x00, 0x4f, 0x00, 0x2e, 0x00,
	0x48, 0x00, 0x54, 0x00, 0x4d, 0x00, 0x00, 0x00,
	0x5e, 0x00, 0x04, 0x00, 0x00, 0x00, 0x08, 0x00,
	0x00, 0x7c, 0x77, 0x34, 0xe7, 0x64, 0xbc, 0x01,
	0x01, 0x00, 0x00, 0x00, 0x48, 0x00, 0x50, 0x00,
	0x53, 0x00, 0x58, 0x00, 0x5c, 0x00, 0x44, 0x00,
	0x4f, 0x00, 0x43, 0x00, 0x5c, 0x00, 0x4a, 0x00,
	0x50, 0x00, 0x5c, 0x00, 0x48, 0x00, 0x54, 0x00,
	0x4d, 0x00, 0x4c, 0x00, 0x5c, 0x00, 0x4c, 0x00,
	0x49, 0x00, 0x42, 0x00, 0x52, 0x00, 0x45, 0x00,
	0x46, 0x00, 0x5c, 0x00, 0x53, 0x00, 0x53, 0x00,
	0x52, 0x00, 0x56, 0x00, 0x53, 0x00, 0x45, 0x00,
	0x54, 0x00, 0x4c, 0x00, 0x2e, 0x00, 0x48, 0x00,
	0x54, 0x00, 0x4d, 0x00, 0x00, 0x00, 0x5e, 0x00,
	0x04, 0x00, 0x00, 0x00, 0x08, 0x00, 0x00, 0xa9,
	0xa8, 0x35, 0xe7, 0x64, 0xbc, 0x01, 0x01, 0x00,
	0x00, 0x00, 0x48, 0x00, 0x50, 0x00, 0x53, 0x00,
	0x58, 0x00, 0x5c, 0x00, 0x44, 0x00, 0x4f, 0x00,
	0x43, 0x00, 0x5c, 0x00, 0x4a, 0x00, 0x50, 0x00,
	0x5c, 0x00, 0x48, 0x00, 0x54, 0x00, 0x4d, 0x00,
	0x4c, 0x00, 0x5c, 0x00, 0x4c, 0x00, 0x49, 0x00,
	0x42, 0x00, 0x52, 0x00, 0x45, 0x00, 0x46, 0x00,
	0x5c, 0x00, 0x53, 0x00, 0x53, 0x00, 0x53, 0x00,
	0x53, 0x00, 0x45, 0x00, 0x51, 0x00, 0x54, 0x00,
	0x50, 0x00, 0x2e, 0x00, 0x48, 0x00, 0x54, 0x00,
	0x4d, 0x00, 0x00, 0x00, 0x5e, 0x00, 0x04, 0x00,
	0x00, 0x00, 0x08, 0x00, 0x00, 0xa9, 0xa8, 0x35,
	0xe7, 0x64, 0xbc, 0x01, 0x01, 0x00, 0x00, 0x00,
	0x48, 0x00, 0x50, 0x00, 0x53, 0x00, 0x58, 0x00,
	0x5c, 0x00, 0x44, 0x00, 0x4f, 0x00, 0x43, 0x00,
	0x5c, 0x00, 0x4a, 0x00, 0x50, 0x00, 0x5c, 0x00,
	0x48, 0x00, 0x54, 0x00, 0x4d, 0x00, 0x4c, 0x00,
	0x5c, 0x00, 0x4c, 0x00, 0x49, 0x00, 0x42, 0x00,
};

PositionDataRaw STD_RESULT_MODEL_OBJECTS[8] = {
	{
		{
			0x52, 0x00, 0x45, 0x00, 0x46, 0x00, 0x5c, 0x00,
			0x53, 0x00, 0x53, 0x00, 0x53, 0x00, 0x53, 0x00,
			0x46, 0x00, 0x43, 0x00, 0x50, 0x00, 0x4b, 0x00,
			0x2e, 0x00, 0x48, 0x00, 0x54, 0x00, 0x4d, 0x00,
			0x00, 0x00, 0x5e, 0x00, 0x04, 0x00, 0x00, 0x00,
			0x08, 0x00, 0x00, 0xa9, 0xa8, 0x35, 0xe7, 0x64,
			0xbc, 0x01, 0x01, 0x00, 0x00, 0x00, 0x48, 0x00,
			0x50, 0x00, 0x53, 0x00, 0x58, 0x00, 0x5c, 0x00,
			0x44, 0x00, 0x4f, 0x00, 0x43, 0x00, 0x5c, 0x00,
			0x4a, 0x00, 0x50, 0x00, 0x5c, 0x00, 0x48, 0x00,
			0x54, 0x00, 0x4d, 0x00, 0x4c, 0x00, 0x5c, 0x00,
			0x4c, 0x00, 0x49, 0x00, 0x42, 0x00, 0x52, 0x00,
			0x45, 0x00, 0x46, 0x00, 0x5c, 0x00, 0x53, 0x00,
			0x53, 0x00, 0x53, 0x00, 0x53, 0x00, 0x45, 0x00,
			0x50, 0x00, 0x54, 0x00, 0x50, 0x00, 0x2e, 0x00,
			0x48, 0x00, 0x54, 0x00, 0x4d, 0x00, 0x00, 0x00,
			0x5e, 0x00, 0x04, 0x00, 0x00, 0x00, 0x08, 0x00,
		},
	},
	{
		{
			0x00, 0xa9, 0xa8, 0x35, 0xe7, 0x64, 0xbc, 0x01,
			0x01, 0x00, 0x00, 0x00, 0x48, 0x00, 0x50, 0x00,
			0x53, 0x00, 0x58, 0x00, 0x5c, 0x00, 0x44, 0x00,
			0x4f, 0x00, 0x43, 0x00, 0x5c, 0x00, 0x4a, 0x00,
			0x50, 0x00, 0x5c, 0x00, 0x48, 0x00, 0x54, 0x00,
			0x4d, 0x00, 0x4c, 0x00, 0x5c, 0x00, 0x4c, 0x00,
			0x49, 0x00, 0x42, 0x00, 0x52, 0x00, 0x45, 0x00,
			0x46, 0x00, 0x5c, 0x00, 0x53, 0x00, 0x53, 0x00,
			0x53, 0x00, 0x53, 0x00, 0x45, 0x00, 0x54, 0x00,
			0x54, 0x00, 0x4f, 0x00, 0x2e, 0x00, 0x48, 0x00,
			0x54, 0x00, 0x4d, 0x00, 0x00, 0x00, 0x5e, 0x00,
			0x04, 0x00, 0x00, 0x00, 0x08, 0x00, 0x00, 0xa9,
			0xa8, 0x35, 0xe7, 0x64, 0xbc, 0x01, 0x01, 0x00,
			0x00, 0x00, 0x48, 0x00, 0x50, 0x00, 0x53, 0x00,
			0x58, 0x00, 0x5c, 0x00, 0x44, 0x00, 0x4f, 0x00,
			0x43, 0x00, 0x5c, 0x00, 0x4a, 0x00, 0x50, 0x00,
			0x5c, 0x00, 0x48, 0x00, 0x54, 0x00, 0x4d, 0x00,
		},
	},
	{
		{
			0x4c, 0x00, 0x5c, 0x00, 0x4c, 0x00, 0x49, 0x00,
			0x42, 0x00, 0x52, 0x00, 0x45, 0x00, 0x46, 0x00,
			0x5c, 0x00, 0x53, 0x00, 0x53, 0x00, 0x53, 0x00,
			0x52, 0x00, 0x53, 0x00, 0x45, 0x00, 0x51, 0x00,
			0x4f, 0x00, 0x2e, 0x00, 0x48, 0x00, 0x54, 0x00,
			0x4d, 0x00, 0x00, 0x00, 0x5e, 0x00, 0x04, 0x00,
			0x00, 0x00, 0x08, 0x00, 0x00, 0xa9, 0xa8, 0x35,
			0xe7, 0x64, 0xbc, 0x01, 0x01, 0x00, 0x00, 0x00,
			0x48, 0x00, 0x50, 0x00, 0x53, 0x00, 0x58, 0x00,
			0x5c, 0x00, 0x44, 0x00, 0x4f, 0x00, 0x43, 0x00,
			0x5c, 0x00, 0x4a, 0x00, 0x50, 0x00, 0x5c, 0x00,
			0x48, 0x00, 0x54, 0x00, 0x4d, 0x00, 0x4c, 0x00,
			0x5c, 0x00, 0x4c, 0x00, 0x49, 0x00, 0x42, 0x00,
			0x52, 0x00, 0x45, 0x00, 0x46, 0x00, 0x5c, 0x00,
			0x53, 0x00, 0x53, 0x00, 0x53, 0x00, 0x52, 0x00,
			0x53, 0x00, 0x45, 0x00, 0x50, 0x00, 0x4f, 0x00,
			0x2e, 0x00, 0x48, 0x00, 0x54, 0x00, 0x4d, 0x00,
		},
	},
	{
		{
			0x00, 0x00, 0x4c, 0x00, 0x01, 0x00, 0x00, 0x00,
			0x02, 0x00, 0x00, 0x00, 0x07, 0x00, 0x00, 0x00,
			0x3c, 0x00, 0x50, 0x00, 0x53, 0x00, 0x58, 0x00,
			0x5c, 0x00, 0x44, 0x00, 0x4f, 0x00, 0x43, 0x00,
			0x5c, 0x00, 0x4a, 0x00, 0x50, 0x00, 0x5c, 0x00,
			0x57, 0x00, 0x4f, 0x00, 0x52, 0x00, 0x44, 0x00,
			0x5c, 0x00, 0x46, 0x00, 0x4f, 0x00, 0x52, 0x00,
			0x4d, 0x00, 0x41, 0x00, 0x54, 0x00, 0x5c, 0x00,
			0x42, 0x00, 0x53, 0x00, 0x2e, 0x00, 0x44, 0x00,
			0x4f, 0x00, 0x43, 0x00, 0x00, 0x00, 0x4c, 0x00,
			0x01, 0x00, 0x00, 0x00, 0x02, 0x00, 0x00, 0x00,
			0x05, 0x00, 0x00, 0x00, 0x3c, 0x00, 0x50, 0x00,
			0x53, 0x00, 0x58, 0x00, 0x5c, 0x00, 0x44, 0x00,
			0x4f, 0x00, 0x43, 0x00, 0x5c, 0x00, 0x4a, 0x00,
			0x50, 0x00, 0x5c, 0x00, 0x57, 0x00, 0x4f, 0x00,
			0x52, 0x00, 0x44, 0x00, 0x5c, 0x00, 0x46, 0x00,
			0x4f, 0x00, 0x52, 0x00, 0x4d, 0x00, 0x41, 0x00,
		},
	},
	{
		{
			0x54, 0x00, 0x5c, 0x00, 0x42, 0x00, 0x53, 0x00,
			0x2e, 0x00, 0x44, 0x00, 0x4f, 0x00, 0x43, 0x00,
			0x00, 0x00, 0x4c, 0x00, 0x01, 0x00, 0x00, 0x00,
			0x02, 0x00, 0x00, 0x00, 0x04, 0x00, 0x00, 0x00,
			0x3c, 0x00, 0x50, 0x00, 0x53, 0x00, 0x58, 0x00,
			0x5c, 0x00, 0x44, 0x00, 0x4f, 0x00, 0x43, 0x00,
			0x5c, 0x00, 0x4a, 0x00, 0x50, 0x00, 0x5c, 0x00,
			0x57, 0x00, 0x4f, 0x00, 0x52, 0x00, 0x44, 0x00,
			0x5c, 0x00, 0x46, 0x00, 0x4f, 0x00, 0x52, 0x00,
			0x4d, 0x00, 0x41, 0x00, 0x54, 0x00, 0x5c, 0x00,
			0x42, 0x00, 0x53, 0x00, 0x2e, 0x00, 0x44, 0x00,
			0x4f, 0x00, 0x43, 0x00, 0x00, 0x00, 0x4c, 0x00,
			0x01, 0x00, 0x00, 0x00, 0x02, 0x00, 0x00, 0x00,
			0x06, 0x00, 0x00, 0x00, 0x3c, 0x00, 0x50, 0x00,
			0x53, 0x00, 0x58, 0x00, 0x5c, 0x00, 0x44, 0x00,
			0x4f, 0x00, 0x43, 0x00, 0x5c, 0x00, 0x4a, 0x00,
			0x50, 0x00, 0x5c, 0x00, 0x57, 0x00, 0x4f, 0x00,
		},
	},
	{
		{
			0x52, 0x00, 0x44, 0x00, 0x5c, 0x00, 0x46, 0x00,
			0x4f, 0x00, 0x52, 0x00, 0x4d, 0x00, 0x41, 0x00,
			0x54, 0x00, 0x5c, 0x00, 0x42, 0x00, 0x53, 0x00,
			0x2e, 0x00, 0x44, 0x00, 0x4f, 0x00, 0x43, 0x00,
			0x00, 0x00, 0x50, 0x00, 0x01, 0x00, 0x00, 0x00,
			0x06, 0x00, 0x33, 0x00, 0x34, 0x00, 0x00, 0x00,
			0x0a, 0x00, 0x00, 0x00, 0x3c, 0x00, 0x50, 0x00,
			0x53, 0x00, 0x58, 0x00, 0x5c, 0x00, 0x44, 0x00,
			0x4f, 0x00, 0x43, 0x00, 0x5c, 0x00, 0x4a, 0x00,
			0x50, 0x00, 0x5c, 0x00, 0x57, 0x00, 0x4f, 0x00,
			0x52, 0x00, 0x44, 0x00, 0x5c, 0x00, 0x46, 0x00,
			0x4f, 0x00, 0x52, 0x00, 0x4d, 0x00, 0x41, 0x00,
			0x54, 0x00, 0x5c, 0x00, 0x42, 0x00, 0x53, 0x00,
			0x2e, 0x00, 0x44, 0x00, 0x4f, 0x00, 0x43, 0x00,
			0x00, 0x00, 0x6a, 0x00, 0x01, 0x00, 0x00, 0x00,
			0x20, 0x00, 0x42, 0x00, 0x53, 0x00, 0xd5, 0x30,
			0xa9, 0x30, 0xfc, 0x30, 0xde, 0x30, 0xc3, 0x30,
		},
	},
	{
		{
			0xc8, 0x30, 0x28, 0x00, 0x6c, 0x00, 0x69, 0x00,
			0x62, 0x00, 0x62, 0x00, 0x73, 0x00, 0x29, 0x00,
			0x00, 0x00, 0x03, 0x00, 0x00, 0x00, 0x3c, 0x00,
			0x50, 0x00, 0x53, 0x00, 0x58, 0x00, 0x5c, 0x00,
			0x44, 0x00, 0x4f, 0x00, 0x43, 0x00, 0x5c, 0x00,
			0x4a, 0x00, 0x50, 0x00, 0x5c, 0x00, 0x57, 0x00,
			0x4f, 0x00, 0x52, 0x00, 0x44, 0x00, 0x5c, 0x00,
			0x46, 0x00, 0x4f, 0x00, 0x52, 0x00, 0x4d, 0x00,
			0x41, 0x00, 0x54, 0x00, 0x5c, 0x00, 0x42, 0x00,
			0x53, 0x00, 0x2e, 0x00, 0x44, 0x00, 0x4f, 0x00,
			0x43, 0x00, 0x00, 0x00, 0x58, 0x00, 0x01, 0x00,
			0x00, 0x00, 0x0e, 0x00, 0x6c, 0x00, 0x69, 0x00,
			0x62, 0x00, 0x64, 0x00, 0x6f, 0x00, 0x63, 0x00,
			0x00, 0x00, 0x08, 0x00, 0x00, 0x00, 0x3c, 0x00,
			0x50, 0x00, 0x53, 0x00, 0x58, 0x00, 0x5c, 0x00,
			0x44, 0x00, 0x4f, 0x00, 0x43, 0x00, 0x5c, 0x00,
			0x4a, 0x00, 0x50, 0x00, 0x5c, 0x00, 0x57, 0x00,
		},
	},
	{
		{
			0x4f, 0x00, 0x52, 0x00, 0x44, 0x00, 0x5c, 0x00,
			0x46, 0x00, 0x4f, 0x00, 0x52, 0x00, 0x4d, 0x00,
			0x41, 0x00, 0x54, 0x00, 0x5c, 0x00, 0x42, 0x00,
			0x53, 0x00, 0x2e, 0x00, 0x44, 0x00, 0x4f, 0x00,
			0x43, 0x00, 0x00, 0x00, 0x86, 0x00, 0x01, 0x00,
			0x00, 0x00, 0x3c, 0x00, 0x4d, 0x00, 0x69, 0x00,
			0x63, 0x00, 0x72, 0x00, 0x6f, 0x00, 0x73, 0x00,
			0x6f, 0x00, 0x66, 0x00, 0x74, 0x00, 0x20, 0x00,
			0x57, 0x00, 0x6f, 0x00, 0x72, 0x00, 0x64, 0x00,
			0x20, 0x00, 0x66, 0x00, 0x6f, 0x00, 0x72, 0x00,
			0x20, 0x00, 0x57, 0x00, 0x69, 0x00, 0x6e, 0x00,
			0x64, 0x00, 0x6f, 0x00, 0x77, 0x00, 0x73, 0x00,
			0x20, 0x00, 0x39, 0x00, 0x35, 0x00, 0x00, 0x00,
			0x0b, 0x00, 0x00, 0x00, 0x3c, 0x00, 0x50, 0x00,
			0x53, 0x00, 0x58, 0x00, 0x5c, 0x00, 0x44, 0x00,
			0x4f, 0x00, 0x43, 0x00, 0x5c, 0x00, 0x4a, 0x00,
			0x50, 0x00, 0x5c, 0x00, 0x57, 0x00, 0x4f, 0x00,
		},
	},
};

int16_t STD_CHAMPION_ORBIT_ANGLES[80] = {
	0x0052, 0x0044, 0x005c, 0x0046, 0x004f, 0x0052, 0x004d, 0x0041,
	0x0054, 0x005c, 0x0042, 0x0053, 0x002e, 0x0044, 0x004f, 0x0043,
	0x0000, 0x0072, 0x0001, 0x0000, 0x0028, 0x0053, 0x0043, 0x0045,
	0x0049, 0x0020, 0x0044, 0x006f, 0x0063, 0x0075, 0x006d, 0x0065,
	0x006e, 0x0074, 0x0020, 0x0047, 0x0072, 0x006f, 0x0075, 0x0070,
	0x0000, 0x0009, 0x0000, 0x003c, 0x0050, 0x0053, 0x0058, 0x005c,
	0x0044, 0x004f, 0x0043, 0x005c, 0x004a, 0x0050, 0x005c, 0x0057,
	0x004f, 0x0052, 0x0044, 0x005c, 0x0046, 0x004f, 0x0052, 0x004d,
	0x0041, 0x0054, 0x005c, 0x0042, 0x0053, 0x002e, 0x0044, 0x004f,
	0x0043, 0x0000, 0x005c, 0x0002, 0x0000, 0x0008, 0x0000, 0x0000,
};

int16_t STD_MODEL_SCENE_STEPS[10] = {
	0xd000, 0x4080, 0x0002, 0x0000, 0x0046, 0x0050, 0x0053, 0x0058,
	0x005c, 0x0044,
};

int16_t STD_LOSE_WIPE_HEIGHTS[32] = {
	0x004f, 0x0043, 0x005c, 0x004a, 0x0050, 0x005c, 0x0048, 0x0054,
	0x004d, 0x004c, 0x005c, 0x004c, 0x0049, 0x0042, 0x0052, 0x0045,
	0x0046, 0x005c, 0x0054, 0x004f, 0x0050, 0x004d, 0x0045, 0x004e,
	0x0055, 0x002e, 0x0048, 0x0054, 0x004d, 0x0000, 0x005a, 0x0002,
};

uint8_t STD_LOSE_WIPE_ORDER[32] = {
	0x00, 0x00, 0x08, 0x00, 0x00, 0x00, 0x00, 0x00,
	0x00, 0x30, 0x83, 0x40, 0x02, 0x00, 0x00, 0x00,
	0x44, 0x00, 0x50, 0x00, 0x53, 0x00, 0x58, 0x00,
	0x5c, 0x00, 0x44, 0x00, 0x4f, 0x00, 0x43, 0x00,
};

void (*STD_EFE_SUB_OPCODE_HANDLERS[97])(void) = {
	(void (*)(void))0x004a005c,
	(void (*)(void))0x005c0050,
	(void (*)(void))0x00450054,
	(void (*)(void))0x00540058,
	(void (*)(void))0x0054005c,
	(void (*)(void))0x004f004f,
	(void (*)(void))0x005c004c,
	(void (*)(void))0x00580045,
	(void (*)(void))0x00480045,
	(void (*)(void))0x00410045,
	(void (*)(void))0x00580044,
	(void (*)(void))0x0054002e,
	(void (*)(void))0x00540058,
	(void (*)(void))0x00580000,
	(void (*)(void))0x00000002,
	(void (*)(void))0x00000008,
	(void (*)(void))0x28000000,
	(void (*)(void))0x00024084,
	(void (*)(void))0x00420000,
	(void (*)(void))0x00530050,
	(void (*)(void))0x005c0058,
	(void (*)(void))0x004f0044,
	(void (*)(void))0x005c0043,
	(void (*)(void))0x0050004a,
	(void (*)(void))0x0054005c,
	(void (*)(void))0x00580045,
	(void (*)(void))0x005c0054,
	(void (*)(void))0x004f0054,
	(void (*)(void))0x004c004f,
	(void (*)(void))0x0053005c,
	(void (*)(void))0x00510045,
	(void (*)(void))0x00530032,
	(void (*)(void))0x00500045,
	(void (*)(void))0x0054002e,
	(void (*)(void))0x00540058,
	(void (*)(void))0x005a0000,
	(void (*)(void))0x00000002,
	(void (*)(void))0x00000008,
	(void (*)(void))0x40000000,
	(void (*)(void))0x00024088,
	(void (*)(void))0x00440000,
	(void (*)(void))0x00530050,
	(void (*)(void))0x005c0058,
	(void (*)(void))0x004f0044,
	(void (*)(void))0x005c0043,
	(void (*)(void))0x0050004a,
	(void (*)(void))0x0054005c,
	(void (*)(void))0x00580045,
	(void (*)(void))0x005c0054,
	(void (*)(void))0x004f0054,
	(void (*)(void))0x004c004f,
	(void (*)(void))0x0056005c,
	(void (*)(void))0x00420041,
	(void (*)(void))0x00500053,
	(void (*)(void))0x0049004c,
	(void (*)(void))0x002e0054,
	(void (*)(void))0x00580054,
	(void (*)(void))0x00000054,
	(void (*)(void))0x00020058,
	(void (*)(void))0x00080000,
	(void (*)(void))0x00000000,
	(void (*)(void))0x4088b800,
	(void (*)(void))0x00000002,
	(void (*)(void))0x00500042,
	(void (*)(void))0x00580053,
	(void (*)(void))0x0044005c,
	(void (*)(void))0x0043004f,
	(void (*)(void))0x004a005c,
	(void (*)(void))0x005c0050,
	(void (*)(void))0x00450054,
	(void (*)(void))0x00540058,
	(void (*)(void))0x0054005c,
	(void (*)(void))0x004f004f,
	(void (*)(void))0x005c004c,
	(void (*)(void))0x00490054,
	(void (*)(void))0x0032004d,
	(void (*)(void))0x004d0042,
	(void (*)(void))0x002e0050,
	(void (*)(void))0x00580054,
	(void (*)(void))0x00000054,
	(void (*)(void))0x0002005e,
	(void (*)(void))0x00080000,
	(void (*)(void))0x00000000,
	(void (*)(void))0x408f1000,
	(void (*)(void))0x00000002,
	(void (*)(void))0x00500048,
	(void (*)(void))0x00580053,
	(void (*)(void))0x0044005c,
	(void (*)(void))0x0043004f,
	(void (*)(void))0x004a005c,
	(void (*)(void))0x005c0050,
	(void (*)(void))0x00540048,
	(void (*)(void))0x004c004d,
	(void (*)(void))0x004c005c,
	(void (*)(void))0x00420049,
	(void (*)(void))0x00450052,
	(void (*)(void))0x005c0046,
};

MATRIXRaw STD_SAVED_WS_MATRIX = {
	{
		0x53, 0x00, 0x56, 0x00, 0x4e, 0x00, 0x44, 0x00,
		0x4f, 0x00, 0x4c, 0x00, 0x55, 0x00, 0x45, 0x00,
		0x2e, 0x00, 0x48, 0x00, 0x54, 0x00, 0x4d, 0x00,
		0x00, 0x00, 0x5c, 0x00, 0x02, 0x00, 0x00, 0x00,
	},
};

EfePoisonBubble STD_POISON_BUBBLES[12] = {
	{ 0x0008, 0x0000, 0x0000, 0x3000, (Entity *)0x0002408f },
	{ 0x0000, 0x0046, 0x0050, 0x0053, (Entity *)0x005c0058 },
	{ 0x0044, 0x004f, 0x0043, 0x005c, (Entity *)0x0050004a },
	{ 0x005c, 0x0048, 0x0054, 0x004d, (Entity *)0x005c004c },
	{ 0x004c, 0x0049, 0x0042, 0x0052, (Entity *)0x00460045 },
	{ 0x005c, 0x0053, 0x0056, 0x0045, (Entity *)0x00540043 },
	{ 0x004f, 0x0052, 0x002e, 0x0048, (Entity *)0x004d0054 },
	{ 0x0000, 0x005a, 0x0002, 0x0000, (Entity *)0x00000008 },
	{ 0x0000, 0xe800, 0x408f, 0x0002, (Entity *)0x00440000 },
	{ 0x0050, 0x0053, 0x0058, 0x005c, (Entity *)0x004f0044 },
	{ 0x0043, 0x005c, 0x004a, 0x0050, (Entity *)0x0048005c },
	{ 0x0054, 0x004d, 0x004c, 0x005c, (Entity *)0x0049004c },
};

EfePoison STD_POISON_EFFECTS[4] = {
	{ 0x0042, 0x0052, (Entity *)0x00460045 },
	{ 0x005c, 0x0056, (Entity *)0x00430045 },
	{ 0x0054, 0x004f, (Entity *)0x002e0052 },
	{ 0x0048, 0x0054, (Entity *)0x0000004d },
};

EfeConfusion STD_CONFUSION_EFFECTS[4] = {
	{
		0x0058,
		0x0002,
		0x0000,
		{ 0x0008, 0x0000, 0x0000 },
		(Entity *)0x4091d000,
	},
	{
		0x0002,
		0x0000,
		0x0042,
		{ 0x0050, 0x0053, 0x0058 },
		(Entity *)0x0044005c,
	},
	{
		0x004f,
		0x0043,
		0x005c,
		{ 0x004a, 0x0050, 0x005c },
		(Entity *)0x00540048,
	},
	{
		0x004d,
		0x004c,
		0x005c,
		{ 0x004c, 0x0049, 0x0042 },
		(Entity *)0x00450052,
	},
};

EfeStun STD_STUN_EFFECTS[5] = {
	{ 0x0046, 0x005c, 0x0054, 0x004d, (Entity *)0x00530045 },
	{ 0x0048, 0x002e, 0x0048, 0x0054, (Entity *)0x0000004d },
	{ 0x005a, 0x0002, 0x0000, 0x0008, (Entity *)0x00000000 },
	{ 0xb800, 0x4092, 0x0002, 0x0000, (Entity *)0x00500044 },
	{ 0x0053, 0x0058, 0x005c, 0x0044, (Entity *)0x0043004f },
};

EfeStunSpark STD_STUN_SUB_EFFECTS[25] = {
	{ 0x005c, 0x004a, (Entity *)0x005c0050 },
	{ 0x0048, 0x0054, (Entity *)0x004c004d },
	{ 0x005c, 0x004c, (Entity *)0x00420049 },
	{ 0x0052, 0x0045, (Entity *)0x005c0046 },
	{ 0x0053, 0x0054, (Entity *)0x004c0052 },
	{ 0x0045, 0x004e, (Entity *)0x0048002e },
	{ 0x0054, 0x004d, (Entity *)0x005e0000 },
	{ 0x0002, 0x0000, (Entity *)0x00000008 },
	{ 0x0000, 0x2c00, (Entity *)0x00024093 },
	{ 0x0000, 0x0048, (Entity *)0x00530050 },
	{ 0x0058, 0x005c, (Entity *)0x004f0044 },
	{ 0x0043, 0x005c, (Entity *)0x0050004a },
	{ 0x005c, 0x0048, (Entity *)0x004d0054 },
	{ 0x004c, 0x005c, (Entity *)0x0049004c },
	{ 0x0042, 0x0052, (Entity *)0x00460045 },
	{ 0x005c, 0x0053, (Entity *)0x00310054 },
	{ 0x0045, 0x0054, (Entity *)0x004c0049 },
	{ 0x0036, 0x002e, (Entity *)0x00540048 },
	{ 0x004d, 0x0000, (Entity *)0x0002005c },
	{ 0x0000, 0x0008, (Entity *)0x00000000 },
	{ 0x2c00, 0x4093, (Entity *)0x00000002 },
	{ 0x0046, 0x0050, (Entity *)0x00580053 },
	{ 0x005c, 0x0044, (Entity *)0x0043004f },
	{ 0x005c, 0x004a, (Entity *)0x005c0050 },
	{ 0x0048, 0x0054, (Entity *)0x004c004d },
};

EfeFinisherAura STD_FINISHER_AURAS[2] = {
	{ 0x005c, 0x004c, (Entity *)0x00420049 },
	{ 0x0052, 0x0045, (Entity *)0x005c0046 },
};

SVECTOR STD_FINISHER_AURA_SPARKS[20] = {
	{ 0x0054, 0x004f, 0x0041, 0x0053 },
	{ 0x0043, 0x0049, 0x0049, 0x002e },
	{ 0x0048, 0x0054, 0x004d, 0x0000 },
	{ 0x005e, 0x0002, 0x0000, 0x0008 },
	{ 0x0000, 0x0000, 0x7400, 0x4093 },
	{ 0x0002, 0x0000, 0x0048, 0x0050 },
	{ 0x0053, 0x0058, 0x005c, 0x0044 },
	{ 0x004f, 0x0043, 0x005c, 0x004a },
	{ 0x0050, 0x005c, 0x0048, 0x0054 },
	{ 0x004d, 0x004c, 0x005c, 0x004c },
	{ 0x0049, 0x0042, 0x0052, 0x0045 },
	{ 0x0046, 0x005c, 0x0054, 0x0045 },
	{ 0x0052, 0x004d, 0x0050, 0x0052 },
	{ 0x0049, 0x004d, 0x002e, 0x0048 },
	{ 0x0054, 0x004d, 0x0000, 0x005c },
	{ 0x0002, 0x0000, 0x0008, 0x0000 },
	{ 0x0000, 0x9c00, 0x4093, 0x0002 },
	{ 0x0000, 0x0046, 0x0050, 0x0053 },
	{ 0x0058, 0x005c, 0x0044, 0x004f },
	{ 0x0043, 0x005c, 0x004a, 0x0050 },
};
// clang-format on
