#include <libgs.h>
#include <libgte.h>

#include <dw/graphics.h>
#include <dw/std.h>
#include <dw/types.h>

// clang-format off
GsOT STD_D_8007B684[2] = {
	{
		0x00000000,
		(GsOT_TAG *)0x00000000,
		0x00000000,
		0x00000000,
		(GsOT_TAG *)0x00000000,
	},
	{
		0x00000000,
		(GsOT_TAG *)0x00000000,
		0x00000000,
		0x00000000,
		(GsOT_TAG *)0x00000000,
	},
};

GsOT_TAG STD_D_8007B664[4] = {
	{ 0x000000, 0x00 },
	{ 0x000000, 0x00 },
	{ 0x000000, 0x00 },
	{ 0x000000, 0x00 },
};

GsOT_TAG STD_D_8007B674[4] = {
	{ 0x000000, 0x00 },
	{ 0x000000, 0x00 },
	{ 0x000000, 0x00 },
	{ 0x000000, 0x00 },
};

GsOT STD_D_8007B6AC[2] = {
	{
		0x00000000,
		(GsOT_TAG *)0x00000000,
		0x00000000,
		0x00000000,
		(GsOT_TAG *)0x00000000,
	},
	{
		0x00000000,
		(GsOT_TAG *)0x00000000,
		0x00000000,
		0x00000000,
		(GsOT_TAG *)0x00000000,
	},
};

GsOT_TAG STD_D_8007B6D4[4] = {
	{ 0x000000, 0x00 },
	{ 0x000000, 0x00 },
	{ 0x000000, 0x00 },
	{ 0x000000, 0x00 },
};

GsOT_TAG STD_D_8007B6E4[4] = {
	{ 0x000000, 0x00 },
	{ 0x000000, 0x00 },
	{ 0x000000, 0x00 },
	{ 0x000000, 0x00 },
};

VECTOR STD_INTRO_TARGET_POS = { 0x00000000, 0x00000000, 0x00000000, 0x00000000 };

VECTOR STD_CAMERA_CHASE_LAST_POS = { 0x00000000, 0x00000000, 0x00000000, 0x00000000 };

GsOT STD_MODEL_SCENE_ORDERING_TABLE[2] = {
	{
		0x00000000,
		(GsOT_TAG *)0x00000000,
		0x00000000,
		0x00000000,
		(GsOT_TAG *)0x00000000,
	},
	{
		0x00000000,
		(GsOT_TAG *)0x00000000,
		0x00000000,
		0x00000000,
		(GsOT_TAG *)0x00000132,
	},
};

GsOT_TAG STD_MODEL_SCENE_OT_TAGS_0[32] = {
	{ 0xffffff, 0xff },
	{ 0x000fc4, 0x00 },
	{ 0x000ffc, 0x00 },
	{ 0x001018, 0x00 },
	{ 0x00008f, 0x00 },
	{ 0x000000, 0x00 },
	{ 0x000251, 0x00 },
	{ 0xffffff, 0xff },
	{ 0x000fe0, 0x00 },
	{ 0xffffff, 0xff },
	{ 0x001d70, 0x00 },
	{ 0x000090, 0x00 },
	{ 0x000000, 0x00 },
	{ 0x000176, 0x00 },
	{ 0xffffff, 0xff },
	{ 0x000fc4, 0x00 },
	{ 0x001034, 0x00 },
	{ 0xffffff, 0xff },
	{ 0x000091, 0x00 },
	{ 0x000000, 0x00 },
	{ 0x000251, 0x00 },
	{ 0xffffff, 0xff },
	{ 0x001018, 0x00 },
	{ 0xffffff, 0xff },
	{ 0x001d54, 0x00 },
	{ 0x000092, 0x00 },
	{ 0x000000, 0x00 },
	{ 0x000233, 0x00 },
	{ 0xffffff, 0xff },
	{ 0x000e90, 0x00 },
	{ 0xffffff, 0xff },
	{ 0x001da8, 0x00 },
};

GsOT_TAG STD_MODEL_SCENE_OT_TAGS_1[32] = {
	{ 0x000093, 0x00 },
	{ 0x000000, 0x00 },
	{ 0x0007d8, 0x00 },
	{ 0xffffff, 0xff },
	{ 0x000090, 0x00 },
	{ 0x0017f8, 0x00 },
	{ 0x0010f8, 0x00 },
	{ 0x000094, 0x00 },
	{ 0x000000, 0x00 },
	{ 0x0002d3, 0x00 },
	{ 0xffffff, 0xff },
	{ 0x0017dc, 0x00 },
	{ 0x001830, 0x00 },
	{ 0x003524, 0x00 },
	{ 0x0000d8, 0x00 },
	{ 0x000000, 0x00 },
	{ 0x0000d9, 0x00 },
	{ 0xffffff, 0xff },
	{ 0x000074, 0x00 },
	{ 0x0010c0, 0x00 },
	{ 0x001248, 0x00 },
	{ 0x000096, 0x00 },
	{ 0x000000, 0x00 },
	{ 0x00034f, 0x00 },
	{ 0xffffff, 0xff },
	{ 0x0010a4, 0x00 },
	{ 0x0010dc, 0x00 },
	{ 0xffffff, 0xff },
	{ 0x000097, 0x00 },
	{ 0x000000, 0x00 },
	{ 0x0000bf, 0x00 },
	{ 0xffffff, 0xff },
};

GsDOBJ2 STD_ARENA_OBJECTS[4] = {
	{
		0x000010c0,
		(GsCOORDINATE2 *)0xffffffff,
		(long unsigned int *)0xffffffff,
		0x00000098,
	},
	{
		0x00000000,
		(GsCOORDINATE2 *)0x000005e9,
		(long unsigned int *)0xffffffff,
		0x00000090,
	},
	{
		0x00001114,
		(GsCOORDINATE2 *)0x00002620,
		(long unsigned int *)0x00000099,
		0x00000000,
	},
	{
		0x000001bf,
		(GsCOORDINATE2 *)0xffffffff,
		(long unsigned int *)0x000010f8,
		0xffffffff,
	},
};

GsCOORDINATE2Raw STD_ARENA_COORDS[4] = {
	{
		{
			0x30, 0x11, 0x00, 0x00, 0x9a, 0x00, 0x00, 0x00,
			0x00, 0x00, 0x00, 0x00, 0x73, 0x03, 0x00, 0x00,
			0xff, 0xff, 0xff, 0xff, 0xf8, 0x10, 0x00, 0x00,
			0xff, 0xff, 0xff, 0xff, 0xff, 0xff, 0xff, 0xff,
			0x9b, 0x00, 0x00, 0x00, 0x00, 0x00, 0x00, 0x00,
			0x26, 0x01, 0x00, 0x00, 0xff, 0xff, 0xff, 0xff,
			0x6c, 0x02, 0x00, 0x00, 0x68, 0x11, 0x00, 0x00,
			0xc0, 0x09, 0x00, 0x00, 0x9c, 0x00, 0x00, 0x00,
			0x00, 0x00, 0x00, 0x00, 0x02, 0x03, 0x00, 0x00,
			0xff, 0xff, 0xff, 0xff, 0x4c, 0x11, 0x00, 0x00,
		},
	},
	{
		{
			0x84, 0x11, 0x00, 0x00, 0xa0, 0x11, 0x00, 0x00,
			0x9d, 0x00, 0x00, 0x00, 0x00, 0x00, 0x00, 0x00,
			0x51, 0x02, 0x00, 0x00, 0xff, 0xff, 0xff, 0xff,
			0x68, 0x11, 0x00, 0x00, 0xff, 0xff, 0xff, 0xff,
			0x38, 0x1d, 0x00, 0x00, 0x9e, 0x00, 0x00, 0x00,
			0x00, 0x00, 0x00, 0x00, 0xee, 0x03, 0x00, 0x00,
			0xff, 0xff, 0xff, 0xff, 0x4c, 0x11, 0x00, 0x00,
			0xbc, 0x11, 0x00, 0x00, 0xd8, 0x11, 0x00, 0x00,
			0x9f, 0x00, 0x00, 0x00, 0x00, 0x00, 0x00, 0x00,
			0x51, 0x02, 0x00, 0x00, 0xff, 0xff, 0xff, 0xff,
		},
	},
	{
		{
			0xa0, 0x11, 0x00, 0x00, 0xff, 0xff, 0xff, 0xff,
			0x1c, 0x1d, 0x00, 0x00, 0xa0, 0x00, 0x00, 0x00,
			0x00, 0x00, 0x00, 0x00, 0x29, 0x01, 0x00, 0x00,
			0xff, 0xff, 0xff, 0xff, 0x4c, 0x11, 0x00, 0x00,
			0xf4, 0x11, 0x00, 0x00, 0x10, 0x12, 0x00, 0x00,
			0xa1, 0x00, 0x00, 0x00, 0x00, 0x00, 0x00, 0x00,
			0x51, 0x02, 0x00, 0x00, 0xff, 0xff, 0xff, 0xff,
			0xd8, 0x11, 0x00, 0x00, 0xff, 0xff, 0xff, 0xff,
			0x00, 0x1d, 0x00, 0x00, 0xa2, 0x00, 0x00, 0x00,
			0x00, 0x00, 0x00, 0x00, 0xc7, 0x00, 0x00, 0x00,
		},
	},
	{
		{
			0xff, 0xff, 0xff, 0xff, 0x4c, 0x11, 0x00, 0x00,
			0x2c, 0x12, 0x00, 0x00, 0xff, 0xff, 0xff, 0xff,
			0xa3, 0x00, 0x00, 0x00, 0x00, 0x00, 0x00, 0x00,
			0x51, 0x02, 0x00, 0x00, 0xff, 0xff, 0xff, 0xff,
			0x10, 0x12, 0x00, 0x00, 0xff, 0xff, 0xff, 0xff,
			0xe4, 0x1c, 0x00, 0x00, 0xa4, 0x00, 0x00, 0x00,
			0x00, 0x00, 0x00, 0x00, 0x53, 0x02, 0x00, 0x00,
			0xff, 0xff, 0xff, 0xff, 0x74, 0x00, 0x00, 0x00,
			0x64, 0x12, 0x00, 0x00, 0xcc, 0x25, 0x00, 0x00,
			0xa5, 0x00, 0x00, 0x00, 0x00, 0x00, 0x00, 0x00,
		},
	},
};

int16_t STD_D_8007B9BC[10] = {
	0x051e, 0x0000, 0xffff, 0xffff, 0x1248, 0x0000, 0x1280, 0x0000,
	0xffff, 0xffff,
};

StdUnkB9D0 STD_D_8007B9D0 = {
	0x00a6,
	0x0000,
	(Entity *)0x00000000,
	(Entity *)0x00000225,
	{
		0xff, 0xff, 0xff, 0xff, 0x64, 0x12, 0x00, 0x00,
		0xff, 0xff, 0xff, 0xff, 0xb0, 0x3c, 0x00, 0x00,
	},
};

int32_t STD_D_8007BA44[22] = {
	0x00020094, 0x00000000, 0x00000140, 0xffffffff,
	0x000000e4, 0xffffffff, 0x000014b0, 0x000000a8,
	0x00000000, 0x00000240, 0xffffffff, 0x00003214,
	0xffffffff, 0xffffffff, 0x000100c9, 0x00000000,
	0x00000217, 0xffffffff, 0x000025e8, 0xffffffff,
	0xffffffff, 0x000100ca,
};

int32_t STD_D_8007B9EC[4] = {
	0x00000000, 0x000003c8, 0xffffffff, 0x0000011c,
};

int32_t STD_D_8007B9FC[18] = {
	0x0000130c, 0x00003284, 0x000000ab, 0x00000000,
	0x00000313, 0xffffffff, 0x000012f0, 0xffffffff,
	0x00001328, 0x000000ac, 0x00000000, 0x000004c0,
	0xffffffff, 0x000012f0, 0xffffffff, 0x00001344,
	0x000000ad, 0x00000000,
};

int32_t STD_D_8007BA9C[4] = {
	0x000002c5, 0xffffffff, 0x000012f0, 0xffffffff,
};

int32_t STD_D_8007BAAC[18] = {
	0x00001360, 0x000000ae, 0x00000000, 0x000002fe,
	0xffffffff, 0x000012f0, 0xffffffff, 0x0000137c,
	0x000000af, 0x00000000, 0x00000227, 0xffffffff,
	0x000012f0, 0xffffffff, 0x00001398, 0x000000b0,
	0x00000000, 0x0000036e,
};

StdUnkBAF4 STD_BRACKET_SLOTS[8] = {
	{
		0xffff,
		0xffff,
		0xf0,
		0x12,
		0x00,
		0x00,
		0xff,
		0xff,
		{ 0xff, 0xff },
		0xb4,
		0x13,
	},
	{
		0x0000,
		0x00b1,
		0x00,
		0x00,
		0x00,
		0x00,
		0x00,
		0x00,
		{ 0x1d, 0x03 },
		0x00,
		0x00,
	},
	{
		0xffff,
		0xffff,
		0xf0,
		0x12,
		0x00,
		0x00,
		0xff,
		0xff,
		{ 0xff, 0xff },
		0xd0,
		0x13,
	},
	{
		0x0000,
		0x00b2,
		0x00,
		0x00,
		0x00,
		0x00,
		0x00,
		0x00,
		{ 0xfc, 0x02 },
		0x00,
		0x00,
	},
	{
		0xffff,
		0xffff,
		0xf0,
		0x12,
		0x00,
		0x00,
		0xff,
		0xff,
		{ 0xff, 0xff },
		0xec,
		0x13,
	},
	{
		0x0000,
		0x00b3,
		0x00,
		0x00,
		0x00,
		0x00,
		0x00,
		0x00,
		{ 0x8e, 0x03 },
		0x00,
		0x00,
	},
	{
		0xffff,
		0xffff,
		0xf0,
		0x12,
		0x00,
		0x00,
		0xff,
		0xff,
		{ 0xff, 0xff },
		0xff,
		0xff,
	},
	{
		0xffff,
		0x00b4,
		0x00,
		0x00,
		0x00,
		0x00,
		0x00,
		0x00,
		{ 0x32, 0x01 },
		0x00,
		0x00,
	},
};

StdUnkBB64 STD_BRACKET_PROJECTILES[8] = {
	{ 0xffff, 0xffff, 0xc0, 0x09 },
	{ 0x0000, 0x1424, 0x00, 0x00 },
	{ 0x1440, 0x0000, 0xb5, 0x00 },
	{ 0x0000, 0x0000, 0x00, 0x00 },
	{ 0x0251, 0x0000, 0xff, 0xff },
	{ 0xffff, 0x1408, 0x00, 0x00 },
	{ 0xffff, 0xffff, 0xc8, 0x1c },
	{ 0x0000, 0x00b6, 0x00, 0x00 },
};

uint8_t STD_BATTLE_START_TEXT_PIECES[155][20] = {
	{
		0x00, 0x00, 0x00, 0x00, 0x76, 0x01, 0x00, 0x00,
		0xff, 0xff, 0xff, 0xff, 0xc0, 0x09, 0x00, 0x00,
		0x5c, 0x14, 0x00, 0x00,
	},
	{
		0xff, 0xff, 0xff, 0xff, 0xb7, 0x00, 0x00, 0x00,
		0x00, 0x00, 0x00, 0x00, 0x51, 0x02, 0x00, 0x00,
		0xff, 0xff, 0xff, 0xff,
	},
	{
		0x40, 0x14, 0x00, 0x00, 0xff, 0xff, 0xff, 0xff,
		0xac, 0x1c, 0x00, 0x00, 0xb8, 0x00, 0x00, 0x00,
		0x00, 0x00, 0x00, 0x00,
	},
	{
		0x2a, 0x02, 0x00, 0x00, 0xff, 0xff, 0xff, 0xff,
		0x3c, 0x00, 0x00, 0x00, 0x94, 0x14, 0x00, 0x00,
		0x84, 0x0a, 0x00, 0x00,
	},
	{
		0xb9, 0x00, 0x00, 0x00, 0x00, 0x00, 0x00, 0x00,
		0xc1, 0x01, 0x00, 0x00, 0xff, 0xff, 0xff, 0xff,
		0x78, 0x14, 0x00, 0x00,
	},
	{
		0x18, 0x38, 0x00, 0x00, 0x04, 0x15, 0x00, 0x00,
		0xba, 0x00, 0x00, 0x00, 0x00, 0x00, 0x00, 0x00,
		0x06, 0x05, 0x00, 0x00,
	},
	{
		0xff, 0xff, 0xff, 0xff, 0xe4, 0x00, 0x00, 0x00,
		0xcc, 0x14, 0x00, 0x00, 0xa4, 0x09, 0x00, 0x00,
		0xbb, 0x00, 0x00, 0x00,
	},
	{
		0x00, 0x00, 0x00, 0x00, 0xea, 0x00, 0x00, 0x00,
		0xff, 0xff, 0xff, 0xff, 0xb0, 0x14, 0x00, 0x00,
		0xff, 0xff, 0xff, 0xff,
	},
	{
		0xff, 0xff, 0xff, 0xff, 0xbc, 0x00, 0x00, 0x00,
		0x00, 0x00, 0x00, 0x00, 0xe0, 0x01, 0x00, 0x00,
		0xff, 0xff, 0xff, 0xff,
	},
	{
		0xb0, 0x0d, 0x00, 0x00, 0xff, 0xff, 0xff, 0xff,
		0xff, 0xff, 0xff, 0xff, 0xbd, 0x00, 0x00, 0x00,
		0x00, 0x00, 0x00, 0x00,
	},
	{
		0x11, 0x03, 0x00, 0x00, 0xff, 0xff, 0xff, 0xff,
		0x78, 0x14, 0x00, 0x00, 0xfc, 0x37, 0x00, 0x00,
		0xff, 0xff, 0xff, 0xff,
	},
	{
		0xbe, 0x00, 0x00, 0x00, 0x00, 0x00, 0x00, 0x00,
		0x77, 0x03, 0x00, 0x00, 0xff, 0xff, 0xff, 0xff,
		0xe4, 0x00, 0x00, 0x00,
	},
	{
		0xff, 0xff, 0xff, 0xff, 0x3c, 0x15, 0x00, 0x00,
		0xbf, 0x00, 0x00, 0x00, 0x00, 0x00, 0x00, 0x00,
		0xc0, 0x02, 0x00, 0x00,
	},
	{
		0xff, 0xff, 0xff, 0xff, 0xe4, 0x00, 0x00, 0x00,
		0xff, 0xff, 0xff, 0xff, 0x74, 0x15, 0x00, 0x00,
		0x03, 0x00, 0x04, 0x00,
	},
	{
		0x00, 0x00, 0x00, 0x00, 0x3f, 0x02, 0x00, 0x00,
		0xff, 0xff, 0xff, 0xff, 0x08, 0x0d, 0x00, 0x00,
		0xff, 0xff, 0xff, 0xff,
	},
	{
		0xfc, 0x16, 0x00, 0x00, 0xc1, 0x00, 0x00, 0x00,
		0x00, 0x00, 0x00, 0x00, 0x1f, 0x02, 0x00, 0x00,
		0xff, 0xff, 0xff, 0xff,
	},
	{
		0xe4, 0x00, 0x00, 0x00, 0x90, 0x15, 0x00, 0x00,
		0x8c, 0x16, 0x00, 0x00, 0xc2, 0x00, 0x00, 0x00,
		0x00, 0x00, 0x00, 0x00,
	},
	{
		0x30, 0x00, 0x00, 0x00, 0xff, 0xff, 0xff, 0xff,
		0x74, 0x15, 0x00, 0x00, 0xff, 0xff, 0xff, 0xff,
		0x70, 0x16, 0x00, 0x00,
	},
	{
		0x04, 0x00, 0x03, 0x00, 0x00, 0x00, 0x00, 0x00,
		0x51, 0x02, 0x00, 0x00, 0xff, 0xff, 0xff, 0xff,
		0x14, 0x03, 0x00, 0x00,
	},
	{
		0xff, 0xff, 0xff, 0xff, 0x8c, 0x1d, 0x00, 0x00,
		0xc4, 0x00, 0x00, 0x00, 0x00, 0x00, 0x00, 0x00,
		0x51, 0x02, 0x00, 0x00,
	},
	{
		0xff, 0xff, 0xff, 0xff, 0x4c, 0x03, 0x00, 0x00,
		0xff, 0xff, 0xff, 0xff, 0x4c, 0x1f, 0x00, 0x00,
		0xc5, 0x00, 0x00, 0x00,
	},
	{
		0x00, 0x00, 0x00, 0x00, 0x51, 0x02, 0x00, 0x00,
		0xff, 0xff, 0xff, 0xff, 0x84, 0x03, 0x00, 0x00,
		0xff, 0xff, 0xff, 0xff,
	},
	{
		0x30, 0x1f, 0x00, 0x00, 0xc6, 0x00, 0x00, 0x00,
		0x00, 0x00, 0x00, 0x00, 0x51, 0x02, 0x00, 0x00,
		0xff, 0xff, 0xff, 0xff,
	},
	{
		0xbc, 0x03, 0x00, 0x00, 0xff, 0xff, 0xff, 0xff,
		0x14, 0x1f, 0x00, 0x00, 0xc7, 0x00, 0x00, 0x00,
		0x00, 0x00, 0x00, 0x00,
	},
	{
		0x51, 0x02, 0x00, 0x00, 0xff, 0xff, 0xff, 0xff,
		0xf4, 0x03, 0x00, 0x00, 0xff, 0xff, 0xff, 0xff,
		0xf8, 0x1e, 0x00, 0x00,
	},
	{
		0xc8, 0x00, 0x00, 0x00, 0x00, 0x00, 0x00, 0x00,
		0x51, 0x02, 0x00, 0x00, 0xff, 0xff, 0xff, 0xff,
		0x2c, 0x04, 0x00, 0x00,
	},
	{
		0xff, 0xff, 0xff, 0xff, 0xdc, 0x1e, 0x00, 0x00,
		0xc9, 0x00, 0x00, 0x00, 0x00, 0x00, 0x00, 0x00,
		0x51, 0x02, 0x00, 0x00,
	},
	{
		0xff, 0xff, 0xff, 0xff, 0x64, 0x04, 0x00, 0x00,
		0xff, 0xff, 0xff, 0xff, 0xc0, 0x1e, 0x00, 0x00,
		0xca, 0x00, 0x00, 0x00,
	},
	{
		0x00, 0x00, 0x00, 0x00, 0x31, 0x00, 0x00, 0x00,
		0xff, 0xff, 0xff, 0xff, 0x74, 0x15, 0x00, 0x00,
		0xff, 0xff, 0xff, 0xff,
	},
	{
		0xc4, 0x16, 0x00, 0x00, 0x07, 0x00, 0x03, 0x00,
		0x00, 0x00, 0x00, 0x00, 0x62, 0x02, 0x00, 0x00,
		0xff, 0xff, 0xff, 0xff,
	},
	{
		0xe4, 0x00, 0x00, 0x00, 0xff, 0xff, 0xff, 0xff,
		0xa8, 0x16, 0x00, 0x00, 0xcc, 0x00, 0x00, 0x00,
		0x00, 0x00, 0x00, 0x00,
	},
	{
		0x0b, 0x03, 0x00, 0x00, 0xff, 0xff, 0xff, 0xff,
		0xe4, 0x00, 0x00, 0x00, 0xff, 0xff, 0xff, 0xff,
		0x68, 0x32, 0x00, 0x00,
	},
	{
		0xcd, 0x00, 0x00, 0x00, 0x00, 0x00, 0x00, 0x00,
		0x32, 0x00, 0x00, 0x00, 0xff, 0xff, 0xff, 0xff,
		0x74, 0x15, 0x00, 0x00,
	},
	{
		0xff, 0xff, 0xff, 0xff, 0xe0, 0x16, 0x00, 0x00,
		0x80, 0x00, 0x01, 0x00, 0x00, 0x00, 0x00, 0x00,
		0x33, 0x00, 0x00, 0x00,
	},
	{
		0xff, 0xff, 0xff, 0xff, 0x74, 0x15, 0x00, 0x00,
		0xff, 0xff, 0xff, 0xff, 0x68, 0x18, 0x00, 0x00,
		0x08, 0x00, 0x03, 0x00,
	},
	{
		0x00, 0x00, 0x00, 0x00, 0x42, 0x02, 0x00, 0x00,
		0xff, 0xff, 0xff, 0xff, 0x08, 0x0d, 0x00, 0x00,
		0xff, 0xff, 0xff, 0xff,
	},
	{
		0x88, 0x17, 0x00, 0x00, 0xd0, 0x00, 0x00, 0x00,
		0x00, 0x00, 0x00, 0x00, 0xff, 0x06, 0x00, 0x00,
		0xff, 0xff, 0xff, 0xff,
	},
	{
		0xdc, 0x09, 0x00, 0x00, 0x34, 0x17, 0x00, 0x00,
		0x6c, 0x17, 0x00, 0x00, 0xd1, 0x00, 0x00, 0x00,
		0x00, 0x00, 0x00, 0x00,
	},
	{
		0x71, 0x01, 0x00, 0x00, 0xff, 0xff, 0xff, 0xff,
		0x18, 0x17, 0x00, 0x00, 0xff, 0xff, 0xff, 0xff,
		0x50, 0x17, 0x00, 0x00,
	},
	{
		0xd2, 0x00, 0x00, 0x00, 0x00, 0x00, 0x00, 0x00,
		0xba, 0x03, 0x00, 0x00, 0xff, 0xff, 0xff, 0xff,
		0x18, 0x17, 0x00, 0x00,
	},
	{
		0xff, 0xff, 0xff, 0xff, 0xff, 0xff, 0xff, 0xff,
		0xd3, 0x00, 0x00, 0x00, 0x00, 0x00, 0x00, 0x00,
		0x6e, 0x03, 0x00, 0x00,
	},
	{
		0xff, 0xff, 0xff, 0xff, 0xdc, 0x09, 0x00, 0x00,
		0xff, 0xff, 0xff, 0xff, 0x94, 0x25, 0x00, 0x00,
		0xd4, 0x00, 0x00, 0x00,
	},
	{
		0x00, 0x00, 0x00, 0x00, 0x54, 0x02, 0x00, 0x00,
		0xff, 0xff, 0xff, 0xff, 0x08, 0x0d, 0x00, 0x00,
		0xa4, 0x17, 0x00, 0x00,
	},
	{
		0xc0, 0x17, 0x00, 0x00, 0xd5, 0x00, 0x00, 0x00,
		0x00, 0x00, 0x00, 0x00, 0x71, 0x02, 0x00, 0x00,
		0xff, 0xff, 0xff, 0xff,
	},
	{
		0x88, 0x17, 0x00, 0x00, 0xff, 0xff, 0xff, 0xff,
		0xff, 0xff, 0xff, 0xff, 0xd6, 0x00, 0x00, 0x00,
		0x00, 0x00, 0x00, 0x00,
	},
	{
		0xf8, 0x02, 0x00, 0x00, 0xff, 0xff, 0xff, 0xff,
		0x08, 0x0d, 0x00, 0x00, 0xff, 0xff, 0xff, 0xff,
		0xdc, 0x17, 0x00, 0x00,
	},
	{
		0xd7, 0x00, 0x00, 0x00, 0x00, 0x00, 0x00, 0x00,
		0x19, 0x04, 0x00, 0x00, 0xff, 0xff, 0xff, 0xff,
		0x08, 0x0d, 0x00, 0x00,
	},
	{
		0x88, 0x10, 0x00, 0x00, 0x48, 0x19, 0x00, 0x00,
		0x95, 0x00, 0x00, 0x00, 0x00, 0x00, 0x00, 0x00,
		0x64, 0x02, 0x00, 0x00,
	},
	{
		0xff, 0xff, 0xff, 0xff, 0x6c, 0x10, 0x00, 0x00,
		0xff, 0xff, 0xff, 0xff, 0x14, 0x18, 0x00, 0x00,
		0xd9, 0x00, 0x00, 0x00,
	},
	{
		0x00, 0x00, 0x00, 0x00, 0x4c, 0x02, 0x00, 0x00,
		0xff, 0xff, 0xff, 0xff, 0x6c, 0x10, 0x00, 0x00,
		0xff, 0xff, 0xff, 0xff,
	},
	{
		0xff, 0xff, 0xff, 0xff, 0xda, 0x00, 0x00, 0x00,
		0x00, 0x00, 0x00, 0x00, 0x97, 0x00, 0x00, 0x00,
		0xff, 0xff, 0xff, 0xff,
	},
	{
		0x88, 0x10, 0x00, 0x00, 0xff, 0xff, 0xff, 0xff,
		0xff, 0xff, 0xff, 0xff, 0xdb, 0x00, 0x00, 0x00,
		0x00, 0x00, 0x00, 0x00,
	},
	{
		0x35, 0x00, 0x00, 0x00, 0xff, 0xff, 0xff, 0xff,
		0x74, 0x15, 0x00, 0x00, 0xff, 0xff, 0xff, 0xff,
		0x84, 0x18, 0x00, 0x00,
	},
	{
		0xdc, 0x00, 0x00, 0x00, 0x00, 0x00, 0x00, 0x00,
		0x34, 0x00, 0x00, 0x00, 0xff, 0xff, 0xff, 0xff,
		0x74, 0x15, 0x00, 0x00,
	},
	{
		0xff, 0xff, 0xff, 0xff, 0x4c, 0x18, 0x00, 0x00,
		0x00, 0x00, 0x04, 0x00, 0x00, 0x00, 0x00, 0x00,
		0x36, 0x00, 0x00, 0x00,
	},
	{
		0xff, 0xff, 0xff, 0xff, 0x74, 0x15, 0x00, 0x00,
		0xff, 0xff, 0xff, 0xff, 0xa0, 0x18, 0x00, 0x00,
		0xde, 0x00, 0x00, 0x00,
	},
	{
		0x00, 0x00, 0x00, 0x00, 0x37, 0x00, 0x00, 0x00,
		0xff, 0xff, 0xff, 0xff, 0x74, 0x15, 0x00, 0x00,
		0xff, 0xff, 0xff, 0xff,
	},
	{
		0xbc, 0x18, 0x00, 0x00, 0xbb, 0x00, 0x02, 0x00,
		0x00, 0x00, 0x00, 0x00, 0x38, 0x00, 0x00, 0x00,
		0xff, 0xff, 0xff, 0xff,
	},
	{
		0x74, 0x15, 0x00, 0x00, 0xff, 0xff, 0xff, 0xff,
		0xd8, 0x18, 0x00, 0x00, 0x12, 0x00, 0x02, 0x00,
		0x00, 0x00, 0x00, 0x00,
	},
	{
		0x39, 0x00, 0x00, 0x00, 0xff, 0xff, 0xff, 0xff,
		0x74, 0x15, 0x00, 0x00, 0xff, 0xff, 0xff, 0xff,
		0xf4, 0x18, 0x00, 0x00,
	},
	{
		0xa3, 0x00, 0x02, 0x00, 0x00, 0x00, 0x00, 0x00,
		0x61, 0x00, 0x00, 0x00, 0xff, 0xff, 0xff, 0xff,
		0x74, 0x15, 0x00, 0x00,
	},
	{
		0xff, 0xff, 0xff, 0xff, 0x64, 0x19, 0x00, 0x00,
		0x11, 0x00, 0x02, 0x00, 0x00, 0x00, 0x00, 0x00,
		0x50, 0x04, 0x00, 0x00,
	},
	{
		0xff, 0xff, 0xff, 0xff, 0xc8, 0x00, 0x00, 0x00,
		0x2c, 0x19, 0x00, 0x00, 0xbc, 0x32, 0x00, 0x00,
		0xe3, 0x00, 0x00, 0x00,
	},
	{
		0x00, 0x00, 0x00, 0x00, 0x16, 0x02, 0x00, 0x00,
		0xff, 0xff, 0xff, 0xff, 0x10, 0x19, 0x00, 0x00,
		0xff, 0xff, 0xff, 0xff,
	},
	{
		0xff, 0xff, 0xff, 0xff, 0xe4, 0x00, 0x00, 0x00,
		0x00, 0x00, 0x00, 0x00, 0xff, 0x03, 0x00, 0x00,
		0xff, 0xff, 0xff, 0xff,
	},
	{
		0x08, 0x0d, 0x00, 0x00, 0xff, 0xff, 0xff, 0xff,
		0x3c, 0x1c, 0x00, 0x00, 0xe5, 0x00, 0x00, 0x00,
		0x00, 0x00, 0x00, 0x00,
	},
	{
		0x62, 0x00, 0x00, 0x00, 0xff, 0xff, 0xff, 0xff,
		0x74, 0x15, 0x00, 0x00, 0xff, 0xff, 0xff, 0xff,
		0x80, 0x19, 0x00, 0x00,
	},
	{
		0xe7, 0x00, 0x00, 0x00, 0x00, 0x00, 0x00, 0x00,
		0x63, 0x00, 0x00, 0x00, 0xff, 0xff, 0xff, 0xff,
		0x74, 0x15, 0x00, 0x00,
	},
	{
		0xff, 0xff, 0xff, 0xff, 0x9c, 0x19, 0x00, 0x00,
		0x09, 0x00, 0x03, 0x00, 0x00, 0x00, 0x00, 0x00,
		0x64, 0x00, 0x00, 0x00,
	},
	{
		0xff, 0xff, 0xff, 0xff, 0x74, 0x15, 0x00, 0x00,
		0xff, 0xff, 0xff, 0xff, 0xb8, 0x19, 0x00, 0x00,
		0x02, 0x00, 0x04, 0x00,
	},
	{
		0x00, 0x00, 0x00, 0x00, 0x65, 0x00, 0x00, 0x00,
		0xff, 0xff, 0xff, 0xff, 0x74, 0x15, 0x00, 0x00,
		0xff, 0xff, 0xff, 0xff,
	},
	{
		0xd4, 0x19, 0x00, 0x00, 0xe9, 0x00, 0x00, 0x00,
		0x00, 0x00, 0x00, 0x00, 0x66, 0x00, 0x00, 0x00,
		0xff, 0xff, 0xff, 0xff,
	},
	{
		0x74, 0x15, 0x00, 0x00, 0xff, 0xff, 0xff, 0xff,
		0xf0, 0x19, 0x00, 0x00, 0x0b, 0x00, 0x03, 0x00,
		0x00, 0x00, 0x00, 0x00,
	},
	{
		0x67, 0x00, 0x00, 0x00, 0xff, 0xff, 0xff, 0xff,
		0x74, 0x15, 0x00, 0x00, 0xff, 0xff, 0xff, 0xff,
		0x0c, 0x1a, 0x00, 0x00,
	},
	{
		0x01, 0x00, 0x03, 0x00, 0x00, 0x00, 0x00, 0x00,
		0x68, 0x00, 0x00, 0x00, 0xff, 0xff, 0xff, 0xff,
		0x74, 0x15, 0x00, 0x00,
	},
	{
		0xff, 0xff, 0xff, 0xff, 0x28, 0x1a, 0x00, 0x00,
		0xa4, 0x00, 0x02, 0x00, 0x00, 0x00, 0x00, 0x00,
		0x69, 0x00, 0x00, 0x00,
	},
	{
		0xff, 0xff, 0xff, 0xff, 0x74, 0x15, 0x00, 0x00,
		0xff, 0xff, 0xff, 0xff, 0x44, 0x1a, 0x00, 0x00,
		0x01, 0x00, 0x04, 0x00,
	},
	{
		0x00, 0x00, 0x00, 0x00, 0x6a, 0x00, 0x00, 0x00,
		0xff, 0xff, 0xff, 0xff, 0x74, 0x15, 0x00, 0x00,
		0xff, 0xff, 0xff, 0xff,
	},
	{
		0x60, 0x1a, 0x00, 0x00, 0xdf, 0x00, 0x00, 0x00,
		0x00, 0x00, 0x00, 0x00, 0x62, 0x00, 0x00, 0x00,
		0xff, 0xff, 0xff, 0xff,
	},
	{
		0x74, 0x15, 0x00, 0x00, 0xff, 0xff, 0xff, 0xff,
		0x7c, 0x1a, 0x00, 0x00, 0xed, 0x00, 0x00, 0x00,
		0x00, 0x00, 0x00, 0x00,
	},
	{
		0x63, 0x00, 0x00, 0x00, 0xff, 0xff, 0xff, 0xff,
		0x74, 0x15, 0x00, 0x00, 0xff, 0xff, 0xff, 0xff,
		0xb0, 0x1b, 0x00, 0x00,
	},
	{
		0x03, 0x00, 0x01, 0x00, 0x00, 0x00, 0x00, 0x00,
		0x5d, 0x04, 0x00, 0x00, 0xff, 0xff, 0xff, 0xff,
		0x54, 0x0f, 0x00, 0x00,
	},
	{
		0xff, 0xff, 0xff, 0xff, 0xb4, 0x1a, 0x00, 0x00,
		0xf1, 0x00, 0x00, 0x00, 0x00, 0x00, 0x00, 0x00,
		0x71, 0x02, 0x00, 0x00,
	},
	{
		0xff, 0xff, 0xff, 0xff, 0x54, 0x0f, 0x00, 0x00,
		0xff, 0xff, 0xff, 0xff, 0xd0, 0x1a, 0x00, 0x00,
		0xf2, 0x00, 0x00, 0x00,
	},
	{
		0x00, 0x00, 0x00, 0x00, 0x3b, 0x01, 0x00, 0x00,
		0xff, 0xff, 0xff, 0xff, 0x54, 0x0f, 0x00, 0x00,
		0xff, 0xff, 0xff, 0xff,
	},
	{
		0xec, 0x1a, 0x00, 0x00, 0xf3, 0x00, 0x00, 0x00,
		0x00, 0x00, 0x00, 0x00, 0xd2, 0x01, 0x00, 0x00,
		0xff, 0xff, 0xff, 0xff,
	},
	{
		0x54, 0x0f, 0x00, 0x00, 0xff, 0xff, 0xff, 0xff,
		0x08, 0x1b, 0x00, 0x00, 0xf4, 0x00, 0x00, 0x00,
		0x00, 0x00, 0x00, 0x00,
	},
	{
		0x59, 0x04, 0x00, 0x00, 0xff, 0xff, 0xff, 0xff,
		0x54, 0x0f, 0x00, 0x00, 0xff, 0xff, 0xff, 0xff,
		0x24, 0x1b, 0x00, 0x00,
	},
	{
		0xf5, 0x00, 0x00, 0x00, 0x00, 0x00, 0x00, 0x00,
		0x30, 0x03, 0x00, 0x00, 0xff, 0xff, 0xff, 0xff,
		0x54, 0x0f, 0x00, 0x00,
	},
	{
		0xff, 0xff, 0xff, 0xff, 0x40, 0x1b, 0x00, 0x00,
		0x81, 0x00, 0x00, 0x00, 0x00, 0x00, 0x00, 0x00,
		0x31, 0x03, 0x00, 0x00,
	},
	{
		0xff, 0xff, 0xff, 0xff, 0x54, 0x0f, 0x00, 0x00,
		0xff, 0xff, 0xff, 0xff, 0x5c, 0x1b, 0x00, 0x00,
		0xc0, 0x00, 0x00, 0x00,
	},
	{
		0x00, 0x00, 0x00, 0x00, 0x32, 0x03, 0x00, 0x00,
		0xff, 0xff, 0xff, 0xff, 0x54, 0x0f, 0x00, 0x00,
		0xff, 0xff, 0xff, 0xff,
	},
	{
		0x78, 0x1b, 0x00, 0x00, 0xf6, 0x00, 0x00, 0x00,
		0x00, 0x00, 0x00, 0x00, 0x33, 0x03, 0x00, 0x00,
		0xff, 0xff, 0xff, 0xff,
	},
	{
		0x54, 0x0f, 0x00, 0x00, 0xff, 0xff, 0xff, 0xff,
		0x94, 0x1b, 0x00, 0x00, 0xf7, 0x00, 0x00, 0x00,
		0x00, 0x00, 0x00, 0x00,
	},
	{
		0x34, 0x03, 0x00, 0x00, 0xff, 0xff, 0xff, 0xff,
		0x54, 0x0f, 0x00, 0x00, 0xff, 0xff, 0xff, 0xff,
		0xff, 0xff, 0xff, 0xff,
	},
	{
		0xf8, 0x00, 0x00, 0x00, 0x00, 0x00, 0x00, 0x00,
		0x64, 0x00, 0x00, 0x00, 0xff, 0xff, 0xff, 0xff,
		0x74, 0x15, 0x00, 0x00,
	},
	{
		0xff, 0xff, 0xff, 0xff, 0xcc, 0x1b, 0x00, 0x00,
		0x0e, 0x00, 0x02, 0x00, 0x00, 0x00, 0x00, 0x00,
		0x65, 0x00, 0x00, 0x00,
	},
	{
		0xff, 0xff, 0xff, 0xff, 0x74, 0x15, 0x00, 0x00,
		0xff, 0xff, 0xff, 0xff, 0xe8, 0x1b, 0x00, 0x00,
		0xfc, 0x00, 0x00, 0x00,
	},
	{
		0x00, 0x00, 0x00, 0x00, 0x66, 0x00, 0x00, 0x00,
		0xff, 0xff, 0xff, 0xff, 0x74, 0x15, 0x00, 0x00,
		0xff, 0xff, 0xff, 0xff,
	},
	{
		0x04, 0x1c, 0x00, 0x00, 0x0a, 0x00, 0x03, 0x00,
		0x00, 0x00, 0x00, 0x00, 0x67, 0x00, 0x00, 0x00,
		0xff, 0xff, 0xff, 0xff,
	},
	{
		0x74, 0x15, 0x00, 0x00, 0xff, 0xff, 0xff, 0xff,
		0x20, 0x1c, 0x00, 0x00, 0xfe, 0x00, 0x00, 0x00,
		0x00, 0x00, 0x00, 0x00,
	},
	{
		0x68, 0x00, 0x00, 0x00, 0xff, 0xff, 0xff, 0xff,
		0x74, 0x15, 0x00, 0x00, 0xff, 0xff, 0xff, 0xff,
		0x74, 0x1c, 0x00, 0x00,
	},
	{
		0x00, 0x00, 0x01, 0x00, 0x00, 0x00, 0x00, 0x00,
		0x84, 0x02, 0x00, 0x00, 0xff, 0xff, 0xff, 0xff,
		0x08, 0x0d, 0x00, 0x00,
	},
	{
		0x58, 0x1c, 0x00, 0x00, 0xc0, 0x2f, 0x00, 0x00,
		0x01, 0x00, 0x01, 0x00, 0x00, 0x00, 0x00, 0x00,
		0xd7, 0x02, 0x00, 0x00,
	},
	{
		0xff, 0xff, 0xff, 0xff, 0x3c, 0x1c, 0x00, 0x00,
		0xff, 0xff, 0xff, 0xff, 0xff, 0xff, 0xff, 0xff,
		0x02, 0x00, 0x01, 0x00,
	},
	{
		0x00, 0x00, 0x00, 0x00, 0x69, 0x00, 0x00, 0x00,
		0xff, 0xff, 0xff, 0xff, 0x74, 0x15, 0x00, 0x00,
		0xff, 0xff, 0xff, 0xff,
	},
	{
		0x90, 0x1c, 0x00, 0x00, 0x13, 0x00, 0x02, 0x00,
		0x00, 0x00, 0x00, 0x00, 0x6a, 0x00, 0x00, 0x00,
		0xff, 0xff, 0xff, 0xff,
	},
	{
		0x74, 0x15, 0x00, 0x00, 0xff, 0xff, 0xff, 0xff,
		0xff, 0xff, 0xff, 0xff, 0x04, 0x00, 0x01, 0x00,
		0x00, 0x00, 0x00, 0x00,
	},
	{
		0xc1, 0x00, 0x00, 0x00, 0xff, 0xff, 0xff, 0xff,
		0x40, 0x14, 0x00, 0x00, 0xff, 0xff, 0xff, 0xff,
		0xa0, 0x1f, 0x00, 0x00,
	},
	{
		0x1f, 0x00, 0x01, 0x00, 0x00, 0x00, 0x00, 0x00,
		0xc1, 0x00, 0x00, 0x00, 0xff, 0xff, 0xff, 0xff,
		0x08, 0x14, 0x00, 0x00,
	},
	{
		0xff, 0xff, 0xff, 0xff, 0xbc, 0x1f, 0x00, 0x00,
		0x1e, 0x00, 0x01, 0x00, 0x00, 0x00, 0x00, 0x00,
		0xc1, 0x00, 0x00, 0x00,
	},
	{
		0xff, 0xff, 0xff, 0xff, 0x10, 0x12, 0x00, 0x00,
		0xff, 0xff, 0xff, 0xff, 0xd8, 0x1f, 0x00, 0x00,
		0x1d, 0x00, 0x01, 0x00,
	},
	{
		0x00, 0x00, 0x00, 0x00, 0xc1, 0x00, 0x00, 0x00,
		0xff, 0xff, 0xff, 0xff, 0xd8, 0x11, 0x00, 0x00,
		0xff, 0xff, 0xff, 0xff,
	},
	{
		0x00, 0x20, 0x00, 0x00, 0x1c, 0x00, 0x01, 0x00,
		0x00, 0x00, 0x00, 0x00, 0xc1, 0x00, 0x00, 0x00,
		0xff, 0xff, 0xff, 0xff,
	},
	{
		0xa0, 0x11, 0x00, 0x00, 0xff, 0xff, 0xff, 0xff,
		0x1c, 0x20, 0x00, 0x00, 0x1b, 0x00, 0x01, 0x00,
		0x00, 0x00, 0x00, 0x00,
	},
	{
		0xc1, 0x00, 0x00, 0x00, 0xff, 0xff, 0xff, 0xff,
		0x68, 0x11, 0x00, 0x00, 0xff, 0xff, 0xff, 0xff,
		0x38, 0x20, 0x00, 0x00,
	},
	{
		0x1a, 0x00, 0x01, 0x00, 0x00, 0x00, 0x00, 0x00,
		0xc1, 0x00, 0x00, 0x00, 0xff, 0xff, 0xff, 0xff,
		0x18, 0x10, 0x00, 0x00,
	},
	{
		0xff, 0xff, 0xff, 0xff, 0x54, 0x20, 0x00, 0x00,
		0x19, 0x00, 0x01, 0x00, 0x00, 0x00, 0x00, 0x00,
		0xc1, 0x00, 0x00, 0x00,
	},
	{
		0xff, 0xff, 0xff, 0xff, 0xe0, 0x0f, 0x00, 0x00,
		0xff, 0xff, 0xff, 0xff, 0x70, 0x20, 0x00, 0x00,
		0x18, 0x00, 0x01, 0x00,
	},
	{
		0x00, 0x00, 0x00, 0x00, 0xc1, 0x00, 0x00, 0x00,
		0xff, 0xff, 0xff, 0xff, 0x14, 0x03, 0x00, 0x00,
		0xff, 0xff, 0xff, 0xff,
	},
	{
		0x8c, 0x20, 0x00, 0x00, 0x17, 0x00, 0x01, 0x00,
		0x00, 0x00, 0x00, 0x00, 0xc1, 0x00, 0x00, 0x00,
		0xff, 0xff, 0xff, 0xff,
	},
	{
		0x90, 0x0e, 0x00, 0x00, 0xff, 0xff, 0xff, 0xff,
		0xa8, 0x20, 0x00, 0x00, 0x16, 0x00, 0x01, 0x00,
		0x00, 0x00, 0x00, 0x00,
	},
	{
		0xc1, 0x00, 0x00, 0x00, 0xff, 0xff, 0xff, 0xff,
		0x5c, 0x06, 0x00, 0x00, 0xff, 0xff, 0xff, 0xff,
		0xc4, 0x20, 0x00, 0x00,
	},
	{
		0x15, 0x00, 0x01, 0x00, 0x00, 0x00, 0x00, 0x00,
		0xc1, 0x00, 0x00, 0x00, 0xff, 0xff, 0xff, 0xff,
		0x24, 0x06, 0x00, 0x00,
	},
	{
		0xff, 0xff, 0xff, 0xff, 0xe0, 0x20, 0x00, 0x00,
		0x14, 0x00, 0x01, 0x00, 0x00, 0x00, 0x00, 0x00,
		0xc1, 0x00, 0x00, 0x00,
	},
	{
		0xff, 0xff, 0xff, 0xff, 0xec, 0x05, 0x00, 0x00,
		0xff, 0xff, 0xff, 0xff, 0xfc, 0x20, 0x00, 0x00,
		0x13, 0x00, 0x01, 0x00,
	},
	{
		0x00, 0x00, 0x00, 0x00, 0xc1, 0x00, 0x00, 0x00,
		0xff, 0xff, 0xff, 0xff, 0xb4, 0x05, 0x00, 0x00,
		0xff, 0xff, 0xff, 0xff,
	},
	{
		0x18, 0x21, 0x00, 0x00, 0x12, 0x00, 0x01, 0x00,
		0x00, 0x00, 0x00, 0x00, 0xc1, 0x00, 0x00, 0x00,
		0xff, 0xff, 0xff, 0xff,
	},
	{
		0x7c, 0x05, 0x00, 0x00, 0xff, 0xff, 0xff, 0xff,
		0x34, 0x21, 0x00, 0x00, 0x11, 0x00, 0x01, 0x00,
		0x00, 0x00, 0x00, 0x00,
	},
	{
		0xc1, 0x00, 0x00, 0x00, 0xff, 0xff, 0xff, 0xff,
		0x44, 0x05, 0x00, 0x00, 0xff, 0xff, 0xff, 0xff,
		0x50, 0x21, 0x00, 0x00,
	},
	{
		0x10, 0x00, 0x01, 0x00, 0x00, 0x00, 0x00, 0x00,
		0xc1, 0x00, 0x00, 0x00, 0xff, 0xff, 0xff, 0xff,
		0x0c, 0x05, 0x00, 0x00,
	},
	{
		0xff, 0xff, 0xff, 0xff, 0x6c, 0x21, 0x00, 0x00,
		0x0f, 0x00, 0x01, 0x00, 0x00, 0x00, 0x00, 0x00,
		0xc1, 0x00, 0x00, 0x00,
	},
	{
		0xff, 0xff, 0xff, 0xff, 0xd4, 0x04, 0x00, 0x00,
		0xff, 0xff, 0xff, 0xff, 0x88, 0x21, 0x00, 0x00,
		0x0e, 0x00, 0x01, 0x00,
	},
	{
		0x00, 0x00, 0x00, 0x00, 0xc1, 0x00, 0x00, 0x00,
		0xff, 0xff, 0xff, 0xff, 0x9c, 0x04, 0x00, 0x00,
		0xff, 0xff, 0xff, 0xff,
	},
	{
		0xa4, 0x21, 0x00, 0x00, 0x0d, 0x00, 0x01, 0x00,
		0x00, 0x00, 0x00, 0x00, 0xc1, 0x00, 0x00, 0x00,
		0xff, 0xff, 0xff, 0xff,
	},
	{
		0x64, 0x04, 0x00, 0x00, 0xff, 0xff, 0xff, 0xff,
		0xc0, 0x21, 0x00, 0x00, 0x0c, 0x00, 0x01, 0x00,
		0x00, 0x00, 0x00, 0x00,
	},
	{
		0xc1, 0x00, 0x00, 0x00, 0xff, 0xff, 0xff, 0xff,
		0x2c, 0x04, 0x00, 0x00, 0xff, 0xff, 0xff, 0xff,
		0xdc, 0x21, 0x00, 0x00,
	},
	{
		0x0b, 0x00, 0x01, 0x00, 0x00, 0x00, 0x00, 0x00,
		0xc1, 0x00, 0x00, 0x00, 0xff, 0xff, 0xff, 0xff,
		0xf4, 0x03, 0x00, 0x00,
	},
	{
		0xff, 0xff, 0xff, 0xff, 0xf8, 0x21, 0x00, 0x00,
		0x0a, 0x00, 0x01, 0x00, 0x00, 0x00, 0x00, 0x00,
		0xc1, 0x00, 0x00, 0x00,
	},
	{
		0xff, 0xff, 0xff, 0xff, 0xbc, 0x03, 0x00, 0x00,
		0xff, 0xff, 0xff, 0xff, 0x14, 0x22, 0x00, 0x00,
		0x09, 0x00, 0x01, 0x00,
	},
	{
		0x00, 0x00, 0x00, 0x00, 0xc1, 0x00, 0x00, 0x00,
		0xff, 0xff, 0xff, 0xff, 0x84, 0x03, 0x00, 0x00,
		0xff, 0xff, 0xff, 0xff,
	},
	{
		0x30, 0x22, 0x00, 0x00, 0x08, 0x00, 0x01, 0x00,
		0x00, 0x00, 0x00, 0x00, 0xc1, 0x00, 0x00, 0x00,
		0xff, 0xff, 0xff, 0xff,
	},
	{
		0x4c, 0x03, 0x00, 0x00, 0xff, 0xff, 0xff, 0xff,
		0x4c, 0x22, 0x00, 0x00, 0x07, 0x00, 0x01, 0x00,
		0x00, 0x00, 0x00, 0x00,
	},
	{
		0xc1, 0x00, 0x00, 0x00, 0xff, 0xff, 0xff, 0xff,
		0xa4, 0x02, 0x00, 0x00, 0xff, 0xff, 0xff, 0xff,
		0x68, 0x22, 0x00, 0x00,
	},
	{
		0x06, 0x00, 0x01, 0x00, 0x00, 0x00, 0x00, 0x00,
		0xc1, 0x00, 0x00, 0x00, 0xff, 0xff, 0xff, 0xff,
		0x18, 0x02, 0x00, 0x00,
	},
	{
		0xff, 0xff, 0xff, 0xff, 0x84, 0x22, 0x00, 0x00,
		0x05, 0x00, 0x01, 0x00, 0x00, 0x00, 0x00, 0x00,
		0xc2, 0x00, 0x00, 0x00,
	},
	{
		0xff, 0xff, 0xff, 0xff, 0x40, 0x14, 0x00, 0x00,
		0xff, 0xff, 0xff, 0xff, 0x78, 0x25, 0x00, 0x00,
		0x3a, 0x00, 0x01, 0x00,
	},
	{
		0x00, 0x00, 0x00, 0x00, 0xc2, 0x00, 0x00, 0x00,
		0xff, 0xff, 0xff, 0xff, 0x08, 0x14, 0x00, 0x00,
		0xff, 0xff, 0xff, 0xff,
	},
	{
		0x5c, 0x25, 0x00, 0x00, 0x39, 0x00, 0x01, 0x00,
		0x00, 0x00, 0x00, 0x00, 0xc2, 0x00, 0x00, 0x00,
		0xff, 0xff, 0xff, 0xff,
	},
	{
		0x10, 0x12, 0x00, 0x00, 0xff, 0xff, 0xff, 0xff,
		0x40, 0x25, 0x00, 0x00, 0x38, 0x00, 0x01, 0x00,
		0x00, 0x00, 0x00, 0x00,
	},
	{
		0x00, 0x00, 0x00, 0x00, 0x00, 0x00, 0x00, 0x00,
		0x00, 0x00, 0x00, 0x00, 0xc2, 0x00, 0x00, 0x00,
		0xff, 0xff, 0xff, 0xff,
	},
	{
		0xd8, 0x11, 0x00, 0x00, 0xff, 0xff, 0xff, 0xff,
		0x24, 0x25, 0x00, 0x00, 0x37, 0x00, 0x01, 0x00,
		0x00, 0x00, 0x00, 0x00,
	},
	{
		0xc2, 0x00, 0x00, 0x00, 0xff, 0xff, 0xff, 0xff,
		0xa0, 0x11, 0x00, 0x00, 0xff, 0xff, 0xff, 0xff,
		0x08, 0x25, 0x00, 0x00,
	},
	{
		0x36, 0x00, 0x01, 0x00, 0x00, 0x00, 0x00, 0x00,
		0xc2, 0x00, 0x00, 0x00, 0xff, 0xff, 0xff, 0xff,
		0x68, 0x11, 0x00, 0x00,
	},
	{
		0xff, 0xff, 0xff, 0xff, 0xec, 0x24, 0x00, 0x00,
		0x35, 0x00, 0x01, 0x00, 0x00, 0x00, 0x00, 0x00,
		0xc2, 0x00, 0x00, 0x00,
	},
};

PositionDataRaw STD_VERSUS_MODEL_OBJECTS[9] = {
	{
		{
			0xff, 0xff, 0xff, 0xff, 0x18, 0x10, 0x00, 0x00,
			0xff, 0xff, 0xff, 0xff, 0xd0, 0x24, 0x00, 0x00,
			0x34, 0x00, 0x01, 0x00, 0x00, 0x00, 0x00, 0x00,
			0xc2, 0x00, 0x00, 0x00, 0xff, 0xff, 0xff, 0xff,
			0xe0, 0x0f, 0x00, 0x00, 0xff, 0xff, 0xff, 0xff,
			0xb4, 0x24, 0x00, 0x00, 0x33, 0x00, 0x01, 0x00,
			0x00, 0x00, 0x00, 0x00, 0xc2, 0x00, 0x00, 0x00,
			0xff, 0xff, 0xff, 0xff, 0x14, 0x03, 0x00, 0x00,
			0xff, 0xff, 0xff, 0xff, 0x98, 0x24, 0x00, 0x00,
			0x32, 0x00, 0x01, 0x00, 0x00, 0x00, 0x00, 0x00,
			0xc2, 0x00, 0x00, 0x00, 0xff, 0xff, 0xff, 0xff,
			0x90, 0x0e, 0x00, 0x00, 0xff, 0xff, 0xff, 0xff,
			0x7c, 0x24, 0x00, 0x00, 0x31, 0x00, 0x01, 0x00,
			0x00, 0x00, 0x00, 0x00, 0xc2, 0x00, 0x00, 0x00,
			0xff, 0xff, 0xff, 0xff, 0x5c, 0x06, 0x00, 0x00,
			0xff, 0xff, 0xff, 0xff, 0x60, 0x24, 0x00, 0x00,
			0x30, 0x00, 0x01, 0x00, 0x00, 0x00, 0x00, 0x00,
		},
	},
	{
		{
			0xc2, 0x00, 0x00, 0x00, 0xff, 0xff, 0xff, 0xff,
			0x24, 0x06, 0x00, 0x00, 0xff, 0xff, 0xff, 0xff,
			0x44, 0x24, 0x00, 0x00, 0x2f, 0x00, 0x01, 0x00,
			0x00, 0x00, 0x00, 0x00, 0xc2, 0x00, 0x00, 0x00,
			0xff, 0xff, 0xff, 0xff, 0xec, 0x05, 0x00, 0x00,
			0xff, 0xff, 0xff, 0xff, 0x28, 0x24, 0x00, 0x00,
			0x2e, 0x00, 0x01, 0x00, 0x00, 0x00, 0x00, 0x00,
			0xc2, 0x00, 0x00, 0x00, 0xff, 0xff, 0xff, 0xff,
			0xb4, 0x05, 0x00, 0x00, 0xff, 0xff, 0xff, 0xff,
			0x0c, 0x24, 0x00, 0x00, 0x2d, 0x00, 0x01, 0x00,
			0x00, 0x00, 0x00, 0x00, 0xc2, 0x00, 0x00, 0x00,
			0xff, 0xff, 0xff, 0xff, 0x7c, 0x05, 0x00, 0x00,
			0xff, 0xff, 0xff, 0xff, 0xf0, 0x23, 0x00, 0x00,
			0x2c, 0x00, 0x01, 0x00, 0x00, 0x00, 0x00, 0x00,
			0xc2, 0x00, 0x00, 0x00, 0xff, 0xff, 0xff, 0xff,
			0x44, 0x05, 0x00, 0x00, 0xff, 0xff, 0xff, 0xff,
			0xd4, 0x23, 0x00, 0x00, 0x2b, 0x00, 0x01, 0x00,
		},
	},
	{
		{
			0x00, 0x00, 0x00, 0x00, 0xc2, 0x00, 0x00, 0x00,
			0xff, 0xff, 0xff, 0xff, 0x0c, 0x05, 0x00, 0x00,
			0xff, 0xff, 0xff, 0xff, 0xb8, 0x23, 0x00, 0x00,
			0x2a, 0x00, 0x01, 0x00, 0x00, 0x00, 0x00, 0x00,
			0xc2, 0x00, 0x00, 0x00, 0xff, 0xff, 0xff, 0xff,
			0xd4, 0x04, 0x00, 0x00, 0xff, 0xff, 0xff, 0xff,
			0x9c, 0x23, 0x00, 0x00, 0x29, 0x00, 0x01, 0x00,
			0x00, 0x00, 0x00, 0x00, 0xc2, 0x00, 0x00, 0x00,
			0xff, 0xff, 0xff, 0xff, 0x9c, 0x04, 0x00, 0x00,
			0xff, 0xff, 0xff, 0xff, 0x80, 0x23, 0x00, 0x00,
			0x28, 0x00, 0x01, 0x00, 0x00, 0x00, 0x00, 0x00,
			0xc2, 0x00, 0x00, 0x00, 0xff, 0xff, 0xff, 0xff,
			0x64, 0x04, 0x00, 0x00, 0xff, 0xff, 0xff, 0xff,
			0x64, 0x23, 0x00, 0x00, 0x27, 0x00, 0x01, 0x00,
			0x00, 0x00, 0x00, 0x00, 0xc2, 0x00, 0x00, 0x00,
			0xff, 0xff, 0xff, 0xff, 0x2c, 0x04, 0x00, 0x00,
			0xff, 0xff, 0xff, 0xff, 0x48, 0x23, 0x00, 0x00,
		},
	},
	{
		{
			0x26, 0x00, 0x01, 0x00, 0x00, 0x00, 0x00, 0x00,
			0xc2, 0x00, 0x00, 0x00, 0xff, 0xff, 0xff, 0xff,
			0xf4, 0x03, 0x00, 0x00, 0xff, 0xff, 0xff, 0xff,
			0x2c, 0x23, 0x00, 0x00, 0x25, 0x00, 0x01, 0x00,
			0x00, 0x00, 0x00, 0x00, 0xc2, 0x00, 0x00, 0x00,
			0xff, 0xff, 0xff, 0xff, 0xbc, 0x03, 0x00, 0x00,
			0xff, 0xff, 0xff, 0xff, 0x10, 0x23, 0x00, 0x00,
			0x24, 0x00, 0x01, 0x00, 0x00, 0x00, 0x00, 0x00,
			0xc2, 0x00, 0x00, 0x00, 0xff, 0xff, 0xff, 0xff,
			0x84, 0x03, 0x00, 0x00, 0xff, 0xff, 0xff, 0xff,
			0xf4, 0x22, 0x00, 0x00, 0x23, 0x00, 0x01, 0x00,
			0x00, 0x00, 0x00, 0x00, 0xc2, 0x00, 0x00, 0x00,
			0xff, 0xff, 0xff, 0xff, 0x4c, 0x03, 0x00, 0x00,
			0xff, 0xff, 0xff, 0xff, 0xd8, 0x22, 0x00, 0x00,
			0x22, 0x00, 0x01, 0x00, 0x00, 0x00, 0x00, 0x00,
			0xc2, 0x00, 0x00, 0x00, 0xff, 0xff, 0xff, 0xff,
			0xa4, 0x02, 0x00, 0x00, 0xff, 0xff, 0xff, 0xff,
		},
	},
	{
		{
			0xbc, 0x22, 0x00, 0x00, 0x21, 0x00, 0x01, 0x00,
			0x00, 0x00, 0x00, 0x00, 0xc2, 0x00, 0x00, 0x00,
			0xff, 0xff, 0xff, 0xff, 0x18, 0x02, 0x00, 0x00,
			0xff, 0xff, 0xff, 0xff, 0xa0, 0x22, 0x00, 0x00,
			0x20, 0x00, 0x01, 0x00, 0x00, 0x00, 0x00, 0x00,
			0xc3, 0x00, 0x00, 0x00, 0xff, 0xff, 0xff, 0xff,
			0x18, 0x02, 0x00, 0x00, 0xff, 0xff, 0xff, 0xff,
			0xff, 0xff, 0xff, 0xff, 0x3b, 0x00, 0x01, 0x00,
			0x00, 0x00, 0x00, 0x00, 0xc3, 0x00, 0x00, 0x00,
			0xff, 0xff, 0xff, 0xff, 0xa4, 0x02, 0x00, 0x00,
			0xff, 0xff, 0xff, 0xff, 0xff, 0xff, 0xff, 0xff,
			0x3c, 0x00, 0x01, 0x00, 0x00, 0x00, 0x00, 0x00,
			0xc3, 0x00, 0x00, 0x00, 0xff, 0xff, 0xff, 0xff,
			0x4c, 0x03, 0x00, 0x00, 0xff, 0xff, 0xff, 0xff,
			0xff, 0xff, 0xff, 0xff, 0x3d, 0x00, 0x01, 0x00,
			0x00, 0x00, 0x00, 0x00, 0xc3, 0x00, 0x00, 0x00,
			0xff, 0xff, 0xff, 0xff, 0x84, 0x03, 0x00, 0x00,
		},
	},
	{
		{
			0xff, 0xff, 0xff, 0xff, 0xff, 0xff, 0xff, 0xff,
			0x3e, 0x00, 0x01, 0x00, 0x00, 0x00, 0x00, 0x00,
			0xc3, 0x00, 0x00, 0x00, 0xff, 0xff, 0xff, 0xff,
			0xbc, 0x03, 0x00, 0x00, 0xff, 0xff, 0xff, 0xff,
			0xff, 0xff, 0xff, 0xff, 0x3f, 0x00, 0x01, 0x00,
			0x00, 0x00, 0x00, 0x00, 0xc3, 0x00, 0x00, 0x00,
			0xff, 0xff, 0xff, 0xff, 0xf4, 0x03, 0x00, 0x00,
			0xff, 0xff, 0xff, 0xff, 0xff, 0xff, 0xff, 0xff,
			0x40, 0x00, 0x01, 0x00, 0x00, 0x00, 0x00, 0x00,
			0xc3, 0x00, 0x00, 0x00, 0xff, 0xff, 0xff, 0xff,
			0x2c, 0x04, 0x00, 0x00, 0xff, 0xff, 0xff, 0xff,
			0xff, 0xff, 0xff, 0xff, 0x41, 0x00, 0x01, 0x00,
			0x00, 0x00, 0x00, 0x00, 0xc3, 0x00, 0x00, 0x00,
			0xff, 0xff, 0xff, 0xff, 0x64, 0x04, 0x00, 0x00,
			0xff, 0xff, 0xff, 0xff, 0xff, 0xff, 0xff, 0xff,
			0x42, 0x00, 0x01, 0x00, 0x00, 0x00, 0x00, 0x00,
			0xc3, 0x00, 0x00, 0x00, 0xff, 0xff, 0xff, 0xff,
		},
	},
	{
		{
			0x9c, 0x04, 0x00, 0x00, 0xff, 0xff, 0xff, 0xff,
			0xff, 0xff, 0xff, 0xff, 0x43, 0x00, 0x01, 0x00,
			0x00, 0x00, 0x00, 0x00, 0xc3, 0x00, 0x00, 0x00,
			0xff, 0xff, 0xff, 0xff, 0xd4, 0x04, 0x00, 0x00,
			0xff, 0xff, 0xff, 0xff, 0xff, 0xff, 0xff, 0xff,
			0x44, 0x00, 0x01, 0x00, 0x00, 0x00, 0x00, 0x00,
			0xc3, 0x00, 0x00, 0x00, 0xff, 0xff, 0xff, 0xff,
			0x0c, 0x05, 0x00, 0x00, 0xff, 0xff, 0xff, 0xff,
			0xff, 0xff, 0xff, 0xff, 0x45, 0x00, 0x01, 0x00,
			0x00, 0x00, 0x00, 0x00, 0xc3, 0x00, 0x00, 0x00,
			0xff, 0xff, 0xff, 0xff, 0x44, 0x05, 0x00, 0x00,
			0xff, 0xff, 0xff, 0xff, 0xff, 0xff, 0xff, 0xff,
			0x46, 0x00, 0x01, 0x00, 0x00, 0x00, 0x00, 0x00,
			0xc3, 0x00, 0x00, 0x00, 0xff, 0xff, 0xff, 0xff,
			0x7c, 0x05, 0x00, 0x00, 0xff, 0xff, 0xff, 0xff,
			0xff, 0xff, 0xff, 0xff, 0x47, 0x00, 0x01, 0x00,
			0x00, 0x00, 0x00, 0x00, 0xc3, 0x00, 0x00, 0x00,
		},
	},
	{
		{
			0xff, 0xff, 0xff, 0xff, 0xb4, 0x05, 0x00, 0x00,
			0xff, 0xff, 0xff, 0xff, 0xff, 0xff, 0xff, 0xff,
			0x48, 0x00, 0x01, 0x00, 0x00, 0x00, 0x00, 0x00,
			0xc3, 0x00, 0x00, 0x00, 0xff, 0xff, 0xff, 0xff,
			0xec, 0x05, 0x00, 0x00, 0xff, 0xff, 0xff, 0xff,
			0xff, 0xff, 0xff, 0xff, 0x49, 0x00, 0x01, 0x00,
			0x00, 0x00, 0x00, 0x00, 0xc3, 0x00, 0x00, 0x00,
			0xff, 0xff, 0xff, 0xff, 0x24, 0x06, 0x00, 0x00,
			0xff, 0xff, 0xff, 0xff, 0xff, 0xff, 0xff, 0xff,
			0x4a, 0x00, 0x01, 0x00, 0x00, 0x00, 0x00, 0x00,
			0xc3, 0x00, 0x00, 0x00, 0xff, 0xff, 0xff, 0xff,
			0x5c, 0x06, 0x00, 0x00, 0xff, 0xff, 0xff, 0xff,
			0xff, 0xff, 0xff, 0xff, 0x4b, 0x00, 0x01, 0x00,
			0x00, 0x00, 0x00, 0x00, 0xc3, 0x00, 0x00, 0x00,
			0xff, 0xff, 0xff, 0xff, 0x90, 0x0e, 0x00, 0x00,
			0xff, 0xff, 0xff, 0xff, 0xff, 0xff, 0xff, 0xff,
			0x4c, 0x00, 0x01, 0x00, 0x00, 0x00, 0x00, 0x00,
		},
	},
	{
		{
			0xc3, 0x00, 0x00, 0x00, 0xff, 0xff, 0xff, 0xff,
			0x14, 0x03, 0x00, 0x00, 0xff, 0xff, 0xff, 0xff,
			0xff, 0xff, 0xff, 0xff, 0x4d, 0x00, 0x01, 0x00,
			0x00, 0x00, 0x00, 0x00, 0xc3, 0x00, 0x00, 0x00,
			0xff, 0xff, 0xff, 0xff, 0xe0, 0x0f, 0x00, 0x00,
			0xff, 0xff, 0xff, 0xff, 0xff, 0xff, 0xff, 0xff,
			0x4e, 0x00, 0x01, 0x00, 0x00, 0x00, 0x00, 0x00,
			0xc3, 0x00, 0x00, 0x00, 0xff, 0xff, 0xff, 0xff,
			0x18, 0x10, 0x00, 0x00, 0xff, 0xff, 0xff, 0xff,
			0xff, 0xff, 0xff, 0xff, 0x4f, 0x00, 0x01, 0x00,
			0x00, 0x00, 0x00, 0x00, 0xc3, 0x00, 0x00, 0x00,
			0xff, 0xff, 0xff, 0xff, 0x68, 0x11, 0x00, 0x00,
			0xff, 0xff, 0xff, 0xff, 0xff, 0xff, 0xff, 0xff,
			0x50, 0x00, 0x01, 0x00, 0x00, 0x00, 0x00, 0x00,
			0xc3, 0x00, 0x00, 0x00, 0xff, 0xff, 0xff, 0xff,
			0xa0, 0x11, 0x00, 0x00, 0xff, 0xff, 0xff, 0xff,
			0xff, 0xff, 0xff, 0xff, 0x51, 0x00, 0x01, 0x00,
		},
	},
};

int16_t STD_WIN_ROTATION_X[22] = {
	0x0000, 0x0000, 0x00c3, 0x0000, 0xffff, 0xffff, 0x11d8, 0x0000,
	0xffff, 0xffff, 0xffff, 0xffff, 0x0052, 0x0001, 0x0000, 0x0000,
	0x00c3, 0x0000, 0xffff, 0xffff, 0x1210, 0x0000,
};

int16_t STD_WIN_ROTATION_Y[22] = {
	0xffff, 0xffff, 0xffff, 0xffff, 0x0053, 0x0001, 0x0000, 0x0000,
	0x00c3, 0x0000, 0xffff, 0xffff, 0x1408, 0x0000, 0xffff, 0xffff,
	0xffff, 0xffff, 0x0054, 0x0001, 0x0000, 0x0000,
};

int16_t STD_WIN_FIRST_X[22] = {
	0x00c3, 0x0000, 0xffff, 0xffff, 0x1440, 0x0000, 0xffff, 0xffff,
	0xffff, 0xffff, 0x0055, 0x0001, 0x0000, 0x0000, 0x04c9, 0x0000,
	0xffff, 0xffff, 0x09dc, 0x0000, 0x25b0, 0x0000,
};

int16_t STD_WIN_LAST_X[22] = {
	0xffff, 0xffff, 0x0056, 0x0001, 0x0000, 0x0000, 0x01b9, 0x0000,
	0xffff, 0xffff, 0x2594, 0x0000, 0xffff, 0xffff, 0xffff, 0xffff,
	0x0057, 0x0001, 0x0000, 0x0000, 0x0995, 0x0000,
};

char STD_RESULT_TMD_BUFFER[10240] = {
	0xff, 0xff, 0xff, 0xff, 0x74, 0x00, 0x00, 0x00,
	0xe8, 0x25, 0x00, 0x00, 0x50, 0x2f, 0x00, 0x00,
	0x58, 0x00, 0x01, 0x00, 0x00, 0x00, 0x00, 0x00,
	0x91, 0x06, 0x00, 0x00, 0xff, 0xff, 0xff, 0xff,
	0xcc, 0x25, 0x00, 0x00, 0x04, 0x26, 0x00, 0x00,
	0xff, 0xff, 0xff, 0xff, 0x59, 0x00, 0x01, 0x00,
	0x00, 0x00, 0x00, 0x00, 0xf9, 0x01, 0x00, 0x00,
	0xff, 0xff, 0xff, 0xff, 0xe8, 0x25, 0x00, 0x00,
	0xff, 0xff, 0xff, 0xff, 0xd4, 0x12, 0x00, 0x00,
	0x5a, 0x00, 0x01, 0x00, 0x00, 0x00, 0x00, 0x00,
	0xa6, 0x02, 0x00, 0x00, 0xff, 0xff, 0xff, 0xff,
	0x90, 0x00, 0x00, 0x00, 0x3c, 0x26, 0x00, 0x00,
	0xc8, 0x26, 0x00, 0x00, 0x5b, 0x00, 0x01, 0x00,
	0x00, 0x00, 0x00, 0x00, 0x2c, 0x03, 0x00, 0x00,
	0xff, 0xff, 0xff, 0xff, 0x20, 0x26, 0x00, 0x00,
	0x10, 0x2a, 0x00, 0x00, 0x58, 0x26, 0x00, 0x00,
	0x5c, 0x00, 0x01, 0x00, 0x00, 0x00, 0x00, 0x00,
	0xfe, 0x01, 0x00, 0x00, 0xff, 0xff, 0xff, 0xff,
	0x20, 0x26, 0x00, 0x00, 0xff, 0xff, 0xff, 0xff,
	0x74, 0x26, 0x00, 0x00, 0x5d, 0x00, 0x01, 0x00,
	0x00, 0x00, 0x00, 0x00, 0x29, 0x01, 0x00, 0x00,
	0xff, 0xff, 0xff, 0xff, 0x20, 0x26, 0x00, 0x00,
	0x1c, 0x2e, 0x00, 0x00, 0x90, 0x26, 0x00, 0x00,
	0x5e, 0x00, 0x01, 0x00, 0x00, 0x00, 0x00, 0x00,
	0x3d, 0x03, 0x00, 0x00, 0xff, 0xff, 0xff, 0xff,
	0x20, 0x26, 0x00, 0x00, 0xff, 0xff, 0xff, 0xff,
	0xac, 0x26, 0x00, 0x00, 0x5f, 0x00, 0x01, 0x00,
	0x00, 0x00, 0x00, 0x00, 0x91, 0x01, 0x00, 0x00,
	0xff, 0xff, 0xff, 0xff, 0x20, 0x26, 0x00, 0x00,
	0xff, 0xff, 0xff, 0xff, 0x6c, 0x28, 0x00, 0x00,
	0x60, 0x00, 0x01, 0x00, 0x00, 0x00, 0x00, 0x00,
	0xfe, 0x02, 0x00, 0x00, 0xff, 0xff, 0xff, 0xff,
	0x90, 0x00, 0x00, 0x00, 0xe4, 0x26, 0x00, 0x00,
	0xc4, 0x30, 0x00, 0x00, 0x61, 0x00, 0x01, 0x00,
	0x00, 0x00, 0x00, 0x00, 0x15, 0x02, 0x00, 0x00,
	0xff, 0xff, 0xff, 0xff, 0xc8, 0x26, 0x00, 0x00,
	0x00, 0x27, 0x00, 0x00, 0x38, 0x27, 0x00, 0x00,
	0x62, 0x00, 0x01, 0x00, 0x00, 0x00, 0x00, 0x00,
	0xdd, 0x01, 0x00, 0x00, 0xff, 0xff, 0xff, 0xff,
	0xe4, 0x26, 0x00, 0x00, 0x1c, 0x27, 0x00, 0x00,
	0xc4, 0x27, 0x00, 0x00, 0x63, 0x00, 0x01, 0x00,
	0x00, 0x00, 0x00, 0x00, 0xf0, 0x02, 0x00, 0x00,
	0xff, 0xff, 0xff, 0xff, 0x00, 0x27, 0x00, 0x00,
	0xff, 0xff, 0xff, 0xff, 0xff, 0xff, 0xff, 0xff,
	0x64, 0x00, 0x01, 0x00, 0x00, 0x00, 0x00, 0x00,
	0xcb, 0x01, 0x00, 0x00, 0xff, 0xff, 0xff, 0xff,
	0xc8, 0x26, 0x00, 0x00, 0x54, 0x27, 0x00, 0x00,
	0x70, 0x27, 0x00, 0x00, 0x65, 0x00, 0x01, 0x00,
	0x00, 0x00, 0x00, 0x00, 0x17, 0x02, 0x00, 0x00,
	0xff, 0xff, 0xff, 0xff, 0x38, 0x27, 0x00, 0x00,
	0xff, 0xff, 0xff, 0xff, 0xff, 0xff, 0xff, 0xff,
	0x66, 0x00, 0x01, 0x00, 0x00, 0x00, 0x00, 0x00,
	0xd5, 0x01, 0x00, 0x00, 0xff, 0xff, 0xff, 0xff,
	0xc8, 0x26, 0x00, 0x00, 0x8c, 0x27, 0x00, 0x00,
	0xd8, 0x29, 0x00, 0x00, 0x67, 0x00, 0x01, 0x00,
	0x00, 0x00, 0x00, 0x00, 0xf0, 0x02, 0x00, 0x00,
	0xff, 0xff, 0xff, 0xff, 0x70, 0x27, 0x00, 0x00,
	0xa8, 0x27, 0x00, 0x00, 0xfc, 0x27, 0x00, 0x00,
	0x68, 0x00, 0x01, 0x00, 0x00, 0x00, 0x00, 0x00,
	0xb6, 0x01, 0x00, 0x00, 0xff, 0xff, 0xff, 0xff,
	0x8c, 0x27, 0x00, 0x00, 0xff, 0xff, 0xff, 0xff,
	0xff, 0xff, 0xff, 0xff, 0x69, 0x00, 0x01, 0x00,
	0x00, 0x00, 0x00, 0x00, 0xe3, 0x01, 0x00, 0x00,
	0xff, 0xff, 0xff, 0xff, 0xe4, 0x26, 0x00, 0x00,
	0xe0, 0x27, 0x00, 0x00, 0x18, 0x28, 0x00, 0x00,
	0x6a, 0x00, 0x01, 0x00, 0x00, 0x00, 0x00, 0x00,
	0xf6, 0x02, 0x00, 0x00, 0xff, 0xff, 0xff, 0xff,
	0xc4, 0x27, 0x00, 0x00, 0xff, 0xff, 0xff, 0xff,
	0xff, 0xff, 0xff, 0xff, 0x6b, 0x00, 0x01, 0x00,
	0x00, 0x00, 0x00, 0x00, 0xf6, 0x02, 0x00, 0x00,
	0xff, 0xff, 0xff, 0xff, 0x70, 0x27, 0x00, 0x00,
	0x1c, 0x37, 0x00, 0x00, 0x50, 0x28, 0x00, 0x00,
	0x6c, 0x00, 0x01, 0x00, 0x00, 0x00, 0x00, 0x00,
	0xde, 0x01, 0x00, 0x00, 0xff, 0xff, 0xff, 0xff,
	0xe4, 0x26, 0x00, 0x00, 0x34, 0x28, 0x00, 0x00,
	0xff, 0xff, 0xff, 0xff, 0x6d, 0x00, 0x01, 0x00,
	0x00, 0x00, 0x00, 0x00, 0xf1, 0x02, 0x00, 0x00,
	0xff, 0xff, 0xff, 0xff, 0x18, 0x28, 0x00, 0x00,
	0xff, 0xff, 0xff, 0xff, 0xff, 0xff, 0xff, 0xff,
	0x6e, 0x00, 0x01, 0x00, 0x00, 0x00, 0x00, 0x00,
	0xf1, 0x02, 0x00, 0x00, 0xff, 0xff, 0xff, 0xff,
	0x70, 0x27, 0x00, 0x00, 0xff, 0xff, 0xff, 0xff,
	0xff, 0xff, 0xff, 0xff, 0x6f, 0x00, 0x01, 0x00,
	0x00, 0x00, 0x00, 0x00, 0x75, 0x03, 0x00, 0x00,
	0xff, 0xff, 0xff, 0xff, 0x20, 0x26, 0x00, 0x00,
	0x88, 0x28, 0x00, 0x00, 0x68, 0x29, 0x00, 0x00,
	0x70, 0x00, 0x01, 0x00, 0x00, 0x00, 0x00, 0x00,
	0x06, 0x03, 0x00, 0x00, 0xff, 0xff, 0xff, 0xff,
	0x6c, 0x28, 0x00, 0x00, 0xa4, 0x28, 0x00, 0x00,
	0xff, 0xff, 0xff, 0xff, 0x71, 0x00, 0x01, 0x00,
	0x00, 0x00, 0x00, 0x00, 0xb8, 0x02, 0x00, 0x00,
	0xff, 0xff, 0xff, 0xff, 0x88, 0x28, 0x00, 0x00,
	0xc0, 0x28, 0x00, 0x00, 0x0c, 0x2b, 0x00, 0x00,
	0x72, 0x00, 0x01, 0x00, 0x00, 0x00, 0x00, 0x00,
	0x8a, 0x02, 0x00, 0x00, 0xff, 0xff, 0xff, 0xff,
	0xa4, 0x28, 0x00, 0x00, 0xdc, 0x28, 0x00, 0x00,
	0xff, 0xff, 0xff, 0xff, 0x73, 0x00, 0x01, 0x00,
	0x00, 0x00, 0x00, 0x00, 0x20, 0x03, 0x00, 0x00,
	0xff, 0xff, 0xff, 0xff, 0xc0, 0x28, 0x00, 0x00,
	0xf8, 0x28, 0x00, 0x00, 0x4c, 0x29, 0x00, 0x00,
	0x74, 0x00, 0x01, 0x00, 0x00, 0x00, 0x00, 0x00,
	0xfd, 0x01, 0x00, 0x00, 0xff, 0xff, 0xff, 0xff,
	0xdc, 0x28, 0x00, 0x00, 0xff, 0xff, 0xff, 0xff,
	0x14, 0x29, 0x00, 0x00, 0x75, 0x00, 0x01, 0x00,
	0x00, 0x00, 0x00, 0x00, 0xfc, 0x01, 0x00, 0x00,
	0xff, 0xff, 0xff, 0xff, 0xdc, 0x28, 0x00, 0x00,
	0xff, 0xff, 0xff, 0xff, 0x30, 0x29, 0x00, 0x00,
	0x76, 0x00, 0x01, 0x00, 0x00, 0x00, 0x00, 0x00,
	0x72, 0x01, 0x00, 0x00, 0xff, 0xff, 0xff, 0xff,
	0xdc, 0x28, 0x00, 0x00, 0xff, 0xff, 0xff, 0xff,
	0xff, 0xff, 0xff, 0xff, 0x77, 0x00, 0x01, 0x00,
	0x00, 0x00, 0x00, 0x00, 0x3d, 0x03, 0x00, 0x00,
	0xff, 0xff, 0xff, 0xff, 0xc0, 0x28, 0x00, 0x00,
	0xff, 0xff, 0xff, 0xff, 0x08, 0x2c, 0x00, 0x00,
	0x78, 0x00, 0x01, 0x00, 0x00, 0x00, 0x00, 0x00,
	0x91, 0x01, 0x00, 0x00, 0xff, 0xff, 0xff, 0xff,
	0x20, 0x26, 0x00, 0x00, 0xff, 0xff, 0xff, 0xff,
	0x84, 0x29, 0x00, 0x00, 0x79, 0x00, 0x01, 0x00,
	0x00, 0x00, 0x00, 0x00, 0xc9, 0x01, 0x00, 0x00,
	0xff, 0xff, 0xff, 0xff, 0x20, 0x26, 0x00, 0x00,
	0xa0, 0x29, 0x00, 0x00, 0xbc, 0x29, 0x00, 0x00,
	0x7a, 0x00, 0x01, 0x00, 0x00, 0x00, 0x00, 0x00,
	0x95, 0x06, 0x00, 0x00, 0xff, 0xff, 0xff, 0xff,
	0x84, 0x29, 0x00, 0x00, 0xff, 0xff, 0xff, 0xff,
	0xe8, 0x35, 0x00, 0x00, 0x7b, 0x00, 0x01, 0x00,
	0x00, 0x00, 0x00, 0x00, 0xb6, 0x01, 0x00, 0x00,
	0xff, 0xff, 0xff, 0xff, 0x20, 0x26, 0x00, 0x00,
	0xff, 0xff, 0xff, 0xff, 0xf4, 0x29, 0x00, 0x00,
	0x7c, 0x00, 0x01, 0x00, 0x00, 0x00, 0x00, 0x00,
	0x25, 0x02, 0x00, 0x00, 0xff, 0xff, 0xff, 0xff,
	0xc8, 0x26, 0x00, 0x00, 0x54, 0x2e, 0x00, 0x00,
	0xff, 0xff, 0xff, 0xff, 0x7d, 0x00, 0x01, 0x00,
	0x00, 0x00, 0x00, 0x00, 0x67, 0x01, 0x00, 0x00,
	0xff, 0xff, 0xff, 0xff, 0x20, 0x26, 0x00, 0x00,
	0xff, 0xff, 0xff, 0xff, 0xe0, 0x2e, 0x00, 0x00,
	0x7e, 0x00, 0x01, 0x00, 0x00, 0x00, 0x00, 0x00,
	0x2e, 0x06, 0x00, 0x00, 0xff, 0xff, 0xff, 0xff,
	0x3c, 0x26, 0x00, 0x00, 0xa8, 0x2e, 0x00, 0x00,
	0xff, 0xff, 0xff, 0xff, 0x7f, 0x00, 0x01, 0x00,
	0x00, 0x00, 0x00, 0x00, 0x5d, 0x04, 0x00, 0x00,
	0xff, 0xff, 0xff, 0xff, 0x20, 0x26, 0x00, 0x00,
	0xff, 0xff, 0xff, 0xff, 0xb0, 0x4c, 0x00, 0x00,
	0xce, 0x00, 0x00, 0x00, 0x00, 0x00, 0x00, 0x00,
	0x13, 0x05, 0x00, 0x00, 0xff, 0xff, 0xff, 0xff,
	0x90, 0x07, 0x00, 0x00, 0xff, 0xff, 0xff, 0xff,
	0x9c, 0x2a, 0x00, 0x00, 0x81, 0x00, 0x01, 0x00,
	0x00, 0x00, 0x00, 0x00, 0x7f, 0x01, 0x00, 0x00,
	0xff, 0xff, 0xff, 0xff, 0x6c, 0x02, 0x00, 0x00,
	0x80, 0x2a, 0x00, 0x00, 0xc0, 0x41, 0x00, 0x00,
	0x82, 0x00, 0x01, 0x00, 0x00, 0x00, 0x00, 0x00,
	0x13, 0x05, 0x00, 0x00, 0xff, 0xff, 0xff, 0xff,
	0x64, 0x2a, 0x00, 0x00, 0x9c, 0x33, 0x00, 0x00,
	0xb8, 0x2a, 0x00, 0x00, 0x83, 0x00, 0x01, 0x00,
	0x00, 0x00, 0x00, 0x00, 0x9f, 0x05, 0x00, 0x00,
	0xff, 0xff, 0xff, 0xff, 0x90, 0x07, 0x00, 0x00,
	0xff, 0xff, 0xff, 0xff, 0xd4, 0x2a, 0x00, 0x00,
	0x84, 0x00, 0x01, 0x00, 0x00, 0x00, 0x00, 0x00,
	0x9f, 0x05, 0x00, 0x00, 0xff, 0xff, 0xff, 0xff,
	0x64, 0x2a, 0x00, 0x00, 0xb8, 0x33, 0x00, 0x00,
	0xf0, 0x2a, 0x00, 0x00, 0x85, 0x00, 0x01, 0x00,
	0x00, 0x00, 0x00, 0x00, 0x0f, 0x03, 0x00, 0x00,
	0xff, 0xff, 0xff, 0xff, 0x90, 0x07, 0x00, 0x00,
	0xff, 0xff, 0xff, 0xff, 0x74, 0x2d, 0x00, 0x00,
	0x86, 0x00, 0x01, 0x00, 0x00, 0x00, 0x00, 0x00,
	0x0f, 0x03, 0x00, 0x00, 0xff, 0xff, 0xff, 0xff,
	0x64, 0x2a, 0x00, 0x00, 0xd4, 0x33, 0x00, 0x00,
	0x90, 0x2d, 0x00, 0x00, 0x87, 0x00, 0x01, 0x00,
	0x00, 0x00, 0x00, 0x00, 0x91, 0x01, 0x00, 0x00,
	0xff, 0xff, 0xff, 0xff, 0x88, 0x28, 0x00, 0x00,
	0x28, 0x2b, 0x00, 0x00, 0xff, 0xff, 0xff, 0xff,
	0x88, 0x00, 0x01, 0x00, 0x00, 0x00, 0x00, 0x00,
	0x56, 0x06, 0x00, 0x00, 0xff, 0xff, 0xff, 0xff,
	0x0c, 0x2b, 0x00, 0x00, 0xff, 0xff, 0xff, 0xff,
	0x44, 0x2b, 0x00, 0x00, 0x89, 0x00, 0x01, 0x00,
	0x00, 0x00, 0x00, 0x00, 0x07, 0x06, 0x00, 0x00,
	0xff, 0xff, 0xff, 0xff, 0x0c, 0x2b, 0x00, 0x00,
	0xff, 0xff, 0xff, 0xff, 0x60, 0x2b, 0x00, 0x00,
	0x8a, 0x00, 0x01, 0x00, 0x00, 0x00, 0x00, 0x00,
	0x30, 0x04, 0x00, 0x00, 0xff, 0xff, 0xff, 0xff,
	0x0c, 0x2b, 0x00, 0x00, 0xff, 0xff, 0xff, 0xff,
	0x7c, 0x2b, 0x00, 0x00, 0x8b, 0x00, 0x01, 0x00,
	0x00, 0x00, 0x00, 0x00, 0x09, 0x06, 0x00, 0x00,
	0xff, 0xff, 0xff, 0xff, 0x0c, 0x2b, 0x00, 0x00,
	0xff, 0xff, 0xff, 0xff, 0x98, 0x2b, 0x00, 0x00,
	0x8c, 0x00, 0x01, 0x00, 0x00, 0x00, 0x00, 0x00,
	0x08, 0x04, 0x00, 0x00, 0xff, 0xff, 0xff, 0xff,
	0x0c, 0x2b, 0x00, 0x00, 0xff, 0xff, 0xff, 0xff,
	0xb4, 0x2b, 0x00, 0x00, 0x8d, 0x00, 0x01, 0x00,
	0x00, 0x00, 0x00, 0x00, 0x09, 0x04, 0x00, 0x00,
	0xff, 0xff, 0xff, 0xff, 0x0c, 0x2b, 0x00, 0x00,
	0xff, 0xff, 0xff, 0xff, 0xd0, 0x2b, 0x00, 0x00,
	0x8e, 0x00, 0x01, 0x00, 0x00, 0x00, 0x00, 0x00,
	0x0a, 0x04, 0x00, 0x00, 0xff, 0xff, 0xff, 0xff,
	0x0c, 0x2b, 0x00, 0x00, 0xff, 0xff, 0xff, 0xff,
	0xec, 0x2b, 0x00, 0x00, 0x8f, 0x00, 0x01, 0x00,
	0x00, 0x00, 0x00, 0x00, 0x6b, 0x03, 0x00, 0x00,
	0xff, 0xff, 0xff, 0xff, 0x0c, 0x2b, 0x00, 0x00,
	0xff, 0xff, 0xff, 0xff, 0xff, 0xff, 0xff, 0xff,
	0x90, 0x00, 0x01, 0x00, 0x00, 0x00, 0x00, 0x00,
	0x47, 0x04, 0x00, 0x00, 0xff, 0xff, 0xff, 0xff,
	0xc0, 0x28, 0x00, 0x00, 0xff, 0xff, 0xff, 0xff,
	0x24, 0x2c, 0x00, 0x00, 0x91, 0x00, 0x01, 0x00,
	0x00, 0x00, 0x00, 0x00, 0x36, 0x06, 0x00, 0x00,
	0xff, 0xff, 0xff, 0xff, 0xc0, 0x28, 0x00, 0x00,
	0xff, 0xff, 0xff, 0xff, 0x40, 0x2c, 0x00, 0x00,
	0x92, 0x00, 0x01, 0x00, 0x00, 0x00, 0x00, 0x00,
	0x98, 0x04, 0x00, 0x00, 0xff, 0xff, 0xff, 0xff,
	0xc0, 0x28, 0x00, 0x00, 0xff, 0xff, 0xff, 0xff,
	0x5c, 0x2c, 0x00, 0x00, 0x93, 0x00, 0x01, 0x00,
	0x00, 0x00, 0x00, 0x00, 0xe8, 0x07, 0x00, 0x00,
	0xff, 0xff, 0xff, 0xff, 0xc0, 0x28, 0x00, 0x00,
	0xff, 0xff, 0xff, 0xff, 0x78, 0x2c, 0x00, 0x00,
	0x94, 0x00, 0x01, 0x00, 0x00, 0x00, 0x00, 0x00,
	0x91, 0x01, 0x00, 0x00, 0xff, 0xff, 0xff, 0xff,
	0xc0, 0x28, 0x00, 0x00, 0x94, 0x2c, 0x00, 0x00,
	0xcc, 0x2c, 0x00, 0x00, 0x95, 0x00, 0x01, 0x00,
	0x00, 0x00, 0x00, 0x00, 0x6c, 0x07, 0x00, 0x00,
	0xff, 0xff, 0xff, 0xff, 0x78, 0x2c, 0x00, 0x00,
	0xff, 0xff, 0xff, 0xff, 0xb0, 0x2c, 0x00, 0x00,
	0x96, 0x00, 0x01, 0x00, 0x00, 0x00, 0x00, 0x00,
	0x58, 0x05, 0x00, 0x00, 0xff, 0xff, 0xff, 0xff,
	0x78, 0x2c, 0x00, 0x00, 0xff, 0xff, 0xff, 0xff,
	0xff, 0xff, 0xff, 0xff, 0x97, 0x00, 0x01, 0x00,
	0x00, 0x00, 0x00, 0x00, 0x1a, 0x02, 0x00, 0x00,
	0xff, 0xff, 0xff, 0xff, 0xc0, 0x28, 0x00, 0x00,
	0xe8, 0x2c, 0x00, 0x00, 0xff, 0xff, 0xff, 0xff,
	0x98, 0x00, 0x01, 0x00, 0x00, 0x00, 0x00, 0x00,
	0xde, 0x05, 0x00, 0x00, 0xff, 0xff, 0xff, 0xff,
	0xcc, 0x2c, 0x00, 0x00, 0xff, 0xff, 0xff, 0xff,
	0x04, 0x2d, 0x00, 0x00, 0x99, 0x00, 0x01, 0x00,
	0x00, 0x00, 0x00, 0x00, 0x3f, 0x08, 0x00, 0x00,
	0xff, 0xff, 0xff, 0xff, 0xcc, 0x2c, 0x00, 0x00,
	0xff, 0xff, 0xff, 0xff, 0x20, 0x2d, 0x00, 0x00,
	0x9a, 0x00, 0x01, 0x00, 0x00, 0x00, 0x00, 0x00,
	0x11, 0x08, 0x00, 0x00, 0xff, 0xff, 0xff, 0xff,
	0xcc, 0x2c, 0x00, 0x00, 0xff, 0xff, 0xff, 0xff,
	0x3c, 0x2d, 0x00, 0x00, 0x9b, 0x00, 0x01, 0x00,
	0x00, 0x00, 0x00, 0x00, 0xa7, 0x06, 0x00, 0x00,
	0xff, 0xff, 0xff, 0xff, 0xcc, 0x2c, 0x00, 0x00,
	0xff, 0xff, 0xff, 0xff, 0x58, 0x2d, 0x00, 0x00,
	0x9c, 0x00, 0x01, 0x00, 0x00, 0x00, 0x00, 0x00,
	0xf4, 0x06, 0x00, 0x00, 0xff, 0xff, 0xff, 0xff,
	0xcc, 0x2c, 0x00, 0x00, 0xff, 0xff, 0xff, 0xff,
	0xff, 0xff, 0xff, 0xff, 0x9d, 0x00, 0x01, 0x00,
	0x00, 0x00, 0x00, 0x00, 0xfa, 0x02, 0x00, 0x00,
	0xff, 0xff, 0xff, 0xff, 0x90, 0x07, 0x00, 0x00,
	0xff, 0xff, 0xff, 0xff, 0xac, 0x2d, 0x00, 0x00,
	0x9e, 0x00, 0x01, 0x00, 0x00, 0x00, 0x00, 0x00,
	0xfa, 0x02, 0x00, 0x00, 0xff, 0xff, 0xff, 0xff,
	0x64, 0x2a, 0x00, 0x00, 0xf0, 0x33, 0x00, 0x00,
	0xc8, 0x2d, 0x00, 0x00, 0x9f, 0x00, 0x01, 0x00,
	0x00, 0x00, 0x00, 0x00, 0x86, 0x03, 0x00, 0x00,
	0xff, 0xff, 0xff, 0xff, 0x90, 0x07, 0x00, 0x00,
	0xff, 0xff, 0xff, 0xff, 0xe4, 0x2d, 0x00, 0x00,
	0xa0, 0x00, 0x01, 0x00, 0x00, 0x00, 0x00, 0x00,
	0x86, 0x03, 0x00, 0x00, 0xff, 0xff, 0xff, 0xff,
	0x64, 0x2a, 0x00, 0x00, 0x0c, 0x34, 0x00, 0x00,
	0x00, 0x2e, 0x00, 0x00, 0xa1, 0x00, 0x01, 0x00,
	0x00, 0x00, 0x00, 0x00, 0xc9, 0x03, 0x00, 0x00,
	0xff, 0xff, 0xff, 0xff, 0x90, 0x07, 0x00, 0x00,
	0xff, 0xff, 0xff, 0xff, 0x30, 0x42, 0x00, 0x00,
	0xa2, 0x00, 0x01, 0x00, 0x00, 0x00, 0x00, 0x00,
	0xc9, 0x03, 0x00, 0x00, 0xff, 0xff, 0xff, 0xff,
	0x64, 0x2a, 0x00, 0x00, 0x28, 0x34, 0x00, 0x00,
	0xff, 0xff, 0xff, 0xff, 0xa3, 0x00, 0x01, 0x00,
	0x00, 0x00, 0x00, 0x00, 0x40, 0x01, 0x00, 0x00,
	0xff, 0xff, 0xff, 0xff, 0x74, 0x26, 0x00, 0x00,
	0xff, 0xff, 0xff, 0xff, 0x38, 0x2e, 0x00, 0x00,
	0xa4, 0x00, 0x01, 0x00, 0x00, 0x00, 0x00, 0x00,
	0xbd, 0x02, 0x00, 0x00, 0xff, 0xff, 0xff, 0xff,
	0x74, 0x26, 0x00, 0x00, 0xff, 0xff, 0xff, 0xff,
	0xff, 0xff, 0xff, 0xff, 0xa5, 0x00, 0x01, 0x00,
	0x00, 0x00, 0x00, 0x00, 0xa6, 0x02, 0x00, 0x00,
	0xff, 0xff, 0xff, 0xff, 0xd8, 0x29, 0x00, 0x00,
	0x18, 0x2f, 0x00, 0x00, 0xff, 0xff, 0xff, 0xff,
	0xa6, 0x00, 0x01, 0x00, 0x00, 0x00, 0x00, 0x00,
	0xde, 0x01, 0x00, 0x00, 0xff, 0xff, 0xff, 0xff,
	0x20, 0x26, 0x00, 0x00, 0xff, 0xff, 0xff, 0xff,
	0x2c, 0x2a, 0x00, 0x00, 0xdd, 0x00, 0x00, 0x00,
	0x00, 0x00, 0x00, 0x00, 0xb2, 0x02, 0x00, 0x00,
	0xff, 0xff, 0xff, 0xff, 0x20, 0x26, 0x00, 0x00,
	0xc0, 0x31, 0x00, 0x00, 0x70, 0x2e, 0x00, 0x00,
	0xa8, 0x00, 0x01, 0x00, 0x00, 0x00, 0x00, 0x00,
	0x05, 0x02, 0x00, 0x00, 0xff, 0xff, 0xff, 0xff,
	0x10, 0x2a, 0x00, 0x00, 0xff, 0xff, 0xff, 0xff,
	0xc4, 0x2e, 0x00, 0x00, 0xa9, 0x00, 0x01, 0x00,
	0x00, 0x00, 0x00, 0x00, 0x0b, 0x01, 0x00, 0x00,
	0xff, 0xff, 0xff, 0xff, 0x10, 0x2a, 0x00, 0x00,
	0xff, 0xff, 0xff, 0xff, 0xff, 0xff, 0xff, 0xff,
	0xaa, 0x00, 0x01, 0x00, 0x00, 0x00, 0x00, 0x00,
	0x97, 0x03, 0x00, 0x00, 0xff, 0xff, 0xff, 0xff,
	0x20, 0x26, 0x00, 0x00, 0xff, 0xff, 0xff, 0xff,
	0xfc, 0x2e, 0x00, 0x00, 0xab, 0x00, 0x01, 0x00,
	0x00, 0x00, 0x00, 0x00, 0x38, 0x04, 0x00, 0x00,
	0xff, 0xff, 0xff, 0xff, 0x20, 0x26, 0x00, 0x00,
	0xff, 0xff, 0xff, 0xff, 0x34, 0x2f, 0x00, 0x00,
	0xac, 0x00, 0x01, 0x00, 0x00, 0x00, 0x00, 0x00,
	0x2c, 0x02, 0x00, 0x00, 0xff, 0xff, 0xff, 0xff,
	0x54, 0x2e, 0x00, 0x00, 0xff, 0xff, 0xff, 0xff,
	0xdc, 0x31, 0x00, 0x00, 0xad, 0x00, 0x01, 0x00,
	0x00, 0x00, 0x00, 0x00, 0x12, 0x04, 0x00, 0x00,
	0xff, 0xff, 0xff, 0xff, 0x20, 0x26, 0x00, 0x00,
	0xff, 0xff, 0xff, 0xff, 0x8c, 0x2e, 0x00, 0x00,
	0xae, 0x00, 0x01, 0x00, 0x00, 0x00, 0x00, 0x00,
	0x00, 0x02, 0x00, 0x00, 0xff, 0xff, 0xff, 0xff,
	0x74, 0x00, 0x00, 0x00, 0x6c, 0x2f, 0x00, 0x00,
	0x98, 0x34, 0x00, 0x00, 0xaf, 0x00, 0x01, 0x00,
	0x00, 0x00, 0x00, 0x00, 0x14, 0x02, 0x00, 0x00,
	0xff, 0xff, 0xff, 0xff, 0x50, 0x2f, 0x00, 0x00,
	0x88, 0x2f, 0x00, 0x00, 0xff, 0xff, 0xff, 0xff,
	0xb0, 0x00, 0x01, 0x00, 0x00, 0x00, 0x00, 0x00,
	0xb6, 0x01, 0x00, 0x00, 0xff, 0xff, 0xff, 0xff,
	0x6c, 0x2f, 0x00, 0x00, 0xff, 0xff, 0xff, 0xff,
	0xff, 0xff, 0xff, 0xff, 0xb1, 0x00, 0x01, 0x00,
	0x00, 0x00, 0x00, 0x00, 0x13, 0x02, 0x00, 0x00,
	0xff, 0xff, 0xff, 0xff, 0xbc, 0x0a, 0x00, 0x00,
	0xcc, 0x35, 0x00, 0x00, 0xff, 0xff, 0xff, 0xff,
	0xb2, 0x00, 0x01, 0x00, 0x00, 0x00, 0x00, 0x00,
	0x11, 0x02, 0x00, 0x00, 0xff, 0xff, 0xff, 0xff,
	0x08, 0x0d, 0x00, 0x00, 0xdc, 0x2f, 0x00, 0x00,
	0xff, 0xff, 0xff, 0xff, 0xb3, 0x00, 0x01, 0x00,
	0x00, 0x00, 0x00, 0x00, 0x2c, 0x02, 0x00, 0x00,
	0xff, 0xff, 0xff, 0xff, 0xc0, 0x2f, 0x00, 0x00,
	0xff, 0xff, 0xff, 0xff, 0x00, 0x30, 0x00, 0x00,
	0xb4, 0x00, 0x01, 0x00, 0x00, 0x00, 0x00, 0x00,
	0x00, 0x00, 0x00, 0x00, 0x00, 0x00, 0x00, 0x00,
	0x45, 0x01, 0x00, 0x00, 0xff, 0xff, 0xff, 0xff,
	0xc0, 0x2f, 0x00, 0x00, 0xff, 0xff, 0xff, 0xff,
	0x1c, 0x30, 0x00, 0x00, 0xb5, 0x00, 0x01, 0x00,
	0x00, 0x00, 0x00, 0x00, 0xec, 0x00, 0x00, 0x00,
	0xff, 0xff, 0xff, 0xff, 0xc0, 0x2f, 0x00, 0x00,
	0xff, 0xff, 0xff, 0xff, 0x38, 0x30, 0x00, 0x00,
	0xb6, 0x00, 0x01, 0x00, 0x00, 0x00, 0x00, 0x00,
	0x72, 0x01, 0x00, 0x00, 0xff, 0xff, 0xff, 0xff,
	0xc0, 0x2f, 0x00, 0x00, 0xff, 0xff, 0xff, 0xff,
	0x54, 0x30, 0x00, 0x00, 0xb7, 0x00, 0x01, 0x00,
	0x00, 0x00, 0x00, 0x00, 0x8b, 0x01, 0x00, 0x00,
	0xff, 0xff, 0xff, 0xff, 0xc0, 0x2f, 0x00, 0x00,
	0xff, 0xff, 0xff, 0xff, 0x70, 0x30, 0x00, 0x00,
	0xb8, 0x00, 0x01, 0x00, 0x00, 0x00, 0x00, 0x00,
	0x99, 0x00, 0x00, 0x00, 0xff, 0xff, 0xff, 0xff,
	0xc0, 0x2f, 0x00, 0x00, 0xff, 0xff, 0xff, 0xff,
	0x8c, 0x30, 0x00, 0x00, 0xb9, 0x00, 0x01, 0x00,
	0x00, 0x00, 0x00, 0x00, 0x5d, 0x04, 0x00, 0x00,
	0xff, 0xff, 0xff, 0xff, 0xc0, 0x2f, 0x00, 0x00,
	0xff, 0xff, 0xff, 0xff, 0xa8, 0x30, 0x00, 0x00,
	0xba, 0x00, 0x01, 0x00, 0x00, 0x00, 0x00, 0x00,
	0x71, 0x02, 0x00, 0x00, 0xff, 0xff, 0xff, 0xff,
	0xc0, 0x2f, 0x00, 0x00, 0xff, 0xff, 0xff, 0xff,
	0xff, 0xff, 0xff, 0xff, 0xbb, 0x00, 0x01, 0x00,
	0x00, 0x00, 0x00, 0x00, 0x9c, 0x06, 0x00, 0x00,
	0xff, 0xff, 0xff, 0xff, 0x90, 0x00, 0x00, 0x00,
	0xe0, 0x30, 0x00, 0x00, 0x44, 0x34, 0x00, 0x00,
	0xbc, 0x00, 0x01, 0x00, 0x00, 0x00, 0x00, 0x00,
	0x71, 0x02, 0x00, 0x00, 0xff, 0xff, 0xff, 0xff,
	0xc4, 0x30, 0x00, 0x00, 0xff, 0xff, 0xff, 0xff,
	0xfc, 0x30, 0x00, 0x00, 0xbd, 0x00, 0x01, 0x00,
	0x00, 0x00, 0x00, 0x00, 0x5d, 0x04, 0x00, 0x00,
	0xff, 0xff, 0xff, 0xff, 0xc4, 0x30, 0x00, 0x00,
	0xff, 0xff, 0xff, 0xff, 0x18, 0x31, 0x00, 0x00,
	0xbe, 0x00, 0x01, 0x00, 0x00, 0x00, 0x00, 0x00,
	0x75, 0x02, 0x00, 0x00, 0xff, 0xff, 0xff, 0xff,
	0xc4, 0x30, 0x00, 0x00, 0xff, 0xff, 0xff, 0xff,
	0x34, 0x31, 0x00, 0x00, 0xbf, 0x00, 0x01, 0x00,
	0x00, 0x00, 0x00, 0x00, 0x77, 0x02, 0x00, 0x00,
	0xff, 0xff, 0xff, 0xff, 0xc4, 0x30, 0x00, 0x00,
	0xff, 0xff, 0xff, 0xff, 0x50, 0x31, 0x00, 0x00,
	0xc0, 0x00, 0x01, 0x00, 0x00, 0x00, 0x00, 0x00,
	0x71, 0x02, 0x00, 0x00, 0xff, 0xff, 0xff, 0xff,
	0xc4, 0x30, 0x00, 0x00, 0xff, 0xff, 0xff, 0xff,
	0x6c, 0x31, 0x00, 0x00, 0xc1, 0x00, 0x01, 0x00,
	0x00, 0x00, 0x00, 0x00, 0xae, 0x02, 0x00, 0x00,
	0xff, 0xff, 0xff, 0xff, 0xc4, 0x30, 0x00, 0x00,
	0xff, 0xff, 0xff, 0xff, 0x88, 0x31, 0x00, 0x00,
	0xc2, 0x00, 0x01, 0x00, 0x00, 0x00, 0x00, 0x00,
	0x37, 0x01, 0x00, 0x00, 0xff, 0xff, 0xff, 0xff,
	0xc4, 0x30, 0x00, 0x00, 0xff, 0xff, 0xff, 0xff,
	0xa4, 0x31, 0x00, 0x00, 0xc3, 0x00, 0x01, 0x00,
	0x00, 0x00, 0x00, 0x00, 0xc4, 0x02, 0x00, 0x00,
	0xff, 0xff, 0xff, 0xff, 0xc4, 0x30, 0x00, 0x00,
	0xff, 0xff, 0xff, 0xff, 0xb0, 0x35, 0x00, 0x00,
	0xc4, 0x00, 0x01, 0x00, 0x00, 0x00, 0x00, 0x00,
	0xdd, 0x04, 0x00, 0x00, 0xff, 0xff, 0xff, 0xff,
	0x8c, 0x2e, 0x00, 0x00, 0xff, 0xff, 0xff, 0xff,
	0xff, 0xff, 0xff, 0xff, 0xc5, 0x00, 0x01, 0x00,
	0x00, 0x00, 0x00, 0x00, 0xde, 0x01, 0x00, 0x00,
	0xff, 0xff, 0xff, 0xff, 0x54, 0x2e, 0x00, 0x00,
	0xff, 0xff, 0xff, 0xff, 0xff, 0xff, 0xff, 0xff,
	0xc6, 0x00, 0x01, 0x00, 0x00, 0x00, 0x00, 0x00,
	0x6f, 0x03, 0x00, 0x00, 0xff, 0xff, 0xff, 0xff,
	0x84, 0x0a, 0x00, 0x00, 0xff, 0xff, 0xff, 0xff,
	0x30, 0x32, 0x00, 0x00, 0x5f, 0x00, 0x00, 0x00,
	0x00, 0x00, 0x00, 0x00, 0xc2, 0x01, 0x00, 0x00,
	0xff, 0xff, 0xff, 0xff, 0x84, 0x0a, 0x00, 0x00,
	0xb8, 0x12, 0x00, 0x00, 0xff, 0xff, 0xff, 0xff,
	0xc8, 0x00, 0x01, 0x00, 0x00, 0x00, 0x00, 0x00,
	0x07, 0x02, 0x00, 0x00, 0xff, 0xff, 0xff, 0xff,
	0x84, 0x0a, 0x00, 0x00, 0xa0, 0x0a, 0x00, 0x00,
	0x14, 0x32, 0x00, 0x00, 0xa9, 0x00, 0x00, 0x00,
	0x00, 0x00, 0x00, 0x00, 0x31, 0x00, 0x00, 0x00,
	0xff, 0xff, 0xff, 0xff, 0x30, 0x32, 0x00, 0x00,
	0xff, 0xff, 0xff, 0xff, 0xff, 0xff, 0xff, 0xff,
	0xc7, 0x00, 0x01, 0x00, 0x00, 0x00, 0x00, 0x00,
	0x76, 0x04, 0x00, 0x00, 0xff, 0xff, 0xff, 0xff,
	0xe4, 0x00, 0x00, 0x00, 0xff, 0xff, 0xff, 0xff,
	0x38, 0x37, 0x00, 0x00, 0xcb, 0x00, 0x01, 0x00,
	0x00, 0x00, 0x00, 0x00, 0x89, 0x01, 0x00, 0x00,
	0xff, 0xff, 0xff, 0xff, 0x1c, 0x01, 0x00, 0x00,
	0xff, 0xff, 0xff, 0xff, 0xa0, 0x32, 0x00, 0x00,
	0xcc, 0x00, 0x01, 0x00, 0x00, 0x00, 0x00, 0x00,
	0xd2, 0x01, 0x00, 0x00, 0xff, 0xff, 0xff, 0xff,
	0x1c, 0x01, 0x00, 0x00, 0xff, 0xff, 0xff, 0xff,
	0xff, 0xff, 0xff, 0xff, 0xcd, 0x00, 0x01, 0x00,
	0x00, 0x00, 0x00, 0x00, 0x24, 0x06, 0x00, 0x00,
	0xff, 0xff, 0xff, 0xff, 0xc8, 0x00, 0x00, 0x00,
	0xd8, 0x32, 0x00, 0x00, 0x48, 0x33, 0x00, 0x00,
	0xce, 0x00, 0x01, 0x00, 0x00, 0x00, 0x00, 0x00,
	0x1a, 0x02, 0x00, 0x00, 0xff, 0xff, 0xff, 0xff,
	0xbc, 0x32, 0x00, 0x00, 0xff, 0xff, 0xff, 0xff,
	0xf4, 0x32, 0x00, 0x00, 0xcf, 0x00, 0x01, 0x00,
	0x00, 0x00, 0x00, 0x00, 0xc1, 0x01, 0x00, 0x00,
	0xff, 0xff, 0xff, 0xff, 0xbc, 0x32, 0x00, 0x00,
	0xff, 0xff, 0xff, 0xff, 0x10, 0x33, 0x00, 0x00,
	0xd0, 0x00, 0x01, 0x00, 0x00, 0x00, 0x00, 0x00,
	0x11, 0x02, 0x00, 0x00, 0xff, 0xff, 0xff, 0xff,
	0xbc, 0x32, 0x00, 0x00, 0xff, 0xff, 0xff, 0xff,
	0xff, 0xff, 0xff, 0xff, 0xd1, 0x00, 0x01, 0x00,
	0x00, 0x00, 0x00, 0x80, 0x1c, 0x00, 0x00, 0x00,
	0xdc, 0x4f, 0x00, 0x00, 0xbc, 0x32, 0x00, 0x00,
	0xff, 0xff, 0xff, 0xff, 0xff, 0xff, 0xff, 0xff,
	0xff, 0xff, 0xff, 0xff, 0x00, 0x00, 0x00, 0x00,
	0xcc, 0x08, 0x00, 0x00, 0xff, 0xff, 0xff, 0xff,
	0xc8, 0x00, 0x00, 0x00, 0xff, 0xff, 0xff, 0xff,
	0xcc, 0x3c, 0x00, 0x00, 0xd3, 0x00, 0x01, 0x00,
	0x00, 0x00, 0x00, 0x80, 0x1c, 0x00, 0x00, 0x00,
	0x2c, 0x33, 0x00, 0x00, 0x48, 0x33, 0x00, 0x00,
	0xff, 0xff, 0xff, 0xff, 0x80, 0x33, 0x00, 0x00,
	0xff, 0xff, 0xff, 0xff, 0x00, 0x00, 0x00, 0x00,
	0x77, 0x04, 0x00, 0x00, 0xff, 0xff, 0xff, 0xff,
	0xe4, 0x00, 0x00, 0x00, 0xff, 0xff, 0xff, 0xff,
	0xff, 0xff, 0xff, 0xff, 0xd2, 0x00, 0x01, 0x00,
	0x00, 0x00, 0x00, 0x00, 0x51, 0x02, 0x00, 0x00,
	0xff, 0xff, 0xff, 0xff, 0x80, 0x2a, 0x00, 0x00,
	0xff, 0xff, 0xff, 0xff, 0xff, 0xff, 0xff, 0xff,
	0xd6, 0x00, 0x01, 0x00, 0x00, 0x00, 0x00, 0x00,
	0x51, 0x02, 0x00, 0x00, 0xff, 0xff, 0xff, 0xff,
	0xb8, 0x2a, 0x00, 0x00, 0xff, 0xff, 0xff, 0xff,
	0xff, 0xff, 0xff, 0xff, 0xd7, 0x00, 0x01, 0x00,
	0x00, 0x00, 0x00, 0x00, 0x51, 0x02, 0x00, 0x00,
	0xff, 0xff, 0xff, 0xff, 0xf0, 0x2a, 0x00, 0x00,
	0xff, 0xff, 0xff, 0xff, 0xff, 0xff, 0xff, 0xff,
	0xd8, 0x00, 0x01, 0x00, 0x00, 0x00, 0x00, 0x00,
	0x51, 0x02, 0x00, 0x00, 0xff, 0xff, 0xff, 0xff,
	0x90, 0x2d, 0x00, 0x00, 0xff, 0xff, 0xff, 0xff,
	0xff, 0xff, 0xff, 0xff, 0xd9, 0x00, 0x01, 0x00,
	0x00, 0x00, 0x00, 0x00, 0x51, 0x02, 0x00, 0x00,
	0xff, 0xff, 0xff, 0xff, 0xc8, 0x2d, 0x00, 0x00,
	0xff, 0xff, 0xff, 0xff, 0xff, 0xff, 0xff, 0xff,
	0xda, 0x00, 0x01, 0x00, 0x00, 0x00, 0x00, 0x00,
	0x51, 0x02, 0x00, 0x00, 0xff, 0xff, 0xff, 0xff,
	0x00, 0x2e, 0x00, 0x00, 0xff, 0xff, 0xff, 0xff,
	0xff, 0xff, 0xff, 0xff, 0xdb, 0x00, 0x01, 0x00,
	0x00, 0x00, 0x00, 0x00, 0x3c, 0x03, 0x00, 0x00,
	0xff, 0xff, 0xff, 0xff, 0x90, 0x00, 0x00, 0x00,
	0x60, 0x34, 0x00, 0x00, 0xf4, 0x39, 0x00, 0x00,
	0xdc, 0x00, 0x01, 0x00, 0x00, 0x00, 0x00, 0x00,
	0x21, 0x02, 0x00, 0x00, 0xff, 0xff, 0xff, 0xff,
	0x44, 0x34, 0x00, 0x00, 0x7c, 0x34, 0x00, 0x00,
	0xff, 0xff, 0xff, 0xff, 0xdd, 0x00, 0x01, 0x00,
	0x00, 0x00, 0x00, 0x00, 0x4d, 0x03, 0x00, 0x00,
	0xff, 0xff, 0xff, 0xff, 0x60, 0x34, 0x00, 0x00,
	0xff, 0xff, 0xff, 0xff, 0xff, 0xff, 0xff, 0xff,
	0xde, 0x00, 0x01, 0x00, 0x00, 0x00, 0x00, 0x00,
	0x2d, 0x01, 0x00, 0x00, 0xff, 0xff, 0xff, 0xff,
	0x74, 0x00, 0x00, 0x00, 0xec, 0x34, 0x00, 0x00,
	0x8c, 0x37, 0x00, 0x00, 0xfd, 0x00, 0x00, 0x00,
	0x00, 0x00, 0x00, 0x00, 0xdc, 0x00, 0x00, 0x00,
	0xff, 0xff, 0xff, 0xff, 0xec, 0x34, 0x00, 0x00,
	0xff, 0xff, 0xff, 0xff, 0x08, 0x35, 0x00, 0x00,
	0xe1, 0x00, 0x01, 0x00, 0x00, 0x00, 0x00, 0x00,
	0x7e, 0x03, 0x00, 0x00, 0xff, 0xff, 0xff, 0xff,
	0x3c, 0x00, 0x00, 0x00, 0xff, 0xff, 0xff, 0xff,
	0x78, 0x35, 0x00, 0x00, 0xfa, 0x00, 0x00, 0x00,
	0x00, 0x00, 0x00, 0x00, 0xfc, 0x01, 0x00, 0x00,
	0xff, 0xff, 0xff, 0xff, 0x98, 0x34, 0x00, 0x00,
	0xb4, 0x34, 0x00, 0x00, 0xff, 0xff, 0xff, 0xff,
	0xe0, 0x00, 0x01, 0x00, 0x00, 0x00, 0x00, 0x00,
	0x71, 0x02, 0x00, 0x00, 0xff, 0xff, 0xff, 0xff,
	0xec, 0x34, 0x00, 0x00, 0xff, 0xff, 0xff, 0xff,
	0x40, 0x35, 0x00, 0x00, 0xe3, 0x00, 0x01, 0x00,
	0x00, 0x00, 0x00, 0x00, 0x0d, 0x04, 0x00, 0x00,
	0xff, 0xff, 0xff, 0xff, 0xdc, 0x17, 0x00, 0x00,
	0x5c, 0x35, 0x00, 0x00, 0xff, 0xff, 0xff, 0xff,
	0xe5, 0x00, 0x01, 0x00, 0x00, 0x00, 0x00, 0x00,
	0x45, 0x01, 0x00, 0x00, 0xff, 0xff, 0xff, 0xff,
	0xec, 0x34, 0x00, 0x00, 0xff, 0xff, 0xff, 0xff,
	0xff, 0xff, 0xff, 0xff, 0xe4, 0x00, 0x01, 0x00,
	0x00, 0x00, 0x00, 0x00, 0x97, 0x00, 0x00, 0x00,
	0xff, 0xff, 0xff, 0xff, 0x24, 0x35, 0x00, 0x00,
	0xff, 0xff, 0xff, 0xff, 0xff, 0xff, 0xff, 0xff,
	0xe6, 0x00, 0x01, 0x00, 0x00, 0x00, 0x00, 0x00,
	0x21, 0x01, 0x00, 0x00, 0xff, 0xff, 0xff, 0xff,
	0x3c, 0x00, 0x00, 0x00, 0x94, 0x35, 0x00, 0x00,
	0xff, 0xff, 0xff, 0xff, 0xe7, 0x00, 0x01, 0x00,
	0x00, 0x00, 0x00, 0x00, 0x9e, 0x00, 0x00, 0x00,
	0xff, 0xff, 0xff, 0xff, 0x78, 0x35, 0x00, 0x00,
	0xff, 0xff, 0xff, 0xff, 0xff, 0xff, 0xff, 0xff,
	0xe8, 0x00, 0x01, 0x00, 0x00, 0x00, 0x00, 0x00,
	0x78, 0x02, 0x00, 0x00, 0xff, 0xff, 0xff, 0xff,
	0xc4, 0x30, 0x00, 0x00, 0xff, 0xff, 0xff, 0xff,
	0xff, 0xff, 0xff, 0xff, 0xe9, 0x00, 0x01, 0x00,
	0x00, 0x00, 0x00, 0x00, 0x81, 0x01, 0x00, 0x00,
	0xff, 0xff, 0xff, 0xff, 0xa4, 0x2f, 0x00, 0x00,
	0xff, 0xff, 0xff, 0xff, 0xff, 0xff, 0xff, 0xff,
	0xf9, 0x00, 0x00, 0x00, 0x00, 0x00, 0x00, 0x00,
	0xc9, 0x03, 0x00, 0x00, 0xff, 0xff, 0xff, 0xff,
	0x84, 0x29, 0x00, 0x00, 0xff, 0xff, 0xff, 0xff,
	0x04, 0x36, 0x00, 0x00, 0xeb, 0x00, 0x01, 0x00,
	0x00, 0x00, 0x00, 0x00, 0xb0, 0x04, 0x00, 0x00,
	0xff, 0xff, 0xff, 0xff, 0x84, 0x29, 0x00, 0x00,
	0xff, 0xff, 0xff, 0xff, 0x20, 0x36, 0x00, 0x00,
	0xec, 0x00, 0x01, 0x00, 0x00, 0x00, 0x00, 0x00,
	0xd1, 0x03, 0x00, 0x00, 0xff, 0xff, 0xff, 0xff,
	0x84, 0x29, 0x00, 0x00, 0xff, 0xff, 0xff, 0xff,
	0x3c, 0x36, 0x00, 0x00, 0xed, 0x00, 0x01, 0x00,
	0x00, 0x00, 0x00, 0x00, 0x67, 0x03, 0x00, 0x00,
	0xff, 0xff, 0xff, 0xff, 0x84, 0x29, 0x00, 0x00,
	0xff, 0xff, 0xff, 0xff, 0x58, 0x36, 0x00, 0x00,
	0xee, 0x00, 0x01, 0x00, 0x00, 0x00, 0x00, 0x00,
	0x91, 0x04, 0x00, 0x00, 0xff, 0xff, 0xff, 0xff,
	0x84, 0x29, 0x00, 0x00, 0xff, 0xff, 0xff, 0xff,
	0x74, 0x36, 0x00, 0x00, 0xef, 0x00, 0x01, 0x00,
	0x00, 0x00, 0x00, 0x00, 0x6f, 0x03, 0x00, 0x00,
	0xff, 0xff, 0xff, 0xff, 0x84, 0x29, 0x00, 0x00,
	0xff, 0xff, 0xff, 0xff, 0x90, 0x36, 0x00, 0x00,
	0xf0, 0x00, 0x01, 0x00, 0x00, 0x00, 0x00, 0x00,
	0x38, 0x05, 0x00, 0x00, 0xff, 0xff, 0xff, 0xff,
	0x84, 0x29, 0x00, 0x00, 0xff, 0xff, 0xff, 0xff,
	0xac, 0x36, 0x00, 0x00, 0xf1, 0x00, 0x01, 0x00,
	0x00, 0x00, 0x00, 0x00, 0x15, 0x04, 0x00, 0x00,
	0xff, 0xff, 0xff, 0xff, 0x84, 0x29, 0x00, 0x00,
	0xff, 0xff, 0xff, 0xff, 0xc8, 0x36, 0x00, 0x00,
	0xf2, 0x00, 0x01, 0x00, 0x00, 0x00, 0x00, 0x00,
	0xe9, 0x03, 0x00, 0x00, 0xff, 0xff, 0xff, 0xff,
	0x84, 0x29, 0x00, 0x00, 0xff, 0xff, 0xff, 0xff,
	0xe4, 0x36, 0x00, 0x00, 0xf3, 0x00, 0x01, 0x00,
	0x00, 0x00, 0x00, 0x00, 0xa7, 0x04, 0x00, 0x00,
	0xff, 0xff, 0xff, 0xff, 0x84, 0x29, 0x00, 0x00,
	0xff, 0xff, 0xff, 0xff, 0xff, 0xff, 0xff, 0xff,
	0xf4, 0x00, 0x01, 0x00, 0x00, 0x00, 0x00, 0x00,
	0x0c, 0x04, 0x00, 0x00, 0xff, 0xff, 0xff, 0xff,
	0x8c, 0x37, 0x00, 0x00, 0xc4, 0x37, 0x00, 0x00,
	0x70, 0x37, 0x00, 0x00, 0xa7, 0x00, 0x01, 0x00,
	0x00, 0x00, 0x00, 0x00, 0xb6, 0x01, 0x00, 0x00,
	0xff, 0xff, 0xff, 0xff, 0xfc, 0x27, 0x00, 0x00,
	0xff, 0xff, 0xff, 0xff, 0xff, 0xff, 0xff, 0xff,
	0xf6, 0x00, 0x01, 0x00, 0x00, 0x00, 0x00, 0x00,
	0x28, 0x02, 0x00, 0x00, 0xff, 0xff, 0xff, 0xff,
	0xe4, 0x00, 0x00, 0x00, 0xff, 0xff, 0xff, 0xff,
	0x84, 0x39, 0x00, 0x00, 0xf5, 0x00, 0x01, 0x00,
	0x00, 0x00, 0x00, 0x00, 0x2a, 0x02, 0x00, 0x00,
	0xff, 0xff, 0xff, 0xff, 0x04, 0x0e, 0x00, 0x00,
	0xff, 0xff, 0xff, 0xff, 0xff, 0xff, 0xff, 0xff,
	0xf8, 0x00, 0x01, 0x00, 0x00, 0x00, 0x00, 0x00,
	0x79, 0x02, 0x00, 0x00, 0xff, 0xff, 0xff, 0xff,
	0x8c, 0x37, 0x00, 0x00, 0x88, 0x38, 0x00, 0x00,
	0xff, 0xff, 0xff, 0xff, 0xf7, 0x00, 0x01, 0x00,
	0x00, 0x00, 0x00, 0x00, 0x90, 0x02, 0x00, 0x00,
	0xff, 0xff, 0xff, 0xff, 0x74, 0x00, 0x00, 0x00,
	0xa8, 0x37, 0x00, 0x00, 0xc0, 0x38, 0x00, 0x00,
	0xf9, 0x00, 0x01, 0x00, 0x00, 0x00, 0x00, 0x00,
	0x80, 0x01, 0x00, 0x00, 0xff, 0xff, 0xff, 0xff,
	0x8c, 0x37, 0x00, 0x00, 0xff, 0xff, 0xff, 0xff,
	0x00, 0x37, 0x00, 0x00, 0xfa, 0x00, 0x01, 0x00,
	0x00, 0x00, 0x00, 0x00, 0x64, 0x02, 0x00, 0x00,
	0xff, 0xff, 0xff, 0xff, 0x00, 0x37, 0x00, 0x00,
	0xe0, 0x37, 0x00, 0x00, 0xff, 0xff, 0xff, 0xff,
	0xfb, 0x00, 0x01, 0x00, 0x00, 0x00, 0x00, 0x00,
	0x33, 0x02, 0x00, 0x00, 0xff, 0xff, 0xff, 0xff,
	0xc4, 0x37, 0x00, 0x00, 0xff, 0xff, 0xff, 0xff,
	0xff, 0xff, 0xff, 0xff, 0xfc, 0x00, 0x01, 0x00,
	0x00, 0x00, 0x00, 0x00, 0x45, 0x00, 0x00, 0x00,
	0xff, 0xff, 0xff, 0xff, 0x04, 0x15, 0x00, 0x00,
	0xff, 0xff, 0xff, 0xff, 0x34, 0x38, 0x00, 0x00,
	0xfd, 0x00, 0x01, 0x00, 0x00, 0x00, 0x00, 0x00,
	0xe1, 0x08, 0x00, 0x00, 0xff, 0xff, 0xff, 0xff,
	0x94, 0x14, 0x00, 0x00, 0xff, 0xff, 0xff, 0xff,
	0x50, 0x38, 0x00, 0x00, 0xfe, 0x00, 0x01, 0x00,
	0x00, 0x00, 0x00, 0x00, 0x46, 0x00, 0x00, 0x00,
	0xff, 0xff, 0xff, 0xff, 0x04, 0x15, 0x00, 0x00,
	0xff, 0xff, 0xff, 0xff, 0xa4, 0x38, 0x00, 0x00,
	0x01, 0x00, 0x02, 0x00, 0x00, 0x00, 0x00, 0x00,
	0xf9, 0x08, 0x00, 0x00, 0xff, 0xff, 0xff, 0xff,
	0x94, 0x14, 0x00, 0x00, 0xff, 0xff, 0xff, 0xff,
	0xa8, 0x4e, 0x00, 0x00, 0x02, 0x00, 0x02, 0x00,
	0x00, 0x00, 0x00, 0x00, 0x5d, 0x04, 0x00, 0x00,
	0xff, 0xff, 0xff, 0xff, 0x70, 0x37, 0x00, 0x00,
	0xff, 0xff, 0xff, 0xff, 0xff, 0xff, 0xff, 0xff,
	0xcf, 0x00, 0x00, 0x00, 0x00, 0x00, 0x00, 0x00,
	0x71, 0x02, 0x00, 0x00, 0xff, 0xff, 0xff, 0xff,
	0x70, 0x37, 0x00, 0x00, 0xff, 0xff, 0xff, 0xff,
	0x6c, 0x38, 0x00, 0x00, 0x04, 0x00, 0x02, 0x00,
	0x00, 0x00, 0x00, 0x00, 0x5a, 0x00, 0x00, 0x00,
	0xff, 0xff, 0xff, 0xff, 0x04, 0x15, 0x00, 0x00,
	0xff, 0xff, 0xff, 0xff, 0xbc, 0x39, 0x00, 0x00,
	0x05, 0x00, 0x02, 0x00, 0x00, 0x00, 0x00, 0x00,
	0x1f, 0x03, 0x00, 0x00, 0xff, 0xff, 0xff, 0xff,
	0x74, 0x00, 0x00, 0x00, 0xdc, 0x38, 0x00, 0x00,
	0x04, 0x3d, 0x00, 0x00, 0x06, 0x00, 0x02, 0x00,
	0x00, 0x00, 0x00, 0x00, 0x2c, 0x02, 0x00, 0x00,
	0xff, 0xff, 0xff, 0xff, 0xc0, 0x38, 0x00, 0x00,
	0xff, 0xff, 0xff, 0xff, 0xf8, 0x38, 0x00, 0x00,
	0x07, 0x00, 0x02, 0x00, 0x00, 0x00, 0x00, 0x00,
	0x45, 0x01, 0x00, 0x00, 0xff, 0xff, 0xff, 0xff,
	0xc0, 0x38, 0x00, 0x00, 0xff, 0xff, 0xff, 0xff,
	0x14, 0x39, 0x00, 0x00, 0x08, 0x00, 0x02, 0x00,
	0x00, 0x00, 0x00, 0x00, 0xec, 0x00, 0x00, 0x00,
	0xff, 0xff, 0xff, 0xff, 0xc0, 0x38, 0x00, 0x00,
	0xff, 0xff, 0xff, 0xff, 0x30, 0x39, 0x00, 0x00,
	0x09, 0x00, 0x02, 0x00, 0x00, 0x00, 0x00, 0x00,
	0x72, 0x01, 0x00, 0x00, 0xff, 0xff, 0xff, 0xff,
	0xc0, 0x38, 0x00, 0x00, 0xff, 0xff, 0xff, 0xff,
	0x4c, 0x39, 0x00, 0x00, 0x0a, 0x00, 0x02, 0x00,
	0x00, 0x00, 0x00, 0x00, 0x8b, 0x01, 0x00, 0x00,
	0xff, 0xff, 0xff, 0xff, 0xc0, 0x38, 0x00, 0x00,
	0xff, 0xff, 0xff, 0xff, 0x68, 0x39, 0x00, 0x00,
	0x0b, 0x00, 0x02, 0x00, 0x00, 0x00, 0x00, 0x00,
	0x99, 0x00, 0x00, 0x00, 0xff, 0xff, 0xff, 0xff,
	0xc0, 0x38, 0x00, 0x00, 0xff, 0xff, 0xff, 0xff,
	0xff, 0xff, 0xff, 0xff, 0x0c, 0x00, 0x02, 0x00,
	0x00, 0x00, 0x00, 0x00, 0xe9, 0x01, 0x00, 0x00,
	0xff, 0xff, 0xff, 0xff, 0xe4, 0x00, 0x00, 0x00,
	0xff, 0xff, 0xff, 0xff, 0x78, 0x4c, 0x00, 0x00,
	0x0d, 0x00, 0x02, 0x00, 0x00, 0x00, 0x00, 0x00,
	0xfc, 0x05, 0x00, 0x00, 0xff, 0xff, 0xff, 0xff,
	0x90, 0x00, 0x00, 0x00, 0x48, 0x4a, 0x00, 0x00,
	0x80, 0x4a, 0x00, 0x00, 0xe0, 0x00, 0x00, 0x00,
	0x00, 0x00, 0x00, 0x00, 0x47, 0x00, 0x00, 0x00,
	0xff, 0xff, 0xff, 0xff, 0x04, 0x15, 0x00, 0x00,
	0xff, 0xff, 0xff, 0xff, 0xd8, 0x39, 0x00, 0x00,
	0x0f, 0x00, 0x02, 0x00, 0x00, 0x00, 0x00, 0x00,
	0x48, 0x00, 0x00, 0x00, 0xff, 0xff, 0xff, 0xff,
	0x04, 0x15, 0x00, 0x00, 0xff, 0xff, 0xff, 0xff,
	0xff, 0xff, 0xff, 0xff, 0x10, 0x00, 0x02, 0x00,
	0x00, 0x00, 0x00, 0x00, 0xd8, 0x03, 0x00, 0x00,
	0xff, 0xff, 0xff, 0xff, 0x90, 0x00, 0x00, 0x00,
	0x10, 0x3a, 0x00, 0x00, 0x2c, 0x3a, 0x00, 0x00,
	0xe2, 0x00, 0x00, 0x00, 0x00, 0x00, 0x00, 0x00,
	0x8b, 0x02, 0x00, 0x00, 0xff, 0xff, 0xff, 0xff,
	0xf4, 0x39, 0x00, 0x00, 0xff, 0xff, 0xff, 0xff,
	0xff, 0xff, 0xff, 0xff, 0xe6, 0x00, 0x00, 0x00,
	0x00, 0x00, 0x00, 0x00, 0xac, 0x01, 0x00, 0x00,
	0xff, 0xff, 0xff, 0xff, 0x90, 0x00, 0x00, 0x00,
	0x48, 0x3a, 0x00, 0x00, 0xf0, 0x3a, 0x00, 0x00,
	0xe2, 0x00, 0x01, 0x00, 0x00, 0x00, 0x00, 0x00,
	0x96, 0x00, 0x00, 0x00, 0xff, 0xff, 0xff, 0xff,
	0x2c, 0x3a, 0x00, 0x00, 0x64, 0x3a, 0x00, 0x00,
	0xff, 0xff, 0xff, 0xff, 0x14, 0x00, 0x02, 0x00,
	0x00, 0x00, 0x00, 0x00, 0xc9, 0x01, 0x00, 0x00,
	0xff, 0xff, 0xff, 0xff, 0x48, 0x3a, 0x00, 0x00,
	0x80, 0x3a, 0x00, 0x00, 0xb8, 0x3a, 0x00, 0x00,
	0x15, 0x00, 0x02, 0x00, 0x00, 0x00, 0x00, 0x00,
	0x0a, 0x02, 0x00, 0x00, 0xff, 0xff, 0xff, 0xff,
	0x64, 0x3a, 0x00, 0x00, 0x9c, 0x3a, 0x00, 0x00,
	0x34, 0x41, 0x00, 0x00, 0x16, 0x00, 0x02, 0x00,
	0x00, 0x00, 0x00, 0x00, 0x1a, 0x04, 0x00, 0x00,
	0xff, 0xff, 0xff, 0xff, 0x80, 0x3a, 0x00, 0x00,
	0xff, 0xff, 0xff, 0xff, 0xff, 0xff, 0xff, 0xff,
	0x17, 0x00, 0x02, 0x00, 0x00, 0x00, 0x00, 0x00,
	0xb2, 0x01, 0x00, 0x00, 0xff, 0xff, 0xff, 0xff,
	0x48, 0x3a, 0x00, 0x00, 0xd4, 0x3a, 0x00, 0x00,
	0xb4, 0x3b, 0x00, 0x00, 0x18, 0x00, 0x02, 0x00,
	0x00, 0x00, 0x00, 0x00, 0x71, 0x02, 0x00, 0x00,
	0xff, 0xff, 0xff, 0xff, 0xb8, 0x3a, 0x00, 0x00,
	0x60, 0x4b, 0x00, 0x00, 0x98, 0x3b, 0x00, 0x00,
	0x19, 0x00, 0x02, 0x00, 0x00, 0x00, 0x00, 0x00,
	0xd9, 0x00, 0x00, 0x00, 0xff, 0xff, 0xff, 0xff,
	0x90, 0x00, 0x00, 0x00, 0x0c, 0x3b, 0x00, 0x00,
	0x28, 0x3b, 0x00, 0x00, 0x1a, 0x00, 0x02, 0x00,
	0x00, 0x00, 0x00, 0x00, 0x52, 0x02, 0x00, 0x00,
	0xff, 0xff, 0xff, 0xff, 0xf0, 0x3a, 0x00, 0x00,
	0xff, 0xff, 0xff, 0xff, 0xa4, 0x41, 0x00, 0x00,
	0x1b, 0x00, 0x02, 0x00, 0x00, 0x00, 0x00, 0x00,
	0x68, 0x03, 0x00, 0x00, 0xff, 0xff, 0xff, 0xff,
	0x90, 0x00, 0x00, 0x00, 0x44, 0x3b, 0x00, 0x00,
	0x94, 0x45, 0x00, 0x00, 0x1c, 0x00, 0x02, 0x00,
	0x00, 0x00, 0x00, 0x00, 0x2d, 0x02, 0x00, 0x00,
	0xff, 0xff, 0xff, 0xff, 0x28, 0x3b, 0x00, 0x00,
	0x60, 0x3b, 0x00, 0x00, 0xe8, 0x3c, 0x00, 0x00,
	0x1d, 0x00, 0x02, 0x00, 0x00, 0x00, 0x00, 0x00,
	0xf9, 0x02, 0x00, 0x00, 0xff, 0xff, 0xff, 0xff,
	0x44, 0x3b, 0x00, 0x00, 0x7c, 0x3b, 0x00, 0x00,
	0xff, 0xff, 0xff, 0xff, 0x1e, 0x00, 0x02, 0x00,
	0x00, 0x00, 0x00, 0x00, 0x88, 0x04, 0x00, 0x00,
	0xff, 0xff, 0xff, 0xff, 0x60, 0x3b, 0x00, 0x00,
	0xff, 0xff, 0xff, 0xff, 0x40, 0x3c, 0x00, 0x00,
	0x1f, 0x00, 0x02, 0x00, 0x00, 0x00, 0x00, 0x00,
	0x07, 0x02, 0x00, 0x00, 0xff, 0xff, 0xff, 0xff,
	0xb8, 0x3a, 0x00, 0x00, 0xff, 0xff, 0xff, 0xff,
	0xff, 0xff, 0xff, 0xff, 0x20, 0x00, 0x02, 0x00,
	0x00, 0x00, 0x00, 0x00, 0x71, 0x01, 0x00, 0x00,
	0xff, 0xff, 0xff, 0xff, 0x48, 0x3a, 0x00, 0x00,
	0xd0, 0x3b, 0x00, 0x00, 0xec, 0x3b, 0x00, 0x00,
	0x21, 0x00, 0x02, 0x00, 0x00, 0x00, 0x00, 0x00,
	0x95, 0x03, 0x00, 0x00, 0xff, 0xff, 0xff, 0xff,
	0xb4, 0x3b, 0x00, 0x00, 0xff, 0xff, 0xff, 0xff,
	0x5c, 0x3c, 0x00, 0x00, 0x22, 0x00, 0x02, 0x00,
	0x00, 0x00, 0x00, 0x00, 0x2d, 0x02, 0x00, 0x00,
	0xff, 0xff, 0xff, 0xff, 0x48, 0x3a, 0x00, 0x00,
	0x08, 0x3c, 0x00, 0x00, 0x34, 0x3f, 0x00, 0x00,
	0x23, 0x00, 0x02, 0x00, 0x00, 0x00, 0x00, 0x00,
	0x2c, 0x02, 0x00, 0x00, 0xff, 0xff, 0xff, 0xff,
	0xec, 0x3b, 0x00, 0x00, 0x24, 0x3c, 0x00, 0x00,
	0xf0, 0x43, 0x00, 0x00, 0x24, 0x00, 0x02, 0x00,
	0x00, 0x00, 0x00, 0x00, 0x5e, 0x02, 0x00, 0x00,
	0xff, 0xff, 0xff, 0xff, 0x08, 0x3c, 0x00, 0x00,
	0xff, 0xff, 0xff, 0xff, 0x28, 0x44, 0x00, 0x00,
	0x25, 0x00, 0x02, 0x00, 0x00, 0x00, 0x00, 0x00,
	0x47, 0x04, 0x00, 0x00, 0xff, 0xff, 0xff, 0xff,
	0x60, 0x3b, 0x00, 0x00, 0xff, 0xff, 0xff, 0xff,
	0x70, 0x40, 0x00, 0x00, 0x26, 0x00, 0x02, 0x00,
	0x00, 0x00, 0x00, 0x00, 0xd5, 0x02, 0x00, 0x00,
	0xff, 0xff, 0xff, 0xff, 0xb4, 0x3b, 0x00, 0x00,
	0xff, 0xff, 0xff, 0xff, 0x78, 0x3c, 0x00, 0x00,
	0x27, 0x00, 0x02, 0x00, 0x00, 0x00, 0x00, 0x00,
	0x47, 0x04, 0x00, 0x00, 0xff, 0xff, 0xff, 0xff,
	0xb4, 0x3b, 0x00, 0x00, 0xff, 0xff, 0xff, 0xff,
	0x94, 0x3c, 0x00, 0x00, 0x03, 0x00, 0x03, 0x00,
	0x00, 0x00, 0x00, 0x00, 0x72, 0x03, 0x00, 0x00,
	0xff, 0xff, 0xff, 0xff, 0xb4, 0x3b, 0x00, 0x00,
	0xff, 0xff, 0xff, 0xff, 0xfc, 0x3e, 0x00, 0x00,
	0x29, 0x00, 0x02, 0x00, 0x00, 0x00, 0x00, 0x00,
	0x6d, 0x02, 0x00, 0x00, 0xff, 0xff, 0xff, 0xff,
	0x64, 0x12, 0x00, 0x00, 0xff, 0xff, 0xff, 0xff,
	0xff, 0xff, 0xff, 0xff, 0x2a, 0x00, 0x02, 0x00,
	0x00, 0x00, 0x00, 0x00, 0x10, 0x03, 0x00, 0x00,
	0xff, 0xff, 0xff, 0xff, 0xc8, 0x00, 0x00, 0x00,
	0xff, 0xff, 0xff, 0xff, 0xc4, 0x4e, 0x00, 0x00,
	0x2b, 0x00, 0x02, 0x00, 0x00, 0x00, 0x00, 0x00,
	0x35, 0x01, 0x00, 0x00, 0xff, 0xff, 0xff, 0xff,
	0x28, 0x3b, 0x00, 0x00, 0xff, 0xff, 0xff, 0xff,
	0x8c, 0x40, 0x00, 0x00, 0x2c, 0x00, 0x02, 0x00,
	0x00, 0x00, 0x00, 0x00, 0x18, 0x01, 0x00, 0x00,
	0xff, 0xff, 0xff, 0xff, 0x74, 0x00, 0x00, 0x00,
	0x20, 0x3d, 0x00, 0x00, 0x70, 0x47, 0x00, 0x00,
	0x2d, 0x00, 0x02, 0x00, 0x00, 0x00, 0x00, 0x00,
	0x26, 0x02, 0x00, 0x00, 0xff, 0xff, 0xff, 0xff,
	0x04, 0x3d, 0x00, 0x00, 0x3c, 0x3d, 0x00, 0x00,
	0xff, 0xff, 0xff, 0xff, 0x2e, 0x00, 0x02, 0x00,
	0x00, 0x00, 0x00, 0x00, 0x96, 0x04, 0x00, 0x00,
	0xff, 0xff, 0xff, 0xff, 0x20, 0x3d, 0x00, 0x00,
	0xff, 0xff, 0xff, 0xff, 0x58, 0x3d, 0x00, 0x00,
	0x2f, 0x00, 0x02, 0x00, 0x00, 0x00, 0x00, 0x00,
	0x57, 0x05, 0x00, 0x00, 0xff, 0xff, 0xff, 0xff,
	0x20, 0x3d, 0x00, 0x00, 0x74, 0x3d, 0x00, 0x00,
	0xac, 0x3d, 0x00, 0x00, 0x30, 0x00, 0x02, 0x00,
	0x00, 0x00, 0x00, 0x00, 0x09, 0x02, 0x00, 0x00,
	0xff, 0xff, 0xff, 0xff, 0x58, 0x3d, 0x00, 0x00,
	0x90, 0x3d, 0x00, 0x00, 0xff, 0xff, 0xff, 0xff,
	0x31, 0x00, 0x02, 0x00, 0x00, 0x00, 0x00, 0x00,
	0xe3, 0x00, 0x00, 0x00, 0xff, 0xff, 0xff, 0xff,
	0x74, 0x3d, 0x00, 0x00, 0xff, 0xff, 0xff, 0xff,
	0xff, 0xff, 0xff, 0xff, 0x32, 0x00, 0x02, 0x00,
	0x00, 0x00, 0x00, 0x00, 0xf2, 0x02, 0x00, 0x00,
	0xff, 0xff, 0xff, 0xff, 0x20, 0x3d, 0x00, 0x00,
	0xc8, 0x3d, 0x00, 0x00, 0x00, 0x3e, 0x00, 0x00,
	0x33, 0x00, 0x02, 0x00, 0x00, 0x00, 0x00, 0x00,
	0x09, 0x02, 0x00, 0x00, 0xff, 0xff, 0xff, 0xff,
	0xac, 0x3d, 0x00, 0x00, 0xe4, 0x3d, 0x00, 0x00,
	0xff, 0xff, 0xff, 0xff, 0x34, 0x00, 0x02, 0x00,
	0x00, 0x00, 0x00, 0x00, 0x73, 0x01, 0x00, 0x00,
	0xff, 0xff, 0xff, 0xff, 0xc8, 0x3d, 0x00, 0x00,
	0xff, 0xff, 0xff, 0xff, 0xff, 0xff, 0xff, 0xff,
	0x35, 0x00, 0x02, 0x00, 0x00, 0x00, 0x00, 0x00,
	0x04, 0x03, 0x00, 0x00, 0xff, 0xff, 0xff, 0xff,
	0x20, 0x3d, 0x00, 0x00, 0x1c, 0x3e, 0x00, 0x00,
	0x54, 0x3e, 0x00, 0x00, 0x36, 0x00, 0x02, 0x00,
	0x00, 0x00, 0x00, 0x00, 0x09, 0x02, 0x00, 0x00,
	0xff, 0xff, 0xff, 0xff, 0x00, 0x3e, 0x00, 0x00,
	0x38, 0x3e, 0x00, 0x00, 0xff, 0xff, 0xff, 0xff,
	0x37, 0x00, 0x02, 0x00, 0x00, 0x00, 0x00, 0x00,
	0x71, 0x01, 0x00, 0x00, 0xff, 0xff, 0xff, 0xff,
	0x1c, 0x3e, 0x00, 0x00, 0xff, 0xff, 0xff, 0xff,
	0xff, 0xff, 0xff, 0xff, 0x38, 0x00, 0x02, 0x00,
	0x00, 0x00, 0x00, 0x00, 0x71, 0x03, 0x00, 0x00,
	0xff, 0xff, 0xff, 0xff, 0x20, 0x3d, 0x00, 0x00,
	0x70, 0x3e, 0x00, 0x00, 0xa8, 0x3e, 0x00, 0x00,
	0x39, 0x00, 0x02, 0x00, 0x00, 0x00, 0x00, 0x00,
	0x09, 0x02, 0x00, 0x00, 0xff, 0xff, 0xff, 0xff,
	0x54, 0x3e, 0x00, 0x00, 0x8c, 0x3e, 0x00, 0x00,
	0xff, 0xff, 0xff, 0xff, 0x3a, 0x00, 0x02, 0x00,
	0x00, 0x00, 0x00, 0x00, 0x73, 0x01, 0x00, 0x00,
	0xff, 0xff, 0xff, 0xff, 0x70, 0x3e, 0x00, 0x00,
	0xff, 0xff, 0xff, 0xff, 0xff, 0xff, 0xff, 0xff,
	0x3b, 0x00, 0x02, 0x00, 0x00, 0x00, 0x00, 0x00,
	0xd8, 0x02, 0x00, 0x00, 0xff, 0xff, 0xff, 0xff,
	0x20, 0x3d, 0x00, 0x00, 0xc4, 0x3e, 0x00, 0x00,
	0xff, 0xff, 0xff, 0xff, 0x3c, 0x00, 0x02, 0x00,
	0x00, 0x00, 0x00, 0x00, 0x09, 0x02, 0x00, 0x00,
	0xff, 0xff, 0xff, 0xff, 0xa8, 0x3e, 0x00, 0x00,
	0xe0, 0x3e, 0x00, 0x00, 0xff, 0xff, 0xff, 0xff,
	0x3d, 0x00, 0x02, 0x00, 0x00, 0x00, 0x00, 0x00,
	0x45, 0x01, 0x00, 0x00, 0xff, 0xff, 0xff, 0xff,
	0xc4, 0x3e, 0x00, 0x00, 0xff, 0xff, 0xff, 0xff,
	0xff, 0xff, 0xff, 0xff, 0x3e, 0x00, 0x02, 0x00,
	0x00, 0x00, 0x00, 0x00, 0xa6, 0x03, 0x00, 0x00,
	0xff, 0xff, 0xff, 0xff, 0xb4, 0x3b, 0x00, 0x00,
	0xff, 0xff, 0xff, 0xff, 0x18, 0x3f, 0x00, 0x00,
	0x3f, 0x00, 0x02, 0x00, 0x00, 0x00, 0x00, 0x00,
	0xdc, 0x02, 0x00, 0x00, 0xff, 0xff, 0xff, 0xff,
	0xb4, 0x3b, 0x00, 0x00, 0xff, 0xff, 0xff, 0xff,
	0x5c, 0x4c, 0x00, 0x00, 0x40, 0x00, 0x02, 0x00,
	0x00, 0x00, 0x00, 0x00, 0x3c, 0x01, 0x00, 0x00,
	0xff, 0xff, 0xff, 0xff, 0x48, 0x3a, 0x00, 0x00,
	0x50, 0x3f, 0x00, 0x00, 0x38, 0x40, 0x00, 0x00,
	0x41, 0x00, 0x02, 0x00, 0x00, 0x00, 0x00, 0x00,
	0x29, 0x01, 0x00, 0x00, 0xff, 0xff, 0xff, 0xff,
	0x34, 0x3f, 0x00, 0x00, 0x6c, 0x3f, 0x00, 0x00,
	0x88, 0x3f, 0x00, 0x00, 0x42, 0x00, 0x02, 0x00,
	0x00, 0x00, 0x00, 0x00, 0x73, 0x01, 0x00, 0x00,
	0xff, 0xff, 0xff, 0xff, 0x50, 0x3f, 0x00, 0x00,
	0xff, 0xff, 0xff, 0xff, 0xff, 0xff, 0xff, 0xff,
	0x43, 0x00, 0x02, 0x00, 0x00, 0x00, 0x00, 0x00,
	0x2c, 0x02, 0x00, 0x00, 0xff, 0xff, 0xff, 0xff,
	0x34, 0x3f, 0x00, 0x00, 0xa8, 0x40, 0x00, 0x00,
	0xa4, 0x3f, 0x00, 0x00, 0x44, 0x00, 0x02, 0x00,
	0x00, 0x00, 0x00, 0x00, 0x70, 0x04, 0x00, 0x00,
	0xff, 0xff, 0xff, 0xff, 0x34, 0x3f, 0x00, 0x00,
	0xc0, 0x3f, 0x00, 0x00, 0xc4, 0x40, 0x00, 0x00,
	0x45, 0x00, 0x02, 0x00, 0x00, 0x00, 0x00, 0x00,
	0xdb, 0x01, 0x00, 0x00, 0xff, 0xff, 0xff, 0xff,
	0xa4, 0x3f, 0x00, 0x00, 0xdc, 0x3f, 0x00, 0x00,
	0xff, 0xff, 0xff, 0xff, 0x46, 0x00, 0x02, 0x00,
	0x00, 0x00, 0x00, 0x00, 0x97, 0x01, 0x00, 0x00,
	0xff, 0xff, 0xff, 0xff, 0xc0, 0x3f, 0x00, 0x00,
	0xff, 0xff, 0xff, 0xff, 0x00, 0x40, 0x00, 0x00,
	0x47, 0x00, 0x02, 0x00, 0x00, 0x00, 0x00, 0x00,
	0x00, 0x00, 0x00, 0x00, 0x00, 0x00, 0x00, 0x00,
	0x73, 0x01, 0x00, 0x00, 0xff, 0xff, 0xff, 0xff,
	0xc0, 0x3f, 0x00, 0x00, 0xff, 0xff, 0xff, 0xff,
	0x1c, 0x40, 0x00, 0x00, 0x48, 0x00, 0x02, 0x00,
	0x00, 0x00, 0x00, 0x00, 0x2d, 0x02, 0x00, 0x00,
	0xff, 0xff, 0xff, 0xff, 0xc0, 0x3f, 0x00, 0x00,
	0xff, 0xff, 0xff, 0xff, 0xff, 0xff, 0xff, 0xff,
	0x49, 0x00, 0x02, 0x00, 0x00, 0x00, 0x00, 0x00,
	0x72, 0x01, 0x00, 0x00, 0xff, 0xff, 0xff, 0xff,
	0x48, 0x3a, 0x00, 0x00, 0x54, 0x40, 0x00, 0x00,
	0xe0, 0x40, 0x00, 0x00, 0x4a, 0x00, 0x02, 0x00,
	0x00, 0x00, 0x00, 0x00, 0x48, 0x04, 0x00, 0x00,
	0xff, 0xff, 0xff, 0xff, 0x38, 0x40, 0x00, 0x00,
	0xff, 0xff, 0xff, 0xff, 0xff, 0xff, 0xff, 0xff,
	0x4b, 0x00, 0x02, 0x00, 0x00, 0x00, 0x00, 0x00,
	0x12, 0x04, 0x00, 0x00, 0xff, 0xff, 0xff, 0xff,
	0x60, 0x3b, 0x00, 0x00, 0xff, 0xff, 0xff, 0xff,
	0x18, 0x41, 0x00, 0x00, 0x4c, 0x00, 0x02, 0x00,
	0x00, 0x00, 0x00, 0x00, 0x63, 0x03, 0x00, 0x00,
	0xff, 0xff, 0xff, 0xff, 0x28, 0x3b, 0x00, 0x00,
	0xff, 0xff, 0xff, 0xff, 0xff, 0xff, 0xff, 0xff,
	0x4d, 0x00, 0x02, 0x00, 0x00, 0x00, 0x00, 0x00,
	0xf4, 0x03, 0x00, 0x00, 0xff, 0xff, 0xff, 0xff,
	0x88, 0x3f, 0x00, 0x00, 0xff, 0xff, 0xff, 0xff,
	0xff, 0xff, 0xff, 0xff, 0x4e, 0x00, 0x02, 0x00,
	0x00, 0x00, 0x00, 0x00, 0x12, 0x03, 0x00, 0x00,
	0xff, 0xff, 0xff, 0xff, 0x34, 0x3f, 0x00, 0x00,
	0xff, 0xff, 0xff, 0xff, 0xe8, 0x45, 0x00, 0x00,
	0x4f, 0x00, 0x02, 0x00, 0x00, 0x00, 0x00, 0x00,
	0x96, 0x01, 0x00, 0x00, 0xff, 0xff, 0xff, 0xff,
	0x48, 0x3a, 0x00, 0x00, 0xfc, 0x40, 0x00, 0x00,
	0x28, 0x4b, 0x00, 0x00, 0x50, 0x00, 0x02, 0x00,
	0x00, 0x00, 0x00, 0x00, 0xfa, 0x04, 0x00, 0x00,
	0xff, 0xff, 0xff, 0xff, 0xe0, 0x40, 0x00, 0x00,
	0xff, 0xff, 0xff, 0xff, 0xff, 0xff, 0xff, 0xff,
	0x51, 0x00, 0x02, 0x00, 0x00, 0x00, 0x00, 0x00,
	0x8a, 0x04, 0x00, 0x00, 0xff, 0xff, 0xff, 0xff,
	0x60, 0x3b, 0x00, 0x00, 0xff, 0xff, 0xff, 0xff,
	0x88, 0x41, 0x00, 0x00, 0x52, 0x00, 0x02, 0x00,
	0x00, 0x00, 0x00, 0x00, 0x69, 0x02, 0x00, 0x00,
	0xff, 0xff, 0xff, 0xff, 0x64, 0x3a, 0x00, 0x00,
	0x50, 0x41, 0x00, 0x00, 0x5c, 0x45, 0x00, 0x00,
	0x64, 0x00, 0x00, 0x00, 0x00, 0x00, 0x00, 0x00,
	0x7c, 0x01, 0x00, 0x00, 0xff, 0xff, 0xff, 0xff,
	0x34, 0x41, 0x00, 0x00, 0xff, 0xff, 0xff, 0xff,
	0x78, 0x45, 0x00, 0x00, 0x54, 0x00, 0x02, 0x00,
	0x00, 0x00, 0x00, 0x00, 0x73, 0x02, 0x00, 0x00,
	0xff, 0xff, 0xff, 0xff, 0x64, 0x3a, 0x00, 0x00,
	0x04, 0x46, 0x00, 0x00, 0xac, 0x46, 0x00, 0x00,
	0x55, 0x00, 0x02, 0x00, 0x00, 0x00, 0x00, 0x00,
	0xed, 0x05, 0x00, 0x00, 0xff, 0xff, 0xff, 0xff,
	0x60, 0x3b, 0x00, 0x00, 0xff, 0xff, 0xff, 0xff,
	0x4c, 0x42, 0x00, 0x00, 0x56, 0x00, 0x02, 0x00,
	0x00, 0x00, 0x00, 0x00, 0x71, 0x01, 0x00, 0x00,
	0xff, 0xff, 0xff, 0xff, 0xf0, 0x3a, 0x00, 0x00,
	0xff, 0xff, 0xff, 0xff, 0x38, 0x4e, 0x00, 0x00,
	0x57, 0x00, 0x02, 0x00, 0x00, 0x00, 0x00, 0x00,
	0x1c, 0x02, 0x00, 0x00, 0xff, 0xff, 0xff, 0xff,
	0x6c, 0x02, 0x00, 0x00, 0xdc, 0x41, 0x00, 0x00,
	0xff, 0xff, 0xff, 0xff, 0x58, 0x00, 0x02, 0x00,
	0x00, 0x00, 0x00, 0x00, 0x9f, 0x04, 0x00, 0x00,
	0xff, 0xff, 0xff, 0xff, 0xc0, 0x41, 0x00, 0x00,
	0xf8, 0x41, 0x00, 0x00, 0xff, 0xff, 0xff, 0xff,
	0x59, 0x00, 0x02, 0x00, 0x00, 0x00, 0x00, 0x00,
	0x51, 0x02, 0x00, 0x00, 0xff, 0xff, 0xff, 0xff,
	0xdc, 0x41, 0x00, 0x00, 0xff, 0xff, 0xff, 0xff,
	0x14, 0x42, 0x00, 0x00, 0x5a, 0x00, 0x02, 0x00,
	0x00, 0x00, 0x00, 0x00, 0x33, 0x02, 0x00, 0x00,
	0xff, 0xff, 0xff, 0xff, 0xdc, 0x41, 0x00, 0x00,
	0xff, 0xff, 0xff, 0xff, 0xff, 0xff, 0xff, 0xff,
	0x5b, 0x00, 0x02, 0x00, 0x00, 0x00, 0x00, 0x00,
	0x9f, 0x04, 0x00, 0x00, 0xff, 0xff, 0xff, 0xff,
	0x90, 0x07, 0x00, 0x00, 0xff, 0xff, 0xff, 0xff,
	0xff, 0xff, 0xff, 0xff, 0x5c, 0x00, 0x02, 0x00,
	0x00, 0x00, 0x00, 0x00, 0xba, 0x03, 0x00, 0x00,
	0xff, 0xff, 0xff, 0xff, 0x60, 0x3b, 0x00, 0x00,
	0xff, 0xff, 0xff, 0xff, 0x68, 0x42, 0x00, 0x00,
	0x5d, 0x00, 0x02, 0x00, 0x00, 0x00, 0x00, 0x00,
	0x5f, 0x02, 0x00, 0x00, 0xff, 0xff, 0xff, 0xff,
	0x60, 0x3b, 0x00, 0x00, 0xff, 0xff, 0xff, 0xff,
	0x84, 0x42, 0x00, 0x00, 0x5e, 0x00, 0x02, 0x00,
	0x00, 0x00, 0x00, 0x00, 0xdf, 0x00, 0x00, 0x00,
	0xff, 0xff, 0xff, 0xff, 0x60, 0x3b, 0x00, 0x00,
	0xff, 0xff, 0xff, 0xff, 0xa0, 0x42, 0x00, 0x00,
	0x5f, 0x00, 0x02, 0x00, 0x00, 0x00, 0x00, 0x00,
	0xb6, 0x02, 0x00, 0x00, 0xff, 0xff, 0xff, 0xff,
	0x60, 0x3b, 0x00, 0x00, 0xff, 0xff, 0xff, 0xff,
	0xbc, 0x42, 0x00, 0x00, 0x60, 0x00, 0x02, 0x00,
	0x00, 0x00, 0x00, 0x00, 0x52, 0x04, 0x00, 0x00,
	0xff, 0xff, 0xff, 0xff, 0x60, 0x3b, 0x00, 0x00,
	0xff, 0xff, 0xff, 0xff, 0xd8, 0x42, 0x00, 0x00,
	0x61, 0x00, 0x02, 0x00, 0x00, 0x00, 0x00, 0x00,
	0x98, 0x04, 0x00, 0x00, 0xff, 0xff, 0xff, 0xff,
	0x60, 0x3b, 0x00, 0x00, 0xff, 0xff, 0xff, 0xff,
	0xf4, 0x42, 0x00, 0x00, 0x62, 0x00, 0x02, 0x00,
	0x00, 0x00, 0x00, 0x00, 0x96, 0x05, 0x00, 0x00,
	0xff, 0xff, 0xff, 0xff, 0x60, 0x3b, 0x00, 0x00,
	0xff, 0xff, 0xff, 0xff, 0x10, 0x43, 0x00, 0x00,
	0x63, 0x00, 0x02, 0x00, 0x00, 0x00, 0x00, 0x00,
	0x10, 0x04, 0x00, 0x00, 0xff, 0xff, 0xff, 0xff,
	0x60, 0x3b, 0x00, 0x00, 0xff, 0xff, 0xff, 0xff,
	0x2c, 0x43, 0x00, 0x00, 0x64, 0x00, 0x02, 0x00,
	0x00, 0x00, 0x00, 0x00, 0x7c, 0x03, 0x00, 0x00,
	0xff, 0xff, 0xff, 0xff, 0x60, 0x3b, 0x00, 0x00,
	0xff, 0xff, 0xff, 0xff, 0x48, 0x43, 0x00, 0x00,
	0x65, 0x00, 0x02, 0x00, 0x00, 0x00, 0x00, 0x00,
	0xc2, 0x03, 0x00, 0x00, 0xff, 0xff, 0xff, 0xff,
	0x60, 0x3b, 0x00, 0x00, 0xff, 0xff, 0xff, 0xff,
	0x64, 0x43, 0x00, 0x00, 0x66, 0x00, 0x02, 0x00,
	0x00, 0x00, 0x00, 0x00, 0x9b, 0x03, 0x00, 0x00,
	0xff, 0xff, 0xff, 0xff, 0x60, 0x3b, 0x00, 0x00,
	0xff, 0xff, 0xff, 0xff, 0x80, 0x43, 0x00, 0x00,
	0x67, 0x00, 0x02, 0x00, 0x00, 0x00, 0x00, 0x00,
	0xd0, 0x01, 0x00, 0x00, 0xff, 0xff, 0xff, 0xff,
	0x60, 0x3b, 0x00, 0x00, 0xff, 0xff, 0xff, 0xff,
	0x9c, 0x43, 0x00, 0x00, 0x68, 0x00, 0x02, 0x00,
	0x00, 0x00, 0x00, 0x00, 0x09, 0x02, 0x00, 0x00,
	0xff, 0xff, 0xff, 0xff, 0x60, 0x3b, 0x00, 0x00,
	0xff, 0xff, 0xff, 0xff, 0xb8, 0x43, 0x00, 0x00,
	0x69, 0x00, 0x02, 0x00, 0x00, 0x00, 0x00, 0x00,
	0x36, 0x01, 0x00, 0x00, 0xff, 0xff, 0xff, 0xff,
	0x60, 0x3b, 0x00, 0x00, 0xff, 0xff, 0xff, 0xff,
	0xd4, 0x43, 0x00, 0x00, 0x6a, 0x00, 0x02, 0x00,
	0x00, 0x00, 0x00, 0x00, 0x33, 0x01, 0x00, 0x00,
	0xff, 0xff, 0xff, 0xff, 0x60, 0x3b, 0x00, 0x00,
	0xff, 0xff, 0xff, 0xff, 0xff, 0xff, 0xff, 0xff,
	0x6b, 0x00, 0x02, 0x00, 0x00, 0x00, 0x00, 0x00,
	0x13, 0x02, 0x00, 0x00, 0xff, 0xff, 0xff, 0xff,
	0xec, 0x3b, 0x00, 0x00, 0xff, 0xff, 0xff, 0xff,
	0x0c, 0x44, 0x00, 0x00, 0x6c, 0x00, 0x02, 0x00,
	0x00, 0x00, 0x00, 0x00, 0xb3, 0x02, 0x00, 0x00,
	0xff, 0xff, 0xff, 0xff, 0xec, 0x3b, 0x00, 0x00,
	0xff, 0xff, 0xff, 0xff, 0x44, 0x44, 0x00, 0x00,
	0x6d, 0x00, 0x02, 0x00, 0x00, 0x00, 0x00, 0x00,
	0xfe, 0x01, 0x00, 0x00, 0xff, 0xff, 0xff, 0xff,
	0x08, 0x3c, 0x00, 0x00, 0xff, 0xff, 0xff, 0xff,
	0x7c, 0x44, 0x00, 0x00, 0x6e, 0x00, 0x02, 0x00,
	0x00, 0x00, 0x00, 0x00, 0x0c, 0x02, 0x00, 0x00,
	0xff, 0xff, 0xff, 0xff, 0xec, 0x3b, 0x00, 0x00,
	0xff, 0xff, 0xff, 0xff, 0x60, 0x44, 0x00, 0x00,
	0x6f, 0x00, 0x02, 0x00, 0x00, 0x00, 0x00, 0x00,
	0x1b, 0x02, 0x00, 0x00, 0xff, 0xff, 0xff, 0xff,
	0xec, 0x3b, 0x00, 0x00, 0xff, 0xff, 0xff, 0xff,
	0x40, 0x45, 0x00, 0x00, 0x70, 0x00, 0x02, 0x00,
	0x00, 0x00, 0x00, 0x00, 0x8b, 0x02, 0x00, 0x00,
	0xff, 0xff, 0xff, 0xff, 0x08, 0x3c, 0x00, 0x00,
	0xff, 0xff, 0xff, 0xff, 0x98, 0x44, 0x00, 0x00,
	0x71, 0x00, 0x02, 0x00, 0x00, 0x00, 0x00, 0x00,
	0x3a, 0x02, 0x00, 0x00, 0xff, 0xff, 0xff, 0xff,
	0x08, 0x3c, 0x00, 0x00, 0xff, 0xff, 0xff, 0xff,
	0xb4, 0x44, 0x00, 0x00, 0x72, 0x00, 0x02, 0x00,
	0x00, 0x00, 0x00, 0x00, 0xa9, 0x02, 0x00, 0x00,
	0xff, 0xff, 0xff, 0xff, 0x08, 0x3c, 0x00, 0x00,
	0xff, 0xff, 0xff, 0xff, 0xd0, 0x44, 0x00, 0x00,
	0x73, 0x00, 0x02, 0x00, 0x00, 0x00, 0x00, 0x00,
	0x86, 0x01, 0x00, 0x00, 0xff, 0xff, 0xff, 0xff,
	0x08, 0x3c, 0x00, 0x00, 0xff, 0xff, 0xff, 0xff,
	0xec, 0x44, 0x00, 0x00, 0x74, 0x00, 0x02, 0x00,
	0x00, 0x00, 0x00, 0x00, 0x36, 0x01, 0x00, 0x00,
	0xff, 0xff, 0xff, 0xff, 0x08, 0x3c, 0x00, 0x00,
	0xff, 0xff, 0xff, 0xff, 0x08, 0x45, 0x00, 0x00,
	0x75, 0x00, 0x02, 0x00, 0x00, 0x00, 0x00, 0x00,
	0x1b, 0x02, 0x00, 0x00, 0xff, 0xff, 0xff, 0xff,
	0x08, 0x3c, 0x00, 0x00, 0xff, 0xff, 0xff, 0xff,
	0x24, 0x45, 0x00, 0x00, 0x76, 0x00, 0x02, 0x00,
	0x00, 0x00, 0x00, 0x00, 0xcd, 0x03, 0x00, 0x00,
	0xff, 0xff, 0xff, 0xff, 0x08, 0x3c, 0x00, 0x00,
	0xff, 0xff, 0xff, 0xff, 0xff, 0xff, 0xff, 0xff,
	0x77, 0x00, 0x02, 0x00, 0x00, 0x00, 0x00, 0x00,
	0x24, 0x02, 0x00, 0x00, 0xff, 0xff, 0xff, 0xff,
	0xec, 0x3b, 0x00, 0x00, 0xff, 0xff, 0xff, 0xff,
	0xff, 0xff, 0xff, 0xff, 0x78, 0x00, 0x02, 0x00,
	0x00, 0x00, 0x00, 0x00, 0xba, 0x02, 0x00, 0x00,
	0xff, 0xff, 0xff, 0xff, 0x64, 0x3a, 0x00, 0x00,
	0xff, 0xff, 0xff, 0xff, 0xb0, 0x45, 0x00, 0x00,
	0x79, 0x00, 0x02, 0x00, 0x00, 0x00, 0x00, 0x00,
	0x92, 0x02, 0x00, 0x00, 0xff, 0xff, 0xff, 0xff,
	0x34, 0x41, 0x00, 0x00, 0xff, 0xff, 0xff, 0xff,
	0xff, 0xff, 0xff, 0xff, 0x7a, 0x00, 0x02, 0x00,
	0x00, 0x00, 0x00, 0x00, 0xc1, 0x01, 0x00, 0x00,
	0xff, 0xff, 0xff, 0xff, 0x90, 0x00, 0x00, 0x00,
	0xff, 0xff, 0xff, 0xff, 0xa0, 0x39, 0x00, 0x00,
	0x7b, 0x00, 0x02, 0x00, 0x00, 0x00, 0x00, 0x00,
	0x4b, 0x03, 0x00, 0x00, 0xff, 0xff, 0xff, 0xff,
	0x64, 0x3a, 0x00, 0x00, 0xff, 0xff, 0xff, 0xff,
	0xcc, 0x45, 0x00, 0x00, 0x7c, 0x00, 0x02, 0x00,
	0x00, 0x00, 0x00, 0x00, 0x6b, 0x02, 0x00, 0x00,
	0xff, 0xff, 0xff, 0xff, 0x64, 0x3a, 0x00, 0x00,
	0xff, 0xff, 0xff, 0xff, 0x6c, 0x41, 0x00, 0x00,
	0x7d, 0x00, 0x02, 0x00, 0x00, 0x00, 0x00, 0x00,
	0x1a, 0x01, 0x00, 0x00, 0xff, 0xff, 0xff, 0xff,
	0x34, 0x3f, 0x00, 0x00, 0xff, 0xff, 0xff, 0xff,
	0xc8, 0x46, 0x00, 0x00, 0x00, 0x00, 0x03, 0x00,
	0x00, 0x00, 0x00, 0x00, 0x12, 0x04, 0x00, 0x00,
	0xff, 0xff, 0xff, 0xff, 0x6c, 0x41, 0x00, 0x00,
	0x20, 0x46, 0x00, 0x00, 0xff, 0xff, 0xff, 0xff,
	0x7f, 0x00, 0x02, 0x00, 0x00, 0x00, 0x00, 0x00,
	0x71, 0x02, 0x00, 0x00, 0xff, 0xff, 0xff, 0xff,
	0x04, 0x46, 0x00, 0x00, 0x3c, 0x46, 0x00, 0x00,
	0xff, 0xff, 0xff, 0xff, 0x80, 0x00, 0x02, 0x00,
	0x00, 0x00, 0x00, 0x00, 0xfb, 0x02, 0x00, 0x00,
	0xff, 0xff, 0xff, 0xff, 0x20, 0x46, 0x00, 0x00,
	0x58, 0x46, 0x00, 0x00, 0x00, 0x47, 0x00, 0x00,
	0x81, 0x00, 0x02, 0x00, 0x00, 0x00, 0x00, 0x00,
	0x3b, 0x01, 0x00, 0x00, 0xff, 0xff, 0xff, 0xff,
	0x3c, 0x46, 0x00, 0x00, 0xff, 0xff, 0xff, 0xff,
	0x74, 0x46, 0x00, 0x00, 0x82, 0x00, 0x02, 0x00,
	0x00, 0x00, 0x00, 0x00, 0x61, 0x03, 0x00, 0x00,
	0xff, 0xff, 0xff, 0xff, 0x3c, 0x46, 0x00, 0x00,
	0xff, 0xff, 0xff, 0xff, 0x90, 0x46, 0x00, 0x00,
	0x83, 0x00, 0x02, 0x00, 0x00, 0x00, 0x00, 0x00,
	0x75, 0x03, 0x00, 0x00, 0xff, 0xff, 0xff, 0xff,
	0x3c, 0x46, 0x00, 0x00, 0xff, 0xff, 0xff, 0xff,
	0xff, 0xff, 0xff, 0xff, 0x05, 0x00, 0x03, 0x00,
	0x00, 0x00, 0x00, 0x00, 0x66, 0x02, 0x00, 0x00,
	0xff, 0xff, 0xff, 0xff, 0x64, 0x3a, 0x00, 0x00,
	0xff, 0xff, 0xff, 0xff, 0x1c, 0x4e, 0x00, 0x00,
	0x85, 0x00, 0x02, 0x00, 0x00, 0x00, 0x00, 0x00,
	0x54, 0x04, 0x00, 0x00, 0xff, 0xff, 0xff, 0xff,
	0x34, 0x3f, 0x00, 0x00, 0xff, 0xff, 0xff, 0xff,
	0xe4, 0x46, 0x00, 0x00, 0x86, 0x00, 0x02, 0x00,
	0x00, 0x00, 0x00, 0x00, 0x54, 0x03, 0x00, 0x00,
	0xff, 0xff, 0xff, 0xff, 0x34, 0x3f, 0x00, 0x00,
	0xff, 0xff, 0xff, 0xff, 0x44, 0x4b, 0x00, 0x00,
	0x87, 0x00, 0x02, 0x00, 0x00, 0x00, 0x00, 0x00,
	0x75, 0x01, 0x00, 0x00, 0xff, 0xff, 0xff, 0xff,
	0x20, 0x46, 0x00, 0x00, 0x1c, 0x47, 0x00, 0x00,
	0xff, 0xff, 0xff, 0xff, 0x88, 0x00, 0x02, 0x00,
	0x00, 0x00, 0x00, 0x00, 0x3b, 0x01, 0x00, 0x00,
	0xff, 0xff, 0xff, 0xff, 0x00, 0x47, 0x00, 0x00,
	0xff, 0xff, 0xff, 0xff, 0x38, 0x47, 0x00, 0x00,
	0x89, 0x00, 0x02, 0x00, 0x00, 0x00, 0x00, 0x00,
	0x61, 0x03, 0x00, 0x00, 0xff, 0xff, 0xff, 0xff,
	0x00, 0x47, 0x00, 0x00, 0xff, 0xff, 0xff, 0xff,
	0x54, 0x47, 0x00, 0x00, 0x8a, 0x00, 0x02, 0x00,
	0x00, 0x00, 0x00, 0x00, 0x75, 0x03, 0x00, 0x00,
	0xff, 0xff, 0xff, 0xff, 0x00, 0x47, 0x00, 0x00,
	0xff, 0xff, 0xff, 0xff, 0xff, 0xff, 0xff, 0xff,
	0x8b, 0x00, 0x02, 0x00, 0x00, 0x00, 0x00, 0x00,
	0x5b, 0x01, 0x00, 0x00, 0xff, 0xff, 0xff, 0xff,
	0x74, 0x00, 0x00, 0x00, 0x8c, 0x47, 0x00, 0x00,
	0x34, 0x48, 0x00, 0x00, 0x8c, 0x00, 0x02, 0x00,
	0x00, 0x00, 0x00, 0x00, 0xfc, 0x01, 0x00, 0x00,
	0xff, 0xff, 0xff, 0xff, 0x70, 0x47, 0x00, 0x00,
	0xa8, 0x47, 0x00, 0x00, 0xff, 0xff, 0xff, 0xff,
	0x8d, 0x00, 0x02, 0x00, 0x00, 0x00, 0x00, 0x00,
	0x0c, 0x02, 0x00, 0x00, 0xff, 0xff, 0xff, 0xff,
	0x8c, 0x47, 0x00, 0x00, 0xc4, 0x47, 0x00, 0x00,
	0xdc, 0x48, 0x00, 0x00, 0x8e, 0x00, 0x02, 0x00,
	0x00, 0x00, 0x00, 0x00, 0x91, 0x00, 0x00, 0x00,
	0xff, 0xff, 0xff, 0xff, 0xa8, 0x47, 0x00, 0x00,
	0xe0, 0x47, 0x00, 0x00, 0xff, 0xff, 0xff, 0xff,
	0x8f, 0x00, 0x02, 0x00, 0x00, 0x00, 0x00, 0x00,
	0xfe, 0x01, 0x00, 0x00, 0xff, 0xff, 0xff, 0xff,
	0xc4, 0x47, 0x00, 0x00, 0xfc, 0x47, 0x00, 0x00,
	0x84, 0x49, 0x00, 0x00, 0x90, 0x00, 0x02, 0x00,
	0x00, 0x00, 0x00, 0x00, 0x34, 0x03, 0x00, 0x00,
	0xff, 0xff, 0xff, 0xff, 0xe0, 0x47, 0x00, 0x00,
	0xff, 0xff, 0xff, 0xff, 0x18, 0x48, 0x00, 0x00,
	0x91, 0x00, 0x02, 0x00, 0x00, 0x00, 0x00, 0x00,
	0xcc, 0x01, 0x00, 0x00, 0xff, 0xff, 0xff, 0xff,
	0xe0, 0x47, 0x00, 0x00, 0xff, 0xff, 0xff, 0xff,
	0xa0, 0x49, 0x00, 0x00, 0x92, 0x00, 0x02, 0x00,
	0x00, 0x00, 0x00, 0x00, 0x13, 0x03, 0x00, 0x00,
	0xff, 0xff, 0xff, 0xff, 0x74, 0x00, 0x00, 0x00,
	0x50, 0x48, 0x00, 0x00, 0xb4, 0x4b, 0x00, 0x00,
	0xa7, 0x00, 0x00, 0x00, 0x00, 0x00, 0x00, 0x00,
	0x41, 0x03, 0x00, 0x00, 0xff, 0xff, 0xff, 0xff,
	0x34, 0x48, 0x00, 0x00, 0x6c, 0x48, 0x00, 0x00,
	0xff, 0xff, 0xff, 0xff, 0x93, 0x00, 0x02, 0x00,
	0x00, 0x00, 0x00, 0x00, 0x96, 0x00, 0x00, 0x00,
	0xff, 0xff, 0xff, 0xff, 0x50, 0x48, 0x00, 0x00,
	0x88, 0x48, 0x00, 0x00, 0xa4, 0x48, 0x00, 0x00,
	0x95, 0x00, 0x02, 0x00, 0x00, 0x00, 0x00, 0x00,
	0xd2, 0x00, 0x00, 0x00, 0xff, 0xff, 0xff, 0xff,
	0x6c, 0x48, 0x00, 0x00, 0xff, 0xff, 0xff, 0xff,
	0xff, 0xff, 0xff, 0xff, 0x96, 0x00, 0x02, 0x00,
	0x00, 0x00, 0x00, 0x00, 0x8f, 0x00, 0x00, 0x00,
	0xff, 0xff, 0xff, 0xff, 0x50, 0x48, 0x00, 0x00,
	0xc0, 0x48, 0x00, 0x00, 0xf4, 0x49, 0x00, 0x00,
	0xef, 0x00, 0x00, 0x00, 0x00, 0x00, 0x00, 0x00,
	0x0b, 0x02, 0x00, 0x00, 0xff, 0xff, 0xff, 0xff,
	0xa4, 0x48, 0x00, 0x00, 0xff, 0xff, 0xff, 0xff,
	0xff, 0xff, 0xff, 0xff, 0x98, 0x00, 0x02, 0x00,
	0x00, 0x00, 0x00, 0x00, 0x59, 0x02, 0x00, 0x00,
	0xff, 0xff, 0xff, 0xff, 0x8c, 0x47, 0x00, 0x00,
	0xf8, 0x48, 0x00, 0x00, 0x30, 0x49, 0x00, 0x00,
	0x99, 0x00, 0x02, 0x00, 0x00, 0x00, 0x00, 0x00,
	0x8f, 0x00, 0x00, 0x00, 0xff, 0xff, 0xff, 0xff,
	0xdc, 0x48, 0x00, 0x00, 0x14, 0x49, 0x00, 0x00,
	0xff, 0xff, 0xff, 0xff, 0x9a, 0x00, 0x02, 0x00,
	0x00, 0x00, 0x00, 0x00, 0xfe, 0x01, 0x00, 0x00,
	0xff, 0xff, 0xff, 0xff, 0xf8, 0x48, 0x00, 0x00,
	0xff, 0xff, 0xff, 0xff, 0xff, 0xff, 0xff, 0xff,
	0x9b, 0x00, 0x02, 0x00, 0x00, 0x00, 0x00, 0x00,
	0x0c, 0x02, 0x00, 0x00, 0xff, 0xff, 0xff, 0xff,
	0x8c, 0x47, 0x00, 0x00, 0x4c, 0x49, 0x00, 0x00,
	0xff, 0xff, 0xff, 0xff, 0x9c, 0x00, 0x02, 0x00,
	0x00, 0x00, 0x00, 0x00, 0x8f, 0x00, 0x00, 0x00,
	0xff, 0xff, 0xff, 0xff, 0x30, 0x49, 0x00, 0x00,
	0x68, 0x49, 0x00, 0x00, 0xff, 0xff, 0xff, 0xff,
	0x9d, 0x00, 0x02, 0x00, 0x00, 0x00, 0x00, 0x00,
	0xfe, 0x01, 0x00, 0x00, 0xff, 0xff, 0xff, 0xff,
	0x4c, 0x49, 0x00, 0x00, 0xff, 0xff, 0xff, 0xff,
	0xff, 0xff, 0xff, 0xff, 0x9e, 0x00, 0x02, 0x00,
	0x00, 0x00, 0x00, 0x00, 0x25, 0x02, 0x00, 0x00,
	0xff, 0xff, 0xff, 0xff, 0xc4, 0x47, 0x00, 0x00,
	0xff, 0xff, 0xff, 0xff, 0xff, 0xff, 0xff, 0xff,
	0x9f, 0x00, 0x02, 0x00, 0x00, 0x00, 0x00, 0x00,
	0x5a, 0x02, 0x00, 0x00, 0xff, 0xff, 0xff, 0xff,
	0xe0, 0x47, 0x00, 0x00, 0xff, 0xff, 0xff, 0xff,
	0xbc, 0x49, 0x00, 0x00, 0xa0, 0x00, 0x02, 0x00,
	0x00, 0x00, 0x00, 0x00, 0x1a, 0x03, 0x00, 0x00,
	0xff, 0xff, 0xff, 0xff, 0xe0, 0x47, 0x00, 0x00,
	0xff, 0xff, 0xff, 0xff, 0xd8, 0x49, 0x00, 0x00,
	0xa1, 0x00, 0x02, 0x00, 0x00, 0x00, 0x00, 0x00,
	0x25, 0x04, 0x00, 0x00, 0xff, 0xff, 0xff, 0xff,
	0xe0, 0x47, 0x00, 0x00, 0xff, 0xff, 0xff, 0xff,
	0xff, 0xff, 0xff, 0xff, 0xa2, 0x00, 0x02, 0x00,
	0x00, 0x00, 0x00, 0x00, 0x90, 0x00, 0x00, 0x00,
	0xff, 0xff, 0xff, 0xff, 0x50, 0x48, 0x00, 0x00,
	0x10, 0x4a, 0x00, 0x00, 0x6c, 0x4f, 0x00, 0x00,
	0xec, 0x00, 0x00, 0x00, 0x00, 0x00, 0x00, 0x00,
	0xd2, 0x00, 0x00, 0x00, 0xff, 0xff, 0xff, 0xff,
	0xf4, 0x49, 0x00, 0x00, 0x2c, 0x4a, 0x00, 0x00,
	0xff, 0xff, 0xff, 0xff, 0xf0, 0x00, 0x00, 0x00,
	0x00, 0x00, 0x00, 0x00, 0xb9, 0x02, 0x00, 0x00,
	0xff, 0xff, 0xff, 0xff, 0x10, 0x4a, 0x00, 0x00,
	0xff, 0xff, 0xff, 0xff, 0xff, 0xff, 0xff, 0xff,
	0xa5, 0x00, 0x02, 0x00, 0x00, 0x00, 0x00, 0x00,
	0x23, 0x01, 0x00, 0x00, 0xff, 0xff, 0xff, 0xff,
	0xa0, 0x39, 0x00, 0x00, 0xb8, 0x4a, 0x00, 0x00,
	0x64, 0x4a, 0x00, 0x00, 0xe1, 0x00, 0x00, 0x00,
	0x00, 0x00, 0x00, 0x00, 0x3d, 0x01, 0x00, 0x00,
	0xff, 0xff, 0xff, 0xff, 0xa0, 0x39, 0x00, 0x00,
	0xff, 0xff, 0xff, 0xff, 0xf0, 0x4a, 0x00, 0x00,
	0xe8, 0x00, 0x00, 0x00, 0x00, 0x00, 0x00, 0x00,
	0xda, 0x00, 0x00, 0x00, 0xff, 0xff, 0xff, 0xff,
	0x90, 0x00, 0x00, 0x00, 0x9c, 0x4a, 0x00, 0x00,
	0xe8, 0x4c, 0x00, 0x00, 0xea, 0x00, 0x00, 0x00,
	0x00, 0x00, 0x00, 0x00, 0x5b, 0x03, 0x00, 0x00,
	0xff, 0xff, 0xff, 0xff, 0x80, 0x4a, 0x00, 0x00,
	0xff, 0xff, 0xff, 0xff, 0xff, 0xff, 0xff, 0xff,
	0xeb, 0x00, 0x00, 0x00, 0x00, 0x00, 0x00, 0x00,
	0x44, 0x01, 0x00, 0x00, 0xff, 0xff, 0xff, 0xff,
	0x48, 0x4a, 0x00, 0x00, 0xff, 0xff, 0xff, 0xff,
	0xd4, 0x4a, 0x00, 0x00, 0xee, 0x00, 0x00, 0x00,
	0x00, 0x00, 0x00, 0x00, 0x22, 0x01, 0x00, 0x00,
	0xff, 0xff, 0xff, 0xff, 0x48, 0x4a, 0x00, 0x00,
	0xff, 0xff, 0xff, 0xff, 0xff, 0xff, 0xff, 0xff,
	0xaa, 0x00, 0x02, 0x00, 0x00, 0x00, 0x00, 0x00,
	0x21, 0x02, 0x00, 0x00, 0xff, 0xff, 0xff, 0xff,
	0xa0, 0x39, 0x00, 0x00, 0xff, 0xff, 0xff, 0xff,
	0x0c, 0x4b, 0x00, 0x00, 0xab, 0x00, 0x02, 0x00,
	0x00, 0x00, 0x00, 0x00, 0x44, 0x02, 0x00, 0x00,
	0xff, 0xff, 0xff, 0xff, 0xa0, 0x39, 0x00, 0x00,
	0xff, 0xff, 0xff, 0xff, 0xff, 0xff, 0xff, 0xff,
	0xac, 0x00, 0x02, 0x00, 0x00, 0x00, 0x00, 0x00,
	0xb4, 0x01, 0x00, 0x00, 0xff, 0xff, 0xff, 0xff,
	0x48, 0x3a, 0x00, 0x00, 0xff, 0xff, 0xff, 0xff,
	0x00, 0x4e, 0x00, 0x00, 0xa9, 0x00, 0x02, 0x00,
	0x00, 0x00, 0x00, 0x00, 0xb2, 0x05, 0x00, 0x00,
	0xff, 0xff, 0xff, 0xff, 0x34, 0x3f, 0x00, 0x00,
	0xff, 0xff, 0xff, 0xff, 0xe4, 0x4d, 0x00, 0x00,
	0x02, 0x00, 0x03, 0x00, 0x00, 0x00, 0x00, 0x00,
	0x27, 0x03, 0x00, 0x00, 0xff, 0xff, 0xff, 0xff,
	0xd4, 0x3a, 0x00, 0x00, 0xff, 0xff, 0xff, 0xff,
	0xff, 0xff, 0xff, 0xff, 0xad, 0x00, 0x02, 0x00,
	0x00, 0x00, 0x00, 0x00, 0x21, 0x01, 0x00, 0x00,
	0xff, 0xff, 0xff, 0xff, 0x8c, 0x01, 0x00, 0x00,
	0xff, 0xff, 0xff, 0xff, 0xff, 0xff, 0xff, 0xff,
	0xae, 0x00, 0x02, 0x00, 0x00, 0x00, 0x00, 0x00,
	0xc0, 0x02, 0x00, 0x00, 0xff, 0xff, 0xff, 0xff,
	0x74, 0x00, 0x00, 0x00, 0xcc, 0x4c, 0x00, 0x00,
	0x58, 0x4d, 0x00, 0x00, 0x7e, 0x00, 0x02, 0x00,
	0x00, 0x00, 0x00, 0x00, 0x4d, 0x07, 0x00, 0x00,
	0xff, 0xff, 0xff, 0xff, 0x74, 0x00, 0x00, 0x00,
	0xd0, 0x4b, 0x00, 0x00, 0x08, 0x4c, 0x00, 0x00,
	0xb0, 0x00, 0x02, 0x00, 0x00, 0x00, 0x00, 0x00,
	0x3b, 0x03, 0x00, 0x00, 0xff, 0xff, 0xff, 0xff,
	0xb4, 0x4b, 0x00, 0x00, 0xec, 0x4b, 0x00, 0x00,
	0xff, 0xff, 0xff, 0xff, 0xb1, 0x00, 0x02, 0x00,
	0x00, 0x00, 0x00, 0x00, 0x91, 0x01, 0x00, 0x00,
	0xff, 0xff, 0xff, 0xff, 0xd0, 0x4b, 0x00, 0x00,
	0xff, 0xff, 0xff, 0xff, 0xff, 0xff, 0xff, 0xff,
	0xb2, 0x00, 0x02, 0x00, 0x00, 0x00, 0x00, 0x00,
	0x28, 0x01, 0x00, 0x00, 0xff, 0xff, 0xff, 0xff,
	0x74, 0x00, 0x00, 0x00, 0x24, 0x4c, 0x00, 0x00,
	0x98, 0x4b, 0x00, 0x00, 0xb3, 0x00, 0x02, 0x00,
	0x00, 0x00, 0x00, 0x00, 0x9c, 0x01, 0x00, 0x00,
	0xff, 0xff, 0xff, 0xff, 0x08, 0x4c, 0x00, 0x00,
	0x40, 0x4c, 0x00, 0x00, 0xff, 0xff, 0xff, 0xff,
	0xb4, 0x00, 0x02, 0x00, 0x00, 0x00, 0x00, 0x00,
	0xb6, 0x01, 0x00, 0x00, 0xff, 0xff, 0xff, 0xff,
	0x24, 0x4c, 0x00, 0x00, 0xff, 0xff, 0xff, 0xff,
	0xff, 0xff, 0xff, 0xff, 0xb5, 0x00, 0x02, 0x00,
	0x00, 0x00, 0x00, 0x00, 0x5d, 0x04, 0x00, 0x00,
	0xff, 0xff, 0xff, 0xff, 0xb4, 0x3b, 0x00, 0x00,
	0xff, 0xff, 0xff, 0xff, 0xff, 0xff, 0xff, 0xff,
	0x28, 0x00, 0x02, 0x00, 0x00, 0x00, 0x00, 0x00,
	0x7c, 0x03, 0x00, 0x00, 0xff, 0xff, 0xff, 0xff,
	0xe4, 0x00, 0x00, 0x00, 0xff, 0xff, 0xff, 0xff,
	0x94, 0x4c, 0x00, 0x00, 0xb6, 0x00, 0x02, 0x00,
	0x00, 0x00, 0x00, 0x00, 0x77, 0x02, 0x00, 0x00,
	0xff, 0xff, 0xff, 0xff, 0xe4, 0x00, 0x00, 0x00,
	0xff, 0xff, 0xff, 0xff, 0x80, 0x33, 0x00, 0x00,
	0xc3, 0x00, 0x00, 0x00, 0x00, 0x00, 0x00, 0x00,
	0xaf, 0x02, 0x00, 0x00, 0xff, 0xff, 0xff, 0xff,
	0x20, 0x26, 0x00, 0x00, 0xff, 0xff, 0xff, 0xff,
	0xff, 0xff, 0xff, 0xff, 0x97, 0x00, 0x02, 0x00,
	0x00, 0x00, 0x00, 0x00, 0xba, 0x02, 0x00, 0x00,
	0xff, 0xff, 0xff, 0xff, 0x98, 0x4b, 0x00, 0x00,
	0xff, 0xff, 0xff, 0xff, 0xff, 0xff, 0xff, 0xff,
	0xaf, 0x00, 0x02, 0x00, 0x00, 0x00, 0x00, 0x00,
	0x71, 0x03, 0x00, 0x00, 0xff, 0xff, 0xff, 0xff,
	0x90, 0x00, 0x00, 0x00, 0x04, 0x4d, 0x00, 0x00,
	0x90, 0x4d, 0x00, 0x00, 0x84, 0x00, 0x02, 0x00,
	0x00, 0x00, 0x00, 0x00, 0xb3, 0x03, 0x00, 0x00,
	0xff, 0xff, 0xff, 0xff, 0xe8, 0x4c, 0x00, 0x00,
	0xff, 0xff, 0xff, 0xff, 0x20, 0x4d, 0x00, 0x00,
	0xb8, 0x00, 0x02, 0x00, 0x00, 0x00, 0x00, 0x00,
	0x58, 0x02, 0x00, 0x00, 0xff, 0xff, 0xff, 0xff,
	0xe8, 0x4c, 0x00, 0x00, 0xff, 0xff, 0xff, 0xff,
	0x3c, 0x4d, 0x00, 0x00, 0xb9, 0x00, 0x02, 0x00,
	0x00, 0x00, 0x00, 0x00, 0x5b, 0x03, 0x00, 0x00,
	0xff, 0xff, 0xff, 0xff, 0xe8, 0x4c, 0x00, 0x00,
	0xff, 0xff, 0xff, 0xff, 0xff, 0xff, 0xff, 0xff,
	0xba, 0x00, 0x02, 0x00, 0x00, 0x00, 0x00, 0x00,
	0xa0, 0x0a, 0x00, 0x00, 0xff, 0xff, 0xff, 0xff,
	0x74, 0x00, 0x00, 0x00, 0x74, 0x4d, 0x00, 0x00,
	0xe0, 0x4e, 0x00, 0x00, 0xb7, 0x00, 0x02, 0x00,
	0x00, 0x00, 0x00, 0x00, 0x5e, 0x03, 0x00, 0x00,
	0xff, 0xff, 0xff, 0xff, 0x58, 0x4d, 0x00, 0x00,
	0xac, 0x4d, 0x00, 0x00, 0xff, 0xff, 0xff, 0xff,
	0xbc, 0x00, 0x02, 0x00, 0x00, 0x00, 0x00, 0x00,
	0x78, 0x02, 0x00, 0x00, 0xff, 0xff, 0xff, 0xff,
	0x90, 0x00, 0x00, 0x00, 0xc8, 0x4d, 0x00, 0x00,
	0xff, 0xff, 0xff, 0xff, 0xa8, 0x00, 0x02, 0x00,
	0x00, 0x00, 0x00, 0x00, 0x71, 0x02, 0x00, 0x00,
	0xff, 0xff, 0xff, 0xff, 0x74, 0x4d, 0x00, 0x00,
	0xff, 0xff, 0xff, 0xff, 0xff, 0xff, 0xff, 0xff,
	0xbe, 0x00, 0x02, 0x00, 0x00, 0x00, 0x00, 0x00,
	0x34, 0x03, 0x00, 0x00, 0xff, 0xff, 0xff, 0xff,
};

PositionDataRaw STD_RESULT_MODEL_OBJECTS[8] = {
	{
		{
			0x90, 0x4d, 0x00, 0x00, 0xff, 0xff, 0xff, 0xff,
			0xff, 0xff, 0xff, 0xff, 0xbd, 0x00, 0x02, 0x00,
			0x00, 0x00, 0x00, 0x00, 0x5f, 0x02, 0x00, 0x00,
			0xff, 0xff, 0xff, 0xff, 0x34, 0x3f, 0x00, 0x00,
			0xff, 0xff, 0xff, 0xff, 0x70, 0x4e, 0x00, 0x00,
			0xbf, 0x00, 0x02, 0x00, 0x00, 0x00, 0x00, 0x00,
			0x21, 0x02, 0x00, 0x00, 0xff, 0xff, 0xff, 0xff,
			0x48, 0x3a, 0x00, 0x00, 0x54, 0x4e, 0x00, 0x00,
			0xff, 0xff, 0xff, 0xff, 0xa7, 0x00, 0x02, 0x00,
			0x00, 0x00, 0x00, 0x00, 0xea, 0x03, 0x00, 0x00,
			0xff, 0xff, 0xff, 0xff, 0x64, 0x3a, 0x00, 0x00,
			0xff, 0xff, 0xff, 0xff, 0xff, 0xff, 0xff, 0xff,
			0xc0, 0x00, 0x02, 0x00, 0x00, 0x00, 0x00, 0x00,
			0xac, 0x01, 0x00, 0x00, 0xff, 0xff, 0xff, 0xff,
			0xf0, 0x3a, 0x00, 0x00, 0xff, 0xff, 0xff, 0xff,
			0xff, 0xff, 0xff, 0xff, 0xc1, 0x00, 0x02, 0x00,
			0x00, 0x00, 0x00, 0x00, 0x0a, 0x02, 0x00, 0x00,
		},
	},
	{
		{
			0xff, 0xff, 0xff, 0xff, 0x00, 0x4e, 0x00, 0x00,
			0xff, 0xff, 0xff, 0xff, 0xff, 0xff, 0xff, 0xff,
			0xc2, 0x00, 0x02, 0x00, 0x00, 0x00, 0x00, 0x00,
			0x24, 0x02, 0x00, 0x00, 0xff, 0xff, 0xff, 0xff,
			0x34, 0x3f, 0x00, 0x00, 0x8c, 0x4e, 0x00, 0x00,
			0xff, 0xff, 0xff, 0xff, 0xc3, 0x00, 0x02, 0x00,
			0x00, 0x00, 0x00, 0x00, 0xd0, 0x02, 0x00, 0x00,
			0xff, 0xff, 0xff, 0xff, 0x70, 0x4e, 0x00, 0x00,
			0xff, 0xff, 0xff, 0xff, 0xff, 0xff, 0xff, 0xff,
			0xc4, 0x00, 0x02, 0x00, 0x00, 0x00, 0x00, 0x00,
			0xe1, 0x05, 0x00, 0x00, 0xff, 0xff, 0xff, 0xff,
			0x94, 0x14, 0x00, 0x00, 0xff, 0xff, 0xff, 0xff,
			0x50, 0x4f, 0x00, 0x00, 0xdf, 0x00, 0x01, 0x00,
			0x00, 0x00, 0x00, 0x00, 0x0f, 0x02, 0x00, 0x00,
			0xff, 0xff, 0xff, 0xff, 0xc8, 0x00, 0x00, 0x00,
			0xff, 0xff, 0xff, 0xff, 0xff, 0xff, 0xff, 0xff,
			0xc5, 0x00, 0x02, 0x00, 0x00, 0x00, 0x00, 0x00,
		},
	},
	{
		{
			0x7c, 0x01, 0x00, 0x00, 0xff, 0xff, 0xff, 0xff,
			0x74, 0x00, 0x00, 0x00, 0xfc, 0x4e, 0x00, 0x00,
			0xff, 0xff, 0xff, 0xff, 0x00, 0x00, 0x02, 0x00,
			0x00, 0x00, 0x00, 0x00, 0x6f, 0x01, 0x00, 0x00,
			0xff, 0xff, 0xff, 0xff, 0xe0, 0x4e, 0x00, 0x00,
			0x18, 0x4f, 0x00, 0x00, 0xff, 0xff, 0xff, 0xff,
			0xc6, 0x00, 0x02, 0x00, 0x00, 0x00, 0x00, 0x00,
			0x93, 0x00, 0x00, 0x00, 0xff, 0xff, 0xff, 0xff,
			0xfc, 0x4e, 0x00, 0x00, 0x34, 0x4f, 0x00, 0x00,
			0xff, 0xff, 0xff, 0xff, 0xc7, 0x00, 0x02, 0x00,
			0x00, 0x00, 0x00, 0x00, 0xf6, 0x01, 0x00, 0x00,
			0xff, 0xff, 0xff, 0xff, 0x18, 0x4f, 0x00, 0x00,
			0xff, 0xff, 0xff, 0xff, 0xff, 0xff, 0xff, 0xff,
			0xc8, 0x00, 0x02, 0x00, 0x00, 0x00, 0x00, 0x00,
			0x05, 0x08, 0x00, 0x00, 0xff, 0xff, 0xff, 0xff,
			0x94, 0x14, 0x00, 0x00, 0xff, 0xff, 0xff, 0xff,
			0xc0, 0x4f, 0x00, 0x00, 0xa6, 0x00, 0x02, 0x00,
		},
	},
	{
		{
			0x00, 0x00, 0x00, 0x00, 0x91, 0x00, 0x00, 0x00,
			0xff, 0xff, 0xff, 0xff, 0x50, 0x48, 0x00, 0x00,
			0x88, 0x4f, 0x00, 0x00, 0xff, 0xff, 0xff, 0xff,
			0xcb, 0x00, 0x00, 0x00, 0x00, 0x00, 0x00, 0x00,
			0xd2, 0x00, 0x00, 0x00, 0xff, 0xff, 0xff, 0xff,
			0x6c, 0x4f, 0x00, 0x00, 0xa4, 0x4f, 0x00, 0x00,
			0xff, 0xff, 0xff, 0xff, 0xfb, 0x00, 0x00, 0x00,
			0x00, 0x00, 0x00, 0x00, 0xb9, 0x02, 0x00, 0x00,
			0xff, 0xff, 0xff, 0xff, 0x88, 0x4f, 0x00, 0x00,
			0xff, 0xff, 0xff, 0xff, 0xff, 0xff, 0xff, 0xff,
			0x03, 0x00, 0x02, 0x00, 0x00, 0x00, 0x00, 0x00,
			0x33, 0x03, 0x00, 0x00, 0xff, 0xff, 0xff, 0xff,
			0x94, 0x14, 0x00, 0x00, 0xff, 0xff, 0xff, 0xff,
			0xff, 0xff, 0xff, 0xff, 0xc9, 0x00, 0x02, 0x00,
			0x00, 0x00, 0x00, 0x80, 0x1c, 0x00, 0x00, 0x00,
			0x00, 0x50, 0x00, 0x00, 0xe4, 0x00, 0x00, 0x00,
			0xff, 0xff, 0xff, 0xff, 0xff, 0xff, 0xff, 0xff,
		},
	},
	{
		{
			0xff, 0xff, 0xff, 0xff, 0x00, 0x00, 0x00, 0x00,
			0x00, 0x00, 0x00, 0x00, 0xff, 0xff, 0xff, 0xff,
			0x00, 0x10, 0x00, 0x00, 0xff, 0xff, 0xff, 0xff,
			0x00, 0x00, 0x00, 0x00, 0x00, 0x00, 0x00, 0x00,
			0x00, 0x00, 0x00, 0x00, 0x00, 0x00, 0x00, 0x00,
			0x00, 0x00, 0x00, 0x00, 0x00, 0x00, 0x00, 0x00,
			0x00, 0x00, 0x00, 0x00, 0x00, 0x00, 0x00, 0x00,
			0x00, 0x00, 0x00, 0x00, 0x00, 0x00, 0x00, 0x00,
			0x00, 0x00, 0x00, 0x00, 0x00, 0x00, 0x00, 0x00,
			0x00, 0x00, 0x00, 0x00, 0x00, 0x00, 0x00, 0x00,
			0x00, 0x00, 0x00, 0x00, 0x00, 0x00, 0x00, 0x00,
			0x00, 0x00, 0x00, 0x00, 0x00, 0x00, 0x00, 0x00,
			0x00, 0x00, 0x00, 0x00, 0x00, 0x00, 0x00, 0x00,
			0x00, 0x00, 0x00, 0x00, 0x00, 0x00, 0x00, 0x00,
			0x00, 0x00, 0x00, 0x00, 0x00, 0x00, 0x00, 0x00,
			0x00, 0x00, 0x00, 0x00, 0x00, 0x00, 0x00, 0x00,
			0x00, 0x00, 0x00, 0x00, 0x00, 0x00, 0x00, 0x00,
		},
	},
	{
		{
			0x00, 0x00, 0x00, 0x00, 0x00, 0x00, 0x00, 0x00,
			0x00, 0x00, 0x00, 0x00, 0x00, 0x00, 0x00, 0x00,
			0x00, 0x00, 0x00, 0x00, 0x00, 0x00, 0x00, 0x00,
			0x00, 0x00, 0x00, 0x00, 0x00, 0x00, 0x00, 0x00,
			0x00, 0x00, 0x00, 0x00, 0x00, 0x00, 0x00, 0x00,
			0x00, 0x00, 0x00, 0x00, 0x00, 0x00, 0x00, 0x00,
			0x00, 0x00, 0x00, 0x00, 0x00, 0x00, 0x00, 0x00,
			0x00, 0x00, 0x00, 0x00, 0x00, 0x00, 0x00, 0x00,
			0x00, 0x00, 0x00, 0x00, 0x00, 0x00, 0x00, 0x00,
			0x00, 0x00, 0x00, 0x00, 0x00, 0x00, 0x00, 0x00,
			0x00, 0x00, 0x00, 0x00, 0x00, 0x00, 0x00, 0x00,
			0x00, 0x00, 0x00, 0x00, 0x00, 0x00, 0x00, 0x00,
			0x00, 0x00, 0x00, 0x00, 0x00, 0x00, 0x00, 0x00,
			0x00, 0x00, 0x00, 0x00, 0x00, 0x00, 0x00, 0x00,
			0x00, 0x00, 0x00, 0x00, 0x00, 0x00, 0x00, 0x00,
			0x00, 0x00, 0x00, 0x00, 0x00, 0x00, 0x00, 0x00,
			0x00, 0x00, 0x00, 0x00, 0x00, 0x00, 0x00, 0x00,
		},
	},
	{
		{
			0x00, 0x00, 0x00, 0x00, 0x00, 0x00, 0x00, 0x00,
			0x00, 0x00, 0x00, 0x00, 0x00, 0x00, 0x00, 0x00,
			0x00, 0x00, 0x00, 0x00, 0x00, 0x00, 0x00, 0x00,
			0x00, 0x00, 0x00, 0x00, 0x00, 0x00, 0x00, 0x00,
			0x00, 0x00, 0x00, 0x00, 0x00, 0x00, 0x00, 0x00,
			0x00, 0x00, 0x00, 0x00, 0x00, 0x00, 0x00, 0x00,
			0x00, 0x00, 0x00, 0x00, 0x00, 0x00, 0x00, 0x00,
			0x00, 0x00, 0x00, 0x00, 0x00, 0x00, 0x00, 0x00,
			0x00, 0x00, 0x00, 0x00, 0x00, 0x00, 0x00, 0x00,
			0x00, 0x00, 0x00, 0x00, 0x00, 0x00, 0x00, 0x00,
			0x00, 0x00, 0x00, 0x00, 0x00, 0x00, 0x00, 0x00,
			0x00, 0x00, 0x00, 0x00, 0x00, 0x00, 0x00, 0x00,
			0x00, 0x00, 0x00, 0x00, 0x00, 0x00, 0x00, 0x00,
			0x00, 0x00, 0x00, 0x00, 0x00, 0x00, 0x00, 0x00,
			0x00, 0x00, 0x00, 0x00, 0x00, 0x00, 0x00, 0x00,
			0x00, 0x00, 0x00, 0x00, 0x00, 0x00, 0x00, 0x00,
			0x00, 0x00, 0x00, 0x00, 0x00, 0x00, 0x00, 0x00,
		},
	},
	{
		{
			0x00, 0x00, 0x00, 0x00, 0x00, 0x00, 0x00, 0x00,
			0x00, 0x00, 0x00, 0x00, 0x00, 0x00, 0x00, 0x00,
			0x00, 0x00, 0x00, 0x00, 0x00, 0x00, 0x00, 0x00,
			0x00, 0x00, 0x00, 0x00, 0x00, 0x00, 0x00, 0x00,
			0x00, 0x00, 0x00, 0x00, 0x00, 0x00, 0x00, 0x00,
			0x00, 0x00, 0x00, 0x00, 0x00, 0x00, 0x00, 0x00,
			0x00, 0x00, 0x00, 0x00, 0x00, 0x00, 0x00, 0x00,
			0x00, 0x00, 0x00, 0x00, 0x00, 0x00, 0x00, 0x00,
			0x00, 0x00, 0x00, 0x00, 0x00, 0x00, 0x00, 0x00,
			0x00, 0x00, 0x00, 0x00, 0x00, 0x00, 0x00, 0x00,
			0x00, 0x00, 0x00, 0x00, 0x00, 0x00, 0x00, 0x00,
			0x00, 0x00, 0x00, 0x00, 0x00, 0x00, 0x00, 0x00,
			0x00, 0x00, 0x00, 0x00, 0x00, 0x00, 0x00, 0x00,
			0x00, 0x00, 0x00, 0x00, 0x00, 0x00, 0x00, 0x00,
			0x00, 0x00, 0x00, 0x00, 0x00, 0x00, 0x00, 0x00,
			0x00, 0x00, 0x00, 0x00, 0x00, 0x00, 0x00, 0x00,
			0x00, 0x00, 0x00, 0x00, 0x00, 0x00, 0x00, 0x00,
		},
	},
};

int16_t STD_CHAMPION_ORBIT_ANGLES[80] = {
	0x0000, 0x0000, 0x0000, 0x0000, 0x0000, 0x0000, 0x0000, 0x0000,
	0x0000, 0x0000, 0x0000, 0x0000, 0x0000, 0x0000, 0x0000, 0x0000,
	0x0000, 0x0000, 0x0000, 0x0000, 0x0000, 0x0000, 0x0000, 0x0000,
	0x0000, 0x0000, 0x0000, 0x0000, 0x0000, 0x0000, 0x0000, 0x0000,
	0x0000, 0x0000, 0x0000, 0x0000, 0x0000, 0x0000, 0x0000, 0x0000,
	0x0000, 0x0000, 0x0000, 0x0000, 0x0000, 0x0000, 0x0000, 0x0000,
	0x0000, 0x0000, 0x0000, 0x0000, 0x0000, 0x0000, 0x0000, 0x0000,
	0x0000, 0x0000, 0x0000, 0x0000, 0x0000, 0x0000, 0x0000, 0x0000,
	0x0000, 0x0000, 0x0000, 0x0000, 0x0000, 0x0000, 0x0000, 0x0000,
	0x0000, 0x0000, 0x0000, 0x0000, 0x0000, 0x0000, 0x0000, 0x0000,
};

int16_t STD_MODEL_SCENE_STEPS[10] = {
	0x0000, 0x0000, 0x0000, 0x0000, 0x0000, 0x0000, 0x0000, 0x0000,
	0x0000, 0x0000,
};

int16_t STD_LOSE_WIPE_HEIGHTS[32] = {
	0x0000, 0x0000, 0x0000, 0x0000, 0x0000, 0x0000, 0x0000, 0x0000,
	0x0000, 0x0000, 0x0000, 0x0000, 0x0000, 0x0000, 0x0000, 0x0000,
	0x0000, 0x0000, 0x0000, 0x0000, 0x0000, 0x0000, 0x0000, 0x0000,
	0x0000, 0x0000, 0x0000, 0x0000, 0x0000, 0x0000, 0x0000, 0x0000,
};

uint8_t STD_LOSE_WIPE_ORDER[32] = {
	0x00, 0x00, 0x00, 0x00, 0x00, 0x00, 0x00, 0x00,
	0x00, 0x00, 0x00, 0x00, 0x00, 0x00, 0x00, 0x00,
	0x00, 0x00, 0x00, 0x00, 0x00, 0x00, 0x00, 0x00,
	0x00, 0x00, 0x00, 0x00, 0x00, 0x00, 0x00, 0x00,
};

void (*STD_EFE_SUB_OPCODE_HANDLERS[97])(void) = {
	(void (*)(void))0x00000000,
	(void (*)(void))0x00000000,
	(void (*)(void))0x00000000,
	(void (*)(void))0x00000000,
	(void (*)(void))0x00000000,
	(void (*)(void))0x00000000,
	(void (*)(void))0x00000000,
	(void (*)(void))0x00000000,
	(void (*)(void))0x00000000,
	(void (*)(void))0x00000000,
	(void (*)(void))0x00000000,
	(void (*)(void))0x00000000,
	(void (*)(void))0x00000000,
	(void (*)(void))0x00000000,
	(void (*)(void))0x00000000,
	(void (*)(void))0x00000000,
	(void (*)(void))0x00000000,
	(void (*)(void))0x00000000,
	(void (*)(void))0x00000000,
	(void (*)(void))0x00000000,
	(void (*)(void))0x00000000,
	(void (*)(void))0x00000000,
	(void (*)(void))0x00000000,
	(void (*)(void))0x00000000,
	(void (*)(void))0x00000000,
	(void (*)(void))0x00000000,
	(void (*)(void))0x00000000,
	(void (*)(void))0x00000000,
	(void (*)(void))0x00000000,
	(void (*)(void))0x00000000,
	(void (*)(void))0x00000000,
	(void (*)(void))0x00000000,
	(void (*)(void))0x00000000,
	(void (*)(void))0x00000000,
	(void (*)(void))0x00000000,
	(void (*)(void))0x00000000,
	(void (*)(void))0x00000000,
	(void (*)(void))0x00000000,
	(void (*)(void))0x00000000,
	(void (*)(void))0x00000000,
	(void (*)(void))0x00000000,
	(void (*)(void))0x00000000,
	(void (*)(void))0x00000000,
	(void (*)(void))0x00000000,
	(void (*)(void))0x00000000,
	(void (*)(void))0x00000000,
	(void (*)(void))0x00000000,
	(void (*)(void))0x00000000,
	(void (*)(void))0x00000000,
	(void (*)(void))0x00000000,
	(void (*)(void))0x00000000,
	(void (*)(void))0x00000000,
	(void (*)(void))0x00000000,
	(void (*)(void))0x00000000,
	(void (*)(void))0x00000000,
	(void (*)(void))0x00000000,
	(void (*)(void))0x00000000,
	(void (*)(void))0x00000000,
	(void (*)(void))0x00000000,
	(void (*)(void))0x00000000,
	(void (*)(void))0x00000000,
	(void (*)(void))0x00000000,
	(void (*)(void))0x00000000,
	(void (*)(void))0x00000000,
	(void (*)(void))0x00000000,
	(void (*)(void))0x00000000,
	(void (*)(void))0x00000000,
	(void (*)(void))0x00000000,
	(void (*)(void))0x00000000,
	(void (*)(void))0x00000000,
	(void (*)(void))0x00000000,
	(void (*)(void))0x00000000,
	(void (*)(void))0x00000000,
	(void (*)(void))0x00000000,
	(void (*)(void))0x00000000,
	(void (*)(void))0x00000000,
	(void (*)(void))0x00000000,
	(void (*)(void))0x00000000,
	(void (*)(void))0x00000000,
	(void (*)(void))0x00000000,
	(void (*)(void))0x00000000,
	(void (*)(void))0x00000000,
	(void (*)(void))0x00000000,
	(void (*)(void))0x00000000,
	(void (*)(void))0x00000000,
	(void (*)(void))0x00000000,
	(void (*)(void))0x00000000,
	(void (*)(void))0x00000000,
	(void (*)(void))0x00000000,
	(void (*)(void))0x00000000,
	(void (*)(void))0x00000000,
	(void (*)(void))0x00000000,
	(void (*)(void))0x00000000,
	(void (*)(void))0x00000000,
	(void (*)(void))0x00000000,
	(void (*)(void))0x00000000,
	(void (*)(void))0x00000000,
};

MATRIXRaw STD_SAVED_WS_MATRIX = {
	{
		0x00, 0x00, 0x00, 0x00, 0x00, 0x00, 0x00, 0x00,
		0x00, 0x00, 0x00, 0x00, 0x00, 0x00, 0x00, 0x00,
		0x00, 0x00, 0x00, 0x00, 0x00, 0x00, 0x00, 0x00,
		0x00, 0x00, 0x00, 0x00, 0x00, 0x00, 0x00, 0x00,
	},
};

EfePoisonBubble STD_POISON_BUBBLES[12] = {
	{ 0x0000, 0x0000, 0x0000, 0x0000, (Entity *)0x00000000 },
	{ 0x0000, 0x0000, 0x0000, 0x0000, (Entity *)0x00000000 },
	{ 0x0000, 0x0000, 0x0000, 0x0000, (Entity *)0x00000000 },
	{ 0x0000, 0x0000, 0x0000, 0x0000, (Entity *)0x00000000 },
	{ 0x0000, 0x0000, 0x0000, 0x0000, (Entity *)0x00000000 },
	{ 0x0000, 0x0000, 0x0000, 0x0000, (Entity *)0x00000000 },
	{ 0x0000, 0x0000, 0x0000, 0x0000, (Entity *)0x00000000 },
	{ 0x0000, 0x0000, 0x0000, 0x0000, (Entity *)0x00000000 },
	{ 0x0000, 0x0000, 0x0000, 0x0000, (Entity *)0x00000000 },
	{ 0x0000, 0x0000, 0x0000, 0x0000, (Entity *)0x00000000 },
	{ 0x0000, 0x0000, 0x0000, 0x0000, (Entity *)0x00000000 },
	{ 0x0000, 0x0000, 0x0000, 0x0000, (Entity *)0x00000000 },
};

EfePoison STD_POISON_EFFECTS[4] = {
	{ 0x0000, 0x0000, (Entity *)0x00000000 },
	{ 0x0000, 0x0000, (Entity *)0x00000000 },
	{ 0x0000, 0x0000, (Entity *)0x00000000 },
	{ 0x0000, 0x0000, (Entity *)0x00000000 },
};

EfeConfusion STD_CONFUSION_EFFECTS[4] = {
	{
		0x0000,
		0x0000,
		0x0000,
		{ 0x0000, 0x0000, 0x0000 },
		(Entity *)0x00000000,
	},
	{
		0x0000,
		0x0000,
		0x0000,
		{ 0x0000, 0x0000, 0x0000 },
		(Entity *)0x00000000,
	},
	{
		0x0000,
		0x0000,
		0x0000,
		{ 0x0000, 0x0000, 0x0000 },
		(Entity *)0x00000000,
	},
	{
		0x0000,
		0x0000,
		0x0000,
		{ 0x0000, 0x0000, 0x0000 },
		(Entity *)0x00000000,
	},
};

EfeStun STD_STUN_EFFECTS[5] = {
	{ 0x0000, 0x0000, 0x0000, 0x0000, (Entity *)0x00000000 },
	{ 0x0000, 0x0000, 0x0000, 0x0000, (Entity *)0x00000000 },
	{ 0x0000, 0x0000, 0x0000, 0x0000, (Entity *)0x00000000 },
	{ 0x0000, 0x0000, 0x0000, 0x0000, (Entity *)0x00000000 },
	{ 0x0000, 0x0000, 0x0000, 0x0000, (Entity *)0x00000000 },
};

EfeStunSpark STD_STUN_SUB_EFFECTS[25] = {
	{ 0x0000, 0x0000, (Entity *)0x00000000 },
	{ 0x0000, 0x0000, (Entity *)0x00000000 },
	{ 0x0000, 0x0000, (Entity *)0x00000000 },
	{ 0x0000, 0x0000, (Entity *)0x00000000 },
	{ 0x0000, 0x0000, (Entity *)0x00000000 },
	{ 0x0000, 0x0000, (Entity *)0x00000000 },
	{ 0x0000, 0x0000, (Entity *)0x00000000 },
	{ 0x0000, 0x0000, (Entity *)0x00000000 },
	{ 0x0000, 0x0000, (Entity *)0x00000000 },
	{ 0x0000, 0x0000, (Entity *)0x00000000 },
	{ 0x0000, 0x0000, (Entity *)0x00000000 },
	{ 0x0000, 0x0000, (Entity *)0x00000000 },
	{ 0x0000, 0x0000, (Entity *)0x00000000 },
	{ 0x0000, 0x0000, (Entity *)0x00000000 },
	{ 0x0000, 0x0000, (Entity *)0x00000000 },
	{ 0x0000, 0x0000, (Entity *)0x00000000 },
	{ 0x0000, 0x0000, (Entity *)0x00000000 },
	{ 0x0000, 0x0000, (Entity *)0x00000000 },
	{ 0x0000, 0x0000, (Entity *)0x00000000 },
	{ 0x0000, 0x0000, (Entity *)0x00000000 },
	{ 0x0000, 0x0000, (Entity *)0x00000000 },
	{ 0x0000, 0x0000, (Entity *)0x00000000 },
	{ 0x0000, 0x0000, (Entity *)0x00000000 },
	{ 0x0000, 0x0000, (Entity *)0x00000000 },
	{ 0x0000, 0x0000, (Entity *)0x00000000 },
};

EfeFinisherAura STD_FINISHER_AURAS[2] = {
	{ 0x0000, 0x0000, (Entity *)0x00000000 },
	{ 0x0000, 0x0000, (Entity *)0x00000000 },
};

SVECTOR STD_FINISHER_AURA_SPARKS[20] = {
	{ 0x0000, 0x0000, 0x0000, 0x0000 },
	{ 0x0000, 0x0000, 0x0000, 0x0000 },
	{ 0x0000, 0x0000, 0x0000, 0x0000 },
	{ 0x0000, 0x0000, 0x0000, 0x0000 },
	{ 0x0000, 0x0000, 0x0000, 0x0000 },
	{ 0x0000, 0x0000, 0x0000, 0x0000 },
	{ 0x0000, 0x0000, 0x0000, 0x0000 },
	{ 0x0000, 0x0000, 0x0000, 0x0000 },
	{ 0x0000, 0x0000, 0x0000, 0x0000 },
	{ 0x0000, 0x0000, 0x0000, 0x0000 },
	{ 0x0000, 0x0000, 0x0000, 0x0000 },
	{ 0x0000, 0x0000, 0x0000, 0x0000 },
	{ 0x0000, 0x0000, 0x0000, 0x0000 },
	{ 0x0000, 0x0000, 0x0000, 0x0000 },
	{ 0x0000, 0x0000, 0x0000, 0x0000 },
	{ 0x0000, 0x0000, 0x0000, 0x0000 },
	{ 0x0000, 0x0000, 0x0000, 0x0000 },
	{ 0x0000, 0x0000, 0x0000, 0x0000 },
	{ 0x0000, 0x0000, 0x0000, 0x0000 },
	{ 0x0000, 0x0000, 0x0000, 0x0000 },
};
// clang-format on
