#include <libgs.h>
#include <libgte.h>

#include <dw/graphics.h>
#include <dw/std.h>
#include <dw/types.h>

// clang-format off
GsOT STD_D_8007B6AC[2] = {
	{ 0x00000000, NULL, 0x00000000, 0x00000000, NULL },
	{ 0x00000000, NULL, 0x00000000, 0x00000000, NULL },
};

GsOT_TAG STD_D_8007B6D4[4] = {
	{ 0x000000, 0x00 },
	{ 0x000000, 0x00 },
	{ 0x000000, 0x00 },
	{ 0x000000, 0x00 },
};

GsOT_TAG STD_D_8007B6E4[4] = {
	{ 0x000000, 0x00 },
	{ 0x000000, 0x00 },
	{ 0x000000, 0x00 },
	{ 0x000000, 0x00 },
};

GsOT STD_D_8007B684[2] = {
	{ 0x00000000, NULL, 0x00000000, 0x00000000, NULL },
	{ 0x00000000, NULL, 0x00000000, 0x00000000, NULL },
};

GsOT_TAG STD_D_8007B664[4] = {
	{ 0x000000, 0x00 },
	{ 0x000000, 0x00 },
	{ 0x000000, 0x00 },
	{ 0x000000, 0x00 },
};

GsOT_TAG STD_D_8007B674[4] = {
	{ 0x000000, 0x00 },
	{ 0x000000, 0x00 },
	{ 0x000000, 0x00 },
	{ 0x000000, 0x00 },
};

VECTOR STD_INTRO_TARGET_POS = {
	0x00000000,
	0x00000000,
	0x00000000,
	0x00000000,
};

VECTOR STD_CAMERA_CHASE_LAST_POS = {
	0x00000000,
	0x00000000,
	0x00000000,
	0x00000000,
};

GsOT STD_MODEL_SCENE_ORDERING_TABLE[2] = {
	{ 0x00000000, NULL, 0x00000000, 0x00000000, NULL },
	{ 0x00000000, NULL, 0x00000000, 0x00000000, NULL },
};

GsOT_TAG STD_MODEL_SCENE_OT_TAGS_0[32] = {
	{ 0x000000, 0x00 },
	{ 0x000000, 0x00 },
	{ 0x000000, 0x00 },
	{ 0x000000, 0x00 },
	{ 0x000000, 0x00 },
	{ 0x000000, 0x00 },
	{ 0x000000, 0x00 },
	{ 0x000000, 0x00 },
	{ 0x000000, 0x00 },
	{ 0x000000, 0x00 },
	{ 0x000000, 0x00 },
	{ 0x000000, 0x00 },
	{ 0x000000, 0x00 },
	{ 0x000000, 0x00 },
	{ 0x000000, 0x00 },
	{ 0x000000, 0x00 },
	{ 0x000000, 0x00 },
	{ 0xa20034, 0x8f },
	{ 0x000000, 0x00 },
	{ 0x430000, 0x84 },
	{ 0x000000, 0x00 },
	{ 0x031080, 0x00 },
	{ 0x431820, 0x00 },
	{ 0x031080, 0x00 },
	{ 0x621020, 0x00 },
	{ 0x021840, 0x00 },
	{ 0xa20048, 0x87 },
	{ 0x000000, 0x00 },
	{ 0x62001a, 0x00 },
	{ 0x001012, 0x00 },
	{ 0x021400, 0x00 },
	{ 0x021403, 0x00 },
};

GsOT_TAG STD_MODEL_SCENE_OT_TAGS_1[32] = {
	{ 0xa20046, 0xa7 },
	{ 0x00001e, 0x10 },
	{ 0x000000, 0x00 },
	{ 0xa20050, 0x87 },
	{ 0x000000, 0x00 },
	{ 0x400005, 0x14 },
	{ 0x000000, 0x00 },
	{ 0x02ff74, 0x24 },
	{ 0xa2004c, 0xa7 },
	{ 0x000003, 0x10 },
	{ 0x000000, 0x00 },
	{ 0x020024, 0x24 },
	{ 0xa2004c, 0xa7 },
	{ 0x02ffa8, 0x24 },
	{ 0xa2004e, 0xa7 },
	{ 0x420000, 0x86 },
	{ 0x000000, 0x00 },
	{ 0xa20044, 0xa7 },
	{ 0x430000, 0x86 },
	{ 0x000000, 0x00 },
	{ 0x031080, 0x00 },
	{ 0x431820, 0x00 },
	{ 0x031080, 0x00 },
	{ 0x621020, 0x00 },
	{ 0x021840, 0x00 },
	{ 0xa2004a, 0x87 },
	{ 0x000000, 0x00 },
	{ 0x62001a, 0x00 },
	{ 0x001012, 0x00 },
	{ 0x021400, 0x00 },
	{ 0x021403, 0x00 },
	{ 0xa20046, 0xa7 },
};

GsDOBJ2 STD_ARENA_OBJECTS[4] = {
	{ 0x87a20044, NULL, (long unsigned int *)0xafa20010, 0x24020008 },
	{ 0xafa20014, (GsCOORDINATE2 *)0x87a2004c, NULL, 0x20420049 },
	{
		0x00023400,
		(GsCOORDINATE2 *)0x00063403,
		(long unsigned int *)0x87a2004e,
		0x00000000,
	},
	{
		0x2042fffd,
		(GsCOORDINATE2 *)0x00023c00,
		(long unsigned int *)0x00073c03,
		0x00002021,
	},
};

GsCOORDINATE2Raw STD_ARENA_COORDS[4] = {
	{
		{
			0x04, 0x00, 0x05, 0x24, 0xf0, 0xbc, 0x01, 0x0c,
			0x00, 0x00, 0x00, 0x00, 0x27, 0x5e, 0x02, 0x0c,
			0x00, 0x00, 0x00, 0x00, 0x21, 0x88, 0x40, 0x00,
			0x30, 0x00, 0xa0, 0xaf, 0x9e, 0x00, 0x00, 0x10,
			0x00, 0x00, 0x00, 0x00, 0x21, 0x20, 0x20, 0x02,
			0x75, 0x55, 0x02, 0x0c, 0x00, 0x00, 0x00, 0x00,
			0x00, 0x00, 0x05, 0x86, 0x00, 0x01, 0x04, 0x24,
			0x41, 0x55, 0x02, 0x0c, 0x00, 0x00, 0x00, 0x00,
			0x0e, 0x00, 0x22, 0xa6, 0x1e, 0x00, 0x02, 0x24,
			0x16, 0x00, 0x22, 0xa6, 0x80, 0x00, 0x02, 0x24,
		},
	},
	{
		{
			0x04, 0x00, 0x22, 0xa2, 0x80, 0x00, 0x02, 0x24,
			0x05, 0x00, 0x22, 0xa2, 0x80, 0x00, 0x02, 0x24,
			0x06, 0x00, 0x22, 0xa2, 0x02, 0x00, 0x02, 0x92,
			0x00, 0x00, 0x00, 0x00, 0x0c, 0x00, 0x22, 0xa2,
			0x03, 0x00, 0x02, 0x92, 0x00, 0x00, 0x00, 0x00,
			0x0d, 0x00, 0x22, 0xa2, 0x02, 0x00, 0x03, 0x92,
			0x04, 0x00, 0x02, 0x92, 0x00, 0x00, 0x00, 0x00,
			0x20, 0x10, 0x62, 0x00, 0xff, 0x00, 0x42, 0x30,
			0x14, 0x00, 0x22, 0xa2, 0x03, 0x00, 0x02, 0x92,
			0x00, 0x00, 0x00, 0x00, 0x15, 0x00, 0x22, 0xa2,
		},
	},
	{
		{
			0x02, 0x00, 0x02, 0x92, 0x00, 0x00, 0x00, 0x00,
			0x1c, 0x00, 0x22, 0xa2, 0x03, 0x00, 0x03, 0x92,
			0x05, 0x00, 0x02, 0x92, 0x00, 0x00, 0x00, 0x00,
			0x20, 0x10, 0x62, 0x00, 0xff, 0x00, 0x42, 0x30,
			0x1d, 0x00, 0x22, 0xa2, 0x02, 0x00, 0x03, 0x92,
			0x04, 0x00, 0x02, 0x92, 0x00, 0x00, 0x00, 0x00,
			0x20, 0x10, 0x62, 0x00, 0xff, 0x00, 0x42, 0x30,
			0x24, 0x00, 0x22, 0xa2, 0x03, 0x00, 0x03, 0x92,
			0x05, 0x00, 0x02, 0x92, 0x00, 0x00, 0x00, 0x00,
			0x20, 0x10, 0x62, 0x00, 0xff, 0x00, 0x42, 0x30,
		},
	},
	{
		{
			0x25, 0x00, 0x22, 0xa2, 0x06, 0x00, 0x03, 0x86,
			0x4c, 0x00, 0xa2, 0x87, 0x00, 0x00, 0x00, 0x00,
			0x20, 0x10, 0x43, 0x00, 0x00, 0x14, 0x02, 0x00,
			0x03, 0x14, 0x02, 0x00, 0x08, 0x00, 0x22, 0xa6,
			0x08, 0x00, 0x03, 0x86, 0x4e, 0x00, 0xa2, 0x87,
			0x00, 0x00, 0x00, 0x00, 0x20, 0x10, 0x43, 0x00,
			0x00, 0x14, 0x02, 0x00, 0x03, 0x14, 0x02, 0x00,
			0x0a, 0x00, 0x22, 0xa6, 0x30, 0x00, 0xa2, 0x8f,
			0x00, 0x00, 0x00, 0x00, 0x06, 0x00, 0x40, 0x14,
			0x00, 0x00, 0x00, 0x00, 0x46, 0x00, 0xa2, 0x87,
		},
	},
};

int16_t STD_INTRO_STATS_DATA[6] = { 0x0000, 0x0000, 0x003c, 0xafa2, 0x0004, 0x1000 };

int32_t STD_D_8007BA9C[4] = { 0x00000000, 0x92020004, 0x00000000, 0xafa2003c };

int32_t STD_D_8007BAAC[18] = {
	0x86030006, 0x87a2004c, 0x00000000, 0x00431820,
	0x8fa2003c, 0x00000000, 0x00621020, 0x00021400,
	0x00021403, 0xa6220010, 0x86030008, 0x87a2004e,
	0x00000000, 0x00431020, 0x00021400, 0x00021403,
	0xa6220012, 0x86030006,
};

int32_t STD_D_8007BA44[19] = {
	0x87a2004c, 0x00000000, 0x00431020, 0x00021400,
	0x00021403, 0xa6220018, 0x86030008, 0x87a2004e,
	0x00000000, 0x00431820, 0x92020005, 0x00000000,
	0x00431020, 0x00021400, 0x00021403, 0xa622001a,
	0x8fa20030, 0x00000000, 0x14400006,
};

int16_t STD_D_8007B9BC[10] = {
	0x0000, 0x0000, 0x0046, 0x87a2, 0x0000, 0x0000, 0x0040, 0xafa2,
	0x0004, 0x1000,
};

StdUnkB9D0 STD_D_8007B9D0 = {
	0x0000,
	0x0000,
	(Entity *)0x92020004,
	NULL,
	{
		0x40, 0x00, 0xa2, 0xaf, 0x06, 0x00, 0x03, 0x86,
		0x4c, 0x00, 0xa2, 0x87, 0x00, 0x00, 0x00, 0x00,
	},
};

int32_t STD_D_8007B9EC[4] = { 0x00431820, 0x8fa20040, 0x00000000, 0x00621020 };

int32_t STD_D_8007B9FC[18] = {
	0x00021400, 0x00021403, 0xa6220020, 0x86030008,
	0x87a2004e, 0x00000000, 0x00431820, 0x92020005,
	0x00000000, 0x00431020, 0x00021400, 0x00021403,
	0xa6220022, 0x8f8294bc, 0x00000000, 0x8c420004,
	0x02202821, 0x24b10028,
};

StdUnkBAF4 STD_BRACKET_SLOTS[8] = {
	{
		0x0020, 0x2444, 0x49,
		0x55, 0x02, 0x0c,
		0x00, 0x00, { 0x00, 0x00 },
		0x30, 0x00,
	},
	{
		0x8fa2, 0x0000, 0x00,
		0x00, 0x01, 0x00,
		0x42, 0x20, { 0x30, 0x00 },
		0xa2, 0xaf,
	},
	{
		0xfff6, 0x2610, 0x30,
		0x00, 0xa2, 0x8f,
		0x00, 0x00, { 0x00, 0x00 },
		0x03, 0x00,
	},
	{
		0x2841, 0xff5f, 0x20,
		0x14, 0x00, 0x00,
		0x00, 0x00, { 0x21, 0x20 },
		0x20, 0x02,
	},
	{
		0x5e23, 0x0c02, 0x00,
		0x00, 0x00, 0x00,
		0x2c, 0x00, { 0xa2, 0x8f },
		0x00, 0x00,
	},
	{
		0x0000, 0x0001, 0x42,
		0x20, 0x2c, 0x00,
		0xa2, 0xaf, { 0x2c, 0x00 },
		0xa2, 0x8f,
	},
	{
		0x0000, 0x0000, 0x02,
		0x00, 0x41, 0x28,
		0xeb, 0xfe, { 0x20, 0x14 },
		0x00, 0x00,
	},
	{
		0x0000, 0x0050, 0xa2,
		0x87, 0x00, 0x00,
		0x00, 0x00, { 0x04, 0x00 },
		0x40, 0x14,
	},
};

StdUnkBB64 STD_BRACKET_PROJECTILES[8] = {
	{ 0x0000, 0x0000, 0x50, 0x00 },
	{ 0x87a4, 0xbd44, 0x01, 0x0c },
	{ 0x0000, 0x0000, 0x24, 0x00 },
	{ 0x8fbf, 0x0020, 0xb2, 0x8f },
	{ 0x001c, 0x8fb1, 0x18, 0x00 },
	{ 0x8fb0, 0x0050, 0xbd, 0x27 },
	{ 0x0008, 0x03e0, 0x00, 0x00 },
	{ 0x0000, 0xffe8, 0xbd, 0x27 },
};

uint8_t STD_BATTLE_START_TEXT_PIECES[155][20] = {
	0x14, 0x00, 0xbf, 0xaf, 0x10, 0x00, 0xb0, 0xaf,
	0x21, 0x80, 0x80, 0x00, 0x2e, 0x96, 0x82, 0x27,
	0x21, 0x10, 0x50, 0x00, 0x00, 0x00, 0x40, 0xa0,
	0x2c, 0x96, 0x82, 0x27, 0x21, 0x10, 0x50, 0x00,
	0x00, 0x00, 0x40, 0xa0, 0x0b, 0x00, 0x03, 0x24,
	0x2a, 0x96, 0x82, 0x27, 0x21, 0x10, 0x50, 0x00,
	0x00, 0x00, 0x43, 0xa0, 0x28, 0x96, 0x82, 0x27,
	0x21, 0x10, 0x50, 0x00, 0x00, 0x00, 0x40, 0xa0,
	0x26, 0x96, 0x82, 0x27, 0x21, 0x10, 0x50, 0x00,
	0x00, 0x00, 0x40, 0xa0, 0x24, 0x96, 0x82, 0x27,
	0x21, 0x10, 0x50, 0x00, 0x00, 0x00, 0x40, 0xa0,
	0x9c, 0x01, 0x04, 0x24, 0x21, 0x28, 0x00, 0x02,
	0x21, 0x30, 0x00, 0x00, 0x07, 0x80, 0x07, 0x3c,
	0x00, 0xfe, 0xe7, 0x24, 0x8b, 0x8a, 0x02, 0x0c,
	0x00, 0x00, 0x00, 0x00, 0x14, 0x00, 0xbf, 0x8f,
	0x10, 0x00, 0xb0, 0x8f, 0x18, 0x00, 0xbd, 0x27,
	0x08, 0x00, 0xe0, 0x03, 0x00, 0x00, 0x00, 0x00,
	0xe8, 0xff, 0xbd, 0x27, 0x10, 0x00, 0xbf, 0xaf,
	0x18, 0x00, 0xa4, 0xaf, 0x18, 0x00, 0xa5, 0x87,
	0x9c, 0x01, 0x04, 0x24, 0xcd, 0x8a, 0x02, 0x0c,
	0x00, 0x00, 0x00, 0x00, 0x10, 0x00, 0xbf, 0x8f,
	0x18, 0x00, 0xbd, 0x27, 0x08, 0x00, 0xe0, 0x03,
	0x00, 0x00, 0x00, 0x00, 0xd8, 0xff, 0xbd, 0x27,
	0x08, 0x00, 0xb2, 0xaf, 0x04, 0x00, 0xb1, 0xaf,
	0x00, 0x00, 0xb0, 0xaf, 0x28, 0x00, 0xa4, 0xaf,
	0x2c, 0x00, 0xa5, 0xaf, 0x30, 0x00, 0xa6, 0xaf,
	0x34, 0x00, 0xa7, 0xaf, 0x28, 0x00, 0xa2, 0x8f,
	0x00, 0x00, 0x00, 0x00, 0x08, 0x00, 0x42, 0x20,
	0x28, 0x00, 0xa2, 0xaf, 0x28, 0x00, 0xa3, 0x8f,
	0x00, 0x00, 0x00, 0x00, 0x04, 0x00, 0x62, 0x24,
	0x28, 0x00, 0xa2, 0xaf, 0x00, 0x00, 0x62, 0x8c,
	0x00, 0x00, 0x00, 0x00, 0x18, 0x00, 0xa2, 0xaf,
	0x28, 0x00, 0xb1, 0x8f, 0x30, 0x00, 0xa2, 0x8f,
	0x00, 0x00, 0x00, 0x00, 0x00, 0x1a, 0x02, 0x00,
	0x2c, 0x00, 0xa2, 0x8f, 0x00, 0x00, 0x00, 0x00,
	0x20, 0x90, 0x62, 0x00, 0x34, 0x00, 0xa3, 0x8f,
	0x00, 0x00, 0x00, 0x00, 0xc0, 0x10, 0x03, 0x00,
	0x22, 0x10, 0x43, 0x00, 0x80, 0x10, 0x02, 0x00,
	0x21, 0x10, 0x22, 0x02, 0x14, 0x00, 0x42, 0x8c,
	0x00, 0x00, 0x00, 0x00, 0x1c, 0x00, 0xa2, 0xaf,
	0x34, 0x00, 0xa3, 0x8f, 0x00, 0x00, 0x00, 0x00,
	0xc0, 0x10, 0x03, 0x00, 0x22, 0x10, 0x43, 0x00,
	0x80, 0x10, 0x02, 0x00, 0x21, 0x10, 0x22, 0x02,
	0x10, 0x00, 0x50, 0x8c, 0x14, 0x00, 0xa0, 0xaf,
	0x2e, 0x00, 0x00, 0x10, 0x00, 0x00, 0x00, 0x00,
	0x00, 0x00, 0x02, 0x8e, 0x00, 0x00, 0x00, 0x00,
	0x02, 0x16, 0x02, 0x00, 0xff, 0x00, 0x42, 0x30,
	0x27, 0x00, 0xa2, 0xa3, 0x27, 0x00, 0xa2, 0x93,
	0x00, 0x00, 0x00, 0x00, 0x04, 0x00, 0x42, 0x30,
	0x2a, 0x00, 0x40, 0x10, 0x00, 0x00, 0x00, 0x00,
	0x00, 0x00, 0x02, 0x8e, 0x00, 0x00, 0x00, 0x00,
	0x00, 0xff, 0x42, 0x30, 0x02, 0x12, 0x02, 0x00,
	0x01, 0x00, 0x42, 0x24, 0x20, 0x00, 0xa2, 0xaf,
	0x04, 0x00, 0x02, 0x8e, 0x00, 0x00, 0x00, 0x00,
	0x21, 0x10, 0x52, 0x00, 0x04, 0x00, 0x02, 0xae,
	0x08, 0x00, 0x02, 0x8e, 0x00, 0x00, 0x00, 0x00,
	0x21, 0x10, 0x52, 0x00, 0x08, 0x00, 0x02, 0xae,
	0x0c, 0x00, 0x02, 0x8e, 0x00, 0x00, 0x00, 0x00,
	0x21, 0x10, 0x52, 0x00, 0x0c, 0x00, 0x02, 0xae,
	0x27, 0x00, 0xa2, 0x93, 0x00, 0x00, 0x00, 0x00,
	0x08, 0x00, 0x42, 0x30, 0x05, 0x00, 0x40, 0x10,
	0x00, 0x00, 0x00, 0x00, 0x10, 0x00, 0x02, 0x8e,
	0x00, 0x00, 0x00, 0x00, 0x21, 0x10, 0x52, 0x00,
	0x10, 0x00, 0x02, 0xae, 0x20, 0x00, 0xa2, 0x8f,
	0x00, 0x00, 0x00, 0x00, 0x80, 0x10, 0x02, 0x00,
	0x20, 0x80, 0x02, 0x02, 0x14, 0x00, 0xa2, 0x8f,
	0x00, 0x00, 0x00, 0x00, 0x01, 0x00, 0x42, 0x20,
	0x14, 0x00, 0xa2, 0xaf, 0x14, 0x00, 0xa3, 0x8f,
	0x1c, 0x00, 0xa2, 0x8f, 0x00, 0x00, 0x00, 0x00,
	0x2a, 0x08, 0x62, 0x00, 0xce, 0xff, 0x20, 0x14,
	0x00, 0x00, 0x00, 0x00, 0x08, 0x00, 0xb2, 0x8f,
	0x04, 0x00, 0xb1, 0x8f, 0x00, 0x00, 0xb0, 0x8f,
	0x28, 0x00, 0xbd, 0x27, 0x08, 0x00, 0xe0, 0x03,
	0x00, 0x00, 0x00, 0x00, 0xe8, 0xff, 0xbd, 0x27,
	0x14, 0x00, 0xbf, 0xaf, 0x10, 0x00, 0xb0, 0xaf,
	0x34, 0x96, 0x80, 0xa7, 0x03, 0x80, 0x02, 0x3c,
	0x00, 0x80, 0x42, 0x34, 0x30, 0x96, 0x82, 0xaf,
	0xdc, 0x8c, 0x84, 0x8f, 0x30, 0x96, 0x85, 0x8f,
	0x2a, 0x8c, 0x02, 0x0c, 0x00, 0x00, 0x00, 0x00,
	0x30, 0x96, 0x82, 0x8f, 0x00, 0x00, 0x00, 0x00,
	0x04, 0x00, 0x44, 0x24, 0x6f, 0x5b, 0x02, 0x0c,
	0x00, 0x00, 0x00, 0x00, 0x21, 0x80, 0x00, 0x00,
	0x2c, 0x00, 0x00, 0x10, 0x00, 0x00, 0x00, 0x00,
	0x30, 0x96, 0x84, 0x8f, 0x00, 0x11, 0x10, 0x00,
	0x20, 0x10, 0x50, 0x00, 0xc0, 0x18, 0x02, 0x00,
	0x08, 0x80, 0x02, 0x3c, 0x98, 0x60, 0x42, 0x24,
	0x21, 0x28, 0x43, 0x00, 0x0c, 0x00, 0x84, 0x24,
	0x21, 0x30, 0x00, 0x02, 0x17, 0x62, 0x02, 0x0c,
	0x00, 0x00, 0x00, 0x00, 0x00, 0x11, 0x10, 0x00,
	0x20, 0x10, 0x50, 0x00, 0xc0, 0x18, 0x02, 0x00,
	0x08, 0x80, 0x02, 0x3c, 0x98, 0x60, 0x42, 0x24,
	0x21, 0x10, 0x43, 0x00, 0x21, 0x20, 0x00, 0x00,
	0x10, 0x00, 0x45, 0x24, 0x6f, 0x5a, 0x02, 0x0c,
	0x00, 0x00, 0x00, 0x00, 0x00, 0x11, 0x10, 0x00,
	0x20, 0x10, 0x50, 0x00, 0xc0, 0x18, 0x02, 0x00,
	0x08, 0x80, 0x02, 0x3c, 0x98, 0x60, 0x42, 0x24,
	0x21, 0x10, 0x43, 0x00, 0x00, 0x00, 0x40, 0xac,
	0x00, 0x11, 0x10, 0x00, 0x20, 0x10, 0x50, 0x00,
	0xc0, 0x18, 0x02, 0x00, 0x08, 0x80, 0x02, 0x3c,
	0x98, 0x60, 0x42, 0x24, 0x21, 0x10, 0x43, 0x00,
	0x10, 0x00, 0x44, 0x24, 0x00, 0x11, 0x10, 0x00,
	0x20, 0x10, 0x50, 0x00, 0xc0, 0x18, 0x02, 0x00,
	0x08, 0x80, 0x02, 0x3c, 0x98, 0x60, 0x42, 0x24,
	0x21, 0x10, 0x43, 0x00, 0x04, 0x00, 0x44, 0xac,
	0x01, 0x00, 0x10, 0x22, 0x04, 0x00, 0x01, 0x2a,
	0xd3, 0xff, 0x20, 0x14, 0x00, 0x00, 0x00, 0x00,
	0x21, 0x80, 0x00, 0x00, 0x4f, 0x00, 0x00, 0x10,
	0x00, 0x00, 0x00, 0x00, 0x00, 0x10, 0x04, 0x24,
	0x00, 0x11, 0x10, 0x00, 0x20, 0x10, 0x50, 0x00,
	0xc0, 0x18, 0x02, 0x00, 0x08, 0x80, 0x02, 0x3c,
	0x98, 0x60, 0x42, 0x24, 0x21, 0x10, 0x43, 0x00,
	0x60, 0x00, 0x44, 0xac, 0x00, 0x10, 0x04, 0x24,
	0x00, 0x11, 0x10, 0x00, 0x20, 0x10, 0x50, 0x00,
	0xc0, 0x18, 0x02, 0x00, 0x08, 0x80, 0x02, 0x3c,
	0x98, 0x60, 0x42, 0x24, 0x21, 0x10, 0x43, 0x00,
	0x64, 0x00, 0x44, 0xac, 0x00, 0x10, 0x04, 0x24,
	0x00, 0x11, 0x10, 0x00, 0x20, 0x10, 0x50, 0x00,
	0xc0, 0x18, 0x02, 0x00, 0x08, 0x80, 0x02, 0x3c,
	0x98, 0x60, 0x42, 0x24, 0x21, 0x10, 0x43, 0x00,
	0x68, 0x00, 0x44, 0xac, 0x00, 0x11, 0x10, 0x00,
	0x20, 0x10, 0x50, 0x00, 0xc0, 0x18, 0x02, 0x00,
	0x08, 0x80, 0x02, 0x3c, 0x98, 0x60, 0x42, 0x24,
	0x21, 0x10, 0x43, 0x00, 0x70, 0x00, 0x40, 0xa4,
	0x00, 0x11, 0x10, 0x00, 0x20, 0x10, 0x50, 0x00,
	0xc0, 0x18, 0x02, 0x00, 0x08, 0x80, 0x02, 0x3c,
	0x98, 0x60, 0x42, 0x24, 0x21, 0x10, 0x43, 0x00,
	0x72, 0x00, 0x40, 0xa4, 0x00, 0x11, 0x10, 0x00,
	0x20, 0x10, 0x50, 0x00, 0xc0, 0x18, 0x02, 0x00,
	0x08, 0x80, 0x02, 0x3c, 0x98, 0x60, 0x42, 0x24,
	0x21, 0x10, 0x43, 0x00, 0x74, 0x00, 0x40, 0xa4,
	0xe8, 0x03, 0x04, 0x24, 0x00, 0x11, 0x10, 0x00,
	0x20, 0x10, 0x50, 0x00, 0xc0, 0x18, 0x02, 0x00,
	0x08, 0x80, 0x02, 0x3c, 0x98, 0x60, 0x42, 0x24,
	0x21, 0x10, 0x43, 0x00, 0x78, 0x00, 0x44, 0xac,
	0x78, 0x00, 0x04, 0x24, 0x00, 0x11, 0x10, 0x00,
	0x20, 0x10, 0x50, 0x00, 0xc0, 0x18, 0x02, 0x00,
	0x08, 0x80, 0x02, 0x3c, 0x98, 0x60, 0x42, 0x24,
	0x21, 0x10, 0x43, 0x00, 0x7c, 0x00, 0x44, 0xac,
	0x80, 0x02, 0x04, 0x24, 0x00, 0x11, 0x10, 0x00,
	0x20, 0x10, 0x50, 0x00, 0xc0, 0x18, 0x02, 0x00,
	0x08, 0x80, 0x02, 0x3c, 0x98, 0x60, 0x42, 0x24,
	0x21, 0x10, 0x43, 0x00, 0x80, 0x00, 0x44, 0xac,
	0x00, 0x11, 0x10, 0x00, 0x20, 0x10, 0x50, 0x00,
	0xc0, 0x18, 0x02, 0x00, 0x08, 0x80, 0x02, 0x3c,
	0x98, 0x60, 0x42, 0x24, 0x21, 0x20, 0x43, 0x00,
	0x6f, 0x22, 0x03, 0x0c, 0x00, 0x00, 0x00, 0x00,
	0x01, 0x00, 0x10, 0x22, 0x04, 0x00, 0x01, 0x2a,
	0xb0, 0xff, 0x20, 0x14, 0x00, 0x00, 0x00, 0x00,
	0x14, 0x00, 0xbf, 0x8f, 0x10, 0x00, 0xb0, 0x8f,
	0x18, 0x00, 0xbd, 0x27, 0x08, 0x00, 0xe0, 0x03,
	0x00, 0x00, 0x00, 0x00, 0xa8, 0xff, 0xbd, 0x27,
	0x14, 0x00, 0xbf, 0xaf, 0x10, 0x00, 0xb0, 0xaf,
	0x00, 0x02, 0x04, 0x24, 0x8b, 0x5b, 0x02, 0x0c,
	0x00, 0x00, 0x00, 0x00, 0x08, 0x80, 0x18, 0x3c,
	0xe8, 0x42, 0x18, 0x27, 0x14, 0x80, 0x0f, 0x3c,
	0x04, 0xdf, 0xef, 0x25, 0x08, 0x00, 0x19, 0x24,
	0x00, 0x00, 0x0e, 0x8f, 0x04, 0x00, 0x18, 0x27,
	0xff, 0xff, 0x39, 0x27, 0x00, 0x00, 0xee, 0xad,
	0x04, 0x00, 0xef, 0x25, 0xfa, 0xff, 0x20, 0x1f,
	0x00, 0x00, 0x00, 0x00, 0xa8, 0x94, 0x83, 0x8f,
	0x00, 0x00, 0x00, 0x00, 0x80, 0x10, 0x03, 0x00,
	0x20, 0x10, 0x43, 0x00, 0x80, 0x18, 0x02, 0x00,
	0x08, 0x80, 0x02, 0x3c, 0xfc, 0x4f, 0x42, 0x24,
	0x21, 0x30, 0x43, 0x00, 0x21, 0x20, 0x00, 0x00,
	0x04, 0x00, 0x05, 0x24, 0x27, 0x5d, 0x02, 0x0c,
	0x00, 0x00, 0x00, 0x00, 0x21, 0x80, 0x00, 0x00,
	0x25, 0x00, 0x00, 0x10, 0x00, 0x00, 0x00, 0x00,
	0x00, 0x11, 0x10, 0x00, 0x20, 0x10, 0x50, 0x00,
	0xc0, 0x18, 0x02, 0x00, 0x08, 0x80, 0x02, 0x3c,
	0x98, 0x60, 0x42, 0x24, 0x21, 0x10, 0x43, 0x00,
	0x04, 0x00, 0x44, 0x8c, 0x18, 0x00, 0xa5, 0x27,
	0x38, 0x00, 0xa6, 0x27, 0x4f, 0x61, 0x02, 0x0c,
	0x00, 0x00, 0x00, 0x00, 0x18, 0x00, 0xa4, 0x27,
	0x97, 0x5a, 0x02, 0x0c, 0x00, 0x00, 0x00, 0x00,
	0x38, 0x00, 0xa4, 0x27, 0x8b, 0x5a, 0x02, 0x0c,
	0x00, 0x00, 0x00, 0x00, 0x00, 0x11, 0x10, 0x00,
	0x20, 0x10, 0x50, 0x00, 0xc0, 0x18, 0x02, 0x00,
	0x08, 0x80, 0x02, 0x3c, 0x98, 0x60, 0x42, 0x24,
	0x21, 0x20, 0x43, 0x00, 0xa8, 0x94, 0x83, 0x8f,
	0x00, 0x00, 0x00, 0x00, 0x80, 0x10, 0x03, 0x00,
	0x20, 0x10, 0x43, 0x00, 0x80, 0x18, 0x02, 0x00,
	0x08, 0x80, 0x02, 0x3c, 0xfc, 0x4f, 0x42, 0x24,
	0x21, 0x28, 0x43, 0x00, 0x80, 0x1f, 0x07, 0x3c,
	0x09, 0x00, 0x06, 0x24, 0x7b, 0x62, 0x02, 0x0c,
	0x00, 0x00, 0x00, 0x00, 0x01, 0x00, 0x10, 0x22,
	0x04, 0x00, 0x01, 0x2a, 0xda, 0xff, 0x20, 0x14,
	0x00, 0x00, 0x00, 0x00, 0xa8, 0x94, 0x83, 0x8f,
	0x00, 0x00, 0x00, 0x00, 0x80, 0x10, 0x03, 0x00,
	0x20, 0x10, 0x43, 0x00, 0x80, 0x18, 0x02, 0x00,
	0x08, 0x80, 0x02, 0x3c, 0xfc, 0x4f, 0x42, 0x24,
	0x21, 0x20, 0x43, 0x00, 0xbc, 0x94, 0x85, 0x8f,
	0x3f, 0x5d, 0x02, 0x0c, 0x00, 0x00, 0x00, 0x00,
	0xb8, 0x94, 0x84, 0x8f, 0x8b, 0x5b, 0x02, 0x0c,
	0x00, 0x00, 0x00, 0x00, 0x17, 0x80, 0x04, 0x3c,
	0xd8, 0x4b, 0x84, 0x24, 0x9f, 0x5e, 0x02, 0x0c,
	0x00, 0x00, 0x00, 0x00, 0x14, 0x00, 0xbf, 0x8f,
	0x10, 0x00, 0xb0, 0x8f, 0x58, 0x00, 0xbd, 0x27,
	0x08, 0x00, 0xe0, 0x03, 0x00, 0x00, 0x00, 0x00,
	0xe8, 0xff, 0xbd, 0x27, 0x14, 0x00, 0xbf, 0xaf,
	0x10, 0x00, 0xb0, 0xaf, 0x34, 0x96, 0x82, 0x87,
	0x00, 0x00, 0x00, 0x00, 0x01, 0x00, 0x42, 0x20,
	0x34, 0x96, 0x82, 0xa7, 0x21, 0x80, 0x00, 0x00,
	0x42, 0x00, 0x00, 0x10, 0x00, 0x00, 0x00, 0x00,
	0x34, 0x96, 0x83, 0x87, 0x80, 0x10, 0x10, 0x00,
	0x20, 0x10, 0x50, 0x00, 0x2a, 0x08, 0x43, 0x00,
	0x33, 0x00, 0x20, 0x10, 0x00, 0x00, 0x00, 0x00,
	0x00, 0x11, 0x10, 0x00, 0x20, 0x10, 0x50, 0x00,
	0xc0, 0x18, 0x02, 0x00, 0x08, 0x80, 0x02, 0x3c,
	0x98, 0x60, 0x42, 0x24, 0x21, 0x10, 0x43, 0x00,
	0x78, 0x00, 0x44, 0x8c, 0x40, 0x18, 0x10, 0x00,
	0xe0, 0x8c, 0x82, 0x27, 0x21, 0x10, 0x43, 0x00,
	0x00, 0x00, 0x42, 0x84, 0x00, 0x00, 0x00, 0x00,
	0x25, 0x00, 0x82, 0x10, 0x00, 0x00, 0x00, 0x00,
	0x00, 0x11, 0x10, 0x00, 0x20, 0x10, 0x50, 0x00,
	0xc0, 0x18, 0x02, 0x00, 0x08, 0x80, 0x02, 0x3c,
	0x98, 0x60, 0x42, 0x24, 0x21, 0x18, 0x43, 0x00,
	0x78, 0x00, 0x62, 0x8c, 0x00, 0x00, 0x00, 0x00,
	0x38, 0xff, 0x42, 0x20, 0x78, 0x00, 0x62, 0xac,
	0x00, 0x11, 0x10, 0x00, 0x20, 0x10, 0x50, 0x00,
	0xc0, 0x18, 0x02, 0x00, 0x08, 0x80, 0x02, 0x3c,
	0x98, 0x60, 0x42, 0x24, 0x21, 0x10, 0x43, 0x00,
	0x78, 0x00, 0x44, 0x8c, 0x40, 0x18, 0x10, 0x00,
	0xe0, 0x8c, 0x82, 0x27, 0x21, 0x10, 0x43, 0x00,
	0x00, 0x00, 0x42, 0x84, 0x00, 0x00, 0x00, 0x00,
	0x2a, 0x08, 0x82, 0x00, 0x0c, 0x00, 0x20, 0x10,
	0x00, 0x00, 0x00, 0x00, 0x40, 0x18, 0x10, 0x00,
	0xe0, 0x8c, 0x82, 0x27, 0x21, 0x10, 0x43, 0x00,
	0x00, 0x00, 0x44, 0x84, 0x00, 0x11, 0x10, 0x00,
	0x20, 0x10, 0x50, 0x00, 0xc0, 0x18, 0x02, 0x00,
	0x08, 0x80, 0x02, 0x3c, 0x98, 0x60, 0x42, 0x24,
	0x21, 0x10, 0x43, 0x00, 0x78, 0x00, 0x44, 0xac,
	0x00, 0x11, 0x10, 0x00, 0x20, 0x10, 0x50, 0x00,
	0xc0, 0x18, 0x02, 0x00, 0x08, 0x80, 0x02, 0x3c,
	0x98, 0x60, 0x42, 0x24, 0x21, 0x20, 0x43, 0x00,
	0x6f, 0x22, 0x03, 0x0c, 0x00, 0x00, 0x00, 0x00,
	0x01, 0x00, 0x10, 0x22, 0x04, 0x00, 0x01, 0x2a,
	0xbd, 0xff, 0x20, 0x14, 0x00, 0x00, 0x00, 0x00,
	0x14, 0x00, 0xbf, 0x8f, 0x10, 0x00, 0xb0, 0x8f,
	0x18, 0x00, 0xbd, 0x27, 0x08, 0x00, 0xe0, 0x03,
	0x00, 0x00, 0x00, 0x00, 0xe8, 0xff, 0xbd, 0x27,
	0x10, 0x00, 0xbf, 0xaf, 0x9d, 0x01, 0x04, 0x24,
	0x21, 0x28, 0x00, 0x00, 0x07, 0x80, 0x06, 0x3c,
	0xac, 0x0a, 0xc6, 0x24, 0x07, 0x80, 0x07, 0x3c,
	0x30, 0x09, 0xe7, 0x24, 0x8b, 0x8a, 0x02, 0x0c,
	0x00, 0x00, 0x00, 0x00, 0x10, 0x00, 0xbf, 0x8f,
	0x18, 0x00, 0xbd, 0x27, 0x08, 0x00, 0xe0, 0x03,
	0x00, 0x00, 0x00, 0x00, 0x34, 0x96, 0x82, 0x87,
	0x00, 0x00, 0x00, 0x00, 0x51, 0x00, 0x41, 0x28,
	0x04, 0x00, 0x20, 0x14, 0x00, 0x00, 0x00, 0x00,
	0x01, 0x00, 0x02, 0x24, 0x02, 0x00, 0x00, 0x10,
	0x00, 0x00, 0x00, 0x00, 0x21, 0x10, 0x00, 0x00,
	0x08, 0x00, 0xe0, 0x03, 0x00, 0x00, 0x00, 0x00,
	0xe8, 0xff, 0xbd, 0x27, 0x10, 0x00, 0xbf, 0xaf,
	0x9d, 0x01, 0x04, 0x24, 0x21, 0x28, 0x00, 0x00,
	0xcd, 0x8a, 0x02, 0x0c, 0x00, 0x00, 0x00, 0x00,
	0x10, 0x00, 0xbf, 0x8f, 0x18, 0x00, 0xbd, 0x27,
	0x08, 0x00, 0xe0, 0x03, 0x00, 0x00, 0x00, 0x00,
	0xe0, 0xff, 0xbd, 0x27, 0x18, 0x00, 0xbf, 0xaf,
	0x14, 0x00, 0xb1, 0xaf, 0x10, 0x00, 0xb0, 0xaf,
	0x14, 0x00, 0x10, 0x24, 0x6b, 0x00, 0x00, 0x10,
	0x00, 0x00, 0x00, 0x00, 0x40, 0x1b, 0x10, 0x00,
	0x28, 0x00, 0x02, 0x24, 0x1a, 0x00, 0x62, 0x00,
	0x12, 0x10, 0x00, 0x00, 0xff, 0x0f, 0x42, 0x30,
	0x00, 0x24, 0x02, 0x00, 0x03, 0x24, 0x04, 0x00,
	0xec, 0xff, 0x02, 0x22, 0x40, 0x18, 0x02, 0x00,
	0x09, 0x80, 0x02, 0x3c, 0x24, 0x92, 0x42, 0x24,
	0x21, 0x10, 0x43, 0x00, 0x00, 0x00, 0x44, 0xa4,
	0xc0, 0x1a, 0x10, 0x00, 0x28, 0x00, 0x02, 0x24,
	0x1a, 0x00, 0x62, 0x00, 0x12, 0x10, 0x00, 0x00,
	0x00, 0x08, 0x42, 0x20, 0xff, 0x0f, 0x42, 0x30,
	0x00, 0x24, 0x02, 0x00, 0x03, 0x24, 0x04, 0x00,
	0xec, 0xff, 0x02, 0x22, 0x40, 0x18, 0x02, 0x00,
	0x09, 0x80, 0x02, 0x3c, 0xf8, 0x91, 0x42, 0x24,
	0x21, 0x10, 0x43, 0x00, 0x00, 0x00, 0x44, 0xa4,
	0x14, 0x00, 0x01, 0x2a, 0x26, 0x00, 0x20, 0x14,
	0x00, 0x00, 0x00, 0x00, 0x25, 0x00, 0x01, 0x2a,
	0x23, 0x00, 0x20, 0x10, 0x00, 0x00, 0x00, 0x00,
	0x24, 0x00, 0x02, 0x24, 0x22, 0x10, 0x50, 0x00,
	0x40, 0x18, 0x02, 0x00, 0x08, 0x80, 0x02, 0x3c,
	0x64, 0x43, 0x42, 0x24, 0x21, 0x10, 0x43, 0x00,
	0x00, 0x00, 0x42, 0x84, 0x00, 0x00, 0x00, 0x00,
	0x1a, 0xff, 0x42, 0x20, 0x00, 0x24, 0x02, 0x00,
	0x03, 0x24, 0x04, 0x00, 0xec, 0xff, 0x02, 0x22,
	0x40, 0x18, 0x02, 0x00, 0x09, 0x80, 0x02, 0x3c,
	0xcc, 0x91, 0x42, 0x24, 0x21, 0x10, 0x43, 0x00,
	0x00, 0x00, 0x44, 0xa4, 0x24, 0x00, 0x02, 0x24,
	0x22, 0x10, 0x50, 0x00, 0x40, 0x18, 0x02, 0x00,
	0x08, 0x80, 0x02, 0x3c, 0x64, 0x43, 0x42, 0x24,
	0x21, 0x10, 0x43, 0x00, 0x00, 0x00, 0x43, 0x84,
	0x18, 0x01, 0x02, 0x24, 0x22, 0x10, 0x43, 0x00,
	0x00, 0x24, 0x02, 0x00, 0x03, 0x24, 0x04, 0x00,
	0xec, 0xff, 0x02, 0x22, 0x40, 0x18, 0x02, 0x00,
	0x09, 0x80, 0x02, 0x3c, 0xa0, 0x91, 0x42, 0x24,
	0x21, 0x10, 0x43, 0x00, 0x00, 0x00, 0x44, 0xa4,
	0x25, 0x00, 0x01, 0x2a, 0x24, 0x00, 0x20, 0x14,
	0x00, 0x00, 0x00, 0x00, 0x29, 0x00, 0x01, 0x2a,
	0x21, 0x00, 0x20, 0x10, 0x00, 0x00, 0x00, 0x00,
	0xdc, 0xff, 0x02, 0x22, 0x40, 0x18, 0x02, 0x00,
	0x08, 0x80, 0x02, 0x3c, 0x64, 0x43, 0x42, 0x24,
	0x21, 0x10, 0x43, 0x00, 0x00, 0x00, 0x42, 0x84,
	0x00, 0x00, 0x00, 0x00, 0x1a, 0xff, 0x42, 0x20,
	0x00, 0x24, 0x02, 0x00, 0x03, 0x24, 0x04, 0x00,
	0xec, 0xff, 0x02, 0x22, 0x40, 0x18, 0x02, 0x00,
	0x09, 0x80, 0x02, 0x3c, 0xcc, 0x91, 0x42, 0x24,
	0x21, 0x10, 0x43, 0x00, 0x00, 0x00, 0x44, 0xa4,
	0xdc, 0xff, 0x02, 0x22, 0x40, 0x18, 0x02, 0x00,
	0x08, 0x80, 0x02, 0x3c, 0x64, 0x43, 0x42, 0x24,
	0x21, 0x10, 0x43, 0x00, 0x00, 0x00, 0x43, 0x84,
	0x18, 0x01, 0x02, 0x24, 0x22, 0x10, 0x43, 0x00,
	0x00, 0x24, 0x02, 0x00, 0x03, 0x24, 0x04, 0x00,
	0xec, 0xff, 0x02, 0x22, 0x40, 0x18, 0x02, 0x00,
	0x09, 0x80, 0x02, 0x3c, 0xa0, 0x91, 0x42, 0x24,
	0x21, 0x10, 0x43, 0x00, 0x00, 0x00, 0x44, 0xa4,
	0x01, 0x00, 0x10, 0x22, 0x29, 0x00, 0x01, 0x2a,
	0x94, 0xff, 0x20, 0x14, 0x00, 0x00, 0x00, 0x00,
	0x05, 0x00, 0x02, 0x24, 0x08, 0x80, 0x01, 0x3c,
	0xfc, 0x4f, 0x22, 0xac, 0x08, 0x80, 0x02, 0x3c,
	0x24, 0x50, 0x42, 0x24, 0x08, 0x80, 0x01, 0x3c,
	0x00, 0x50, 0x22, 0xac, 0x05, 0x00, 0x02, 0x24,
	0x08, 0x80, 0x01, 0x3c, 0x10, 0x50, 0x22, 0xac,
	0x08, 0x80, 0x02, 0x3c, 0xa4, 0x50, 0x42, 0x24,
	0x08, 0x80, 0x01, 0x3c, 0x14, 0x50, 0x22, 0xac,
	0x08, 0x80, 0x11, 0x3c, 0xa0, 0x69, 0x31, 0x26,
	0x08, 0x80, 0x04, 0x3c, 0x9c, 0x43, 0x84, 0x24,
	0x21, 0x28, 0x20, 0x02, 0x2a, 0x8c, 0x02, 0x0c,
	0x00, 0x00, 0x00, 0x00, 0x04, 0x00, 0x24, 0x26,
	0x6f, 0x5b, 0x02, 0x0c, 0x00, 0x00, 0x00, 0x00,
	0x21, 0x80, 0x00, 0x00, 0x2b, 0x00, 0x00, 0x10,
	0x00, 0x00, 0x00, 0x00, 0x00, 0x11, 0x10, 0x00,
	0x20, 0x10, 0x50, 0x00, 0xc0, 0x18, 0x02, 0x00,
	0x08, 0x80, 0x02, 0x3c, 0x60, 0x65, 0x42, 0x24,
	0x21, 0x28, 0x43, 0x00, 0x0c, 0x00, 0x24, 0x26,
	0x21, 0x30, 0x00, 0x02, 0x17, 0x62, 0x02, 0x0c,
	0x00, 0x00, 0x00, 0x00, 0x00, 0x11, 0x10, 0x00,
	0x20, 0x10, 0x50, 0x00, 0xc0, 0x18, 0x02, 0x00,
	0x08, 0x80, 0x02, 0x3c, 0x60, 0x65, 0x42, 0x24,
	0x21, 0x10, 0x43, 0x00, 0x21, 0x20, 0x00, 0x00,
	0x10, 0x00, 0x45, 0x24, 0x6f, 0x5a, 0x02, 0x0c,
	0x00, 0x00, 0x00, 0x00, 0x00, 0x11, 0x10, 0x00,
	0x20, 0x10, 0x50, 0x00, 0xc0, 0x18, 0x02, 0x00,
	0x08, 0x80, 0x02, 0x3c, 0x60, 0x65, 0x42, 0x24,
	0x21, 0x10, 0x43, 0x00, 0x00, 0x00, 0x40, 0xac,
	0x00, 0x11, 0x10, 0x00, 0x20, 0x10, 0x50, 0x00,
	0xc0, 0x18, 0x02, 0x00, 0x08, 0x80, 0x02, 0x3c,
	0x60, 0x65, 0x42, 0x24, 0x21, 0x10, 0x43, 0x00,
	0x10, 0x00, 0x44, 0x24, 0x00, 0x11, 0x10, 0x00,
	0x20, 0x10, 0x50, 0x00, 0xc0, 0x18, 0x02, 0x00,
	0x08, 0x80, 0x02, 0x3c, 0x60, 0x65, 0x42, 0x24,
	0x21, 0x10, 0x43, 0x00, 0x04, 0x00, 0x44, 0xac,
	0x01, 0x00, 0x10, 0x22, 0x08, 0x00, 0x01, 0x2a,
	0xd4, 0xff, 0x20, 0x14, 0x00, 0x00, 0x00, 0x00,
	0x04, 0x00, 0x10, 0x24, 0x4e, 0x00, 0x00, 0x10,
	0x00, 0x00, 0x00, 0x00, 0x00, 0x10, 0x04, 0x24,
	0x00, 0x11, 0x10, 0x00, 0x20, 0x10, 0x50, 0x00,
	0xc0, 0x18, 0x02, 0x00, 0x08, 0x80, 0x02, 0x3c,
	0x60, 0x65, 0x42, 0x24, 0x21, 0x10, 0x43, 0x00,
	0x60, 0x00, 0x44, 0xac, 0x00, 0x10, 0x04, 0x24,
	0x00, 0x11, 0x10, 0x00, 0x20, 0x10, 0x50, 0x00,
	0xc0, 0x18, 0x02, 0x00, 0x08, 0x80, 0x02, 0x3c,
	0x60, 0x65, 0x42, 0x24, 0x21, 0x10, 0x43, 0x00,
	0x64, 0x00, 0x44, 0xac, 0x00, 0x10, 0x04, 0x24,
	0x00, 0x11, 0x10, 0x00, 0x20, 0x10, 0x50, 0x00,
	0xc0, 0x18, 0x02, 0x00, 0x08, 0x80, 0x02, 0x3c,
	0x60, 0x65, 0x42, 0x24, 0x21, 0x10, 0x43, 0x00,
	0x68, 0x00, 0x44, 0xac, 0x00, 0x11, 0x10, 0x00,
	0x20, 0x10, 0x50, 0x00, 0xc0, 0x18, 0x02, 0x00,
	0x08, 0x80, 0x02, 0x3c, 0x60, 0x65, 0x42, 0x24,
	0x21, 0x10, 0x43, 0x00, 0x70, 0x00, 0x40, 0xa4,
	0x00, 0x11, 0x10, 0x00, 0x20, 0x10, 0x50, 0x00,
	0xc0, 0x18, 0x02, 0x00, 0x08, 0x80, 0x02, 0x3c,
	0x60, 0x65, 0x42, 0x24, 0x21, 0x10, 0x43, 0x00,
	0x72, 0x00, 0x40, 0xa4, 0x00, 0x11, 0x10, 0x00,
	0x20, 0x10, 0x50, 0x00, 0xc0, 0x18, 0x02, 0x00,
	0x08, 0x80, 0x02, 0x3c, 0x60, 0x65, 0x42, 0x24,
	0x21, 0x10, 0x43, 0x00, 0x74, 0x00, 0x40, 0xa4,
	0x00, 0x11, 0x10, 0x00, 0x20, 0x10, 0x50, 0x00,
	0xc0, 0x18, 0x02, 0x00, 0x08, 0x80, 0x02, 0x3c,
	0x60, 0x65, 0x42, 0x24, 0x21, 0x10, 0x43, 0x00,
	0x78, 0x00, 0x40, 0xac, 0x44, 0xfd, 0x04, 0x24,
	0x00, 0x11, 0x10, 0x00, 0x20, 0x10, 0x50, 0x00,
	0xc0, 0x18, 0x02, 0x00, 0x08, 0x80, 0x02, 0x3c,
	0x60, 0x65, 0x42, 0x24, 0x21, 0x10, 0x43, 0x00,
	0x7c, 0x00, 0x44, 0xac, 0xdc, 0x00, 0x04, 0x24,
	0x00, 0x11, 0x10, 0x00, 0x20, 0x10, 0x50, 0x00,
	0xc0, 0x18, 0x02, 0x00, 0x08, 0x80, 0x02, 0x3c,
	0x60, 0x65, 0x42, 0x24, 0x21, 0x10, 0x43, 0x00,
	0x80, 0x00, 0x44, 0xac, 0x00, 0x11, 0x10, 0x00,
	0x20, 0x10, 0x50, 0x00,
};

PositionDataRaw STD_VERSUS_MODEL_OBJECTS[9] = {
	{
		{
			0xc0, 0x18, 0x02, 0x00, 0x08, 0x80, 0x02, 0x3c,
			0x60, 0x65, 0x42, 0x24, 0x21, 0x20, 0x43, 0x00,
			0x6f, 0x22, 0x03, 0x0c, 0x00, 0x00, 0x00, 0x00,
			0x01, 0x00, 0x10, 0x22, 0x08, 0x00, 0x01, 0x2a,
			0xb1, 0xff, 0x20, 0x14, 0x00, 0x00, 0x00, 0x00,
			0x18, 0x00, 0xbf, 0x8f, 0x14, 0x00, 0xb1, 0x8f,
			0x10, 0x00, 0xb0, 0x8f, 0x20, 0x00, 0xbd, 0x27,
			0x08, 0x00, 0xe0, 0x03, 0x00, 0x00, 0x00, 0x00,
			0xd0, 0xff, 0xbd, 0x27, 0x1c, 0x00, 0xbf, 0xaf,
			0x18, 0x00, 0xb2, 0xaf, 0x14, 0x00, 0xb1, 0xaf,
			0x10, 0x00, 0xb0, 0xaf, 0x3c, 0x96, 0x80, 0xaf,
			0x00, 0x0a, 0x02, 0x24, 0x28, 0x00, 0xa2, 0xaf,
			0x28, 0x00, 0x12, 0x24, 0x2c, 0x00, 0xa0, 0xaf,
			0x01, 0x00, 0x10, 0x24, 0x1b, 0x00, 0x00, 0x10,
			0x00, 0x00, 0x00, 0x00, 0x18, 0x00, 0x10, 0x02,
			0x12, 0x18, 0x00, 0x00, 0x28, 0x00, 0xa2, 0x8f,
			0x00, 0x00, 0x00, 0x00, 0x18, 0x00, 0x43, 0x00,
		},
	},
	{
		{
			0x12, 0x18, 0x00, 0x00, 0x00, 0x00, 0x00, 0x00,
			0x00, 0x00, 0x00, 0x00, 0x18, 0x00, 0x52, 0x02,
			0x12, 0x10, 0x00, 0x00, 0x00, 0x00, 0x00, 0x00,
			0x00, 0x00, 0x00, 0x00, 0x1a, 0x00, 0x62, 0x00,
			0x12, 0x18, 0x00, 0x00, 0x2c, 0x00, 0xa2, 0x8f,
			0x00, 0x00, 0x00, 0x00, 0x20, 0x10, 0x43, 0x00,
			0x00, 0x24, 0x02, 0x00, 0x03, 0x24, 0x04, 0x00,
			0xff, 0xff, 0x02, 0x22, 0x40, 0x18, 0x02, 0x00,
			0x09, 0x80, 0x02, 0x3c, 0x50, 0x92, 0x42, 0x24,
			0x21, 0x10, 0x43, 0x00, 0x00, 0x00, 0x44, 0xa4,
			0x01, 0x00, 0x10, 0x22, 0x2a, 0x08, 0x50, 0x02,
			0xe4, 0xff, 0x20, 0x10, 0x00, 0x00, 0x00, 0x00,
			0x21, 0x80, 0x00, 0x00, 0x13, 0x00, 0x00, 0x10,
			0x00, 0x00, 0x00, 0x00, 0x26, 0x00, 0x02, 0x24,
			0x22, 0x10, 0x50, 0x00, 0x40, 0x18, 0x02, 0x00,
			0x09, 0x80, 0x02, 0x3c, 0x50, 0x92, 0x42, 0x24,
			0x21, 0x10, 0x43, 0x00, 0x00, 0x00, 0x43, 0x84,
		},
	},
	{
		{
			0x00, 0x14, 0x02, 0x24, 0x22, 0x10, 0x43, 0x00,
			0x00, 0x24, 0x02, 0x00, 0x03, 0x24, 0x04, 0x00,
			0x28, 0x00, 0x02, 0x22, 0x40, 0x18, 0x02, 0x00,
			0x09, 0x80, 0x02, 0x3c, 0x50, 0x92, 0x42, 0x24,
			0x21, 0x10, 0x43, 0x00, 0x00, 0x00, 0x44, 0xa4,
			0x01, 0x00, 0x10, 0x22, 0xff, 0xff, 0x42, 0x22,
			0x2a, 0x08, 0x02, 0x02, 0xeb, 0xff, 0x20, 0x14,
			0x00, 0x00, 0x00, 0x00, 0x08, 0x80, 0x11, 0x3c,
			0xa0, 0x69, 0x31, 0x26, 0x08, 0x80, 0x04, 0x3c,
			0xb4, 0x43, 0x84, 0x24, 0x21, 0x28, 0x20, 0x02,
			0x2a, 0x8c, 0x02, 0x0c, 0x00, 0x00, 0x00, 0x00,
			0x74, 0x95, 0x80, 0xaf, 0x04, 0x00, 0x24, 0x26,
			0x6f, 0x5b, 0x02, 0x0c, 0x00, 0x00, 0x00, 0x00,
			0x21, 0x80, 0x00, 0x00, 0x0e, 0x00, 0x00, 0x10,
			0x00, 0x00, 0x00, 0x00, 0x08, 0x00, 0x02, 0x24,
			0x22, 0x18, 0x50, 0x00, 0x80, 0x10, 0x03, 0x00,
			0x22, 0x10, 0x62, 0x00, 0xc0, 0x10, 0x02, 0x00,
		},
	},
	{
		{
			0x24, 0x00, 0xa2, 0xaf, 0x21, 0x20, 0x20, 0x02,
			0x24, 0x00, 0xa5, 0x8f, 0x30, 0x00, 0x06, 0x24,
			0x21, 0x38, 0x00, 0x02, 0x4c, 0xc1, 0x01, 0x0c,
			0x00, 0x00, 0x00, 0x00, 0x01, 0x00, 0x10, 0x22,
			0x09, 0x00, 0x01, 0x2a, 0xf1, 0xff, 0x20, 0x14,
			0x00, 0x00, 0x00, 0x00, 0x21, 0x80, 0x00, 0x00,
			0x2c, 0x00, 0x00, 0x10, 0x00, 0x00, 0x00, 0x00,
			0x00, 0x11, 0x10, 0x00, 0x20, 0x10, 0x50, 0x00,
			0xc0, 0x18, 0x02, 0x00, 0x08, 0x80, 0x02, 0x3c,
			0x98, 0x60, 0x42, 0x24, 0x21, 0x28, 0x43, 0x00,
			0x0c, 0x00, 0x24, 0x26, 0x21, 0x30, 0x00, 0x02,
			0x17, 0x62, 0x02, 0x0c, 0x00, 0x00, 0x00, 0x00,
			0x00, 0x11, 0x10, 0x00, 0x20, 0x10, 0x50, 0x00,
			0xc0, 0x18, 0x02, 0x00, 0x08, 0x80, 0x02, 0x3c,
			0x98, 0x60, 0x42, 0x24, 0x21, 0x10, 0x43, 0x00,
			0x21, 0x20, 0x00, 0x00, 0x10, 0x00, 0x45, 0x24,
			0x6f, 0x5a, 0x02, 0x0c, 0x00, 0x00, 0x00, 0x00,
		},
	},
	{
		{
			0x00, 0x80, 0x04, 0x3c, 0x00, 0x11, 0x10, 0x00,
			0x20, 0x10, 0x50, 0x00, 0xc0, 0x18, 0x02, 0x00,
			0x08, 0x80, 0x02, 0x3c, 0x98, 0x60, 0x42, 0x24,
			0x21, 0x10, 0x43, 0x00, 0x00, 0x00, 0x44, 0xac,
			0x00, 0x11, 0x10, 0x00, 0x20, 0x10, 0x50, 0x00,
			0xc0, 0x18, 0x02, 0x00, 0x08, 0x80, 0x02, 0x3c,
			0x98, 0x60, 0x42, 0x24, 0x21, 0x10, 0x43, 0x00,
			0x10, 0x00, 0x44, 0x24, 0x00, 0x11, 0x10, 0x00,
			0x20, 0x10, 0x50, 0x00, 0xc0, 0x18, 0x02, 0x00,
			0x08, 0x80, 0x02, 0x3c, 0x98, 0x60, 0x42, 0x24,
			0x21, 0x10, 0x43, 0x00, 0x04, 0x00, 0x44, 0xac,
			0x01, 0x00, 0x10, 0x22, 0x09, 0x00, 0x01, 0x2a,
			0xd3, 0xff, 0x20, 0x14, 0x00, 0x00, 0x00, 0x00,
			0x21, 0x80, 0x00, 0x00, 0x8c, 0x00, 0x00, 0x10,
			0x00, 0x00, 0x00, 0x00, 0x00, 0x10, 0x04, 0x24,
			0x00, 0x11, 0x10, 0x00, 0x20, 0x10, 0x50, 0x00,
			0xc0, 0x18, 0x02, 0x00, 0x08, 0x80, 0x02, 0x3c,
		},
	},
	{
		{
			0x98, 0x60, 0x42, 0x24, 0x21, 0x10, 0x43, 0x00,
			0x60, 0x00, 0x44, 0xac, 0x00, 0x20, 0x04, 0x24,
			0x00, 0x11, 0x10, 0x00, 0x20, 0x10, 0x50, 0x00,
			0xc0, 0x18, 0x02, 0x00, 0x08, 0x80, 0x02, 0x3c,
			0x98, 0x60, 0x42, 0x24, 0x21, 0x10, 0x43, 0x00,
			0x64, 0x00, 0x44, 0xac, 0x00, 0x10, 0x04, 0x24,
			0x00, 0x11, 0x10, 0x00, 0x20, 0x10, 0x50, 0x00,
			0xc0, 0x18, 0x02, 0x00, 0x08, 0x80, 0x02, 0x3c,
			0x98, 0x60, 0x42, 0x24, 0x21, 0x10, 0x43, 0x00,
			0x68, 0x00, 0x44, 0xac, 0x00, 0x11, 0x10, 0x00,
			0x20, 0x10, 0x50, 0x00, 0xc0, 0x18, 0x02, 0x00,
			0x08, 0x80, 0x02, 0x3c, 0x98, 0x60, 0x42, 0x24,
			0x21, 0x10, 0x43, 0x00, 0x70, 0x00, 0x40, 0xa4,
			0x00, 0x11, 0x10, 0x00, 0x20, 0x10, 0x50, 0x00,
			0xc0, 0x18, 0x02, 0x00, 0x08, 0x80, 0x02, 0x3c,
			0x98, 0x60, 0x42, 0x24, 0x21, 0x10, 0x43, 0x00,
			0x72, 0x00, 0x40, 0xa4, 0x00, 0x11, 0x10, 0x00,
		},
	},
	{
		{
			0x20, 0x10, 0x50, 0x00, 0xc0, 0x18, 0x02, 0x00,
			0x08, 0x80, 0x02, 0x3c, 0x98, 0x60, 0x42, 0x24,
			0x21, 0x10, 0x43, 0x00, 0x74, 0x00, 0x40, 0xa4,
			0x08, 0x00, 0x01, 0x24, 0x2b, 0x00, 0x01, 0x12,
			0x00, 0x00, 0x00, 0x00, 0x07, 0x00, 0x01, 0x24,
			0x1d, 0x00, 0x01, 0x12, 0x00, 0x00, 0x00, 0x00,
			0x06, 0x00, 0x01, 0x24, 0x0f, 0x00, 0x01, 0x12,
			0x00, 0x00, 0x00, 0x00, 0x05, 0x00, 0x01, 0x24,
			0x2d, 0x00, 0x01, 0x16, 0x00, 0x00, 0x00, 0x00,
			0xbe, 0x00, 0x02, 0x24, 0x08, 0x80, 0x01, 0x3c,
			0xb8, 0x63, 0x22, 0xac, 0xc8, 0x00, 0x02, 0x24,
			0x08, 0x80, 0x01, 0x3c, 0xbc, 0x63, 0x22, 0xac,
			0xbc, 0x07, 0x02, 0x24, 0x08, 0x80, 0x01, 0x3c,
			0xc0, 0x63, 0x22, 0xac, 0x3f, 0x00, 0x00, 0x10,
			0x00, 0x00, 0x00, 0x00, 0x68, 0x01, 0x02, 0x24,
			0x08, 0x80, 0x01, 0x3c, 0x40, 0x64, 0x22, 0xac,
			0xc8, 0x00, 0x02, 0x24, 0x08, 0x80, 0x01, 0x3c,
		},
	},
	{
		{
			0x44, 0x64, 0x22, 0xac, 0xbc, 0x07, 0x02, 0x24,
			0x08, 0x80, 0x01, 0x3c, 0x48, 0x64, 0x22, 0xac,
			0x34, 0x00, 0x00, 0x10, 0x00, 0x00, 0x00, 0x00,
			0x30, 0x02, 0x02, 0x24, 0x08, 0x80, 0x01, 0x3c,
			0xc8, 0x64, 0x22, 0xac, 0xc8, 0x00, 0x02, 0x24,
			0x08, 0x80, 0x01, 0x3c, 0xcc, 0x64, 0x22, 0xac,
			0xbc, 0x07, 0x02, 0x24, 0x08, 0x80, 0x01, 0x3c,
			0xd0, 0x64, 0x22, 0xac, 0x29, 0x00, 0x00, 0x10,
			0x00, 0x00, 0x00, 0x00, 0xe4, 0x02, 0x02, 0x24,
			0x08, 0x80, 0x01, 0x3c, 0x50, 0x65, 0x22, 0xac,
			0xc8, 0x00, 0x02, 0x24, 0x08, 0x80, 0x01, 0x3c,
			0x54, 0x65, 0x22, 0xac, 0xbc, 0x07, 0x02, 0x24,
			0x08, 0x80, 0x01, 0x3c, 0x58, 0x65, 0x22, 0xac,
			0x1e, 0x00, 0x00, 0x10, 0x00, 0x00, 0x00, 0x00,
			0x80, 0x10, 0x10, 0x00, 0x20, 0x18, 0x50, 0x00,
			0x80, 0x10, 0x03, 0x00, 0x20, 0x10, 0x62, 0x00,
			0xc0, 0x10, 0x02, 0x00, 0x08, 0xfd, 0x44, 0x20,
		},
	},
	{
		{
			0x00, 0x11, 0x10, 0x00, 0x20, 0x10, 0x50, 0x00,
			0xc0, 0x18, 0x02, 0x00, 0x08, 0x80, 0x02, 0x3c,
			0x98, 0x60, 0x42, 0x24, 0x21, 0x10, 0x43, 0x00,
			0x78, 0x00, 0x44, 0xac, 0xc8, 0x00, 0x04, 0x24,
			0x00, 0x11, 0x10, 0x00, 0x20, 0x10, 0x50, 0x00,
			0xc0, 0x18, 0x02, 0x00, 0x08, 0x80, 0x02, 0x3c,
			0x98, 0x60, 0x42, 0x24, 0x21, 0x10, 0x43, 0x00,
			0x7c, 0x00, 0x44, 0xac, 0xbc, 0x07, 0x04, 0x24,
			0x00, 0x11, 0x10, 0x00, 0x20, 0x10, 0x50, 0x00,
			0xc0, 0x18, 0x02, 0x00, 0x08, 0x80, 0x02, 0x3c,
			0x98, 0x60, 0x42, 0x24, 0x21, 0x10, 0x43, 0x00,
			0x80, 0x00, 0x44, 0xac, 0x00, 0x11, 0x10, 0x00,
			0x20, 0x10, 0x50, 0x00, 0xc0, 0x18, 0x02, 0x00,
			0x08, 0x80, 0x02, 0x3c, 0x98, 0x60, 0x42, 0x24,
			0x21, 0x20, 0x43, 0x00, 0x6f, 0x22, 0x03, 0x0c,
			0x00, 0x00, 0x00, 0x00, 0x01, 0x00, 0x10, 0x22,
			0x09, 0x00, 0x01, 0x2a, 0x73, 0xff, 0x20, 0x14,
		},
	},
};

PositionDataRaw STD_RESULT_MODEL_OBJECTS[8] = {
	{
		{
			0x00, 0x00, 0x00, 0x00, 0x03, 0x80, 0x02, 0x3c,
			0x00, 0x80, 0x42, 0x34, 0x38, 0x96, 0x82, 0xaf,
			0x91, 0x92, 0x82, 0x93, 0x6a, 0x00, 0x01, 0x24,
			0x08, 0x00, 0x41, 0x14, 0x00, 0x00, 0x00, 0x00,
			0x08, 0x80, 0x04, 0x3c, 0xc8, 0x43, 0x84, 0x24,
			0x38, 0x96, 0x85, 0x8f, 0x2a, 0x8c, 0x02, 0x0c,
			0x00, 0x00, 0x00, 0x00, 0x06, 0x00, 0x00, 0x10,
			0x00, 0x00, 0x00, 0x00, 0x08, 0x80, 0x04, 0x3c,
			0xdc, 0x43, 0x84, 0x24, 0x38, 0x96, 0x85, 0x8f,
			0x2a, 0x8c, 0x02, 0x0c, 0x00, 0x00, 0x00, 0x00,
			0x38, 0x96, 0x82, 0x8f, 0x00, 0x00, 0x00, 0x00,
			0x04, 0x00, 0x44, 0x24, 0x6f, 0x5b, 0x02, 0x0c,
			0x00, 0x00, 0x00, 0x00, 0x38, 0x96, 0x82, 0x8f,
			0x00, 0x00, 0x00, 0x00, 0x0c, 0x00, 0x44, 0x24,
			0x08, 0x80, 0x05, 0x3c, 0x60, 0x65, 0xa5, 0x24,
			0x21, 0x30, 0x00, 0x00, 0x17, 0x62, 0x02, 0x0c,
			0x00, 0x00, 0x00, 0x00, 0x21, 0x20, 0x00, 0x00,
		},
	},
	{
		{
			0x08, 0x80, 0x05, 0x3c, 0x70, 0x65, 0xa5, 0x24,
			0x6f, 0x5a, 0x02, 0x0c, 0x00, 0x00, 0x00, 0x00,
			0x08, 0x80, 0x01, 0x3c, 0x60, 0x65, 0x20, 0xac,
			0x08, 0x80, 0x02, 0x3c, 0x70, 0x65, 0x42, 0x24,
			0x08, 0x80, 0x01, 0x3c, 0x64, 0x65, 0x22, 0xac,
			0x00, 0x10, 0x02, 0x24, 0x08, 0x80, 0x01, 0x3c,
			0xc0, 0x65, 0x22, 0xac, 0x00, 0x10, 0x02, 0x24,
			0x08, 0x80, 0x01, 0x3c, 0xc4, 0x65, 0x22, 0xac,
			0x00, 0x10, 0x02, 0x24, 0x08, 0x80, 0x01, 0x3c,
			0xc8, 0x65, 0x22, 0xac, 0x08, 0x80, 0x01, 0x3c,
			0xd0, 0x65, 0x20, 0xa4, 0x08, 0x80, 0x01, 0x3c,
			0xd2, 0x65, 0x20, 0xa4, 0x08, 0x80, 0x01, 0x3c,
			0xd4, 0x65, 0x20, 0xa4, 0x08, 0x80, 0x01, 0x3c,
			0xd8, 0x65, 0x20, 0xac, 0xe2, 0xff, 0x02, 0x24,
			0x08, 0x80, 0x01, 0x3c, 0xdc, 0x65, 0x22, 0xac,
			0x08, 0x80, 0x01, 0x3c, 0xe0, 0x65, 0x20, 0xac,
			0x08, 0x80, 0x04, 0x3c, 0x60, 0x65, 0x84, 0x24,
		},
	},
	{
		{
			0x6f, 0x22, 0x03, 0x0c, 0x00, 0x00, 0x00, 0x00,
			0x1c, 0x00, 0xbf, 0x8f, 0x18, 0x00, 0xb2, 0x8f,
			0x14, 0x00, 0xb1, 0x8f, 0x10, 0x00, 0xb0, 0x8f,
			0x30, 0x00, 0xbd, 0x27, 0x08, 0x00, 0xe0, 0x03,
			0x00, 0x00, 0x00, 0x00, 0xe0, 0xff, 0xbd, 0x27,
			0x14, 0x00, 0xbf, 0xaf, 0x10, 0x00, 0xb0, 0xaf,
			0x40, 0x96, 0x80, 0xa3, 0x05, 0x00, 0x02, 0x24,
			0xe6, 0x94, 0x82, 0xa3, 0x14, 0x80, 0x01, 0x3c,
			0x70, 0xa4, 0x24, 0x8c, 0x21, 0x00, 0x05, 0x24,
			0x88, 0x22, 0x03, 0x0c, 0x00, 0x00, 0x00, 0x00,
			0x14, 0x80, 0x01, 0x3c, 0x70, 0xa4, 0x22, 0x8c,
			0x00, 0x00, 0x00, 0x00, 0x04, 0x00, 0x42, 0x8c,
			0x00, 0x00, 0x00, 0x00, 0x78, 0x00, 0x40, 0xac,
			0x14, 0x80, 0x01, 0x3c, 0x70, 0xa4, 0x22, 0x8c,
			0x00, 0x00, 0x00, 0x00, 0x04, 0x00, 0x42, 0x8c,
			0x00, 0x00, 0x00, 0x00, 0x7c, 0x00, 0x40, 0xac,
			0x14, 0x80, 0x01, 0x3c, 0x70, 0xa4, 0x22, 0x8c,
		},
	},
	{
		{
			0x00, 0x00, 0x00, 0x00, 0x04, 0x00, 0x42, 0x8c,
			0x00, 0x00, 0x00, 0x00, 0x80, 0x00, 0x40, 0xac,
			0xe2, 0xff, 0x03, 0x24, 0x14, 0x80, 0x01, 0x3c,
			0x70, 0xa4, 0x22, 0x8c, 0x00, 0x00, 0x00, 0x00,
			0x04, 0x00, 0x42, 0x8c, 0x00, 0x00, 0x00, 0x00,
			0x7c, 0x00, 0x43, 0xac, 0xf1, 0xff, 0x03, 0x3c,
			0x14, 0x80, 0x01, 0x3c, 0x70, 0xa4, 0x22, 0x8c,
			0x00, 0x00, 0x00, 0x00, 0x14, 0x00, 0x43, 0xac,
			0x14, 0x80, 0x01, 0x3c, 0x70, 0xa4, 0x22, 0x8c,
			0x00, 0x00, 0x00, 0x00, 0x10, 0x00, 0x40, 0xac,
			0x14, 0x80, 0x01, 0x3c, 0x70, 0xa4, 0x22, 0x8c,
			0x00, 0x00, 0x00, 0x00, 0x18, 0x00, 0x40, 0xac,
			0x00, 0x02, 0x03, 0x24, 0x14, 0x80, 0x01, 0x3c,
			0x70, 0xa4, 0x22, 0x8c, 0x00, 0x00, 0x00, 0x00,
			0x04, 0x00, 0x42, 0x8c, 0x00, 0x00, 0x00, 0x00,
			0x72, 0x00, 0x43, 0xa4, 0x1d, 0x6d, 0x01, 0x0c,
			0x00, 0x00, 0x00, 0x00, 0x34, 0x96, 0x80, 0xa7,
		},
	},
	{
		{
			0x78, 0x03, 0x02, 0x24, 0x18, 0x00, 0xa2, 0xa7,
			0x1a, 0x00, 0xa0, 0xa7, 0x06, 0x00, 0x02, 0x24,
			0x1c, 0x00, 0xa2, 0xa7, 0x30, 0x00, 0x02, 0x24,
			0x1e, 0x00, 0xa2, 0xa7, 0x21, 0x80, 0x00, 0x00,
			0x0f, 0x00, 0x00, 0x10, 0x00, 0x00, 0x00, 0x00,
			0x40, 0x18, 0x10, 0x00, 0x09, 0x80, 0x02, 0x3c,
			0xf0, 0x92, 0x42, 0x24, 0x21, 0x10, 0x43, 0x00,
			0x00, 0x00, 0x40, 0xa4, 0x40, 0x10, 0x10, 0x00,
			0x20, 0x10, 0x50, 0x00, 0x40, 0x10, 0x02, 0x00,
			0x48, 0x03, 0x45, 0x20, 0x18, 0x00, 0xa4, 0x27,
			0x30, 0x00, 0x06, 0x24, 0x84, 0x51, 0x02, 0x0c,
			0x00, 0x00, 0x00, 0x00, 0x01, 0x00, 0x10, 0x22,
			0x09, 0x00, 0x01, 0x2a, 0xf0, 0xff, 0x20, 0x14,
			0x00, 0x00, 0x00, 0x00, 0x14, 0x00, 0xbf, 0x8f,
			0x10, 0x00, 0xb0, 0x8f, 0x20, 0x00, 0xbd, 0x27,
			0x08, 0x00, 0xe0, 0x03, 0x00, 0x00, 0x00, 0x00,
			0xa8, 0xff, 0xbd, 0x27, 0x14, 0x00, 0xbf, 0xaf,
		},
	},
	{
		{
			0x10, 0x00, 0xb0, 0xaf, 0x00, 0x02, 0x04, 0x24,
			0x8b, 0x5b, 0x02, 0x0c, 0x00, 0x00, 0x00, 0x00,
			0x08, 0x80, 0x18, 0x3c, 0xe8, 0x42, 0x18, 0x27,
			0x14, 0x80, 0x0f, 0x3c, 0x04, 0xdf, 0xef, 0x25,
			0x08, 0x00, 0x19, 0x24, 0x00, 0x00, 0x0e, 0x8f,
			0x04, 0x00, 0x18, 0x27, 0xff, 0xff, 0x39, 0x27,
			0x00, 0x00, 0xee, 0xad, 0x04, 0x00, 0xef, 0x25,
			0xfa, 0xff, 0x20, 0x1f, 0x00, 0x00, 0x00, 0x00,
			0xa8, 0x94, 0x83, 0x8f, 0x00, 0x00, 0x00, 0x00,
			0x80, 0x10, 0x03, 0x00, 0x20, 0x10, 0x43, 0x00,
			0x80, 0x18, 0x02, 0x00, 0x08, 0x80, 0x02, 0x3c,
			0xfc, 0x4f, 0x42, 0x24, 0x21, 0x30, 0x43, 0x00,
			0x21, 0x20, 0x00, 0x00, 0x04, 0x00, 0x05, 0x24,
			0x27, 0x5d, 0x02, 0x0c, 0x00, 0x00, 0x00, 0x00,
			0x21, 0x80, 0x00, 0x00, 0x25, 0x00, 0x00, 0x10,
			0x00, 0x00, 0x00, 0x00, 0x00, 0x11, 0x10, 0x00,
			0x20, 0x10, 0x50, 0x00, 0xc0, 0x18, 0x02, 0x00,
		},
	},
	{
		{
			0x08, 0x80, 0x02, 0x3c, 0x98, 0x60, 0x42, 0x24,
			0x21, 0x10, 0x43, 0x00, 0x04, 0x00, 0x44, 0x8c,
			0x18, 0x00, 0xa5, 0x27, 0x38, 0x00, 0xa6, 0x27,
			0x4f, 0x61, 0x02, 0x0c, 0x00, 0x00, 0x00, 0x00,
			0x18, 0x00, 0xa4, 0x27, 0x97, 0x5a, 0x02, 0x0c,
			0x00, 0x00, 0x00, 0x00, 0x38, 0x00, 0xa4, 0x27,
			0x8b, 0x5a, 0x02, 0x0c, 0x00, 0x00, 0x00, 0x00,
			0x00, 0x11, 0x10, 0x00, 0x20, 0x10, 0x50, 0x00,
			0xc0, 0x18, 0x02, 0x00, 0x08, 0x80, 0x02, 0x3c,
			0x98, 0x60, 0x42, 0x24, 0x21, 0x20, 0x43, 0x00,
			0xa8, 0x94, 0x83, 0x8f, 0x00, 0x00, 0x00, 0x00,
			0x80, 0x10, 0x03, 0x00, 0x20, 0x10, 0x43, 0x00,
			0x80, 0x18, 0x02, 0x00, 0x08, 0x80, 0x02, 0x3c,
			0xfc, 0x4f, 0x42, 0x24, 0x21, 0x28, 0x43, 0x00,
			0x80, 0x1f, 0x07, 0x3c, 0x09, 0x00, 0x06, 0x24,
			0x7b, 0x62, 0x02, 0x0c, 0x00, 0x00, 0x00, 0x00,
			0x01, 0x00, 0x10, 0x22, 0x09, 0x00, 0x01, 0x2a,
		},
	},
	{
		{
			0xda, 0xff, 0x20, 0x14, 0x00, 0x00, 0x00, 0x00,
			0xa8, 0x94, 0x83, 0x8f, 0x00, 0x00, 0x00, 0x00,
			0x80, 0x10, 0x03, 0x00, 0x20, 0x10, 0x43, 0x00,
			0x80, 0x18, 0x02, 0x00, 0x08, 0x80, 0x02, 0x3c,
			0xfc, 0x4f, 0x42, 0x24, 0x21, 0x20, 0x43, 0x00,
			0xbc, 0x94, 0x85, 0x8f, 0x3f, 0x5d, 0x02, 0x0c,
			0x00, 0x00, 0x00, 0x00, 0xb8, 0x94, 0x84, 0x8f,
			0x8b, 0x5b, 0x02, 0x0c, 0x00, 0x00, 0x00, 0x00,
			0x17, 0x80, 0x04, 0x3c, 0xd8, 0x4b, 0x84, 0x24,
			0x9f, 0x5e, 0x02, 0x0c, 0x00, 0x00, 0x00, 0x00,
			0x14, 0x00, 0xbf, 0x8f, 0x10, 0x00, 0xb0, 0x8f,
			0x58, 0x00, 0xbd, 0x27, 0x08, 0x00, 0xe0, 0x03,
			0x00, 0x00, 0x00, 0x00, 0x90, 0xff, 0xbd, 0x27,
			0x18, 0x00, 0xbf, 0xaf, 0x14, 0x00, 0xb1, 0xaf,
			0x10, 0x00, 0xb0, 0xaf, 0x40, 0x96, 0x82, 0x93,
			0x02, 0x00, 0x01, 0x24, 0x42, 0x01, 0x41, 0x10,
			0x00, 0x00, 0x00, 0x00, 0x01, 0x00, 0x01, 0x24,
		},
	},
};

char STD_RESULT_TMD_BUFFER[10240] = {
	0x99, 0x00, 0x41, 0x10, 0x00, 0x00, 0x00, 0x00,
	0x6a, 0x01, 0x40, 0x14, 0x00, 0x00, 0x00, 0x00,
	0x34, 0x96, 0x82, 0x87, 0x00, 0x00, 0x00, 0x00,
	0x01, 0x00, 0x42, 0x20, 0x34, 0x96, 0x82, 0xa7,
	0x21, 0x80, 0x00, 0x00, 0x7c, 0x00, 0x00, 0x10,
	0x00, 0x00, 0x00, 0x00, 0x34, 0x96, 0x83, 0x87,
	0x3d, 0x00, 0x02, 0x22, 0x2a, 0x08, 0x62, 0x00,
	0x38, 0x00, 0x20, 0x14, 0x00, 0x00, 0x00, 0x00,
	0x40, 0x18, 0x10, 0x00, 0x09, 0x80, 0x02, 0x3c,
	0xf0, 0x92, 0x42, 0x24, 0x21, 0x10, 0x43, 0x00,
	0x00, 0x00, 0x42, 0x84, 0x00, 0x00, 0x00, 0x00,
	0x0b, 0x00, 0x41, 0x28, 0x2f, 0x00, 0x20, 0x10,
	0x00, 0x00, 0x00, 0x00, 0x40, 0x18, 0x10, 0x00,
	0x09, 0x80, 0x02, 0x3c, 0xf0, 0x92, 0x42, 0x24,
	0x21, 0x10, 0x43, 0x00, 0x00, 0x00, 0x42, 0x84,
	0x00, 0x00, 0x00, 0x00, 0x0a, 0x00, 0x41, 0x28,
	0x0d, 0x00, 0x20, 0x10, 0x00, 0x00, 0x00, 0x00,
	0x40, 0x18, 0x10, 0x00, 0x09, 0x80, 0x02, 0x3c,
	0xf0, 0x92, 0x42, 0x24, 0x21, 0x10, 0x43, 0x00,
	0x00, 0x00, 0x42, 0x84, 0x00, 0x00, 0x00, 0x00,
	0x01, 0x00, 0x42, 0x20, 0x40, 0x18, 0x02, 0x00,
	0x78, 0x03, 0x02, 0x24, 0x22, 0x88, 0x43, 0x00,
	0x02, 0x00, 0x00, 0x10, 0x00, 0x00, 0x00, 0x00,
	0x78, 0x03, 0x11, 0x24, 0x00, 0x14, 0x11, 0x00,
	0x03, 0x14, 0x02, 0x00, 0x20, 0x00, 0xa2, 0xa7,
	0x22, 0x00, 0xa0, 0xa7, 0x06, 0x00, 0x02, 0x24,
	0x24, 0x00, 0xa2, 0xa7, 0x30, 0x00, 0x02, 0x24,
	0x26, 0x00, 0xa2, 0xa7, 0x40, 0x18, 0x10, 0x00,
	0x09, 0x80, 0x02, 0x3c, 0xf0, 0x92, 0x42, 0x24,
	0x21, 0x18, 0x43, 0x00, 0x00, 0x00, 0x62, 0x84,
	0x00, 0x00, 0x00, 0x00, 0x01, 0x00, 0x42, 0x20,
	0x00, 0x00, 0x62, 0xa4, 0x40, 0x10, 0x10, 0x00,
	0x20, 0x10, 0x50, 0x00, 0x40, 0x10, 0x02, 0x00,
	0x48, 0x03, 0x45, 0x20, 0x20, 0x00, 0xa4, 0x27,
	0x30, 0x00, 0x06, 0x24, 0x84, 0x51, 0x02, 0x0c,
	0x00, 0x00, 0x00, 0x00, 0x34, 0x96, 0x83, 0x87,
	0x80, 0x10, 0x10, 0x00, 0x20, 0x10, 0x50, 0x00,
	0x2a, 0x08, 0x62, 0x00, 0x31, 0x00, 0x20, 0x14,
	0x00, 0x00, 0x00, 0x00, 0x34, 0x96, 0x83, 0x87,
	0x80, 0x10, 0x10, 0x00, 0x20, 0x10, 0x50, 0x00,
	0x05, 0x00, 0x42, 0x20, 0x08, 0x00, 0x62, 0x14,
	0x00, 0x00, 0x00, 0x00, 0x00, 0x11, 0x10, 0x00,
	0x20, 0x10, 0x50, 0x00, 0xc0, 0x18, 0x02, 0x00,
	0x08, 0x80, 0x02, 0x3c, 0x98, 0x60, 0x42, 0x24,
	0x21, 0x10, 0x43, 0x00, 0x00, 0x00, 0x40, 0xac,
	0x34, 0x96, 0x83, 0x87, 0x80, 0x10, 0x10, 0x00,
	0x20, 0x10, 0x50, 0x00, 0x14, 0x00, 0x42, 0x20,
	0x2a, 0x08, 0x62, 0x00, 0x0a, 0x00, 0x20, 0x14,
	0x00, 0x00, 0x00, 0x00, 0x00, 0x11, 0x10, 0x00,
	0x20, 0x10, 0x50, 0x00, 0xc0, 0x18, 0x02, 0x00,
	0x08, 0x80, 0x02, 0x3c, 0x98, 0x60, 0x42, 0x24,
	0x21, 0x10, 0x43, 0x00, 0x72, 0x00, 0x40, 0xa4,
	0x14, 0x00, 0x00, 0x10, 0x00, 0x00, 0x00, 0x00,
	0x00, 0x11, 0x10, 0x00, 0x20, 0x10, 0x50, 0x00,
	0xc0, 0x18, 0x02, 0x00, 0x08, 0x80, 0x02, 0x3c,
	0x98, 0x60, 0x42, 0x24, 0x21, 0x10, 0x43, 0x00,
	0x72, 0x00, 0x42, 0x84, 0x00, 0x00, 0x00, 0x00,
	0x00, 0x02, 0x42, 0x20, 0xff, 0x0f, 0x42, 0x30,
	0x00, 0x24, 0x02, 0x00, 0x03, 0x24, 0x04, 0x00,
	0x00, 0x11, 0x10, 0x00, 0x20, 0x10, 0x50, 0x00,
	0xc0, 0x18, 0x02, 0x00, 0x08, 0x80, 0x02, 0x3c,
	0x98, 0x60, 0x42, 0x24, 0x21, 0x10, 0x43, 0x00,
	0x72, 0x00, 0x44, 0xa4, 0x00, 0x11, 0x10, 0x00,
	0x20, 0x10, 0x50, 0x00, 0xc0, 0x18, 0x02, 0x00,
	0x08, 0x80, 0x02, 0x3c, 0x98, 0x60, 0x42, 0x24,
	0x21, 0x20, 0x43, 0x00, 0x6f, 0x22, 0x03, 0x0c,
	0x00, 0x00, 0x00, 0x00, 0x01, 0x00, 0x10, 0x22,
	0x09, 0x00, 0x01, 0x2a, 0x83, 0xff, 0x20, 0x14,
	0x00, 0x00, 0x00, 0x00, 0x34, 0x96, 0x82, 0x87,
	0x00, 0x00, 0x00, 0x00, 0x61, 0x00, 0x41, 0x28,
	0xe0, 0x00, 0x20, 0x14, 0x00, 0x00, 0x00, 0x00,
	0x34, 0x96, 0x80, 0xa7, 0x40, 0x96, 0x82, 0x93,
	0x00, 0x00, 0x00, 0x00, 0x01, 0x00, 0x42, 0x24,
	0x40, 0x96, 0x82, 0xa3, 0x14, 0x80, 0x01, 0x3c,
	0x70, 0xa4, 0x24, 0x8c, 0x21, 0x00, 0x05, 0x24,
	0x88, 0x22, 0x03, 0x0c, 0x00, 0x00, 0x00, 0x00,
	0xd4, 0x00, 0x00, 0x10, 0x00, 0x00, 0x00, 0x00,
	0x34, 0x96, 0x82, 0x87, 0x00, 0x00, 0x00, 0x00,
	0x01, 0x00, 0x42, 0x20, 0x34, 0x96, 0x82, 0xa7,
	0x21, 0x80, 0x00, 0x00, 0x1f, 0x00, 0x00, 0x10,
	0x00, 0x00, 0x00, 0x00, 0x00, 0x11, 0x10, 0x00,
	0x20, 0x10, 0x50, 0x00, 0xc0, 0x18, 0x02, 0x00,
	0x08, 0x80, 0x02, 0x3c, 0x98, 0x60, 0x42, 0x24,
	0x21, 0x10, 0x43, 0x00, 0x7c, 0x00, 0x42, 0x8c,
	0x00, 0x00, 0x00, 0x00, 0x58, 0x02, 0x41, 0x28,
	0x0b, 0x00, 0x20, 0x10, 0x00, 0x00, 0x00, 0x00,
	0x00, 0x11, 0x10, 0x00, 0x20, 0x10, 0x50, 0x00,
	0xc0, 0x18, 0x02, 0x00, 0x08, 0x80, 0x02, 0x3c,
	0x98, 0x60, 0x42, 0x24, 0x21, 0x18, 0x43, 0x00,
	0x7c, 0x00, 0x62, 0x8c, 0x00, 0x00, 0x00, 0x00,
	0x32, 0x00, 0x42, 0x20, 0x7c, 0x00, 0x62, 0xac,
	0x00, 0x11, 0x10, 0x00, 0x20, 0x10, 0x50, 0x00,
	0xc0, 0x18, 0x02, 0x00, 0x08, 0x80, 0x02, 0x3c,
	0x98, 0x60, 0x42, 0x24, 0x21, 0x20, 0x43, 0x00,
	0x6f, 0x22, 0x03, 0x0c, 0x00, 0x00, 0x00, 0x00,
	0x01, 0x00, 0x10, 0x22, 0x09, 0x00, 0x01, 0x2a,
	0xe0, 0xff, 0x20, 0x14, 0x00, 0x00, 0x00, 0x00,
	0x14, 0x80, 0x01, 0x3c, 0x70, 0xa4, 0x22, 0x8c,
	0x00, 0x00, 0x00, 0x00, 0x04, 0x00, 0x43, 0x8c,
	0x00, 0x00, 0x00, 0x00, 0x7c, 0x00, 0x62, 0x8c,
	0x00, 0x00, 0x00, 0x00, 0xe7, 0xff, 0x42, 0x20,
	0x7c, 0x00, 0x62, 0xac, 0x14, 0x80, 0x01, 0x3c,
	0x70, 0xa4, 0x23, 0x8c, 0x00, 0x00, 0x00, 0x00,
	0x14, 0x00, 0x62, 0x8c, 0xf3, 0xff, 0x01, 0x3c,
	0x00, 0x80, 0x21, 0x34, 0x20, 0x10, 0x41, 0x00,
	0x14, 0x00, 0x62, 0xac, 0x08, 0x80, 0x01, 0x3c,
	0xdc, 0x65, 0x22, 0x8c, 0x00, 0x00, 0x00, 0x00,
	0xe7, 0xff, 0x42, 0x20, 0x08, 0x80, 0x01, 0x3c,
	0xdc, 0x65, 0x22, 0xac, 0x08, 0x80, 0x04, 0x3c,
	0x60, 0x65, 0x84, 0x24, 0x6f, 0x22, 0x03, 0x0c,
	0x00, 0x00, 0x00, 0x00, 0x34, 0x96, 0x82, 0x87,
	0x00, 0x00, 0x00, 0x00, 0x50, 0x00, 0x41, 0x28,
	0x4c, 0x00, 0x20, 0x10, 0x00, 0x00, 0x00, 0x00,
	0x28, 0x00, 0xa0, 0xa7, 0x34, 0x96, 0x82, 0x87,
	0x00, 0x00, 0x00, 0x00, 0xff, 0xff, 0x42, 0x20,
	0x40, 0x18, 0x02, 0x00, 0x09, 0x80, 0x02, 0x3c,
	0x50, 0x92, 0x42, 0x24, 0x21, 0x10, 0x43, 0x00,
	0x00, 0x00, 0x42, 0x84, 0x00, 0x00, 0x00, 0x00,
	0x2a, 0x00, 0xa2, 0xa7, 0x2c, 0x00, 0xa0, 0xa7,
	0x2a, 0x00, 0xa2, 0x87, 0x00, 0x00, 0x00, 0x00,
	0xff, 0x0f, 0x42, 0x30, 0x2a, 0x00, 0xa2, 0xa7,
	0x14, 0x80, 0x01, 0x3c, 0x70, 0xa4, 0x22, 0x8c,
	0x00, 0x00, 0x00, 0x00, 0x00, 0x00, 0x42, 0x8c,
	0x00, 0x00, 0x00, 0x00, 0x40, 0x19, 0x02, 0x00,
	0x14, 0x80, 0x02, 0x3c, 0x1c, 0x8b, 0x42, 0x24,
	0x21, 0x10, 0x43, 0x00, 0x06, 0x00, 0x42, 0x84,
	0x00, 0x00, 0x00, 0x00, 0x40, 0x18, 0x02, 0x00,
	0x03, 0x00, 0x02, 0x24, 0x1a, 0x00, 0x62, 0x00,
	0x12, 0x18, 0x00, 0x00, 0x14, 0x80, 0x01, 0x3c,
	0x70, 0xa4, 0x22, 0x8c, 0x00, 0x00, 0x00, 0x00,
	0x04, 0x00, 0x42, 0x8c, 0x00, 0x00, 0x00, 0x00,
	0x7c, 0x00, 0x42, 0x8c, 0x00, 0x00, 0x00, 0x00,
	0x22, 0x10, 0x43, 0x00, 0x17, 0x80, 0x01, 0x3c,
	0xe8, 0x4b, 0x22, 0xac, 0x28, 0x00, 0xa4, 0x27,
	0x50, 0x00, 0xa5, 0x27, 0x01, 0x69, 0x02, 0x0c,
	0x00, 0x00, 0x00, 0x00, 0x30, 0x00, 0xa0, 0xaf,
	0x34, 0x00, 0xa0, 0xaf, 0x14, 0x80, 0x01, 0x3c,
	0x70, 0xa4, 0x22, 0x8c, 0x00, 0x00, 0x00, 0x00,
	0x00, 0x00, 0x42, 0x8c, 0x00, 0x00, 0x00, 0x00,
	0x40, 0x19, 0x02, 0x00, 0x14, 0x80, 0x02, 0x3c,
	0x1c, 0x8b, 0x42, 0x24, 0x21, 0x10, 0x43, 0x00,
	0x04, 0x00, 0x42, 0x84, 0x00, 0x00, 0x00, 0x00,
	0x40, 0x10, 0x02, 0x00, 0x20, 0x03, 0x42, 0x20,
	0x22, 0x10, 0x02, 0x00, 0x38, 0x00, 0xa2, 0xaf,
	0x50, 0x00, 0xa4, 0x27, 0x30, 0x00, 0xa5, 0x27,
	0x40, 0x00, 0xa6, 0x27, 0xdd, 0x65, 0x02, 0x0c,
	0x00, 0x00, 0x00, 0x00, 0x40, 0x00, 0xa2, 0x8f,
	0x17, 0x80, 0x01, 0x3c, 0xd8, 0x4b, 0x22, 0xac,
	0x48, 0x00, 0xa2, 0x8f, 0x17, 0x80, 0x01, 0x3c,
	0xe0, 0x4b, 0x22, 0xac, 0x41, 0x00, 0x00, 0x10,
	0x00, 0x00, 0x00, 0x00, 0x14, 0x80, 0x01, 0x3c,
	0x70, 0xa4, 0x24, 0x8c, 0x2a, 0x00, 0x05, 0x24,
	0x88, 0x22, 0x03, 0x0c, 0x00, 0x00, 0x00, 0x00,
	0x14, 0x80, 0x01, 0x3c, 0x70, 0xa4, 0x23, 0x8c,
	0x00, 0x00, 0x00, 0x00, 0x30, 0x00, 0x62, 0x90,
	0x00, 0x00, 0x00, 0x00, 0x02, 0x00, 0x42, 0x34,
	0x30, 0x00, 0x62, 0xa0, 0x34, 0x96, 0x80, 0xa7,
	0x40, 0x96, 0x82, 0x93, 0x00, 0x00, 0x00, 0x00,
	0x01, 0x00, 0x42, 0x24, 0x40, 0x96, 0x82, 0xa3,
	0x2e, 0x00, 0x00, 0x10, 0x00, 0x00, 0x00, 0x00,
	0x14, 0x80, 0x01, 0x3c, 0x70, 0xa4, 0x22, 0x8c,
	0x00, 0x00, 0x00, 0x00, 0x30, 0x00, 0x42, 0x90,
	0x00, 0x00, 0x00, 0x00, 0x01, 0x00, 0x42, 0x30,
	0x1f, 0x00, 0x40, 0x14, 0x00, 0x00, 0x00, 0x00,
	0x17, 0x80, 0x01, 0x3c, 0xdc, 0x4b, 0x22, 0x8c,
	0x00, 0x00, 0x00, 0x00, 0x31, 0xf8, 0x41, 0x28,
	0x0c, 0x00, 0x20, 0x14, 0x00, 0x00, 0x00, 0x00,
	0x34, 0x96, 0x82, 0x87, 0x00, 0x00, 0x00, 0x00,
	0x40, 0x18, 0x02, 0x00, 0x08, 0x80, 0x02, 0x3c,
	0x08, 0x43, 0x42, 0x24, 0x21, 0x10, 0x43, 0x00,
	0x00, 0x00, 0x42, 0x84, 0x00, 0x00, 0x00, 0x00,
	0x40, 0x10, 0x02, 0x00, 0x17, 0x80, 0x01, 0x3c,
	0xdc, 0x4b, 0x22, 0xac, 0x34, 0x96, 0x82, 0x87,
	0x00, 0x00, 0x00, 0x00, 0x01, 0x00, 0x42, 0x20,
	0x34, 0x96, 0x82, 0xa7, 0x34, 0x96, 0x82, 0x87,
	0x00, 0x00, 0x00, 0x00, 0x08, 0x00, 0x41, 0x28,
	0x05, 0x00, 0x20, 0x10, 0x00, 0x00, 0x00, 0x00,
	0xb8, 0x94, 0x82, 0x8f, 0x00, 0x00, 0x00, 0x00,
	0x14, 0x00, 0x42, 0x24, 0xb8, 0x94, 0x82, 0xaf,
	0x34, 0x96, 0x82, 0x87, 0x00, 0x00, 0x00, 0x00,
	0x15, 0x00, 0x41, 0x28, 0x03, 0x00, 0x20, 0x14,
	0x00, 0x00, 0x00, 0x00, 0x01, 0x00, 0x02, 0x24,
	0x70, 0x95, 0x82, 0xaf, 0x18, 0x00, 0xbf, 0x8f,
	0x14, 0x00, 0xb1, 0x8f, 0x10, 0x00, 0xb0, 0x8f,
	0x70, 0x00, 0xbd, 0x27, 0x08, 0x00, 0xe0, 0x03,
	0x00, 0x00, 0x00, 0x00, 0xe8, 0xff, 0xbd, 0x27,
	0x10, 0x00, 0xbf, 0xaf, 0x70, 0x95, 0x80, 0xaf,
	0x9d, 0x01, 0x04, 0x24, 0x21, 0x28, 0x00, 0x00,
	0x07, 0x80, 0x06, 0x3c, 0x7c, 0x19, 0xc6, 0x24,
	0x07, 0x80, 0x07, 0x3c, 0x00, 0x18, 0xe7, 0x24,
	0x8b, 0x8a, 0x02, 0x0c, 0x00, 0x00, 0x00, 0x00,
	0x10, 0x00, 0xbf, 0x8f, 0x18, 0x00, 0xbd, 0x27,
	0x08, 0x00, 0xe0, 0x03, 0x00, 0x00, 0x00, 0x00,
	0xe8, 0xff, 0xbd, 0x27, 0x10, 0x00, 0xbf, 0xaf,
	0x9d, 0x01, 0x04, 0x24, 0x21, 0x28, 0x00, 0x00,
	0xcd, 0x8a, 0x02, 0x0c, 0x00, 0x00, 0x00, 0x00,
	0xf8, 0x3a, 0x03, 0x0c, 0x00, 0x00, 0x00, 0x00,
	0xd7, 0x39, 0x03, 0x0c, 0x00, 0x00, 0x00, 0x00,
	0x10, 0x00, 0xbf, 0x8f, 0x18, 0x00, 0xbd, 0x27,
	0x08, 0x00, 0xe0, 0x03, 0x00, 0x00, 0x00, 0x00,
	0xa8, 0xff, 0xbd, 0x27, 0x10, 0x00, 0xbf, 0xaf,
	0x08, 0x80, 0x01, 0x3c, 0x64, 0x65, 0x24, 0x8c,
	0x18, 0x00, 0xa5, 0x27, 0x38, 0x00, 0xa6, 0x27,
	0x4f, 0x61, 0x02, 0x0c, 0x00, 0x00, 0x00, 0x00,
	0x18, 0x00, 0xa4, 0x27, 0x97, 0x5a, 0x02, 0x0c,
	0x00, 0x00, 0x00, 0x00, 0x38, 0x00, 0xa4, 0x27,
	0x8b, 0x5a, 0x02, 0x0c, 0x00, 0x00, 0x00, 0x00,
	0x80, 0x1f, 0x07, 0x3c, 0x08, 0x80, 0x04, 0x3c,
	0x60, 0x65, 0x84, 0x24, 0xbc, 0x94, 0x85, 0x8f,
	0x02, 0x00, 0x06, 0x24, 0x7b, 0x62, 0x02, 0x0c,
	0x00, 0x00, 0x00, 0x00, 0x10, 0x00, 0xbf, 0x8f,
	0x58, 0x00, 0xbd, 0x27, 0x08, 0x00, 0xe0, 0x03,
	0x00, 0x00, 0x00, 0x00, 0xe8, 0xff, 0xbd, 0x27,
	0x10, 0x00, 0xbf, 0xaf, 0xae, 0x01, 0x04, 0x24,
	0x21, 0x28, 0x00, 0x00, 0x21, 0x30, 0x00, 0x00,
	0x07, 0x80, 0x07, 0x3c, 0xe0, 0x1f, 0xe7, 0x24,
	0x8b, 0x8a, 0x02, 0x0c, 0x00, 0x00, 0x00, 0x00,
	0x10, 0x00, 0xbf, 0x8f, 0x18, 0x00, 0xbd, 0x27,
	0x08, 0x00, 0xe0, 0x03, 0x00, 0x00, 0x00, 0x00,
	0xe8, 0xff, 0xbd, 0x27, 0x10, 0x00, 0xbf, 0xaf,
	0xae, 0x01, 0x04, 0x24, 0x21, 0x28, 0x00, 0x00,
	0xcd, 0x8a, 0x02, 0x0c, 0x00, 0x00, 0x00, 0x00,
	0x10, 0x00, 0xbf, 0x8f, 0x18, 0x00, 0xbd, 0x27,
	0x08, 0x00, 0xe0, 0x03, 0x00, 0x00, 0x00, 0x00,
	0x98, 0xff, 0xbd, 0x27, 0x14, 0x00, 0xbf, 0xaf,
	0x10, 0x00, 0xb0, 0xaf, 0x21, 0x80, 0x00, 0x00,
	0x22, 0x00, 0x00, 0x10, 0x00, 0x00, 0x00, 0x00,
	0x00, 0x40, 0x02, 0x3c, 0x58, 0x00, 0xa2, 0xaf,
	0x66, 0x00, 0xa0, 0xa3, 0xff, 0x00, 0x02, 0x30,
	0x65, 0x00, 0xa2, 0xa3, 0xff, 0x00, 0x42, 0x30,
	0x64, 0x00, 0xa2, 0xa3, 0x0a, 0x00, 0x02, 0x24,
	0x60, 0x00, 0xa2, 0xa7, 0x40, 0x18, 0x10, 0x00,
	0x09, 0x80, 0x02, 0x3c, 0x24, 0x93, 0x42, 0x24,
	0x21, 0x10, 0x43, 0x00, 0x00, 0x00, 0x42, 0x84,
	0x00, 0x00, 0x00, 0x00, 0xff, 0xff, 0x42, 0x30,
	0x62, 0x00, 0xa2, 0xa7, 0x60, 0x00, 0xa2, 0x97,
	0x00, 0x00, 0x00, 0x00, 0x18, 0x00, 0x50, 0x00,
	0x12, 0x10, 0x00, 0x00, 0x60, 0xff, 0x42, 0x20,
	0x00, 0x14, 0x02, 0x00, 0x03, 0x14, 0x02, 0x00,
	0x5c, 0x00, 0xa2, 0xa7, 0x88, 0xff, 0x02, 0x24,
	0x5e, 0x00, 0xa2, 0xa7, 0x58, 0x00, 0xa4, 0x27,
	0xbc, 0x94, 0x85, 0x8f, 0x05, 0x00, 0x06, 0x24,
	0x4d, 0x56, 0x02, 0x0c, 0x00, 0x00, 0x00, 0x00,
	0x01, 0x00, 0x10, 0x22, 0x20, 0x00, 0x01, 0x2a,
	0xdd, 0xff, 0x20, 0x14, 0x00, 0x00, 0x00, 0x00,
	0x5e, 0x01, 0x04, 0x24, 0x8b, 0x5b, 0x02, 0x0c,
	0x00, 0x00, 0x00, 0x00, 0x08, 0x80, 0x18, 0x3c,
	0xe8, 0x42, 0x18, 0x27, 0x14, 0x80, 0x0f, 0x3c,
	0x04, 0xdf, 0xef, 0x25, 0x08, 0x00, 0x19, 0x24,
	0x00, 0x00, 0x0e, 0x8f, 0x04, 0x00, 0x18, 0x27,
	0xff, 0xff, 0x39, 0x27, 0x00, 0x00, 0xee, 0xad,
	0x04, 0x00, 0xef, 0x25, 0xfa, 0xff, 0x20, 0x1f,
	0x00, 0x00, 0x00, 0x00, 0xa8, 0x94, 0x83, 0x8f,
	0x00, 0x00, 0x00, 0x00, 0x80, 0x10, 0x03, 0x00,
	0x20, 0x10, 0x43, 0x00, 0x80, 0x18, 0x02, 0x00,
	0x08, 0x80, 0x02, 0x3c, 0xfc, 0x4f, 0x42, 0x24,
	0x21, 0x30, 0x43, 0x00, 0x21, 0x20, 0x00, 0x00,
	0x04, 0x00, 0x05, 0x24, 0x27, 0x5d, 0x02, 0x0c,
	0x00, 0x00, 0x00, 0x00, 0x04, 0x00, 0x10, 0x24,
	0x25, 0x00, 0x00, 0x10, 0x00, 0x00, 0x00, 0x00,
	0x00, 0x11, 0x10, 0x00, 0x20, 0x10, 0x50, 0x00,
	0xc0, 0x18, 0x02, 0x00, 0x08, 0x80, 0x02, 0x3c,
	0x60, 0x65, 0x42, 0x24, 0x21, 0x10, 0x43, 0x00,
	0x04, 0x00, 0x44, 0x8c, 0x18, 0x00, 0xa5, 0x27,
	0x38, 0x00, 0xa6, 0x27, 0x4f, 0x61, 0x02, 0x0c,
	0x00, 0x00, 0x00, 0x00, 0x18, 0x00, 0xa4, 0x27,
	0x97, 0x5a, 0x02, 0x0c, 0x00, 0x00, 0x00, 0x00,
	0x38, 0x00, 0xa4, 0x27, 0x8b, 0x5a, 0x02, 0x0c,
	0x00, 0x00, 0x00, 0x00, 0x00, 0x11, 0x10, 0x00,
	0x20, 0x10, 0x50, 0x00, 0xc0, 0x18, 0x02, 0x00,
	0x08, 0x80, 0x02, 0x3c, 0x60, 0x65, 0x42, 0x24,
	0x21, 0x20, 0x43, 0x00, 0xa8, 0x94, 0x83, 0x8f,
	0x00, 0x00, 0x00, 0x00, 0x80, 0x10, 0x03, 0x00,
	0x20, 0x10, 0x43, 0x00, 0x80, 0x18, 0x02, 0x00,
	0x08, 0x80, 0x02, 0x3c, 0xfc, 0x4f, 0x42, 0x24,
	0x21, 0x28, 0x43, 0x00, 0x80, 0x1f, 0x07, 0x3c,
	0x09, 0x00, 0x06, 0x24, 0x7b, 0x62, 0x02, 0x0c,
	0x00, 0x00, 0x00, 0x00, 0x01, 0x00, 0x10, 0x22,
	0x08, 0x00, 0x01, 0x2a, 0xda, 0xff, 0x20, 0x14,
	0x00, 0x00, 0x00, 0x00, 0xa8, 0x94, 0x83, 0x8f,
	0x00, 0x00, 0x00, 0x00, 0x80, 0x10, 0x03, 0x00,
	0x20, 0x10, 0x43, 0x00, 0x80, 0x18, 0x02, 0x00,
	0x08, 0x80, 0x02, 0x3c, 0xfc, 0x4f, 0x42, 0x24,
	0x21, 0x20, 0x43, 0x00, 0xbc, 0x94, 0x85, 0x8f,
	0x3f, 0x5d, 0x02, 0x0c, 0x00, 0x00, 0x00, 0x00,
	0xb8, 0x94, 0x84, 0x8f, 0x8b, 0x5b, 0x02, 0x0c,
	0x00, 0x00, 0x00, 0x00, 0x17, 0x80, 0x04, 0x3c,
	0xd8, 0x4b, 0x84, 0x24, 0x9f, 0x5e, 0x02, 0x0c,
	0x00, 0x00, 0x00, 0x00, 0x14, 0x00, 0xbf, 0x8f,
	0x10, 0x00, 0xb0, 0x8f, 0x68, 0x00, 0xbd, 0x27,
	0x08, 0x00, 0xe0, 0x03, 0x00, 0x00, 0x00, 0x00,
	0xe0, 0xff, 0xbd, 0x27, 0x18, 0x00, 0xbf, 0xaf,
	0x14, 0x00, 0xb1, 0xaf, 0x10, 0x00, 0xb0, 0xaf,
	0x34, 0x96, 0x82, 0x87, 0x00, 0x00, 0x00, 0x00,
	0x8c, 0x00, 0x41, 0x28, 0x05, 0x00, 0x20, 0x10,
	0x00, 0x00, 0x00, 0x00, 0x34, 0x96, 0x82, 0x87,
	0x00, 0x00, 0x00, 0x00, 0x01, 0x00, 0x42, 0x20,
	0x34, 0x96, 0x82, 0xa7, 0x34, 0x96, 0x82, 0x87,
	0x00, 0x00, 0x00, 0x00, 0x3d, 0x00, 0x41, 0x28,
	0x0d, 0x00, 0x20, 0x14, 0x00, 0x00, 0x00, 0x00,
	0x09, 0x80, 0x01, 0x3c, 0xf0, 0x92, 0x22, 0x84,
	0x00, 0x00, 0x00, 0x00, 0x16, 0x00, 0x41, 0x28,
	0x07, 0x00, 0x20, 0x10, 0x00, 0x00, 0x00, 0x00,
	0x09, 0x80, 0x01, 0x3c, 0xf0, 0x92, 0x22, 0x84,
	0x00, 0x00, 0x00, 0x00, 0x01, 0x00, 0x42, 0x20,
	0x09, 0x80, 0x01, 0x3c, 0xf0, 0x92, 0x22, 0xa4,
	0x34, 0x96, 0x82, 0x87, 0x00, 0x00, 0x00, 0x00,
	0x40, 0x00, 0x41, 0x28, 0x0d, 0x00, 0x20, 0x14,
	0x00, 0x00, 0x00, 0x00, 0x09, 0x80, 0x01, 0x3c,
	0xf2, 0x92, 0x22, 0x84, 0x00, 0x00, 0x00, 0x00,
	0x16, 0x00, 0x41, 0x28, 0x07, 0x00, 0x20, 0x10,
	0x00, 0x00, 0x00, 0x00, 0x09, 0x80, 0x01, 0x3c,
	0xf2, 0x92, 0x22, 0x84, 0x00, 0x00, 0x00, 0x00,
	0x01, 0x00, 0x42, 0x20, 0x09, 0x80, 0x01, 0x3c,
	0xf2, 0x92, 0x22, 0xa4, 0x34, 0x96, 0x82, 0x87,
	0x00, 0x00, 0x00, 0x00, 0x43, 0x00, 0x41, 0x28,
	0x0d, 0x00, 0x20, 0x14, 0x00, 0x00, 0x00, 0x00,
	0x09, 0x80, 0x01, 0x3c, 0xf4, 0x92, 0x22, 0x84,
	0x00, 0x00, 0x00, 0x00, 0x16, 0x00, 0x41, 0x28,
	0x07, 0x00, 0x20, 0x10, 0x00, 0x00, 0x00, 0x00,
	0x09, 0x80, 0x01, 0x3c, 0xf4, 0x92, 0x22, 0x84,
	0x00, 0x00, 0x00, 0x00, 0x01, 0x00, 0x42, 0x20,
	0x09, 0x80, 0x01, 0x3c, 0xf4, 0x92, 0x22, 0xa4,
	0x34, 0x96, 0x82, 0x87, 0x00, 0x00, 0x00, 0x00,
	0x46, 0x00, 0x41, 0x28, 0x0d, 0x00, 0x20, 0x14,
	0x00, 0x00, 0x00, 0x00, 0x09, 0x80, 0x01, 0x3c,
	0xf6, 0x92, 0x22, 0x84, 0x00, 0x00, 0x00, 0x00,
	0x16, 0x00, 0x41, 0x28, 0x07, 0x00, 0x20, 0x10,
	0x00, 0x00, 0x00, 0x00, 0x09, 0x80, 0x01, 0x3c,
	0xf6, 0x92, 0x22, 0x84, 0x00, 0x00, 0x00, 0x00,
	0x01, 0x00, 0x42, 0x20, 0x09, 0x80, 0x01, 0x3c,
	0xf6, 0x92, 0x22, 0xa4, 0x21, 0x80, 0x00, 0x00,
	0x31, 0x00, 0x00, 0x10, 0x00, 0x00, 0x00, 0x00,
	0x40, 0x18, 0x10, 0x00, 0x09, 0x80, 0x02, 0x3c,
	0xf0, 0x92, 0x42, 0x24, 0x21, 0x10, 0x43, 0x00,
	0x00, 0x00, 0x42, 0x84, 0x00, 0x00, 0x00, 0x00,
	0x0b, 0x00, 0x41, 0x28, 0x27, 0x00, 0x20, 0x14,
	0x00, 0x00, 0x00, 0x00, 0x21, 0x88, 0x00, 0x00,
	0x21, 0x00, 0x00, 0x10, 0x00, 0x00, 0x00, 0x00,
	0xc0, 0x10, 0x10, 0x00, 0x20, 0x18, 0x22, 0x02,
	0x09, 0x80, 0x02, 0x3c, 0x04, 0x93, 0x42, 0x24,
	0x21, 0x10, 0x43, 0x00, 0x00, 0x00, 0x42, 0x90,
	0x00, 0x00, 0x00, 0x00, 0x40, 0x18, 0x02, 0x00,
	0x09, 0x80, 0x02, 0x3c, 0x24, 0x93, 0x42, 0x24,
	0x21, 0x10, 0x43, 0x00, 0x00, 0x00, 0x42, 0x84,
	0x00, 0x00, 0x00, 0x00, 0xf0, 0x00, 0x41, 0x28,
	0x10, 0x00, 0x20, 0x10, 0x00, 0x00, 0x00, 0x00,
	0xc0, 0x10, 0x10, 0x00, 0x20, 0x18, 0x22, 0x02,
	0x09, 0x80, 0x02, 0x3c, 0x04, 0x93, 0x42, 0x24,
	0x21, 0x10, 0x43, 0x00, 0x00, 0x00, 0x42, 0x90,
	0x00, 0x00, 0x00, 0x00, 0x40, 0x18, 0x02, 0x00,
	0x09, 0x80, 0x02, 0x3c, 0x24, 0x93, 0x42, 0x24,
	0x21, 0x18, 0x43, 0x00, 0x00, 0x00, 0x62, 0x84,
	0x00, 0x00, 0x00, 0x00, 0x3c, 0x00, 0x42, 0x20,
	0x00, 0x00, 0x62, 0xa4, 0x01, 0x00, 0x31, 0x22,
	0x08, 0x00, 0x21, 0x2a, 0xde, 0xff, 0x20, 0x14,
	0x00, 0x00, 0x00, 0x00, 0x01, 0x00, 0x10, 0x22,
	0x04, 0x00, 0x01, 0x2a, 0xce, 0xff, 0x20, 0x14,
	0x00, 0x00, 0x00, 0x00, 0x34, 0x96, 0x82, 0x87,
	0x00, 0x00, 0x00, 0x00, 0x74, 0x00, 0x41, 0x28,
	0x41, 0x00, 0x20, 0x14, 0x00, 0x00, 0x00, 0x00,
	0x34, 0x96, 0x82, 0x87, 0x00, 0x00, 0x00, 0x00,
	0x82, 0x00, 0x41, 0x28, 0x17, 0x00, 0x20, 0x10,
	0x00, 0x00, 0x00, 0x00, 0x34, 0x96, 0x82, 0x87,
	0x00, 0x00, 0x00, 0x00, 0x8c, 0xff, 0x42, 0x20,
	0x40, 0x18, 0x02, 0x00, 0x08, 0x80, 0x02, 0x3c,
	0x48, 0x43, 0x42, 0x24, 0x21, 0x10, 0x43, 0x00,
	0x00, 0x00, 0x42, 0x84, 0x08, 0x80, 0x01, 0x3c,
	0xf0, 0x67, 0x22, 0xa4, 0x08, 0x80, 0x01, 0x3c,
	0xf0, 0x67, 0x22, 0x84, 0x08, 0x80, 0x01, 0x3c,
	0x78, 0x68, 0x22, 0xa4, 0x08, 0x80, 0x01, 0x3c,
	0xf0, 0x67, 0x22, 0x84, 0x08, 0x80, 0x01, 0x3c,
	0x00, 0x69, 0x22, 0xa4, 0x08, 0x80, 0x01, 0x3c,
	0xf0, 0x67, 0x22, 0x84, 0x08, 0x80, 0x01, 0x3c,
	0x88, 0x69, 0x22, 0xa4, 0x34, 0x96, 0x82, 0x87,
	0x7f, 0x00, 0x01, 0x24, 0x03, 0x00, 0x41, 0x14,
	0x00, 0x00, 0x00, 0x00, 0x09, 0x80, 0x01, 0x3c,
	0xf0, 0x92, 0x20, 0xa4, 0x34, 0x96, 0x82, 0x87,
	0x00, 0x00, 0x00, 0x00, 0x80, 0x00, 0x41, 0x28,
	0x43, 0x00, 0x20, 0x14, 0x00, 0x00, 0x00, 0x00,
	0x09, 0x80, 0x01, 0x3c, 0xf0, 0x92, 0x22, 0x84,
	0x00, 0x00, 0x00, 0x00, 0x40, 0x18, 0x02, 0x00,
	0x08, 0x80, 0x02, 0x3c, 0x18, 0x43, 0x42, 0x24,
	0x21, 0x10, 0x43, 0x00, 0x00, 0x00, 0x42, 0x84,
	0x00, 0x00, 0x00, 0x00, 0x20, 0x03, 0x42, 0x20,
	0x08, 0x80, 0x01, 0x3c, 0xfc, 0x67, 0x22, 0xac,
	0x08, 0x80, 0x01, 0x3c, 0xfc, 0x67, 0x22, 0x8c,
	0x08, 0x80, 0x01, 0x3c, 0x84, 0x68, 0x22, 0xac,
	0x08, 0x80, 0x01, 0x3c, 0xfc, 0x67, 0x22, 0x8c,
	0x08, 0x80, 0x01, 0x3c, 0x0c, 0x69, 0x22, 0xac,
	0x08, 0x80, 0x01, 0x3c, 0xfc, 0x67, 0x22, 0x8c,
	0x08, 0x80, 0x01, 0x3c, 0x94, 0x69, 0x22, 0xac,
	0x29, 0x00, 0x00, 0x10, 0x00, 0x00, 0x00, 0x00,
	0x09, 0x80, 0x01, 0x3c, 0xf0, 0x92, 0x22, 0x84,
	0x00, 0x00, 0x00, 0x00, 0x40, 0x18, 0x02, 0x00,
	0x08, 0x80, 0x02, 0x3c, 0x18, 0x43, 0x42, 0x24,
	0x21, 0x10, 0x43, 0x00, 0x00, 0x00, 0x42, 0x84,
	0x08, 0x80, 0x01, 0x3c, 0xfc, 0x67, 0x22, 0xac,
	0x09, 0x80, 0x01, 0x3c, 0xf2, 0x92, 0x22, 0x84,
	0x00, 0x00, 0x00, 0x00, 0x40, 0x18, 0x02, 0x00,
	0x08, 0x80, 0x02, 0x3c, 0x18, 0x43, 0x42, 0x24,
	0x21, 0x10, 0x43, 0x00, 0x00, 0x00, 0x42, 0x84,
	0x08, 0x80, 0x01, 0x3c, 0x84, 0x68, 0x22, 0xac,
	0x09, 0x80, 0x01, 0x3c, 0xf4, 0x92, 0x22, 0x84,
	0x00, 0x00, 0x00, 0x00, 0x40, 0x18, 0x02, 0x00,
	0x08, 0x80, 0x02, 0x3c, 0x18, 0x43, 0x42, 0x24,
	0x21, 0x10, 0x43, 0x00, 0x00, 0x00, 0x42, 0x84,
	0x08, 0x80, 0x01, 0x3c, 0x0c, 0x69, 0x22, 0xac,
	0x09, 0x80, 0x01, 0x3c, 0xf6, 0x92, 0x22, 0x84,
	0x00, 0x00, 0x00, 0x00, 0x40, 0x18, 0x02, 0x00,
	0x08, 0x80, 0x02, 0x3c, 0x18, 0x43, 0x42, 0x24,
	0x21, 0x10, 0x43, 0x00, 0x00, 0x00, 0x42, 0x84,
	0x08, 0x80, 0x01, 0x3c, 0x94, 0x69, 0x22, 0xac,
	0x04, 0x00, 0x10, 0x24, 0x0a, 0x00, 0x00, 0x10,
	0x00, 0x00, 0x00, 0x00, 0x00, 0x11, 0x10, 0x00,
	0x20, 0x10, 0x50, 0x00, 0xc0, 0x18, 0x02, 0x00,
	0x08, 0x80, 0x02, 0x3c, 0x60, 0x65, 0x42, 0x24,
	0x21, 0x20, 0x43, 0x00, 0x6f, 0x22, 0x03, 0x0c,
	0x00, 0x00, 0x00, 0x00, 0x01, 0x00, 0x10, 0x22,
	0x08, 0x00, 0x01, 0x2a, 0xf5, 0xff, 0x20, 0x14,
	0x00, 0x00, 0x00, 0x00, 0x18, 0x00, 0xbf, 0x8f,
	0x14, 0x00, 0xb1, 0x8f, 0x10, 0x00, 0xb0, 0x8f,
	0x20, 0x00, 0xbd, 0x27, 0x08, 0x00, 0xe0, 0x03,
	0x00, 0x00, 0x00, 0x00, 0xe8, 0xff, 0xbd, 0x27,
	0x14, 0x00, 0xbf, 0xaf, 0x10, 0x00, 0xb0, 0xaf,
	0x21, 0x80, 0x00, 0x00, 0x0c, 0x00, 0x00, 0x10,
	0x00, 0x00, 0x00, 0x00, 0x40, 0x18, 0x10, 0x00,
	0x09, 0x80, 0x02, 0x3c, 0x24, 0x93, 0x42, 0x24,
	0x21, 0x10, 0x43, 0x00, 0x00, 0x00, 0x40, 0xa4,
	0xff, 0x00, 0x03, 0x32, 0x09, 0x80, 0x02, 0x3c,
	0x04, 0x93, 0x42, 0x24, 0x21, 0x10, 0x50, 0x00,
	0x00, 0x00, 0x43, 0xa0, 0x01, 0x00, 0x10, 0x22,
	0x20, 0x00, 0x01, 0x2a, 0xf3, 0xff, 0x20, 0x14,
	0x00, 0x00, 0x00, 0x00, 0x21, 0x80, 0x00, 0x00,
	0x0d, 0x00, 0x00, 0x10, 0x00, 0x00, 0x00, 0x00,
	0x20, 0x00, 0x04, 0x24, 0x10, 0x8d, 0x02, 0x0c,
	0x00, 0x00, 0x00, 0x00, 0x09, 0x80, 0x03, 0x3c,
	0x04, 0x93, 0x63, 0x24, 0x21, 0x28, 0x62, 0x00,
	0x09, 0x80, 0x02, 0x3c, 0x04, 0x93, 0x42, 0x24,
	0x21, 0x20, 0x50, 0x00, 0xe6, 0x01, 0x04, 0x0c,
	0x00, 0x00, 0x00, 0x00, 0x01, 0x00, 0x10, 0x22,
	0x20, 0x00, 0x01, 0x2a, 0xf2, 0xff, 0x20, 0x14,
	0x00, 0x00, 0x00, 0x00, 0x34, 0x96, 0x80, 0xa7,
	0x21, 0x80, 0x00, 0x00, 0x07, 0x00, 0x00, 0x10,
	0x00, 0x00, 0x00, 0x00, 0x40, 0x18, 0x10, 0x00,
	0x09, 0x80, 0x02, 0x3c, 0xf0, 0x92, 0x42, 0x24,
	0x21, 0x10, 0x43, 0x00, 0x00, 0x00, 0x40, 0xa4,
	0x01, 0x00, 0x10, 0x22, 0x04, 0x00, 0x01, 0x2a,
	0xf8, 0xff, 0x20, 0x14, 0x00, 0x00, 0x00, 0x00,
	0x9d, 0x01, 0x04, 0x24, 0x21, 0x28, 0x00, 0x00,
	0x07, 0x80, 0x06, 0x3c, 0xb8, 0x22, 0xc6, 0x24,
	0x07, 0x80, 0x07, 0x3c, 0xa0, 0x20, 0xe7, 0x24,
	0x8b, 0x8a, 0x02, 0x0c, 0x00, 0x00, 0x00, 0x00,
	0x14, 0x00, 0xbf, 0x8f, 0x10, 0x00, 0xb0, 0x8f,
	0x18, 0x00, 0xbd, 0x27, 0x08, 0x00, 0xe0, 0x03,
	0x00, 0x00, 0x00, 0x00, 0xe8, 0xff, 0xbd, 0x27,
	0x10, 0x00, 0xbf, 0xaf, 0x9d, 0x01, 0x04, 0x24,
	0x21, 0x28, 0x00, 0x00, 0xcd, 0x8a, 0x02, 0x0c,
	0x00, 0x00, 0x00, 0x00, 0x10, 0x00, 0xbf, 0x8f,
	0x18, 0x00, 0xbd, 0x27, 0x08, 0x00, 0xe0, 0x03,
	0x00, 0x00, 0x00, 0x00, 0xa8, 0xff, 0xbd, 0x27,
	0x14, 0x00, 0xbf, 0xaf, 0x10, 0x00, 0xb0, 0xaf,
	0x5e, 0x01, 0x04, 0x24, 0x8b, 0x5b, 0x02, 0x0c,
	0x00, 0x00, 0x00, 0x00, 0x08, 0x80, 0x18, 0x3c,
	0xe8, 0x42, 0x18, 0x27, 0x14, 0x80, 0x0f, 0x3c,
	0x04, 0xdf, 0xef, 0x25, 0x08, 0x00, 0x19, 0x24,
	0x00, 0x00, 0x0e, 0x8f, 0x04, 0x00, 0x18, 0x27,
	0xff, 0xff, 0x39, 0x27, 0x00, 0x00, 0xee, 0xad,
	0x04, 0x00, 0xef, 0x25, 0xfa, 0xff, 0x20, 0x1f,
	0x00, 0x00, 0x00, 0x00, 0xa8, 0x94, 0x83, 0x8f,
	0x00, 0x00, 0x00, 0x00, 0x80, 0x10, 0x03, 0x00,
	0x20, 0x10, 0x43, 0x00, 0x80, 0x18, 0x02, 0x00,
	0x08, 0x80, 0x02, 0x3c, 0xfc, 0x4f, 0x42, 0x24,
	0x21, 0x30, 0x43, 0x00, 0x21, 0x20, 0x00, 0x00,
	0x04, 0x00, 0x05, 0x24, 0x27, 0x5d, 0x02, 0x0c,
	0x00, 0x00, 0x00, 0x00, 0x03, 0x00, 0x10, 0x24,
	0x25, 0x00, 0x00, 0x10, 0x00, 0x00, 0x00, 0x00,
	0x00, 0x11, 0x10, 0x00, 0x20, 0x10, 0x50, 0x00,
	0xc0, 0x18, 0x02, 0x00, 0x08, 0x80, 0x02, 0x3c,
	0x60, 0x65, 0x42, 0x24, 0x21, 0x10, 0x43, 0x00,
	0x04, 0x00, 0x44, 0x8c, 0x18, 0x00, 0xa5, 0x27,
	0x38, 0x00, 0xa6, 0x27, 0x4f, 0x61, 0x02, 0x0c,
	0x00, 0x00, 0x00, 0x00, 0x18, 0x00, 0xa4, 0x27,
	0x97, 0x5a, 0x02, 0x0c, 0x00, 0x00, 0x00, 0x00,
	0x38, 0x00, 0xa4, 0x27, 0x8b, 0x5a, 0x02, 0x0c,
	0x00, 0x00, 0x00, 0x00, 0x00, 0x11, 0x10, 0x00,
	0x20, 0x10, 0x50, 0x00, 0xc0, 0x18, 0x02, 0x00,
	0x08, 0x80, 0x02, 0x3c, 0x60, 0x65, 0x42, 0x24,
	0x21, 0x20, 0x43, 0x00, 0xa8, 0x94, 0x83, 0x8f,
	0x00, 0x00, 0x00, 0x00, 0x80, 0x10, 0x03, 0x00,
	0x20, 0x10, 0x43, 0x00, 0x80, 0x18, 0x02, 0x00,
	0x08, 0x80, 0x02, 0x3c, 0xfc, 0x4f, 0x42, 0x24,
	0x21, 0x28, 0x43, 0x00, 0x80, 0x1f, 0x07, 0x3c,
	0x09, 0x00, 0x06, 0x24, 0x7b, 0x62, 0x02, 0x0c,
	0x00, 0x00, 0x00, 0x00, 0xff, 0xff, 0x10, 0x22,
	0xdb, 0xff, 0x01, 0x06, 0x00, 0x00, 0x00, 0x00,
	0xa8, 0x94, 0x83, 0x8f, 0x00, 0x00, 0x00, 0x00,
	0x80, 0x10, 0x03, 0x00, 0x20, 0x10, 0x43, 0x00,
	0x80, 0x18, 0x02, 0x00, 0x08, 0x80, 0x02, 0x3c,
	0xfc, 0x4f, 0x42, 0x24, 0x21, 0x20, 0x43, 0x00,
	0xbc, 0x94, 0x85, 0x8f, 0x3f, 0x5d, 0x02, 0x0c,
	0x00, 0x00, 0x00, 0x00, 0xb8, 0x94, 0x84, 0x8f,
	0x8b, 0x5b, 0x02, 0x0c, 0x00, 0x00, 0x00, 0x00,
	0x17, 0x80, 0x04, 0x3c, 0xd8, 0x4b, 0x84, 0x24,
	0x9f, 0x5e, 0x02, 0x0c, 0x00, 0x00, 0x00, 0x00,
	0x14, 0x00, 0xbf, 0x8f, 0x10, 0x00, 0xb0, 0x8f,
	0x58, 0x00, 0xbd, 0x27, 0x08, 0x00, 0xe0, 0x03,
	0x00, 0x00, 0x00, 0x00, 0xe8, 0xff, 0xbd, 0x27,
	0x14, 0x00, 0xbf, 0xaf, 0x10, 0x00, 0xb0, 0xaf,
	0x34, 0x96, 0x82, 0x87, 0x00, 0x00, 0x00, 0x00,
	0xa0, 0x00, 0x41, 0x28, 0x05, 0x00, 0x20, 0x10,
	0x00, 0x00, 0x00, 0x00, 0x34, 0x96, 0x82, 0x87,
	0x00, 0x00, 0x00, 0x00, 0x01, 0x00, 0x42, 0x20,
	0x34, 0x96, 0x82, 0xa7, 0x21, 0x80, 0x00, 0x00,
	0x7d, 0x00, 0x00, 0x10, 0x00, 0x00, 0x00, 0x00,
	0x34, 0x96, 0x83, 0x87, 0x40, 0x10, 0x10, 0x00,
	0x20, 0x10, 0x50, 0x00, 0x40, 0x10, 0x02, 0x00,
	0x3c, 0x00, 0x42, 0x20, 0x2a, 0x08, 0x43, 0x00,
	0x6c, 0x00, 0x20, 0x10, 0x00, 0x00, 0x00, 0x00,
	0x00, 0x11, 0x10, 0x00, 0x20, 0x10, 0x50, 0x00,
	0xc0, 0x18, 0x02, 0x00, 0x08, 0x80, 0x02, 0x3c,
	0x60, 0x65, 0x42, 0x24, 0x21, 0x10, 0x43, 0x00,
	0x80, 0x00, 0x42, 0x8c, 0x00, 0x00, 0x00, 0x00,
	0xdc, 0x00, 0x41, 0x28, 0x0b, 0x00, 0x20, 0x10,
	0x00, 0x00, 0x00, 0x00, 0x00, 0x11, 0x10, 0x00,
	0x20, 0x10, 0x50, 0x00, 0xc0, 0x18, 0x02, 0x00,
	0x08, 0x80, 0x02, 0x3c, 0x60, 0x65, 0x42, 0x24,
	0x21, 0x18, 0x43, 0x00, 0x80, 0x00, 0x62, 0x8c,
	0x00, 0x00, 0x00, 0x00, 0x32, 0x00, 0x42, 0x20,
	0x80, 0x00, 0x62, 0xac, 0x40, 0x18, 0x10, 0x00,
	0x09, 0x80, 0x02, 0x3c, 0xf0, 0x92, 0x42, 0x24,
	0x21, 0x10, 0x43, 0x00, 0x00, 0x00, 0x42, 0x84,
	0x00, 0x00, 0x00, 0x00, 0x14, 0x00, 0x41, 0x28,
	0x09, 0x00, 0x20, 0x10, 0x00, 0x00, 0x00, 0x00,
	0x40, 0x18, 0x10, 0x00, 0x09, 0x80, 0x02, 0x3c,
	0xf0, 0x92, 0x42, 0x24, 0x21, 0x18, 0x43, 0x00,
	0x00, 0x00, 0x62, 0x84, 0x00, 0x00, 0x00, 0x00,
	0x01, 0x00, 0x42, 0x20, 0x00, 0x00, 0x62, 0xa4,
	0x40, 0x18, 0x10, 0x00, 0x09, 0x80, 0x02, 0x3c,
	0xf0, 0x92, 0x42, 0x24, 0x21, 0x10, 0x43, 0x00,
	0x00, 0x00, 0x42, 0x84, 0x00, 0x00, 0x00, 0x00,
	0x40, 0x18, 0x02, 0x00, 0x09, 0x80, 0x02, 0x3c,
	0x24, 0x92, 0x42, 0x24, 0x21, 0x10, 0x43, 0x00,
	0x00, 0x00, 0x44, 0x84, 0x00, 0x11, 0x10, 0x00,
	0x20, 0x10, 0x50, 0x00, 0xc0, 0x18, 0x02, 0x00,
	0x08, 0x80, 0x02, 0x3c, 0x60, 0x65, 0x42, 0x24,
	0x21, 0x10, 0x43, 0x00, 0x70, 0x00, 0x44, 0xa4,
	0x40, 0x18, 0x10, 0x00, 0x09, 0x80, 0x02, 0x3c,
	0xf0, 0x92, 0x42, 0x24, 0x21, 0x10, 0x43, 0x00,
	0x00, 0x00, 0x42, 0x84, 0x00, 0x00, 0x00, 0x00,
	0x40, 0x18, 0x02, 0x00, 0x09, 0x80, 0x02, 0x3c,
	0xf8, 0x91, 0x42, 0x24, 0x21, 0x10, 0x43, 0x00,
	0x00, 0x00, 0x44, 0x84, 0x00, 0x11, 0x10, 0x00,
	0x20, 0x10, 0x50, 0x00, 0xc0, 0x18, 0x02, 0x00,
	0x08, 0x80, 0x02, 0x3c, 0x60, 0x65, 0x42, 0x24,
	0x21, 0x10, 0x43, 0x00, 0x72, 0x00, 0x44, 0xa4,
	0x13, 0x00, 0x00, 0x16, 0x00, 0x00, 0x00, 0x00,
	0x40, 0x18, 0x10, 0x00, 0x09, 0x80, 0x02, 0x3c,
	0xf0, 0x92, 0x42, 0x24, 0x21, 0x10, 0x43, 0x00,
	0x00, 0x00, 0x42, 0x84, 0x00, 0x00, 0x00, 0x00,
	0x40, 0x18, 0x02, 0x00, 0x09, 0x80, 0x02, 0x3c,
	0xcc, 0x91, 0x42, 0x24, 0x21, 0x10, 0x43, 0x00,
	0x00, 0x00, 0x44, 0x84, 0x00, 0x11, 0x10, 0x00,
	0x20, 0x10, 0x50, 0x00, 0xc0, 0x18, 0x02, 0x00,
	0x08, 0x80, 0x02, 0x3c, 0x60, 0x65, 0x42, 0x24,
	0x21, 0x10, 0x43, 0x00, 0x78, 0x00, 0x44, 0xac,
	0x03, 0x00, 0x01, 0x24, 0x0b, 0x00, 0x01, 0x16,
	0x00, 0x00, 0x00, 0x00, 0x09, 0x80, 0x01, 0x3c,
	0xf6, 0x92, 0x22, 0x84, 0x00, 0x00, 0x00, 0x00,
	0x40, 0x18, 0x02, 0x00, 0x09, 0x80, 0x02, 0x3c,
	0xa0, 0x91, 0x42, 0x24, 0x21, 0x10, 0x43, 0x00,
	0x00, 0x00, 0x42, 0x84, 0x08, 0x80, 0x01, 0x3c,
	0x70, 0x67, 0x22, 0xac, 0x00, 0x11, 0x10, 0x00,
	0x20, 0x10, 0x50, 0x00, 0xc0, 0x18, 0x02, 0x00,
	0x08, 0x80, 0x02, 0x3c, 0x60, 0x65, 0x42, 0x24,
	0x21, 0x20, 0x43, 0x00, 0x6f, 0x22, 0x03, 0x0c,
	0x00, 0x00, 0x00, 0x00, 0x01, 0x00, 0x10, 0x22,
	0x04, 0x00, 0x01, 0x2a, 0x82, 0xff, 0x20, 0x14,
	0x00, 0x00, 0x00, 0x00, 0x14, 0x00, 0xbf, 0x8f,
	0x10, 0x00, 0xb0, 0x8f, 0x18, 0x00, 0xbd, 0x27,
	0x08, 0x00, 0xe0, 0x03, 0x00, 0x00, 0x00, 0x00,
	0xe8, 0xff, 0xbd, 0x27, 0x14, 0x00, 0xbf, 0xaf,
	0x10, 0x00, 0xb0, 0xaf, 0x34, 0x96, 0x80, 0xa7,
	0x06, 0xff, 0x02, 0x24, 0x08, 0x80, 0x01, 0x3c,
	0xd8, 0x65, 0x22, 0xac, 0x08, 0x80, 0x01, 0x3c,
	0xdc, 0x65, 0x20, 0xac, 0xf4, 0xfc, 0x02, 0x24,
	0x08, 0x80, 0x01, 0x3c, 0xe0, 0x65, 0x22, 0xac,
	0xce, 0xff, 0x02, 0x24, 0x08, 0x80, 0x01, 0x3c,
	0x60, 0x66, 0x22, 0xac, 0x08, 0x80, 0x01, 0x3c,
	0x64, 0x66, 0x20, 0xac, 0xf4, 0xfc, 0x02, 0x24,
	0x08, 0x80, 0x01, 0x3c, 0x68, 0x66, 0x22, 0xac,
	0x64, 0x00, 0x02, 0x24, 0x08, 0x80, 0x01, 0x3c,
	0xe8, 0x66, 0x22, 0xac, 0x08, 0x80, 0x01, 0x3c,
	0xec, 0x66, 0x20, 0xac, 0xf4, 0xfc, 0x02, 0x24,
	0x08, 0x80, 0x01, 0x3c, 0xf0, 0x66, 0x22, 0xac,
	0x04, 0x01, 0x02, 0x24, 0x08, 0x80, 0x01, 0x3c,
	0x70, 0x67, 0x22, 0xac, 0x08, 0x80, 0x01, 0x3c,
	0x74, 0x67, 0x20, 0xac, 0xf4, 0xfc, 0x02, 0x24,
	0x08, 0x80, 0x01, 0x3c, 0x78, 0x67, 0x22, 0xac,
	0x21, 0x80, 0x00, 0x00, 0x3c, 0x00, 0x00, 0x10,
	0x00, 0x00, 0x00, 0x00, 0x40, 0x18, 0x10, 0x00,
	0x09, 0x80, 0x02, 0x3c, 0xf0, 0x92, 0x42, 0x24,
	0x21, 0x10, 0x43, 0x00, 0x00, 0x00, 0x40, 0xa4,
	0x00, 0x10, 0x04, 0x24, 0x00, 0x11, 0x10, 0x00,
	0x20, 0x10, 0x50, 0x00, 0xc0, 0x18, 0x02, 0x00,
	0x08, 0x80, 0x02, 0x3c, 0x60, 0x65, 0x42, 0x24,
	0x21, 0x10, 0x43, 0x00, 0x60, 0x00, 0x44, 0xac,
	0x00, 0x10, 0x04, 0x24, 0x00, 0x11, 0x10, 0x00,
	0x20, 0x10, 0x50, 0x00, 0xc0, 0x18, 0x02, 0x00,
	0x08, 0x80, 0x02, 0x3c, 0x60, 0x65, 0x42, 0x24,
	0x21, 0x10, 0x43, 0x00, 0x64, 0x00, 0x44, 0xac,
	0x00, 0x10, 0x04, 0x24, 0x00, 0x11, 0x10, 0x00,
	0x20, 0x10, 0x50, 0x00, 0xc0, 0x18, 0x02, 0x00,
	0x08, 0x80, 0x02, 0x3c, 0x60, 0x65, 0x42, 0x24,
	0x21, 0x10, 0x43, 0x00, 0x68, 0x00, 0x44, 0xac,
	0x00, 0x11, 0x10, 0x00, 0x20, 0x10, 0x50, 0x00,
	0xc0, 0x18, 0x02, 0x00, 0x08, 0x80, 0x02, 0x3c,
	0x60, 0x65, 0x42, 0x24, 0x21, 0x10, 0x43, 0x00,
	0x70, 0x00, 0x40, 0xa4, 0x00, 0x11, 0x10, 0x00,
	0x20, 0x10, 0x50, 0x00, 0xc0, 0x18, 0x02, 0x00,
	0x08, 0x80, 0x02, 0x3c, 0x60, 0x65, 0x42, 0x24,
	0x21, 0x10, 0x43, 0x00, 0x72, 0x00, 0x40, 0xa4,
	0x00, 0x11, 0x10, 0x00, 0x20, 0x10, 0x50, 0x00,
	0xc0, 0x18, 0x02, 0x00, 0x08, 0x80, 0x02, 0x3c,
	0x60, 0x65, 0x42, 0x24, 0x21, 0x10, 0x43, 0x00,
	0x74, 0x00, 0x40, 0xa4, 0x00, 0x11, 0x10, 0x00,
	0x20, 0x10, 0x50, 0x00, 0xc0, 0x18, 0x02, 0x00,
	0x08, 0x80, 0x02, 0x3c, 0x60, 0x65, 0x42, 0x24,
	0x21, 0x20, 0x43, 0x00, 0x6f, 0x22, 0x03, 0x0c,
	0x00, 0x00, 0x00, 0x00, 0x01, 0x00, 0x10, 0x22,
	0x04, 0x00, 0x01, 0x2a, 0xc3, 0xff, 0x20, 0x14,
	0x00, 0x00, 0x00, 0x00, 0x9d, 0x01, 0x04, 0x24,
	0x21, 0x28, 0x00, 0x00, 0x07, 0x80, 0x06, 0x3c,
	0x7c, 0x29, 0xc6, 0x24, 0x07, 0x80, 0x07, 0x3c,
	0x04, 0x28, 0xe7, 0x24, 0x8b, 0x8a, 0x02, 0x0c,
	0x00, 0x00, 0x00, 0x00, 0x14, 0x00, 0xbf, 0x8f,
	0x10, 0x00, 0xb0, 0x8f, 0x18, 0x00, 0xbd, 0x27,
	0x08, 0x00, 0xe0, 0x03, 0x00, 0x00, 0x00, 0x00,
	0xe8, 0xff, 0xbd, 0x27, 0x10, 0x00, 0xbf, 0xaf,
	0x9d, 0x01, 0x04, 0x24, 0x21, 0x28, 0x00, 0x00,
	0xcd, 0x8a, 0x02, 0x0c, 0x00, 0x00, 0x00, 0x00,
	0x10, 0x00, 0xbf, 0x8f, 0x18, 0x00, 0xbd, 0x27,
	0x08, 0x00, 0xe0, 0x03, 0x00, 0x00, 0x00, 0x00,
	0xe0, 0xff, 0xbd, 0x27, 0x1c, 0x00, 0xbf, 0xaf,
	0x18, 0x00, 0xb2, 0xaf, 0x14, 0x00, 0xb1, 0xaf,
	0x10, 0x00, 0xb0, 0xaf, 0xec, 0x91, 0x82, 0x8f,
	0x00, 0x00, 0x00, 0x00, 0xe8, 0x91, 0x82, 0xaf,
	0x21, 0x88, 0x00, 0x00, 0x48, 0x00, 0x00, 0x10,
	0x00, 0x00, 0x00, 0x00, 0xe8, 0x91, 0x82, 0x8f,
	0x00, 0x00, 0x00, 0x00, 0x1c, 0x00, 0x52, 0x8c,
	0x21, 0x80, 0x00, 0x00, 0x08, 0x00, 0x00, 0x10,
	0x00, 0x00, 0x00, 0x00, 0xe8, 0x91, 0x82, 0x8f,
	0x40, 0x19, 0x10, 0x00, 0x20, 0x00, 0x42, 0x8c,
	0x00, 0x00, 0x00, 0x00, 0x21, 0x10, 0x43, 0x00,
	0x02, 0x00, 0x40, 0xa4, 0x01, 0x00, 0x10, 0x22,
	0x2a, 0x08, 0x12, 0x02, 0xf7, 0xff, 0x20, 0x14,
	0x00, 0x00, 0x00, 0x00, 0xe8, 0x91, 0x82, 0x8f,
	0x00, 0x00, 0x00, 0x00, 0x08, 0x00, 0x42, 0x8c,
	0x00, 0x00, 0x00, 0x00, 0x2d, 0x00, 0x40, 0x10,
	0x00, 0x00, 0x00, 0x00, 0xe8, 0x91, 0x82, 0x8f,
	0x00, 0x00, 0x00, 0x00, 0x08, 0x00, 0x42, 0x8c,
	0x00, 0x00, 0x00, 0x00, 0xe4, 0x91, 0x82, 0xaf,
	0xe8, 0x91, 0x82, 0x8f, 0x00, 0x00, 0x00, 0x00,
	0x14, 0x00, 0x52, 0x84, 0x21, 0x80, 0x00, 0x00,
	0x1f, 0x00, 0x00, 0x10, 0x00, 0x00, 0x00, 0x00,
	0xe8, 0x91, 0x84, 0x8f, 0xc0, 0x10, 0x10, 0x00,
	0x22, 0x10, 0x50, 0x00, 0x80, 0x18, 0x02, 0x00,
	0x10, 0x00, 0x82, 0x8c, 0x00, 0x00, 0x00, 0x00,
	0x21, 0x10, 0x43, 0x00, 0xc4, 0x91, 0x82, 0xaf,
	0xc4, 0x91, 0x82, 0x8f, 0x00, 0x00, 0x00, 0x00,
	0x00, 0x00, 0x42, 0x8c, 0x00, 0x00, 0x00, 0x00,
	0x10, 0x00, 0x40, 0x10, 0x00, 0x00, 0x00, 0x00,
	0xc4, 0x91, 0x82, 0x8f, 0x00, 0x00, 0x00, 0x00,
	0x08, 0x00, 0x42, 0x8c, 0x00, 0x00, 0x00, 0x00,
	0xd4, 0x91, 0x82, 0xaf, 0xc4, 0x91, 0x82, 0x8f,
	0x00, 0x00, 0x00, 0x00, 0x0c, 0x00, 0x42, 0x8c,
	0x00, 0x00, 0x00, 0x00, 0xd0, 0x91, 0x82, 0xaf,
	0xc4, 0x91, 0x82, 0x8f, 0x00, 0x00, 0x00, 0x00,
	0x04, 0x00, 0x44, 0x8c, 0x3b, 0x02, 0x02, 0x0c,
	0x00, 0x00, 0x00, 0x00, 0x01, 0x00, 0x10, 0x22,
	0x2a, 0x08, 0x12, 0x02, 0xe0, 0xff, 0x20, 0x14,
	0x00, 0x00, 0x00, 0x00, 0xe8, 0x91, 0x82, 0x8f,
	0x00, 0x00, 0x00, 0x00, 0x28, 0x00, 0x42, 0x24,
	0xe8, 0x91, 0x82, 0xaf, 0x01, 0x00, 0x31, 0x22,
	0x10, 0x00, 0x21, 0x2a, 0xb7, 0xff, 0x20, 0x14,
	0x00, 0x00, 0x00, 0x00, 0x2a, 0xd1, 0x01, 0x0c,
	0x00, 0x00, 0x00, 0x00, 0x1c, 0x00, 0xbf, 0x8f,
	0x18, 0x00, 0xb2, 0x8f, 0x14, 0x00, 0xb1, 0x8f,
	0x10, 0x00, 0xb0, 0x8f, 0x20, 0x00, 0xbd, 0x27,
	0x08, 0x00, 0xe0, 0x03, 0x00, 0x00, 0x00, 0x00,
	0xd8, 0xff, 0xbd, 0x27, 0x1c, 0x00, 0xbf, 0xaf,
	0x18, 0x00, 0xb2, 0xaf, 0x14, 0x00, 0xb1, 0xaf,
	0x10, 0x00, 0xb0, 0xaf, 0x01, 0x00, 0x04, 0x24,
	0xef, 0x07, 0x04, 0x0c, 0x00, 0x00, 0x00, 0x00,
	0xb0, 0x91, 0x80, 0xaf, 0x17, 0x00, 0x00, 0x10,
	0x00, 0x00, 0x00, 0x00, 0xb0, 0x91, 0x82, 0x8f,
	0x00, 0x00, 0x00, 0x00, 0x40, 0x18, 0x02, 0x00,
	0x14, 0x80, 0x02, 0x3c, 0x38, 0x10, 0x42, 0x24,
	0x21, 0x10, 0x43, 0x00, 0x00, 0x00, 0x42, 0x84,
	0x00, 0x00, 0x00, 0x00, 0x09, 0x00, 0x40, 0x14,
	0x00, 0x00, 0x00, 0x00, 0x01, 0x00, 0x04, 0x24,
	0xb0, 0x91, 0x82, 0x8f, 0x00, 0x00, 0x00, 0x00,
	0x40, 0x18, 0x02, 0x00, 0x14, 0x80, 0x02, 0x3c,
	0x38, 0x10, 0x42, 0x24, 0x21, 0x10, 0x43, 0x00,
	0x00, 0x00, 0x44, 0xa4, 0xb0, 0x91, 0x82, 0x8f,
	0x00, 0x00, 0x00, 0x00, 0x01, 0x00, 0x42, 0x20,
	0xb0, 0x91, 0x82, 0xaf, 0xb0, 0x91, 0x82, 0x8f,
	0x00, 0x00, 0x00, 0x00, 0x10, 0x00, 0x41, 0x28,
	0xe6, 0xff, 0x20, 0x14, 0x00, 0x00, 0x00, 0x00,
	0xec, 0x91, 0x82, 0x8f, 0x00, 0x00, 0x00, 0x00,
	0xe8, 0x91, 0x82, 0xaf, 0xb0, 0x91, 0x80, 0xaf,
	0x55, 0x00, 0x00, 0x10, 0x00, 0x00, 0x00, 0x00,
	0xe8, 0x91, 0x82, 0x8f, 0x00, 0x00, 0x00, 0x00,
	0x08, 0x00, 0x42, 0x8c, 0x00, 0x00, 0x00, 0x00,
	0x47, 0x00, 0x40, 0x10, 0x00, 0x00, 0x00, 0x00,
	0xe8, 0x91, 0x82, 0x8f, 0x00, 0x00, 0x00, 0x00,
	0x08, 0x00, 0x42, 0x8c, 0x00, 0x00, 0x00, 0x00,
	0xe4, 0x91, 0x82, 0xaf, 0xe8, 0x91, 0x82, 0x8f,
	0x00, 0x00, 0x00, 0x00, 0x14, 0x00, 0x52, 0x84,
	0xac, 0x91, 0x80, 0xaf, 0x2a, 0x00, 0x00, 0x10,
	0x00, 0x00, 0x00, 0x00, 0xe8, 0x91, 0x84, 0x8f,
	0xac, 0x91, 0x83, 0x8f, 0x00, 0x00, 0x00, 0x00,
	0xc0, 0x10, 0x03, 0x00, 0x22, 0x10, 0x43, 0x00,
	0x80, 0x18, 0x02, 0x00, 0x10, 0x00, 0x82, 0x8c,
	0x00, 0x00, 0x00, 0x00, 0x21, 0x10, 0x43, 0x00,
	0xc4, 0x91, 0x82, 0xaf, 0xc4, 0x91, 0x82, 0x8f,
	0x00, 0x00, 0x00, 0x00, 0x00, 0x00, 0x42, 0x8c,
	0x00, 0x00, 0x00, 0x00, 0x16, 0x00, 0x40, 0x10,
	0x00, 0x00, 0x00, 0x00, 0xc4, 0x91, 0x82, 0x8f,
	0x00, 0x00, 0x00, 0x00, 0x08, 0x00, 0x42, 0x8c,
	0x00, 0x00, 0x00, 0x00, 0xd4, 0x91, 0x82, 0xaf,
	0xc4, 0x91, 0x82, 0x8f, 0x00, 0x00, 0x00, 0x00,
	0x0c, 0x00, 0x42, 0x8c, 0x00, 0x00, 0x00, 0x00,
	0xd0, 0x91, 0x82, 0xaf, 0xd4, 0x91, 0x83, 0x8f,
	0x00, 0x00, 0x00, 0x00, 0x00, 0x00, 0x62, 0x8c,
	0x00, 0x00, 0x00, 0x00, 0x01, 0x00, 0x42, 0x20,
	0x00, 0x00, 0x62, 0xac, 0xc4, 0x91, 0x82, 0x8f,
	0x00, 0x00, 0x00, 0x00, 0x00, 0x00, 0x44, 0x8c,
	0x3b, 0x02, 0x02, 0x0c, 0x00, 0x00, 0x00, 0x00,
	0xac, 0x91, 0x82, 0x8f, 0x00, 0x00, 0x00, 0x00,
	0x01, 0x00, 0x42, 0x20, 0xac, 0x91, 0x82, 0xaf,
	0xac, 0x91, 0x82, 0x8f, 0x00, 0x00, 0x00, 0x00,
	0x2a, 0x08, 0x52, 0x00, 0xd3, 0xff, 0x20, 0x14,
	0x00, 0x00, 0x00, 0x00, 0xe8, 0x91, 0x82, 0x8f,
	0x00, 0x00, 0x00, 0x00, 0x1c, 0x00, 0x52, 0x8c,
	0x21, 0x88, 0x00, 0x00, 0x05, 0x00, 0x00, 0x10,
	0x00, 0x00, 0x00, 0x00, 0x21, 0x20, 0x20, 0x02,
	0x21, 0xd0, 0x01, 0x0c, 0x00, 0x00, 0x00, 0x00,
	0x01, 0x00, 0x31, 0x22, 0x2a, 0x08, 0x32, 0x02,
	0xfa, 0xff, 0x20, 0x14, 0x00, 0x00, 0x00, 0x00,
	0xe8, 0x91, 0x82, 0x8f, 0x00, 0x00, 0x00, 0x00,
	0x28, 0x00, 0x42, 0x24, 0xe8, 0x91, 0x82, 0xaf,
	0xb0, 0x91, 0x82, 0x8f, 0x00, 0x00, 0x00, 0x00,
	0x01, 0x00, 0x42, 0x20, 0xb0, 0x91, 0x82, 0xaf,
	0xb0, 0x91, 0x82, 0x8f, 0x00, 0x00, 0x00, 0x00,
	0x10, 0x00, 0x41, 0x28, 0xa8, 0xff, 0x20, 0x14,
	0x00, 0x00, 0x00, 0x00, 0x70, 0xd0, 0x01, 0x0c,
	0x00, 0x00, 0x00, 0x00, 0x14, 0x80, 0x10, 0x3c,
	0x58, 0x10, 0x10, 0x26, 0x24, 0x00, 0xa0, 0xaf,
	0x17, 0x00, 0x00, 0x10, 0x00, 0x00, 0x00, 0x00,
	0x00, 0x00, 0x02, 0x8e, 0x00, 0x00, 0x00, 0x00,
	0x0e, 0x00, 0x40, 0x04, 0x00, 0x00, 0x00, 0x00,
	0x04, 0x00, 0x02, 0x8e, 0x00, 0x00, 0x00, 0x00,
	0x08, 0x00, 0x42, 0x8c, 0x00, 0x00, 0x00, 0x00,
	0x00, 0x00, 0x42, 0x8c, 0x00, 0x00, 0x00, 0x00,
	0x06, 0x00, 0x41, 0x04, 0x00, 0x00, 0x00, 0x00,
	0x00, 0x00, 0x04, 0x8e, 0x1b, 0x3a, 0x03, 0x0c,
	0x00, 0x00, 0x00, 0x00, 0xff, 0xff, 0x02, 0x24,
	0x00, 0x00, 0x02, 0xae, 0x08, 0x00, 0x10, 0x26,
	0x24, 0x00, 0xa2, 0x8f, 0x00, 0x00, 0x00, 0x00,
	0x01, 0x00, 0x42, 0x20, 0x24, 0x00, 0xa2, 0xaf,
	0x24, 0x00, 0xa2, 0x8f, 0x00, 0x00, 0x00, 0x00,
	0x0a, 0x00, 0x41, 0x28, 0xe6, 0xff, 0x20, 0x14,
	0x00, 0x00, 0x00, 0x00, 0x1c, 0x00, 0xbf, 0x8f,
	0x18, 0x00, 0xb2, 0x8f, 0x14, 0x00, 0xb1, 0x8f,
	0x10, 0x00, 0xb0, 0x8f, 0x28, 0x00, 0xbd, 0x27,
	0x08, 0x00, 0xe0, 0x03, 0x00, 0x00, 0x00, 0x00,
	0xf8, 0xff, 0xbd, 0x27, 0x04, 0x00, 0xb1, 0xaf,
	0x00, 0x00, 0xb0, 0xaf, 0x21, 0x88, 0x80, 0x00,
	0xa8, 0x91, 0x91, 0xaf, 0x21, 0x80, 0x00, 0x00,
	0x09, 0x00, 0x00, 0x10, 0x00, 0x00, 0x00, 0x00,
	0xb4, 0x01, 0x02, 0x24, 0x18, 0x00, 0x02, 0x02,
	0x12, 0x18, 0x00, 0x00, 0xa8, 0x91, 0x82, 0x8f,
	0x00, 0x00, 0x00, 0x00, 0x21, 0x10, 0x43, 0x00,
	0x00, 0x00, 0x40, 0xac, 0x01, 0x00, 0x10, 0x22,
	0x04, 0x00, 0x01, 0x2a, 0xf6, 0xff, 0x20, 0x14,
	0x00, 0x00, 0x00, 0x00, 0xc4, 0x23, 0x22, 0x26,
	0x04, 0x00, 0xb1, 0x8f, 0x00, 0x00, 0xb0, 0x8f,
	0x08, 0x00, 0xbd, 0x27, 0x08, 0x00, 0xe0, 0x03,
	0x00, 0x00, 0x00, 0x00, 0xf8, 0xff, 0xbd, 0x27,
	0x00, 0x00, 0xb0, 0xaf, 0x21, 0x80, 0x00, 0x00,
	0x08, 0x00, 0x00, 0x10, 0x00, 0x00, 0x00, 0x00,
	0xff, 0xff, 0x04, 0x24, 0xc0, 0x18, 0x10, 0x00,
	0x14, 0x80, 0x02, 0x3c, 0x58, 0x10, 0x42, 0x24,
	0x21, 0x10, 0x43, 0x00, 0x00, 0x00, 0x44, 0xac,
	0x01, 0x00, 0x10, 0x22, 0x0a, 0x00, 0x01, 0x2a,
	0xf7, 0xff, 0x20, 0x14, 0x00, 0x00, 0x00, 0x00,
	0x00, 0x00, 0xb0, 0x8f, 0x08, 0x00, 0xbd, 0x27,
	0x08, 0x00, 0xe0, 0x03, 0x00, 0x00, 0x00, 0x00,
	0xe0, 0xff, 0xbd, 0x27, 0x18, 0x00, 0xbf, 0xaf,
	0x14, 0x00, 0xb1, 0xaf, 0x10, 0x00, 0xb0, 0xaf,
	0x14, 0x80, 0x10, 0x3c, 0x58, 0x10, 0x10, 0x26,
	0x21, 0x88, 0x00, 0x00, 0x0b, 0x00, 0x00, 0x10,
	0x00, 0x00, 0x00, 0x00, 0x00, 0x00, 0x02, 0x8e,
	0x00, 0x00, 0x00, 0x00, 0x06, 0x00, 0x40, 0x04,
	0x00, 0x00, 0x00, 0x00, 0x00, 0x00, 0x04, 0x8e,
	0x1b, 0x3a, 0x03, 0x0c, 0x00, 0x00, 0x00, 0x00,
	0xff, 0xff, 0x02, 0x24, 0x00, 0x00, 0x02, 0xae,
	0x01, 0x00, 0x31, 0x22, 0x0a, 0x00, 0x21, 0x2a,
	0xf4, 0xff, 0x20, 0x14, 0x00, 0x00, 0x00, 0x00,
	0x18, 0x00, 0xbf, 0x8f, 0x14, 0x00, 0xb1, 0x8f,
	0x10, 0x00, 0xb0, 0x8f, 0x20, 0x00, 0xbd, 0x27,
	0x08, 0x00, 0xe0, 0x03, 0x00, 0x00, 0x00, 0x00,
	0xa0, 0xff, 0xbd, 0x27, 0x2c, 0x00, 0xbf, 0xaf,
	0x28, 0x00, 0xb2, 0xaf, 0x24, 0x00, 0xb1, 0xaf,
	0x20, 0x00, 0xb0, 0xaf, 0x60, 0x00, 0xa4, 0xaf,
	0x60, 0x00, 0xb0, 0x8f, 0x00, 0x00, 0x00, 0x00,
	0x08, 0x00, 0x02, 0x8e, 0x00, 0x00, 0x00, 0x00,
	0x34, 0x00, 0xa2, 0xaf, 0x00, 0x00, 0x02, 0x86,
	0x00, 0x00, 0x00, 0x00, 0x01, 0x00, 0x42, 0x20,
	0x00, 0x00, 0x02, 0xa6, 0x08, 0x00, 0x03, 0x8e,
	0x00, 0x00, 0x00, 0x00, 0x02, 0x00, 0x62, 0x24,
	0x08, 0x00, 0x02, 0xae, 0x00, 0x00, 0x72, 0x84,
	0x00, 0x00, 0x00, 0x00, 0x06, 0x00, 0x41, 0x06,
	0x00, 0x00, 0x00, 0x00, 0x04, 0x00, 0x02, 0x8e,
	0x00, 0x00, 0x00, 0x00, 0x00, 0x00, 0x40, 0xa0,
	0x49, 0x00, 0x00, 0x10, 0x00, 0x00, 0x00, 0x00,
	0x00, 0xff, 0x52, 0x22, 0x04, 0x00, 0x40, 0x06,
	0x00, 0x00, 0x00, 0x00, 0x7a, 0x01, 0x41, 0x2a,
	0x07, 0x00, 0x20, 0x14, 0x00, 0x00, 0x00, 0x00,
	0xfc, 0xff, 0x03, 0x24, 0x04, 0x00, 0x02, 0x8e,
	0x00, 0x00, 0x00, 0x00, 0x00, 0x00, 0x43, 0xa0,
	0x3d, 0x00, 0x00, 0x10, 0x00, 0x00, 0x00, 0x00,
	0x14, 0x80, 0x11, 0x3c, 0xf8, 0xe1, 0x31, 0x26,
	0x38, 0x00, 0xa0, 0xaf, 0x0a, 0x00, 0x00, 0x10,
	0x00, 0x00, 0x00, 0x00, 0x00, 0x00, 0x22, 0x8e,
	0x00, 0x00, 0x00, 0x00, 0x0b, 0x00, 0x40, 0x10,
	0x00, 0x00, 0x00, 0x00, 0x1c, 0x00, 0x31, 0x26,
	0x38, 0x00, 0xa2, 0x8f, 0x00, 0x00, 0x00, 0x00,
	0x01, 0x00, 0x42, 0x20, 0x38, 0x00, 0xa2, 0xaf,
	0x38, 0x00, 0xa2, 0x8f, 0x00, 0x00, 0x00, 0x00,
	0x10, 0x00, 0x41, 0x28, 0xf3, 0xff, 0x20, 0x14,
	0x00, 0x00, 0x00, 0x00, 0x38, 0x00, 0xa2, 0x8f,
	0x10, 0x00, 0x01, 0x24, 0x07, 0x00, 0x41, 0x14,
	0x00, 0x00, 0x00, 0x00, 0xfb, 0xff, 0x03, 0x24,
	0x04, 0x00, 0x02, 0x8e, 0x00, 0x00, 0x00, 0x00,
	0x00, 0x00, 0x43, 0xa0, 0x20, 0x00, 0x00, 0x10,
	0x00, 0x00, 0x00, 0x00, 0x00, 0x01, 0x42, 0x22,
	0x00, 0x00, 0x22, 0xae, 0xd7, 0xd3, 0x01, 0x0c,
	0x00, 0x00, 0x00, 0x00, 0x0c, 0x00, 0x22, 0xae,
	0x10, 0x00, 0x11, 0xae, 0x00, 0x01, 0x44, 0x22,
	0xc8, 0xc7, 0x02, 0x0c, 0x00, 0x00, 0x00, 0x00,
	0x00, 0x00, 0x45, 0x90, 0x01, 0x00, 0x44, 0x90,
	0x02, 0x00, 0x43, 0x90, 0x03, 0x00, 0x42, 0x90,
	0x5c, 0x00, 0xa5, 0xa3, 0x5d, 0x00, 0xa4, 0xa3,
	0x5e, 0x00, 0xa3, 0xa3, 0x5f, 0x00, 0xa2, 0xa3,
	0x60, 0x00, 0xa2, 0x8f, 0x00, 0x00, 0x00, 0x00,
	0x10, 0x00, 0xa2, 0xaf, 0x5c, 0x00, 0xa2, 0x27,
	0x14, 0x00, 0xa2, 0xaf, 0x00, 0x50, 0x02, 0x24,
	0x18, 0x00, 0xa2, 0xaf, 0x3c, 0x00, 0xa4, 0x27,
	0x0c, 0x00, 0x25, 0x8e, 0x21, 0x30, 0x00, 0x00,
	0x07, 0x80, 0x07, 0x3c, 0x24, 0x40, 0xe7, 0x24,
	0x8d, 0xf8, 0x03, 0x0c, 0x00, 0x00, 0x00, 0x00,
	0x2c, 0x00, 0xbf, 0x8f, 0x28, 0x00, 0xb2, 0x8f,
	0x24, 0x00, 0xb1, 0x8f, 0x20, 0x00, 0xb0, 0x8f,
	0x60, 0x00, 0xbd, 0x27, 0x08, 0x00, 0xe0, 0x03,
	0x00, 0x00, 0x00, 0x00, 0xe0, 0xff, 0xbd, 0x27,
	0x1c, 0x00, 0xbf, 0xaf, 0x18, 0x00, 0xb2, 0xaf,
	0x14, 0x00, 0xb1, 0xaf, 0x10, 0x00, 0xb0, 0xaf,
	0x20, 0x00, 0xa4, 0xaf, 0x20, 0x00, 0xa3, 0x8f,
	0x00, 0x00, 0x00, 0x00, 0x80, 0x10, 0x03, 0x00,
	0x20, 0x10, 0x43, 0x00, 0xc0, 0x18, 0x02, 0x00,
	0xec, 0x91, 0x82, 0x8f, 0x00, 0x00, 0x00, 0x00,
	0x21, 0x10, 0x43, 0x00, 0xe8, 0x91, 0x82, 0xaf,
	0xe8, 0x91, 0x82, 0x8f, 0x00, 0x00, 0x00, 0x00,
	0x1c, 0x00, 0x52, 0x8c, 0x21, 0x88, 0x00, 0x00,
	0x0d, 0x00, 0x00, 0x10, 0x00, 0x00, 0x00, 0x00,
	0xe8, 0x91, 0x82, 0x8f, 0x40, 0x19, 0x11, 0x00,
	0x20, 0x00, 0x42, 0x8c, 0x00, 0x00, 0x00, 0x00,
	0x21, 0x80, 0x43, 0x00, 0x00, 0x00, 0x02, 0x86,
	0x00, 0x00, 0x00, 0x00, 0x03, 0x00, 0x40, 0x10,
	0x00, 0x00, 0x00, 0x00, 0x00, 0x00, 0x00, 0xa6,
	0x0c, 0x00, 0x00, 0xa6, 0x01, 0x00, 0x31, 0x22,
	0x2a, 0x08, 0x32, 0x02, 0xf2, 0xff, 0x20, 0x14,
	0x00, 0x00, 0x00, 0x00, 0xe8, 0x91, 0x82, 0x8f,
	0x00, 0x00, 0x00, 0x00, 0x00, 0x00, 0x44, 0x8c,
	0x01, 0x00, 0x05, 0x24, 0xcc, 0x86, 0x02, 0x0c,
	0x00, 0x00, 0x00, 0x00, 0xe8, 0x91, 0x82, 0x8f,
	0x00, 0x00, 0x00, 0x00, 0x08, 0x00, 0x40, 0xac,
	0x1c, 0x00, 0xbf, 0x8f, 0x18, 0x00, 0xb2, 0x8f,
	0x14, 0x00, 0xb1, 0x8f, 0x10, 0x00, 0xb0, 0x8f,
	0x20, 0x00, 0xbd, 0x27, 0x08, 0x00, 0xe0, 0x03,
	0x00, 0x00, 0x00, 0x00, 0xe8, 0xff, 0xbd, 0x27,
	0x14, 0x00, 0xbf, 0xaf, 0x10, 0x00, 0xb0, 0xaf,
	0x21, 0x80, 0x80, 0x00, 0xd4, 0x91, 0x80, 0xaf,
	0x80, 0x10, 0x10, 0x00, 0x20, 0x10, 0x50, 0x00,
	0xc0, 0x18, 0x02, 0x00, 0xec, 0x91, 0x82, 0x8f,
	0x00, 0x00, 0x00, 0x00, 0x21, 0x10, 0x43, 0x00,
	0xe8, 0x91, 0x82, 0xaf, 0xe8, 0x91, 0x82, 0x8f,
	0x00, 0x00, 0x00, 0x00, 0x08, 0x00, 0x42, 0x8c,
	0x00, 0x00, 0x00, 0x00, 0xe4, 0x91, 0x82, 0xaf,
	0xe8, 0x91, 0x82, 0x8f, 0x00, 0x00, 0x00, 0x00,
	0x10, 0x00, 0x42, 0x8c, 0x00, 0x00, 0x00, 0x00,
	0xc4, 0x91, 0x82, 0xaf, 0xff, 0xff, 0x02, 0x24,
	0xc0, 0x91, 0x82, 0xaf, 0x80, 0x10, 0x10, 0x00,
	0x20, 0x10, 0x50, 0x00, 0xc0, 0x18, 0x02, 0x00,
	0xec, 0x91, 0x82, 0x8f, 0x00, 0x00, 0x00, 0x00,
	0x21, 0x10, 0x43, 0x00, 0x0c, 0x00, 0x44, 0x8c,
	0x3b, 0x02, 0x02, 0x0c, 0x00, 0x00, 0x00, 0x00,
	0x14, 0x00, 0xbf, 0x8f, 0x10, 0x00, 0xb0, 0x8f,
	0x18, 0x00, 0xbd, 0x27, 0x08, 0x00, 0xe0, 0x03,
	0x00, 0x00, 0x00, 0x00, 0x18, 0xff, 0xbd, 0x27,
	0x24, 0x00, 0xbf, 0xaf, 0x20, 0x00, 0xb2, 0xaf,
	0x1c, 0x00, 0xb1, 0xaf, 0x18, 0x00, 0xb0, 0xaf,
	0xe8, 0x00, 0xa4, 0xaf, 0xe8, 0x00, 0xb1, 0x8f,
	0x00, 0x00, 0x00, 0x00, 0x08, 0x00, 0x22, 0x8e,
	0x00, 0x00, 0x00, 0x00, 0x30, 0x00, 0xa2, 0xaf,
	0x10, 0x00, 0x30, 0x8e, 0x00, 0x00, 0x00, 0x00,
	0x0c, 0x00, 0x02, 0x8e, 0x00, 0x00, 0x00, 0x00,
	0x3c, 0x00, 0xa2, 0xaf, 0x3c, 0x00, 0xa4, 0x8f,
	0xda, 0xd3, 0x01, 0x0c, 0x00, 0x00, 0x00, 0x00,
	0x44, 0x00, 0xa2, 0xaf, 0x3c, 0x00, 0xa4, 0x8f,
	0xf4, 0xd3, 0x01, 0x0c, 0x00, 0x00, 0x00, 0x00,
	0x48, 0x00, 0xa2, 0xaf, 0x04, 0x00, 0x02, 0xae,
	0x3c, 0x00, 0xa4, 0x8f, 0x0e, 0xd4, 0x01, 0x0c,
	0x00, 0x00, 0x00, 0x00, 0x21, 0x18, 0x40, 0x00,
	0x40, 0x00, 0xa3, 0xaf, 0x44, 0x96, 0x83, 0x8f,
	0x16, 0x00, 0x01, 0x24, 0xf4, 0x01, 0x61, 0x10,
	0x00, 0x00, 0x00, 0x00, 0x15, 0x00, 0x01, 0x24,
	0x25, 0x01, 0x61, 0x10, 0x00, 0x00, 0x00, 0x00,
	0x02, 0x00, 0x01, 0x24, 0xe3, 0x00, 0x61, 0x10,
	0x00, 0x00, 0x00, 0x00, 0x01, 0x00, 0x01, 0x24,
	0xcb, 0x00, 0x61, 0x10, 0x00, 0x00, 0x00, 0x00,
	0x4f, 0x02, 0x60, 0x14, 0x00, 0x00, 0x00, 0x00,
	0x44, 0x00, 0xa3, 0x8f, 0x00, 0x00, 0x00, 0x00,
	0x96, 0x00, 0x60, 0x10, 0x00, 0x00, 0x00, 0x00,
	0x4c, 0x00, 0xa0, 0xaf, 0x05, 0x00, 0x00, 0x10,
	0x00, 0x00, 0x00, 0x00, 0x4c, 0x00, 0xa3, 0x8f,
	0x00, 0x00, 0x00, 0x00, 0x01, 0x00, 0x63, 0x20,
	0x4c, 0x00, 0xa3, 0xaf, 0x4c, 0x00, 0xa3, 0x8f,
	0x00, 0x00, 0x00, 0x00, 0x80, 0x20, 0x03, 0x00,
	0x14, 0x80, 0x03, 0x3c, 0xb8, 0xe1, 0x63, 0x24,
	0x21, 0x18, 0x64, 0x00, 0x00, 0x00, 0x63, 0x8c,
	0x00, 0x00, 0x00, 0x00, 0x06, 0x00, 0x60, 0x10,
	0x00, 0x00, 0x00, 0x00, 0x4c, 0x00, 0xa3, 0x8f,
	0x00, 0x00, 0x00, 0x00, 0x10, 0x00, 0x61, 0x28,
	0xee, 0xff, 0x20, 0x14, 0x00, 0x00, 0x00, 0x00,
	0x4c, 0x00, 0xa3, 0x8f, 0x10, 0x00, 0x01, 0x24,
	0x07, 0x00, 0x61, 0x14, 0x00, 0x00, 0x00, 0x00,
	0xfe, 0xff, 0x04, 0x24, 0x04, 0x00, 0x23, 0x8e,
	0x00, 0x00, 0x00, 0x00, 0x00, 0x00, 0x64, 0xa0,
	0x2b, 0x02, 0x00, 0x10, 0x00, 0x00, 0x00, 0x00,
	0x01, 0x00, 0x04, 0x24, 0x4c, 0x00, 0xa2, 0x8f,
	0x00, 0x00, 0x00, 0x00, 0x80, 0x18, 0x02, 0x00,
	0x14, 0x80, 0x02, 0x3c, 0xb8, 0xe1, 0x42, 0x24,
	0x21, 0x10, 0x43, 0x00, 0x00, 0x00, 0x44, 0xac,
	0x4c, 0x00, 0xa2, 0x8f, 0x00, 0x00, 0x00, 0x00,
	0xc3, 0xc8, 0x02, 0x00, 0x03, 0x00, 0x41, 0x04,
	0x00, 0x00, 0x00, 0x00, 0x07, 0x00, 0x42, 0x24,
	0xc3, 0xc8, 0x02, 0x00, 0x19, 0x00, 0x22, 0x23,
	0xff, 0xff, 0x42, 0x30, 0x10, 0x00, 0x02, 0xa6,
	0x4c, 0x00, 0xa2, 0x8f, 0x00, 0x00, 0x00, 0x00,
	0x83, 0xc8, 0x02, 0x00, 0x03, 0x00, 0x41, 0x04,
	0x00, 0x00, 0x00, 0x00, 0x03, 0x00, 0x42, 0x24,
	0x83, 0xc8, 0x02, 0x00, 0x00, 0x11, 0x19, 0x00,
	0x80, 0x00, 0x42, 0x20, 0x03, 0x11, 0x02, 0x00,
	0x3f, 0x00, 0x44, 0x30, 0x4c, 0x00, 0xa2, 0x8f,
	0x00, 0x00, 0x00, 0x00, 0x03, 0x00, 0x43, 0x30,
	0x04, 0x00, 0x41, 0x04, 0x00, 0x00, 0x00, 0x00,
	0x02, 0x00, 0x60, 0x10, 0x00, 0x00, 0x00, 0x00,
	0xfc, 0xff, 0x63, 0x24, 0x40, 0x10, 0x03, 0x00,
	0x20, 0x10, 0x43, 0x00, 0x40, 0x10, 0x02, 0x00,
	0xe8, 0x01, 0x42, 0x20, 0x80, 0x11, 0x02, 0x00,
	0x25, 0x10, 0x44, 0x00, 0xff, 0xff, 0x42, 0x30,
	0x12, 0x00, 0x02, 0xa6, 0x14, 0x00, 0x00, 0xa2,
	0x4c, 0x00, 0xa3, 0x8f, 0x00, 0x00, 0x00, 0x00,
	0x07, 0x00, 0x62, 0x30, 0x04, 0x00, 0x61, 0x04,
	0x00, 0x00, 0x00, 0x00, 0x02, 0x00, 0x40, 0x10,
	0x00, 0x00, 0x00, 0x00, 0xf8, 0xff, 0x42, 0x24,
	0x40, 0x11, 0x02, 0x00, 0xff, 0x00, 0x42, 0x30,
	0x15, 0x00, 0x02, 0xa2, 0x4c, 0x00, 0xa2, 0x8f,
	0x00, 0x00, 0x00, 0x00, 0x00, 0x14, 0x02, 0x00,
	0x03, 0x14, 0x02, 0x00, 0x16, 0x00, 0x02, 0xa6,
	0x44, 0x00, 0xa2, 0x8f, 0x00, 0x00, 0x00, 0x00,
	0x04, 0x00, 0x44, 0x24, 0x50, 0x00, 0xa5, 0x27,
	0xb3, 0x5d, 0x02, 0x0c, 0x00, 0x00, 0x00, 0x00,
	0x10, 0x00, 0x03, 0x96, 0x00, 0x00, 0x00, 0x00,
	0x0f, 0x00, 0x62, 0x30, 0x04, 0x00, 0x61, 0x04,
	0x00, 0x00, 0x00, 0x00, 0x02, 0x00, 0x40, 0x10,
	0x00, 0x00, 0x00, 0x00, 0xf0, 0xff, 0x42, 0x24,
	0x80, 0x19, 0x02, 0x00, 0x14, 0x00, 0x02, 0x92,
	0x00, 0x00, 0x00, 0x00, 0x20, 0x10, 0x62, 0x00,
	0x00, 0x14, 0x02, 0x00, 0x03, 0x14, 0x02, 0x00,
	0x54, 0x00, 0xa2, 0xa7, 0x10, 0x00, 0x02, 0x96,
	0x00, 0x00, 0x00, 0x00, 0x03, 0xc9, 0x02, 0x00,
	0x03, 0x00, 0x41, 0x04, 0x00, 0x00, 0x00, 0x00,
	0x0f, 0x00, 0x42, 0x24, 0x03, 0xc9, 0x02, 0x00,
	0x00, 0x1a, 0x19, 0x00, 0x15, 0x00, 0x02, 0x92,
	0x00, 0x00, 0x00, 0x00, 0x20, 0x10, 0x62, 0x00,
	0x00, 0x14, 0x02, 0x00, 0x03, 0x14, 0x02, 0x00,
	0x56, 0x00, 0xa2, 0xa7, 0x54, 0x00, 0xa2, 0x87,
	0x00, 0x00, 0x00, 0x00, 0x6c, 0x00, 0xa2, 0xa7,
	0x56, 0x00, 0xa2, 0x87, 0x00, 0x00, 0x00, 0x00,
	0x6e, 0x00, 0xa2, 0xa7, 0x58, 0x00, 0xa2, 0x97,
	0x00, 0x00, 0x00, 0x00, 0x00, 0x14, 0x02, 0x00,
	0x03, 0x14, 0x02, 0x00, 0x70, 0x00, 0xa2, 0xa7,
	0x5a, 0x00, 0xa2, 0x97, 0x00, 0x00, 0x00, 0x00,
	0x00, 0x14, 0x02, 0x00, 0x03, 0x14, 0x02, 0x00,
	0x72, 0x00, 0xa2, 0xa7, 0x6c, 0x00, 0xa4, 0x27,
	0x5c, 0x00, 0xa5, 0x8f, 0x54, 0x51, 0x02, 0x0c,
	0x00, 0x00, 0x00, 0x00, 0x44, 0x00, 0xa2, 0x8f,
	0x00, 0x00, 0x00, 0x00, 0x04, 0x00, 0x44, 0x24,
	0x74, 0x00, 0xa5, 0x27, 0xb3, 0x5d, 0x02, 0x0c,
	0x00, 0x00, 0x00, 0x00, 0x12, 0x00, 0x03, 0x96,
	0x00, 0x00, 0x00, 0x00, 0x3f, 0x00, 0x63, 0x30,
	0x00, 0x19, 0x03, 0x00, 0x00, 0x1c, 0x03, 0x00,
	0x03, 0x1c, 0x03, 0x00, 0x84, 0x00, 0xa3, 0xa7,
	0x12, 0x00, 0x03, 0x96, 0x00, 0x00, 0x00, 0x00,
	0x83, 0x19, 0x03, 0x00, 0x00, 0x1c, 0x03, 0x00,
	0x03, 0x1c, 0x03, 0x00, 0x86, 0x00, 0xa3, 0xa7,
	0x74, 0x00, 0xa3, 0x8f, 0x00, 0x00, 0x00, 0x00,
	0xc2, 0x18, 0x03, 0x00, 0x01, 0x00, 0x63, 0x30,
	0x15, 0x00, 0x60, 0x10, 0x00, 0x00, 0x00, 0x00,
	0x84, 0x00, 0xa2, 0x87, 0x00, 0x00, 0x00, 0x00,
	0x90, 0x00, 0xa2, 0xa7, 0x86, 0x00, 0xa2, 0x87,
	0x00, 0x00, 0x00, 0x00, 0x92, 0x00, 0xa2, 0xa7,
	0x88, 0x00, 0xa2, 0x97, 0x00, 0x00, 0x00, 0x00,
	0x00, 0x14, 0x02, 0x00, 0x03, 0x14, 0x02, 0x00,
	0x94, 0x00, 0xa2, 0xa7, 0x8a, 0x00, 0xa2, 0x97,
	0x00, 0x00, 0x00, 0x00, 0x00, 0x14, 0x02, 0x00,
	0x03, 0x14, 0x02, 0x00, 0x96, 0x00, 0xa2, 0xa7,
	0x90, 0x00, 0xa4, 0x27, 0x8c, 0x00, 0xa5, 0x8f,
	0x54, 0x51, 0x02, 0x0c, 0x00, 0x00, 0x00, 0x00,
	0x01, 0x00, 0x03, 0x24, 0x44, 0x96, 0x83, 0xaf,
	0x48, 0x00, 0xa3, 0x8f, 0x00, 0x00, 0x00, 0x00,
	0x10, 0x00, 0x60, 0x10, 0x00, 0x00, 0x00, 0x00,
	0x04, 0x00, 0x02, 0x8e, 0x00, 0x00, 0x00, 0x00,
	0x04, 0x00, 0x44, 0x24, 0x6f, 0x5b, 0x02, 0x0c,
	0x00, 0x00, 0x00, 0x00, 0x12, 0x00, 0x02, 0x96,
	0x00, 0x00, 0x00, 0x00, 0xf8, 0x85, 0x42, 0x20,
	0x10, 0x00, 0xa2, 0xaf, 0x10, 0x00, 0x05, 0x96,
	0x14, 0x00, 0x06, 0x92, 0x15, 0x00, 0x07, 0x92,
	0x04, 0x00, 0x04, 0x8e, 0x7c, 0x8f, 0x02, 0x0c,
	0x00, 0x00, 0x00, 0x00, 0x02, 0x00, 0x03, 0x24,
	0x44, 0x96, 0x83, 0xaf, 0x0c, 0x00, 0x03, 0x8e,
	0x00, 0x00, 0x00, 0x00, 0x30, 0x00, 0x63, 0x8c,
	0x00, 0x00, 0x00, 0x00, 0x2c, 0x00, 0xa3, 0xaf,
	0x08, 0x00, 0x23, 0x8e, 0x00, 0x00, 0x00, 0x00,
	0xfe, 0xff, 0x63, 0x84, 0x00, 0x00, 0x00, 0x00,
	0x34, 0x00, 0xa3, 0xaf, 0x2c, 0x00, 0xa4, 0x8f,
	0x34, 0x00, 0xa3, 0x8f, 0x00, 0x00, 0x00, 0x00,
	0x07, 0x00, 0x83, 0x10, 0x00, 0x00, 0x00, 0x00,
	0xfd, 0xff, 0x04, 0x24, 0x04, 0x00, 0x23, 0x8e,
	0x00, 0x00, 0x00, 0x00, 0x00, 0x00, 0x64, 0xa0,
	0x5d, 0x01, 0x00, 0x10, 0x00, 0x00, 0x00, 0x00,
	0xff, 0xff, 0x03, 0x24, 0x14, 0x80, 0x01, 0x3c,
	0x34, 0x10, 0x23, 0xa4, 0x21, 0x90, 0x00, 0x00,
	0x40, 0x20, 0x12, 0x00, 0x14, 0x80, 0x03, 0x3c,
	0x14, 0x10, 0x63, 0x24, 0x21, 0x18, 0x64, 0x00,
	0x00, 0x00, 0x63, 0x84, 0xff, 0xff, 0x01, 0x24,
	0x04, 0x00, 0x61, 0x10, 0x00, 0x00, 0x00, 0x00,
	0x01, 0x00, 0x52, 0x22, 0xf6, 0xff, 0x00, 0x10,
	0x00, 0x00, 0x00, 0x00, 0x10, 0x00, 0x01, 0x24,
	0x07, 0x00, 0x41, 0x16, 0x00, 0x00, 0x00, 0x00,
	0xff, 0xff, 0x04, 0x24, 0x04, 0x00, 0x23, 0x8e,
	0x00, 0x00, 0x00, 0x00, 0x00, 0x00, 0x64, 0xa0,
	0x45, 0x01, 0x00, 0x10, 0x00, 0x00, 0x00, 0x00,
	0x48, 0x96, 0x92, 0xaf, 0x40, 0x18, 0x12, 0x00,
	0x14, 0x80, 0x02, 0x3c, 0x14, 0x10, 0x42, 0x24,
	0x21, 0x10, 0x43, 0x00, 0x00, 0x00, 0x42, 0x84,
	0xff, 0xff, 0x01, 0x24, 0x05, 0x00, 0x41, 0x14,
	0x00, 0x00, 0x00, 0x00, 0x15, 0x00, 0x02, 0x24,
	0x44, 0x96, 0x82, 0xaf, 0x03, 0x00, 0x00, 0x10,
	0x00, 0x00, 0x00, 0x00, 0x03, 0x00, 0x02, 0x24,
	0x44, 0x96, 0x82, 0xaf, 0x01, 0x00, 0x02, 0x24,
	0x33, 0x01, 0x00, 0x10, 0x00, 0x00, 0x00, 0x00,
	0x48, 0x96, 0x82, 0x8f, 0x00, 0x00, 0x00, 0x00,
	0x38, 0x00, 0xa2, 0xaf, 0x38, 0x00, 0xa3, 0x8f,
	0x00, 0x00, 0x00, 0x00, 0x80, 0x10, 0x03, 0x00,
	0x20, 0x10, 0x43, 0x00, 0xc0, 0x18, 0x02, 0x00,
	0xec, 0x91, 0x82, 0x8f, 0x00, 0x00, 0x00, 0x00,
	0x21, 0x10, 0x43, 0x00, 0xe8, 0x91, 0x82, 0xaf,
	0xe8, 0x91, 0x82, 0x8f, 0x00, 0x00, 0x00, 0x00,
	0x18, 0x00, 0x50, 0xac, 0x0c, 0x00, 0x18, 0x8e,
	0xa0, 0x00, 0xaf, 0x27, 0x0d, 0x00, 0x19, 0x24,
	0x00, 0x00, 0x0e, 0x8f, 0x04, 0x00, 0x18, 0x27,
	0xff, 0xff, 0x39, 0x27, 0x00, 0x00, 0xee, 0xad,
	0x04, 0x00, 0xef, 0x25, 0xfa, 0xff, 0x20, 0x1f,
	0x00, 0x00, 0x00, 0x00, 0x0c, 0x00, 0x02, 0x8e,
	0x00, 0x00, 0x00, 0x00, 0x34, 0x00, 0x42, 0x24,
	0xd4, 0x00, 0xa2, 0xaf, 0xb8, 0x00, 0xa2, 0x8f,
	0x00, 0x00, 0x00, 0x00, 0x34, 0x00, 0x43, 0x24,
	0xf0, 0x91, 0x82, 0x8f, 0x00, 0x00, 0x00, 0x00,
	0x20, 0x10, 0x43, 0x00, 0xf0, 0x91, 0x82, 0xaf,
	0xd4, 0x00, 0xa3, 0x8f, 0xe8, 0x91, 0x82, 0x8f,
	0x00, 0x00, 0x00, 0x00, 0x08, 0x00, 0x43, 0xac,
	0xf0, 0x91, 0x82, 0x8f, 0x00, 0x00, 0x00, 0x00,
	0xd8, 0x00, 0xa2, 0xaf, 0x04, 0x00, 0x02, 0x8e,
	0x00, 0x00, 0x00, 0x00, 0xdc, 0x00, 0xa2, 0xaf,
	0xb8, 0x00, 0xa3, 0x8f, 0xb4, 0x00, 0xa2, 0x8f,
	0x00, 0x00, 0x00, 0x00, 0x22, 0x10, 0x62, 0x00,
	0x06, 0x00, 0x40, 0x14, 0x00, 0x00, 0x00, 0x00,
	0xe8, 0x91, 0x82, 0x8f, 0x00, 0x00, 0x00, 0x00,
	0x1c, 0x00, 0x40, 0xac, 0x07, 0x00, 0x00, 0x10,
	0x00, 0x00, 0x00, 0x00, 0xdc, 0x00, 0xa2, 0x8f,
	0x00, 0x00, 0x00, 0x00, 0x08, 0x00, 0x43, 0x8c,
	0xe8, 0x91, 0x82, 0x8f, 0x00, 0x00, 0x00, 0x00,
	0x1c, 0x00, 0x43, 0xac, 0xcc, 0x00, 0xa2, 0x8f,
	0x00, 0x00, 0x00, 0x00, 0x00, 0x1c, 0x02, 0x00,
	0x03, 0x1c, 0x03, 0x00, 0xe8, 0x91, 0x82, 0x8f,
	0x00, 0x00, 0x00, 0x00, 0x14, 0x00, 0x43, 0xa4,
	0xd4, 0x00, 0xa3, 0x8f, 0xb0, 0x00, 0xa2, 0x8f,
	0x00, 0x00, 0x00, 0x00, 0x21, 0x18, 0x62, 0x00,
	0xe8, 0x91, 0x82, 0x8f, 0x00, 0x00, 0x00, 0x00,
	0x10, 0x00, 0x43, 0xac, 0x98, 0x00, 0xa0, 0xaf,
	0x0f, 0x00, 0x00, 0x10, 0x00, 0x00, 0x00, 0x00,
	0xe8, 0x91, 0x84, 0x8f, 0x98, 0x00, 0xa3, 0x8f,
	0x00, 0x00, 0x00, 0x00, 0xc0, 0x10, 0x03, 0x00,
	0x22, 0x10, 0x43, 0x00, 0x80, 0x18, 0x02, 0x00,
	0x10, 0x00, 0x82, 0x8c, 0x00, 0x00, 0x00, 0x00,
	0x21, 0x10, 0x43, 0x00, 0x00, 0x00, 0x40, 0xac,
	0x98, 0x00, 0xa2, 0x8f, 0x00, 0x00, 0x00, 0x00,
	0x01, 0x00, 0x42, 0x20, 0x98, 0x00, 0xa2, 0xaf,
	0x98, 0x00, 0xa3, 0x8f, 0xcc, 0x00, 0xa2, 0x8f,
	0x00, 0x00, 0x00, 0x00, 0x2a, 0x08, 0x62, 0x00,
	0xed, 0xff, 0x20, 0x14, 0x00, 0x00, 0x00, 0x00,
	0xe8, 0x91, 0x82, 0x8f, 0x00, 0x00, 0x00, 0x00,
	0x1c, 0x00, 0x42, 0x8c, 0x00, 0x00, 0x00, 0x00,
	0x9c, 0x00, 0xa2, 0xaf, 0x9c, 0x00, 0xa2, 0x8f,
	0x00, 0x00, 0x00, 0x00, 0x25, 0x00, 0x40, 0x10,
	0x00, 0x00, 0x00, 0x00, 0xd4, 0x00, 0xa3, 0x8f,
	0xa8, 0x00, 0xa2, 0x8f, 0x00, 0x00, 0x00, 0x00,
	0x21, 0x18, 0x62, 0x00, 0xe8, 0x91, 0x82, 0x8f,
	0x00, 0x00, 0x00, 0x00, 0x20, 0x00, 0x43, 0xac,
	0x98, 0x00, 0xa0, 0xaf, 0x15, 0x00, 0x00, 0x10,
	0x00, 0x00, 0x00, 0x00, 0xe8, 0x91, 0x84, 0x8f,
	0x98, 0x00, 0xa2, 0x8f, 0x00, 0x00, 0x00, 0x00,
	0x40, 0x19, 0x02, 0x00, 0x20, 0x00, 0x82, 0x8c,
	0x00, 0x00, 0x00, 0x00, 0x21, 0x10, 0x43, 0x00,
	0x00, 0x00, 0x40, 0xa4, 0xe8, 0x91, 0x84, 0x8f,
	0x98, 0x00, 0xa2, 0x8f, 0x00, 0x00, 0x00, 0x00,
	0x40, 0x19, 0x02, 0x00, 0x20, 0x00, 0x82, 0x8c,
	0x00, 0x00, 0x00, 0x00, 0x21, 0x10, 0x43, 0x00,
	0x0c, 0x00, 0x40, 0xa4, 0x98, 0x00, 0xa2, 0x8f,
	0x00, 0x00, 0x00, 0x00, 0x01, 0x00, 0x42, 0x20,
	0x98, 0x00, 0xa2, 0xaf, 0x98, 0x00, 0xa3, 0x8f,
	0x9c, 0x00, 0xa2, 0x8f, 0x00, 0x00, 0x00, 0x00,
	0x2a, 0x08, 0x62, 0x00, 0xe7, 0xff, 0x20, 0x14,
	0x00, 0x00, 0x00, 0x00, 0xd0, 0x00, 0xa3, 0x8f,
	0xe8, 0x91, 0x82, 0x8f, 0x00, 0x00, 0x00, 0x00,
	0x00, 0x00, 0x43, 0xac, 0xd4, 0x00, 0xa3, 0x8f,
	0xa0, 0x00, 0xa2, 0x8f, 0x00, 0x00, 0x00, 0x00,
	0x20, 0x18, 0x62, 0x00, 0xe8, 0x91, 0x82, 0x8f,
	0x00, 0x00, 0x00, 0x00, 0x0c, 0x00, 0x43, 0xac,
	0xd4, 0x00, 0xa3, 0x8f, 0xa4, 0x00, 0xa2, 0x8f,
	0x00, 0x00, 0x00, 0x00, 0x20, 0x18, 0x62, 0x00,
	0xe8, 0x91, 0x82, 0x8f, 0x00, 0x00, 0x00, 0x00,
	0x04, 0x00, 0x43, 0xac, 0xd4, 0x00, 0xa3, 0x8f,
	0xac, 0x00, 0xa2, 0x8f, 0x00, 0x00, 0x00, 0x00,
	0x20, 0x18, 0x62, 0x00, 0xe8, 0x91, 0x82, 0x8f,
	0x00, 0x00, 0x00, 0x00, 0x24, 0x00, 0x43, 0xac,
	0xd4, 0x91, 0x80, 0xaf, 0xe8, 0x91, 0x82, 0x8f,
	0x00, 0x00, 0x00, 0x00, 0x08, 0x00, 0x42, 0x8c,
	0x00, 0x00, 0x00, 0x00, 0xe4, 0x91, 0x82, 0xaf,
	0xe8, 0x91, 0x82, 0x8f, 0x00, 0x00, 0x00, 0x00,
	0x10, 0x00, 0x42, 0x8c, 0x00, 0x00, 0x00, 0x00,
	0xc4, 0x91, 0x82, 0xaf, 0xff, 0xff, 0x02, 0x24,
	0xc0, 0x91, 0x82, 0xaf, 0xe8, 0x91, 0x82, 0x8f,
	0x00, 0x00, 0x00, 0x00, 0x04, 0x00, 0x42, 0x8c,
	0x00, 0x00, 0x00, 0x00, 0xdc, 0x91, 0x82, 0xaf,
	0x14, 0x80, 0x02, 0x3c, 0x94, 0x0f, 0x42, 0x24,
	0xa4, 0x91, 0x82, 0xaf, 0x14, 0x80, 0x02, 0x3c,
	0xdc, 0x10, 0x42, 0x24, 0xd8, 0x91, 0x82, 0xaf,
	0xd8, 0x91, 0x83, 0x8f, 0x00, 0x00, 0x00, 0x00,
	0x04, 0x00, 0x62, 0x24, 0xd8, 0x91, 0x82, 0xaf,
	0x00, 0x00, 0x60, 0xac, 0x16, 0x00, 0x02, 0x24,
	0x44, 0x96, 0x82, 0xaf, 0x01, 0x00, 0x02, 0x24,
	0x67, 0x00, 0x00, 0x10, 0x00, 0x00, 0x00, 0x00,
	0x48, 0x96, 0x82, 0x8f, 0x00, 0x00, 0x00, 0x00,
	0x38, 0x00, 0xa2, 0xaf, 0x38, 0x00, 0xa3, 0x8f,
	0x00, 0x00, 0x00, 0x00, 0x80, 0x10, 0x03, 0x00,
	0x20, 0x10, 0x43, 0x00, 0xc0, 0x18, 0x02, 0x00,
	0xec, 0x91, 0x82, 0x8f, 0x00, 0x00, 0x00, 0x00,
	0x21, 0x10, 0x43, 0x00, 0xe8, 0x91, 0x82, 0xaf,
	0xe4, 0x00, 0xa0, 0xaf, 0x13, 0x00, 0x00, 0x10,
	0x00, 0x00, 0x00, 0x00, 0xdc, 0x91, 0x82, 0x8f,
	0x00, 0x00, 0x00, 0x00, 0x00, 0x00, 0x42, 0x84,
	0x00, 0x00, 0x00, 0x00, 0xe0, 0x91, 0x82, 0xa7,
	0xe0, 0x91, 0x82, 0x87, 0x00, 0x00, 0x00, 0x00,
	0xff, 0x00, 0x44, 0x30, 0x2a, 0x02, 0x02, 0x0c,
	0x00, 0x00, 0x00, 0x00, 0xdc, 0x91, 0x82, 0x8f,
	0x00, 0x00, 0x00, 0x00, 0x0a, 0x00, 0x40, 0x10,
	0x00, 0x00, 0x00, 0x00, 0xe4, 0x00, 0xa2, 0x8f,
	0x00, 0x00, 0x00, 0x00, 0x01, 0x00, 0x42, 0x20,
	0xe4, 0x00, 0xa2, 0xaf, 0xe4, 0x00, 0xa2, 0x8f,
	0x00, 0x00, 0x00, 0x00, 0x04, 0x00, 0x41, 0x28,
	0xea, 0xff, 0x20, 0x14, 0x00, 0x00, 0x00, 0x00,
	0xe4, 0x00, 0xa2, 0x8f, 0x04, 0x00, 0x01, 0x24,
	0x04, 0x00, 0x41, 0x14, 0x00, 0x00, 0x00, 0x00,
	0x01, 0x00, 0x02, 0x24, 0x3a, 0x00, 0x00, 0x10,
	0x00, 0x00, 0x00, 0x00, 0xc4, 0x91, 0x82, 0x8f,
	0x00, 0x00, 0x00, 0x00, 0x08, 0x00, 0x42, 0x8c,
	0x00, 0x00, 0x00, 0x00, 0x00, 0x00, 0x42, 0x8c,
	0xff, 0xff, 0x01, 0x24, 0x04, 0x00, 0x41, 0x14,
	0x00, 0x00, 0x00, 0x00, 0xc4, 0x91, 0x82, 0x8f,
	0x00, 0x00, 0x00, 0x00, 0x00, 0x00, 0x40, 0xac,
	0xc0, 0x91, 0x82, 0x8f, 0x00, 0x00, 0x00, 0x00,
	0xe0, 0x00, 0xa2, 0xaf, 0x48, 0x96, 0x92, 0x8f,
	0xe0, 0x00, 0xa2, 0x8f, 0x00, 0x00, 0x00, 0x00,
	0xff, 0xff, 0x41, 0x28, 0x0e, 0x00, 0x20, 0x14,
	0x00, 0x00, 0x00, 0x00, 0xe8, 0x91, 0x82, 0x8f,
	0x00, 0x00, 0x00, 0x00, 0x00, 0x00, 0x42, 0x8c,
	0x00, 0x00, 0x00, 0x00, 0x00, 0x24, 0x02, 0x00,
	0x03, 0x24, 0x04, 0x00, 0x40, 0x18, 0x12, 0x00,
	0x14, 0x80, 0x02, 0x3c, 0x14, 0x10, 0x42, 0x24,
	0x21, 0x10, 0x43, 0x00, 0x00, 0x00, 0x44, 0xa4,
	0x0a, 0x00, 0x00, 0x10, 0x00, 0x00, 0x00, 0x00,
	0xe0, 0x00, 0xa2, 0x8f, 0x00, 0x00, 0x00, 0x00,
	0x00, 0x24, 0x02, 0x00, 0x03, 0x24, 0x04, 0x00,
	0x40, 0x18, 0x12, 0x00, 0x14, 0x80, 0x02, 0x3c,
	0x14, 0x10, 0x42, 0x24, 0x21, 0x10, 0x43, 0x00,
	0x00, 0x00, 0x44, 0xa4, 0x48, 0x96, 0x92, 0x8f,
	0x00, 0x00, 0x00, 0x00, 0x00, 0x24, 0x12, 0x00,
	0x03, 0x24, 0x04, 0x00, 0x0c, 0x00, 0x23, 0x8e,
	0x00, 0x00, 0x00, 0x00, 0x02, 0x00, 0x62, 0x24,
	0x0c, 0x00, 0x22, 0xae, 0x00, 0x00, 0x64, 0xa4,
	0xe8, 0x00, 0xa4, 0x8f, 0xc2, 0xcc, 0x01, 0x0c,
	0x00, 0x00, 0x00, 0x00, 0x03, 0x00, 0x02, 0x24,
	0x44, 0x96, 0x82, 0xaf, 0x21, 0x10, 0x00, 0x00,
	0x24, 0x00, 0xbf, 0x8f, 0x20, 0x00, 0xb2, 0x8f,
	0x1c, 0x00, 0xb1, 0x8f, 0x18, 0x00, 0xb0, 0x8f,
	0xe8, 0x00, 0xbd, 0x27, 0x08, 0x00, 0xe0, 0x03,
	0x00, 0x00, 0x00, 0x00, 0xd8, 0xff, 0xbd, 0x27,
	0x18, 0x00, 0xbf, 0xaf, 0x14, 0x00, 0xb1, 0xaf,
	0x10, 0x00, 0xb0, 0xaf, 0x21, 0x88, 0x80, 0x00,
	0x21, 0x80, 0x20, 0x02, 0x08, 0x00, 0x02, 0x8e,
	0x00, 0x00, 0x00, 0x00, 0x20, 0x00, 0xa2, 0xaf,
	0x10, 0x00, 0x02, 0x8e, 0x00, 0x00, 0x00, 0x00,
	0x24, 0x00, 0xa2, 0xaf, 0x44, 0x96, 0x80, 0xaf,
	0x07, 0x80, 0x04, 0x3c, 0x1c, 0x36, 0x84, 0x24,
	0x21, 0x28, 0x20, 0x02, 0x6b, 0xf8, 0x03, 0x0c,
	0x00, 0x00, 0x00, 0x00, 0x18, 0x00, 0xbf, 0x8f,
	0x14, 0x00, 0xb1, 0x8f, 0x10, 0x00, 0xb0, 0x8f,
	0x28, 0x00, 0xbd, 0x27, 0x08, 0x00, 0xe0, 0x03,
	0x00, 0x00, 0x00, 0x00, 0xe0, 0xff, 0xbd, 0x27,
	0x18, 0x00, 0xbf, 0xaf, 0x14, 0x00, 0xb1, 0xaf,
	0x10, 0x00, 0xb0, 0xaf, 0x21, 0x88, 0x80, 0x00,
	0xe8, 0x91, 0x82, 0x8f, 0x40, 0x19, 0x11, 0x00,
	0x20, 0x00, 0x42, 0x8c, 0x00, 0x00, 0x00, 0x00,
	0x21, 0x80, 0x43, 0x00, 0x0c, 0x00, 0x02, 0x86,
	0x00, 0x00, 0x00, 0x00, 0x3c, 0x00, 0x40, 0x10,
	0x00, 0x00, 0x00, 0x00, 0x10, 0x00, 0x02, 0x86,
	0x00, 0x00, 0x00, 0x00, 0x01, 0x00, 0x42, 0x20,
	0x10, 0x00, 0x02, 0xa6, 0x10, 0x00, 0x03, 0x86,
	0x1c, 0x00, 0x02, 0x8e, 0x00, 0x00, 0x00, 0x00,
	0x00, 0x00, 0x42, 0x84, 0x00, 0x00, 0x00, 0x00,
	0x2a, 0x08, 0x62, 0x00, 0x25, 0x00, 0x20, 0x14,
	0x00, 0x00, 0x00, 0x00, 0x10, 0x00, 0x00, 0xa6,
	0x0e, 0x00, 0x02, 0x86, 0x00, 0x00, 0x00, 0x00,
	0x01, 0x00, 0x42, 0x20, 0x0e, 0x00, 0x02, 0xa6,
	0x0e, 0x00, 0x03, 0x86, 0x0c, 0x00, 0x02, 0x86,
	0x00, 0x00, 0x00, 0x00, 0x2a, 0x08, 0x62, 0x00,
	0x07, 0x00, 0x20, 0x14, 0x00, 0x00, 0x00, 0x00,
	0x18, 0x00, 0x02, 0x8e, 0x00, 0x00, 0x00, 0x00,
	0x1c, 0x00, 0x02, 0xae, 0x0e, 0x00, 0x00, 0xa6,
	0x05, 0x00, 0x00, 0x10, 0x00, 0x00, 0x00, 0x00,
	0x1c, 0x00, 0x02, 0x8e, 0x00, 0x00, 0x00, 0x00,
	0x04, 0x00, 0x42, 0x24, 0x1c, 0x00, 0x02, 0xae,
	0xe8, 0x91, 0x82, 0x8f, 0x00, 0x00, 0x00, 0x00,
	0x18, 0x00, 0x44, 0x8c, 0x1c, 0x00, 0x02, 0x8e,
	0x00, 0x00, 0x00, 0x00, 0x02, 0x00, 0x43, 0x24,
	0x1c, 0x00, 0x02, 0x8e, 0x00, 0x00, 0x00, 0x00,
	0x03, 0x00, 0x42, 0x24, 0x04, 0x00, 0x84, 0x8c,
	0x21, 0x28, 0x20, 0x02, 0x00, 0x00, 0x66, 0x80,
	0x00, 0x00, 0x47, 0x80, 0x36, 0xd2, 0x01, 0x0c,
	0x00, 0x00, 0x00, 0x00, 0x12, 0x00, 0x02, 0x86,
	0x00, 0x00, 0x00, 0x00, 0x01, 0x00, 0x42, 0x20,
	0x12, 0x00, 0x02, 0xa6, 0x12, 0x00, 0x03, 0x86,
	0x14, 0x00, 0x02, 0x86, 0x00, 0x00, 0x00, 0x00,
	0x1a, 0x00, 0x62, 0x00, 0x10, 0x10, 0x00, 0x00,
};

int16_t STD_WIN_LAST_X[22] = {
	0x0012, 0xa602, 0x0000, 0x0000, 0x0018, 0x8fbf, 0x0014, 0x8fb1,
	0x0010, 0x8fb0, 0x0020, 0x27bd, 0x0008, 0x03e0, 0x0000, 0x0000,
	0xffb0, 0x27bd, 0x001c, 0xafbf, 0x0018, 0xafb2,
};

int16_t STD_WIN_FIRST_X[22] = {
	0x0014, 0xafb1, 0x0010, 0xafb0, 0x91a8, 0x8f90, 0x0020, 0xafa0,
	0x00a6, 0x1000, 0x0000, 0x0000, 0x0000, 0x8e02, 0x0000, 0x0000,
	0x009d, 0x1040, 0x0000, 0x0000, 0x0000, 0x8e02,
};

int16_t STD_WIN_ROTATION_Y[22] = {
	0x0000, 0x0000, 0x0024, 0xafa2, 0x0024, 0x8fa2, 0x0000, 0x0000,
	0x0000, 0x8c42, 0xffff, 0x2401, 0x0004, 0x1441, 0x0000, 0x0000,
	0x0000, 0xae00, 0x0091, 0x1000, 0x0000, 0x0000,
};

int16_t STD_WIN_ROTATION_X[22] = {
	0x9021, 0x0000, 0x1080, 0x0012, 0x1020, 0x0052, 0x1080, 0x0002,
	0x1021, 0x0202, 0x0010, 0x8442, 0x0000, 0x0000, 0x0004, 0x1840,
	0x0000, 0x0000, 0x0001, 0x2252, 0xfff6, 0x1000,
};

int16_t STD_CHAMPION_ORBIT_ANGLES[80] = {
	0x0000, 0x0000, 0x0014, 0x2401, 0x005b, 0x1241, 0x0000, 0x0000,
	0x1080, 0x0012, 0x1020, 0x0052, 0x1080, 0x0002, 0x1021, 0x0202,
	0x0010, 0x2451, 0x0006, 0x8602, 0x0000, 0x0000, 0x0000, 0xa622,
	0x0008, 0x8602, 0x0000, 0x0000, 0x0002, 0xa622, 0x44f7, 0x0c02,
	0x0000, 0x0000, 0x007f, 0x3042, 0xffc0, 0x2042, 0x1300, 0x0002,
	0xc983, 0x0002, 0x0003, 0x0441, 0x0000, 0x0000, 0x003f, 0x2442,
	0xc983, 0x0002, 0x1400, 0x0019, 0x1403, 0x0002, 0x0028, 0xa7a2,
	0x44f7, 0x0c02, 0x0000, 0x0000, 0x007f, 0x3042, 0xffc0, 0x2042,
	0x1300, 0x0002, 0xc983, 0x0002, 0x0003, 0x0441, 0x0000, 0x0000,
	0x003f, 0x2442, 0xc983, 0x0002, 0x1400, 0x0019, 0x1403, 0x0002,
};

int16_t STD_MODEL_SCENE_STEPS[10] = {
	0x002a, 0xa7a2, 0x44f7, 0x0c02, 0x0000, 0x0000, 0x007f, 0x3042,
	0xffc0, 0x2042,
};

uint8_t STD_LOSE_WIPE_ORDER[32] = {
	0x00, 0x13, 0x02, 0x00, 0x83, 0xc9, 0x02, 0x00,
	0x03, 0x00, 0x41, 0x04, 0x00, 0x00, 0x00, 0x00,
	0x3f, 0x00, 0x42, 0x24, 0x83, 0xc9, 0x02, 0x00,
	0x00, 0x14, 0x19, 0x00, 0x03, 0x14, 0x02, 0x00,
};

int16_t STD_LOSE_WIPE_HEIGHTS[32] = {
	0x002c, 0xa7a2, 0x0006, 0xa620, 0x1400, 0x0000, 0x1403, 0x0002,
	0x0004, 0xa622, 0x0006, 0x8602, 0x0000, 0x0000, 0x0008, 0xa622,
	0x0028, 0x27a4, 0x0030, 0x27a5, 0x6a49, 0x0c02, 0x0000, 0x0000,
	0x0030, 0x27a4, 0x0004, 0x2625, 0x0004, 0x2626, 0x6725, 0x0c02,
};

void (*STD_EFE_SUB_OPCODE_HANDLERS[97])(void) = {
	NULL, (void (*)(void))0x8fa20024,
	NULL, (void (*)(void))0x24420004,
	(void (*)(void))0x8c420000, NULL,
	(void (*)(void))0x00021400, (void (*)(void))0x00021403,
	(void (*)(void))0xa622000c, (void (*)(void))0x8fa20024,
	NULL, (void (*)(void))0x24420008,
	(void (*)(void))0x8c420000, NULL,
	(void (*)(void))0x00021400, (void (*)(void))0x00021403,
	(void (*)(void))0xa622000e, (void (*)(void))0x8fa20024,
	NULL, (void (*)(void))0x2442000c,
	(void (*)(void))0x8c420000, NULL,
	(void (*)(void))0x00021400, (void (*)(void))0x00021403,
	(void (*)(void))0xa6220010, (void (*)(void))0x00009021,
	(void (*)(void))0x10000019, NULL,
	(void (*)(void))0x00121080, (void (*)(void))0x00521020,
	(void (*)(void))0x00021080, (void (*)(void))0x02021021,
	(void (*)(void))0x84420010, NULL,
	(void (*)(void))0x18400010, NULL,
	(void (*)(void))0x00121080, (void (*)(void))0x00521020,
	(void (*)(void))0x00021080, (void (*)(void))0x02021021,
	(void (*)(void))0x24510010, (void (*)(void))0x86230002,
	(void (*)(void))0x86220000, NULL,
	(void (*)(void))0x00431022, (void (*)(void))0xa6220000,
	(void (*)(void))0x8603000a, (void (*)(void))0x86220002,
	NULL, (void (*)(void))0x00431022,
	(void (*)(void))0xa6220002, (void (*)(void))0x22520001,
	(void (*)(void))0x2a410014, (void (*)(void))0x1420ffe6,
	NULL, (void (*)(void))0x86020004,
	NULL, (void (*)(void))0x2042ffff,
	(void (*)(void))0xa6020004, (void (*)(void))0x00021400,
	(void (*)(void))0x00021403, (void (*)(void))0x1c400002,
	NULL, (void (*)(void))0xae000000,
	(void (*)(void))0x261001b4, (void (*)(void))0x8fa20020,
	NULL, (void (*)(void))0x20420001,
	(void (*)(void))0xafa20020, (void (*)(void))0x8fa20020,
	NULL, (void (*)(void))0x28410004,
	(void (*)(void))0x1420ff57, NULL,
	(void (*)(void))0x8fbf001c, (void (*)(void))0x8fb20018,
	(void (*)(void))0x8fb10014, (void (*)(void))0x8fb00010,
	(void (*)(void))0x27bd0050, (void (*)(void))0x03e00008,
	NULL, (void (*)(void))0x27bdff98,
	(void (*)(void))0xafbf002c, (void (*)(void))0xafb20028,
	(void (*)(void))0xafb10024, (void (*)(void))0xafb00020,
	(void (*)(void))0x8f9191a8, (void (*)(void))0xafa00034,
	(void (*)(void))0x100000f8, NULL,
	(void (*)(void))0x8e220000, NULL,
	(void (*)(void))0x104000ef, NULL,
	(void (*)(void))0x8e220000, NULL,
	(void (*)(void))0xafa20040,
};

MATRIXRaw STD_SAVED_WS_MATRIX = {
	{
		0x0f, 0x00, 0x22, 0x82, 0x00, 0x00, 0x00, 0x00,
		0x67, 0x00, 0xa2, 0xa3, 0x38, 0x00, 0xa0, 0xaf,
		0xe1, 0x00, 0x00, 0x10, 0x00, 0x00, 0x00, 0x00,
		0x38, 0x00, 0xa3, 0x8f, 0x00, 0x00, 0x00, 0x00,
	},
};

EfePoisonBubble STD_POISON_BUBBLES[12] = {
	{ 0x1080, 0x0003, 0x1020, 0x0043, (Entity *)0x00021080 },
	{ 0x1021, 0x0222, 0x0010, 0x8442, NULL },
	{ 0x00d3, 0x1840, 0x0000, 0x0000, (Entity *)0x8fa30038 },
	{ 0x0000, 0x0000, 0x1080, 0x0003, (Entity *)0x00431020 },
	{ 0x1080, 0x0002, 0x1021, 0x0222, (Entity *)0x24500010 },
	{ 0x0067, 0x83a2, 0x0002, 0x2401, (Entity *)0x10410029 },
	{ 0x0000, 0x0000, 0x0003, 0x2401, (Entity *)0x10410019 },
	{ 0x0000, 0x0000, 0x0001, 0x2401, (Entity *)0x1041000d },
	{ 0x0000, 0x0000, 0x002d, 0x1440, NULL },
	{ 0x0000, 0x8602, 0x0000, 0x0000, (Entity *)0x00029100 },
	{ 0x0000, 0x8602, 0x0000, 0x0000, (Entity *)0x20420007 },
	{ 0x1100, 0x0002, 0x003c, 0xafa2, (Entity *)0x10000023 },
};

EfePoison STD_POISON_EFFECTS[4] = {
	{ 0x0000, 0x0000, (Entity *)0x86020000 },
	{ 0x0000, 0x0000, (Entity *)0x00029100 },
	{ 0x0000, 0x8602, NULL },
	{ 0x1080, 0x0002, (Entity *)0xafa2003c },
};

EfeConfusion STD_CONFUSION_EFFECTS[4] = {
	{
		0x001a, 0x1000,
		0x0000, { 0x0000, 0x0006, 0x8623 },
		(Entity *)0x86020000,
	},
	{
		0x0000, 0x0000,
		0x1022, { 0x0062, 0x9100, 0x0002 },
		(Entity *)0x86230006,
	},
	{
		0x0000, 0x8602,
		0x0000, { 0x0000, 0x1022, 0x0062 },
		(Entity *)0x00021080,
	},
	{
		0x003c, 0xafa2,
		0x000d, { 0x1000, 0x0000, 0x0000 },
		(Entity *)0x86230006,
	},
};

EfeStun STD_STUN_EFFECTS[5] = {
	{ 0x0000, 0x8602, 0x0000, 0x0000, (Entity *)0x00621022 },
	{ 0x9100, 0x0002, 0x0006, 0x8623, (Entity *)0x86020000 },
	{ 0x0000, 0x0000, 0x1022, 0x0062, (Entity *)0x2042fffb },
	{ 0x1100, 0x0002, 0x003c, 0xafa2, (Entity *)0x86220006 },
	{ 0x0000, 0x0000, 0x001a, 0x0242, (Entity *)0x00009012 },
};

EfeStunSpark STD_STUN_SUB_EFFECTS[25] = {
	{ 0x0006, 0x8623, (Entity *)0x8fa2003c },
	{ 0x0000, 0x0000, (Entity *)0x0043001a },
	{ 0x1012, 0x0000, (Entity *)0xafa2003c },
	{ 0x0004, 0x8602, NULL },
	{ 0x0018, 0x0052, (Entity *)0x00001012 },
	{ 0x1a03, 0x0002, (Entity *)0x8602000c },
	{ 0x0000, 0x0000, (Entity *)0x00431020 },
	{ 0x1400, 0x0002, (Entity *)0x00021403 },
	{ 0x0044, 0xa7a2, (Entity *)0x86020006 },
	{ 0x0000, 0x0000, (Entity *)0x00520018 },
	{ 0x1012, 0x0000, (Entity *)0x00021a03 },
	{ 0x000e, 0x8602, NULL },
	{ 0x1020, 0x0043, (Entity *)0x00021400 },
	{ 0x1403, 0x0002, (Entity *)0xa7a20046 },
	{ 0x0008, 0x8602, NULL },
	{ 0x0018, 0x0052, (Entity *)0x00001012 },
	{ 0x1a03, 0x0002, (Entity *)0x86020010 },
	{ 0x0000, 0x0000, (Entity *)0x00431020 },
	{ 0x1400, 0x0002, (Entity *)0x00021403 },
	{ 0x0048, 0xa7a2, (Entity *)0x86030004 },
	{ 0x003c, 0x8fa2, NULL },
	{ 0x0018, 0x0062, (Entity *)0x00001012 },
	{ 0x1a03, 0x0002, (Entity *)0x8602000c },
	{ 0x0000, 0x0000, (Entity *)0x00431020 },
	{ 0x1400, 0x0002, (Entity *)0x00021403 },
};

SVECTOR STD_FINISHER_AURA_SPARKS[20] = {
	{ 0x004c, 0xa7a2, 0x0006, 0x8603 },
	{ 0x003c, 0x8fa2, 0x0000, 0x0000 },
	{ 0x0018, 0x0062, 0x1012, 0x0000 },
	{ 0x1a03, 0x0002, 0x000e, 0x8602 },
	{ 0x0000, 0x0000, 0x1020, 0x0043 },
	{ 0x1400, 0x0002, 0x1403, 0x0002 },
	{ 0x004e, 0xa7a2, 0x0008, 0x8603 },
	{ 0x003c, 0x8fa2, 0x0000, 0x0000 },
	{ 0x0018, 0x0062, 0x1012, 0x0000 },
	{ 0x1a03, 0x0002, 0x0010, 0x8602 },
	{ 0x0000, 0x0000, 0x1020, 0x0043 },
	{ 0x1400, 0x0002, 0x1403, 0x0002 },
	{ 0x0050, 0xa7a2, 0x0044, 0x27a4 },
	{ 0x005c, 0x27a5, 0x649b, 0x0c04 },
	{ 0x0000, 0x0000, 0x0054, 0xafa2 },
	{ 0x0054, 0x8fa2, 0x0000, 0x0000 },
	{ 0x1083, 0x0002, 0x0054, 0xafa2 },
	{ 0x0054, 0x8fa2, 0x0000, 0x0000 },
	{ 0x03e8, 0x2841, 0x002c, 0x1420 },
	{ 0x0000, 0x0000, 0x004c, 0x27a4 },
};

EfeFinisherAura STD_FINISHER_AURAS[2] = {
	{ 0x0000, 0xc880, (Entity *)0xc8810004 },
	{ 0x0000, 0x0000, NULL },
};
// clang-format on
