#include <libgs.h>
#include <libgte.h>

#include <dw/graphics.h>
#include <dw/std.h>
#include <dw/types.h>

// clang-format off
GsOT STD_D_8007B684[2] = {
	{
		0x00000000,
		(GsOT_TAG *)0x00000000,
		0x00000000,
		0x00000000,
		(GsOT_TAG *)0x00000000,
	},
	{
		0x00000000,
		(GsOT_TAG *)0x00000000,
		0x00000000,
		0x00000000,
		(GsOT_TAG *)0x00000000,
	},
};

GsOT_TAG STD_D_8007B664[4] = {
	{ 0x000000, 0x00 },
	{ 0x000000, 0x00 },
	{ 0x000000, 0x00 },
	{ 0x000000, 0x00 },
};

GsOT_TAG STD_D_8007B674[4] = {
	{ 0x000000, 0x00 },
	{ 0x000000, 0x00 },
	{ 0x000000, 0x00 },
	{ 0x000000, 0x00 },
};

GsOT STD_D_8007B6AC[2] = {
	{
		0x00000000,
		(GsOT_TAG *)0x00000000,
		0x00000000,
		0x00000000,
		(GsOT_TAG *)0x00000000,
	},
	{
		0x00000000,
		(GsOT_TAG *)0x00000000,
		0x00000000,
		0x00000000,
		(GsOT_TAG *)0x00000000,
	},
};

GsOT_TAG STD_D_8007B6D4[4] = {
	{ 0x000000, 0x00 },
	{ 0x000000, 0x00 },
	{ 0x000000, 0x00 },
	{ 0x000000, 0x00 },
};

GsOT_TAG STD_D_8007B6E4[4] = {
	{ 0x000000, 0x00 },
	{ 0x000000, 0x00 },
	{ 0x000000, 0x00 },
	{ 0x000000, 0x00 },
};

VECTOR STD_INTRO_TARGET_POS = { 0x00000000, 0x00000000, 0x00000000, 0x00000000 };

VECTOR STD_CAMERA_CHASE_LAST_POS = { 0x00000000, 0x00000000, 0x00000000, 0x00000000 };

GsOT STD_MODEL_SCENE_ORDERING_TABLE[2] = {
	{
		0x00000000,
		(GsOT_TAG *)0x00000000,
		0x00000000,
		0x0062001a,
		(GsOT_TAG *)0x00001012,
	},
	{
		0x3c018008,
		(GsOT_TAG *)0xac225ff4,
		0x24120005,
		0x1000001e,
		(GsOT_TAG *)0x00000000,
	},
};

GsOT_TAG STD_MODEL_SCENE_OT_TAGS_0[32] = {
	{ 0x030000, 0x8e },
	{ 0x000000, 0x00 },
	{ 0x031040, 0x00 },
	{ 0x431020, 0x00 },
	{ 0x021080, 0x00 },
	{ 0x431020, 0x00 },
	{ 0x021880, 0x00 },
	{ 0x028014, 0x3c },
	{ 0x42b344, 0x24 },
	{ 0x431021, 0x00 },
	{ 0x43001a, 0x84 },
	{ 0x000000, 0x00 },
	{ 0x031100, 0x00 },
	{ 0x431822, 0x00 },
	{ 0x031080, 0x00 },
	{ 0x431022, 0x00 },
	{ 0x021880, 0x00 },
	{ 0x020064, 0x24 },
	{ 0x62001a, 0x00 },
	{ 0x002812, 0x00 },
	{ 0x040050, 0x24 },
	{ 0x040ba9, 0x0c },
	{ 0x000000, 0x00 },
	{ 0x122080, 0x00 },
	{ 0x038008, 0x3c },
	{ 0x635fe4, 0x24 },
	{ 0x641821, 0x00 },
	{ 0x620000, 0xac },
	{ 0x520001, 0x22 },
	{ 0x410016, 0x2a },
	{ 0x20ffe1, 0x14 },
	{ 0x000000, 0x00 },
};

GsOT_TAG STD_MODEL_SCENE_OT_TAGS_1[32] = {
	{ 0x040016, 0x24 },
	{ 0x058008, 0x3c },
	{ 0xa54924, 0x24 },
	{ 0x068008, 0x3c },
	{ 0xc65fe4, 0x24 },
	{ 0x078008, 0x3c },
	{ 0xe75f34, 0x24 },
	{ 0x039877, 0x0c },
	{ 0x000000, 0x00 },
	{ 0xa40034, 0x87 },
	{ 0xa60038, 0x87 },
	{ 0x002821, 0x00 },
	{ 0x040734, 0x0c },
	{ 0x000000, 0x00 },
	{ 0x4202bc, 0x20 },
	{ 0xa2003c, 0xaf },
	{ 0xa2003c, 0x8f },
	{ 0x018008, 0x3c },
	{ 0x225f8c, 0xac },
	{ 0xa2003c, 0x8f },
	{ 0x018008, 0x3c },
	{ 0x225f90, 0xac },
	{ 0xa2003c, 0x8f },
	{ 0x000000, 0x00 },
	{ 0x4105dc, 0x28 },
	{ 0x200003, 0x10 },
	{ 0x000000, 0x00 },
	{ 0x0205dc, 0x24 },
	{ 0xa2003c, 0xaf },
	{ 0xa3003c, 0x8f },
	{ 0x000000, 0x00 },
	{ 0x031100, 0x00 },
};

GsDOBJ2 STD_ARENA_OBJECTS[4] = {
	{
		0x00431022,
		(GsCOORDINATE2 *)0x000218c0,
		(long unsigned int *)0x24020064,
		0x0062001a,
	},
	{
		0x00001012,
		(GsCOORDINATE2 *)0x3c018008,
		(long unsigned int *)0xac225f94,
		0x8fa3003c,
	},
	{
		0x00000000,
		(GsCOORDINATE2 *)0x00031080,
		(long unsigned int *)0x00431020,
		0x00021900,
	},
	{
		0x24020064,
		(GsCOORDINATE2 *)0x0062001a,
		(long unsigned int *)0x00001012,
		0x3c018008,
	},
};

GsCOORDINATE2Raw STD_ARENA_COORDS[4] = {
	{
		{
			0x98, 0x5f, 0x22, 0xac, 0x08, 0x80, 0x01, 0x3c,
			0x16, 0x5f, 0x22, 0x84, 0x08, 0x80, 0x01, 0x3c,
			0x9c, 0x5f, 0x22, 0xac, 0x05, 0x00, 0x12, 0x24,
			0x1f, 0x00, 0x00, 0x10, 0x00, 0x00, 0x00, 0x00,
			0x08, 0x80, 0x01, 0x3c, 0x16, 0x5f, 0x23, 0x84,
			0x00, 0x00, 0x00, 0x00, 0x00, 0x11, 0x03, 0x00,
			0x22, 0x18, 0x43, 0x00, 0x80, 0x10, 0x03, 0x00,
			0x22, 0x10, 0x43, 0x00, 0x40, 0x18, 0x02, 0x00,
			0x64, 0x00, 0x02, 0x24, 0x1a, 0x00, 0x62, 0x00,
			0x12, 0x20, 0x00, 0x00, 0x08, 0x80, 0x01, 0x3c,
		},
	},
	{
		{
			0x16, 0x5f, 0x23, 0x84, 0x00, 0x00, 0x00, 0x00,
			0x00, 0x11, 0x03, 0x00, 0x22, 0x18, 0x43, 0x00,
			0x80, 0x10, 0x03, 0x00, 0x22, 0x10, 0x43, 0x00,
			0x80, 0x18, 0x02, 0x00, 0x64, 0x00, 0x02, 0x24,
			0x1a, 0x00, 0x62, 0x00, 0x12, 0x28, 0x00, 0x00,
			0xa9, 0x0b, 0x04, 0x0c, 0x00, 0x00, 0x00, 0x00,
			0x80, 0x20, 0x12, 0x00, 0x08, 0x80, 0x03, 0x3c,
			0x8c, 0x5f, 0x63, 0x24, 0x21, 0x18, 0x64, 0x00,
			0x00, 0x00, 0x62, 0xac, 0x01, 0x00, 0x52, 0x22,
			0x16, 0x00, 0x41, 0x2a, 0xe0, 0xff, 0x20, 0x14,
		},
	},
	{
		{
			0x00, 0x00, 0x00, 0x00, 0x1c, 0x00, 0xbf, 0x8f,
			0x18, 0x00, 0xb2, 0x8f, 0x14, 0x00, 0xb1, 0x8f,
			0x10, 0x00, 0xb0, 0x8f, 0x40, 0x00, 0xbd, 0x27,
			0x08, 0x00, 0xe0, 0x03, 0x00, 0x00, 0x00, 0x00,
			0xe8, 0xff, 0xbd, 0x27, 0x10, 0x00, 0xbf, 0xaf,
			0xad, 0x01, 0x04, 0x24, 0x21, 0x28, 0x00, 0x00,
			0x5a, 0x90, 0x02, 0x0c, 0x00, 0x00, 0x00, 0x00,
			0xff, 0xff, 0x02, 0x24, 0x08, 0x80, 0x01, 0x3c,
			0x10, 0x5f, 0x22, 0xa4, 0x10, 0x00, 0xbf, 0x8f,
			0x18, 0x00, 0xbd, 0x27, 0x08, 0x00, 0xe0, 0x03,
		},
	},
	{
		{
			0x00, 0x00, 0x00, 0x00, 0xe8, 0xff, 0xbd, 0x27,
			0x14, 0x00, 0xbf, 0xaf, 0x10, 0x00, 0xb0, 0xaf,
			0x5e, 0x01, 0x02, 0x24, 0xa4, 0x94, 0x82, 0xaf,
			0xa4, 0x94, 0x84, 0x8f, 0x24, 0x61, 0x02, 0x0c,
			0x00, 0x00, 0x00, 0x00, 0xa0, 0x95, 0x82, 0x8f,
			0x00, 0x00, 0x00, 0x00, 0x04, 0x00, 0x42, 0x8c,
			0x00, 0x00, 0x00, 0x00, 0x34, 0x00, 0x50, 0x24,
			0x14, 0x00, 0x02, 0x8e, 0x1a, 0x80, 0x01, 0x3c,
			0xc4, 0xcc, 0x22, 0xac, 0xa0, 0x95, 0x82, 0x8f,
			0x00, 0x00, 0x00, 0x00, 0x00, 0x00, 0x43, 0x8c,
		},
	},
};

int16_t STD_D_8007B9BC[10] = {
	0x0000, 0x0000, 0x1040, 0x0003, 0x1020, 0x0043, 0x1080, 0x0002,
	0x1020, 0x0043,
};

StdUnkB9D0 STD_D_8007B9D0 = {
	0x1880,
	0x0002,
	(Entity *)0x3c028014,
	(Entity *)0x2442b344,
	{
		0x21, 0x10, 0x43, 0x00, 0x1a, 0x00, 0x42, 0x84,
		0x00, 0x00, 0x00, 0x00, 0x22, 0x10, 0x02, 0x00,
	},
};

int32_t STD_D_8007BA44[22] = {
	0x00021840, 0x24020003, 0x0062001a, 0x00001012,
	0x3c01801a, 0xac22ccc8, 0x8e02001c, 0x3c01801a,
	0xac22cccc, 0x3c04801a, 0x2484ccb8, 0x0c026438,
	0x00000000, 0x8fbf0014, 0x8fb00010, 0x27bd0018,
	0x03e00008, 0x00000000, 0x27bdffb8, 0xafbf0024,
	0xafb20020, 0xafb1001c,
};

int32_t STD_D_8007B9EC[4] = {
	0xafb00018, 0xafa40048, 0xafa5004c, 0xafa60050,
};

int32_t STD_D_8007B9FC[18] = {
	0xafa70054, 0x8fb20058, 0x0c0263c0, 0x00000000,
	0x00408021, 0x02002021, 0x0c025b76, 0x00000000,
	0x24020080, 0xa2020004, 0x24020080, 0xa2020005,
	0x24020080, 0xa2020006, 0x2402000d, 0xa6020016,
	0x24040010, 0x240501e0,
};

int32_t STD_D_8007BA9C[4] = {
	0x0c025b42, 0x00000000, 0xa602000e, 0x24020012,
};

int32_t STD_D_8007BAAC[18] = {
	0xafa20010, 0x02002021, 0x24050078, 0x24060030,
	0x24070008, 0x0c040f09, 0x00000000, 0x24020012,
	0xafa20010, 0x02002021, 0x2405ffe4, 0x2406ff9d,
	0x24070008, 0x0c040f33, 0x00000000, 0x8f8294a0,
	0x00121880, 0x8c420004,
};

StdUnkBAF4 STD_BRACKET_SLOTS[8] = {
	{
		0x0000,
		0x0000,
		0x21,
		0x20,
		0x43,
		0x00,
		0x21,
		0x28,
		{ 0x00, 0x02 },
		0x28,
		0x00,
	},
	{
		0x24b0,
		0x5b4a,
		0x02,
		0x0c,
		0x00,
		0x00,
		0x00,
		0x00,
		{ 0x21, 0x20 },
		0x00,
		0x02,
	},
	{
		0x5b76,
		0x0c02,
		0x00,
		0x00,
		0x00,
		0x00,
		0x80,
		0x00,
		{ 0x02, 0x24 },
		0x04,
		0x00,
	},
	{
		0xa202,
		0x0080,
		0x02,
		0x24,
		0x05,
		0x00,
		0x02,
		0xa2,
		{ 0x80, 0x00 },
		0x02,
		0x24,
	},
	{
		0x0006,
		0xa202,
		0x0d,
		0x00,
		0x02,
		0x24,
		0x16,
		0x00,
		{ 0x02, 0xa6 },
		0x10,
		0x00,
	},
	{
		0x2404,
		0x01e0,
		0x05,
		0x24,
		0x42,
		0x5b,
		0x02,
		0x0c,
		{ 0x00, 0x00 },
		0x00,
		0x00,
	},
	{
		0x000e,
		0xa602,
		0x12,
		0x00,
		0x02,
		0x24,
		0x10,
		0x00,
		{ 0xa2, 0xaf },
		0x21,
		0x20,
	},
	{
		0x0200,
		0x0088,
		0x05,
		0x24,
		0x30,
		0x00,
		0x06,
		0x24,
		{ 0x08, 0x00 },
		0x07,
		0x24,
	},
};

StdUnkBB64 STD_BRACKET_PROJECTILES[8] = {
	{ 0x0f09, 0x0c04, 0x00, 0x00 },
	{ 0x0000, 0x0012, 0x02, 0x24 },
	{ 0x0010, 0xafa2, 0x21, 0x20 },
	{ 0x0200, 0x0014, 0x05, 0x24 },
	{ 0xff9d, 0x2406, 0x08, 0x00 },
	{ 0x2407, 0x0f33, 0x04, 0x0c },
	{ 0x0000, 0x0000, 0xa0, 0x94 },
	{ 0x8f82, 0x1880, 0x12, 0x00 },
};

uint8_t STD_BATTLE_START_TEXT_PIECES[155][20] = {
	{
		0x04, 0x00, 0x42, 0x8c, 0x00, 0x00, 0x00, 0x00,
		0x21, 0x20, 0x43, 0x00, 0x21, 0x28, 0x00, 0x02,
		0x28, 0x00, 0xb0, 0x24,
	},
	{
		0x4a, 0x5b, 0x02, 0x0c, 0x00, 0x00, 0x00, 0x00,
		0x50, 0x00, 0xa4, 0x87, 0x54, 0x00, 0xa5, 0x8f,
		0x2c, 0x00, 0xa6, 0x27,
	},
	{
		0x30, 0x00, 0xa7, 0x27, 0xc7, 0x0e, 0x04, 0x0c,
		0x00, 0x00, 0x00, 0x00, 0x2c, 0x00, 0xa2, 0x8f,
		0x00, 0x00, 0x00, 0x00,
	},
	{
		0xff, 0xff, 0x51, 0x20, 0x3a, 0x00, 0x00, 0x10,
		0x00, 0x00, 0x00, 0x00, 0x21, 0x20, 0x00, 0x02,
		0x76, 0x5b, 0x02, 0x0c,
	},
	{
		0x00, 0x00, 0x00, 0x00, 0x80, 0x00, 0x02, 0x24,
		0x04, 0x00, 0x02, 0xa2, 0x80, 0x00, 0x02, 0x24,
		0x05, 0x00, 0x02, 0xa2,
	},
	{
		0x80, 0x00, 0x02, 0x24, 0x06, 0x00, 0x02, 0xa2,
		0x0d, 0x00, 0x02, 0x24, 0x16, 0x00, 0x02, 0xa6,
		0x10, 0x00, 0x04, 0x24,
	},
	{
		0xe0, 0x01, 0x05, 0x24, 0x42, 0x5b, 0x02, 0x0c,
		0x00, 0x00, 0x00, 0x00, 0x0e, 0x00, 0x02, 0xa6,
		0x0f, 0x00, 0x02, 0x24,
	},
	{
		0x10, 0x00, 0xa2, 0xaf, 0x80, 0x10, 0x11, 0x00,
		0x21, 0x10, 0xa2, 0x03, 0x30, 0x00, 0x43, 0x8c,
		0x00, 0x00, 0x00, 0x00,
	},
	{
		0x40, 0x10, 0x03, 0x00, 0x20, 0x10, 0x43, 0x00,
		0x80, 0x28, 0x02, 0x00, 0x21, 0x20, 0x00, 0x02,
		0x30, 0x00, 0x06, 0x24,
	},
	{
		0x0c, 0x00, 0x07, 0x24, 0x09, 0x0f, 0x04, 0x0c,
		0x00, 0x00, 0x00, 0x00, 0x0f, 0x00, 0x02, 0x24,
		0x10, 0x00, 0xa2, 0xaf,
	},
	{
		0x50, 0x00, 0xa2, 0x87, 0x00, 0x00, 0x00, 0x00,
		0xff, 0xff, 0x42, 0x20, 0x22, 0x18, 0x51, 0x00,
		0xc0, 0x10, 0x03, 0x00,
	},
	{
		0x22, 0x10, 0x43, 0x00, 0x40, 0x18, 0x02, 0x00,
		0x48, 0x00, 0xa2, 0x87, 0x00, 0x00, 0x00, 0x00,
		0x20, 0x28, 0x43, 0x00,
	},
	{
		0x4c, 0x00, 0xa6, 0x87, 0x21, 0x20, 0x00, 0x02,
		0x0c, 0x00, 0x07, 0x24, 0x33, 0x0f, 0x04, 0x0c,
		0x00, 0x00, 0x00, 0x00,
	},
	{
		0xa0, 0x94, 0x82, 0x8f, 0x80, 0x18, 0x12, 0x00,
		0x04, 0x00, 0x42, 0x8c, 0x00, 0x00, 0x00, 0x00,
		0x21, 0x20, 0x43, 0x00,
	},
	{
		0x21, 0x28, 0x00, 0x02, 0x28, 0x00, 0xb0, 0x24,
		0x4a, 0x5b, 0x02, 0x0c, 0x00, 0x00, 0x00, 0x00,
		0xff, 0xff, 0x31, 0x22,
	},
	{
		0xc6, 0xff, 0x21, 0x06, 0x00, 0x00, 0x00, 0x00,
		0x21, 0x20, 0x00, 0x02, 0x76, 0x5b, 0x02, 0x0c,
		0x00, 0x00, 0x00, 0x00,
	},
	{
		0x80, 0x00, 0x02, 0x24, 0x04, 0x00, 0x02, 0xa2,
		0x80, 0x00, 0x02, 0x24, 0x05, 0x00, 0x02, 0xa2,
		0x80, 0x00, 0x02, 0x24,
	},
	{
		0x06, 0x00, 0x02, 0xa2, 0x01, 0x00, 0x04, 0x24,
		0x21, 0x28, 0x00, 0x00, 0xc0, 0x02, 0x06, 0x24,
		0x21, 0x38, 0x00, 0x00,
	},
	{
		0x32, 0x5b, 0x02, 0x0c, 0x00, 0x00, 0x00, 0x00,
		0x16, 0x00, 0x02, 0xa6, 0x00, 0x02, 0x04, 0x24,
		0xff, 0x00, 0x05, 0x24,
	},
	{
		0x42, 0x5b, 0x02, 0x0c, 0x00, 0x00, 0x00, 0x00,
		0x0e, 0x00, 0x02, 0xa6, 0x1d, 0x00, 0x02, 0x24,
		0x10, 0x00, 0xa2, 0xaf,
	},
	{
		0x21, 0x20, 0x00, 0x02, 0x21, 0x28, 0x00, 0x00,
		0x78, 0x00, 0x06, 0x24, 0x42, 0x00, 0x07, 0x24,
		0x09, 0x0f, 0x04, 0x0c,
	},
	{
		0x00, 0x00, 0x00, 0x00, 0x1d, 0x00, 0x02, 0x24,
		0x10, 0x00, 0xa2, 0xaf, 0x21, 0x20, 0x00, 0x02,
		0xdf, 0xff, 0x05, 0x24,
	},
	{
		0x98, 0xff, 0x06, 0x24, 0x42, 0x00, 0x07, 0x24,
		0x33, 0x0f, 0x04, 0x0c, 0x00, 0x00, 0x00, 0x00,
		0xa0, 0x94, 0x82, 0x8f,
	},
	{
		0x80, 0x18, 0x12, 0x00, 0x04, 0x00, 0x42, 0x8c,
		0x00, 0x00, 0x00, 0x00, 0x21, 0x20, 0x43, 0x00,
		0x21, 0x28, 0x00, 0x02,
	},
	{
		0x28, 0x00, 0xb0, 0x24, 0x4a, 0x5b, 0x02, 0x0c,
		0x00, 0x00, 0x00, 0x00, 0x21, 0x20, 0x00, 0x02,
		0xbc, 0x63, 0x02, 0x0c,
	},
	{
		0x00, 0x00, 0x00, 0x00, 0x24, 0x00, 0xbf, 0x8f,
		0x20, 0x00, 0xb2, 0x8f, 0x1c, 0x00, 0xb1, 0x8f,
		0x18, 0x00, 0xb0, 0x8f,
	},
	{
		0x48, 0x00, 0xbd, 0x27, 0x08, 0x00, 0xe0, 0x03,
		0x00, 0x00, 0x00, 0x00, 0xe8, 0xff, 0xbd, 0x27,
		0x14, 0x00, 0xbf, 0xaf,
	},
	{
		0x10, 0x00, 0xb0, 0xaf, 0x21, 0x80, 0x80, 0x00,
		0xc0, 0x95, 0x82, 0x8f, 0x00, 0x00, 0x00, 0x00,
		0x0f, 0x00, 0x40, 0x14,
	},
	{
		0x00, 0x00, 0x00, 0x00, 0x0d, 0x00, 0x00, 0x12,
		0x00, 0x00, 0x00, 0x00, 0xff, 0x00, 0x02, 0x32,
		0x88, 0x95, 0x82, 0xa3,
	},
	{
		0xac, 0x01, 0x04, 0x24, 0x21, 0x28, 0x00, 0x00,
		0x06, 0x80, 0x06, 0x3c, 0xd4, 0xd1, 0xc6, 0x24,
		0x06, 0x80, 0x07, 0x3c,
	},
	{
		0xa4, 0xd2, 0xe7, 0x24, 0x18, 0x90, 0x02, 0x0c,
		0x00, 0x00, 0x00, 0x00, 0x01, 0x00, 0x02, 0x24,
		0xc0, 0x95, 0x82, 0xaf,
	},
	{
		0x14, 0x00, 0xbf, 0x8f, 0x10, 0x00, 0xb0, 0x8f,
		0x18, 0x00, 0xbd, 0x27, 0x08, 0x00, 0xe0, 0x03,
		0x00, 0x00, 0x00, 0x00,
	},
	{
		0x8c, 0x95, 0x82, 0x8f, 0x01, 0x00, 0x01, 0x24,
		0x2f, 0x00, 0x41, 0x14, 0x00, 0x00, 0x00, 0x00,
		0x2e, 0x92, 0x82, 0x87,
	},
	{
		0x00, 0x00, 0x00, 0x00, 0x01, 0x00, 0x42, 0x20,
		0x2e, 0x92, 0x82, 0xa7, 0x14, 0x92, 0x82, 0x8f,
		0x00, 0x00, 0x00, 0x00,
	},
	{
		0x6c, 0x06, 0x42, 0x90, 0x00, 0x00, 0x00, 0x00,
		0x80, 0x18, 0x02, 0x00, 0x14, 0x80, 0x02, 0x3c,
		0xd4, 0xd7, 0x42, 0x24,
	},
	{
		0x21, 0x10, 0x43, 0x00, 0x00, 0x00, 0x42, 0x8c,
		0x00, 0x00, 0x00, 0x00, 0x2e, 0x00, 0x42, 0x90,
		0x2b, 0x00, 0x01, 0x24,
	},
	{
		0x1d, 0x00, 0x41, 0x10, 0x00, 0x00, 0x00, 0x00,
		0x14, 0x92, 0x82, 0x8f, 0x00, 0x00, 0x00, 0x00,
		0x6d, 0x06, 0x42, 0x90,
	},
	{
		0x00, 0x00, 0x00, 0x00, 0x80, 0x18, 0x02, 0x00,
		0x14, 0x80, 0x02, 0x3c, 0xd4, 0xd7, 0x42, 0x24,
		0x21, 0x10, 0x43, 0x00,
	},
	{
		0x00, 0x00, 0x42, 0x8c, 0x00, 0x00, 0x00, 0x00,
		0x2e, 0x00, 0x42, 0x90, 0x2b, 0x00, 0x01, 0x24,
		0x0f, 0x00, 0x41, 0x10,
	},
	{
		0x00, 0x00, 0x00, 0x00, 0x2e, 0x92, 0x83, 0x87,
		0x14, 0x00, 0x02, 0x24, 0x1a, 0x00, 0x62, 0x00,
		0x10, 0x10, 0x00, 0x00,
	},
	{
		0x09, 0x00, 0x40, 0x14, 0x00, 0x00, 0x00, 0x00,
		0x88, 0x95, 0x82, 0x93, 0x00, 0x00, 0x00, 0x00,
		0x05, 0x00, 0x40, 0x10,
	},
	{
		0x00, 0x00, 0x00, 0x00, 0x88, 0x95, 0x82, 0x93,
		0x00, 0x00, 0x00, 0x00, 0xff, 0xff, 0x42, 0x24,
		0x88, 0x95, 0x82, 0xa3,
	},
	{
		0x08, 0x00, 0xe0, 0x03, 0x00, 0x00, 0x00, 0x00,
		0xe0, 0xff, 0xbd, 0x27, 0x18, 0x00, 0xbf, 0xaf,
		0x03, 0x00, 0x02, 0x24,
	},
	{
		0x10, 0x00, 0xa2, 0xaf, 0x88, 0x95, 0x87, 0x93,
		0xf3, 0xff, 0x04, 0x24, 0x9f, 0xff, 0x05, 0x24,
		0x02, 0x00, 0x06, 0x24,
	},
	{
		0x7d, 0x73, 0x01, 0x0c, 0x00, 0x00, 0x00, 0x00,
		0x18, 0x00, 0xbf, 0x8f, 0x20, 0x00, 0xbd, 0x27,
		0x08, 0x00, 0xe0, 0x03,
	},
	{
		0x00, 0x00, 0x00, 0x00, 0xe8, 0xff, 0xbd, 0x27,
		0x10, 0x00, 0xbf, 0xaf, 0xc0, 0x95, 0x82, 0x8f,
		0x00, 0x00, 0x00, 0x00,
	},
	{
		0x06, 0x00, 0x40, 0x10, 0x00, 0x00, 0x00, 0x00,
		0xac, 0x01, 0x04, 0x24, 0x21, 0x28, 0x00, 0x00,
		0x5a, 0x90, 0x02, 0x0c,
	},
	{
		0x00, 0x00, 0x00, 0x00, 0xc0, 0x95, 0x80, 0xaf,
		0x10, 0x00, 0xbf, 0x8f, 0x18, 0x00, 0xbd, 0x27,
		0x08, 0x00, 0xe0, 0x03,
	},
	{
		0x00, 0x00, 0x00, 0x00, 0xc8, 0xff, 0xbd, 0x27,
		0x1c, 0x00, 0xbf, 0xaf, 0x18, 0x00, 0xb2, 0xaf,
		0x14, 0x00, 0xb1, 0xaf,
	},
	{
		0x10, 0x00, 0xb0, 0xaf, 0xc4, 0x95, 0x82, 0x93,
		0x00, 0x00, 0x00, 0x00, 0x05, 0x00, 0x41, 0x2c,
		0x12, 0x00, 0x20, 0x10,
	},
	{
		0x00, 0x00, 0x00, 0x00, 0xc4, 0x95, 0x82, 0x93,
		0x00, 0x00, 0x00, 0x00, 0xff, 0xff, 0x42, 0x20,
		0x40, 0x10, 0x02, 0x00,
	},
	{
		0x00, 0x14, 0x02, 0x00, 0x03, 0x14, 0x02, 0x00,
		0x24, 0x00, 0xa2, 0xa7, 0xc4, 0x95, 0x82, 0x93,
		0x00, 0x00, 0x00, 0x00,
	},
	{
		0xff, 0xff, 0x42, 0x20, 0x40, 0x10, 0x02, 0x00,
		0x01, 0x00, 0x42, 0x20, 0x00, 0x14, 0x02, 0x00,
		0x03, 0x14, 0x02, 0x00,
	},
	{
		0x26, 0x00, 0xa2, 0xa7, 0x21, 0x00, 0x00, 0x10,
		0x00, 0x00, 0x00, 0x00, 0xc4, 0x95, 0x82, 0x93,
		0x00, 0x00, 0x00, 0x00,
	},
	{
		0x07, 0x00, 0x41, 0x2c, 0x16, 0x00, 0x20, 0x10,
		0x00, 0x00, 0x00, 0x00, 0xc4, 0x95, 0x82, 0x93,
		0x00, 0x00, 0x00, 0x00,
	},
	{
		0xfb, 0xff, 0x42, 0x20, 0x40, 0x18, 0x02, 0x00,
		0xd0, 0x95, 0x82, 0x27, 0x21, 0x10, 0x43, 0x00,
		0x00, 0x00, 0x42, 0x90,
	},
	{
		0x00, 0x00, 0x00, 0x00, 0x24, 0x00, 0xa2, 0xa7,
		0xc4, 0x95, 0x82, 0x93, 0x00, 0x00, 0x00, 0x00,
		0xfb, 0xff, 0x42, 0x20,
	},
	{
		0x40, 0x10, 0x02, 0x00, 0x01, 0x00, 0x43, 0x20,
		0xd0, 0x95, 0x82, 0x27, 0x21, 0x10, 0x43, 0x00,
		0x00, 0x00, 0x42, 0x90,
	},
	{
		0x00, 0x00, 0x00, 0x00, 0x26, 0x00, 0xa2, 0xa7,
		0x07, 0x00, 0x00, 0x10, 0x00, 0x00, 0x00, 0x00,
		0xd4, 0x95, 0x82, 0x93,
	},
	{
		0x00, 0x00, 0x00, 0x00, 0x24, 0x00, 0xa2, 0xa7,
		0xd5, 0x95, 0x82, 0x93, 0x00, 0x00, 0x00, 0x00,
		0x26, 0x00, 0xa2, 0xa7,
	},
	{
		0x24, 0x00, 0xa3, 0x87, 0xc5, 0x95, 0x82, 0x93,
		0x00, 0x00, 0x00, 0x00, 0x06, 0x00, 0x62, 0x10,
		0x00, 0x00, 0x00, 0x00,
	},
	{
		0x26, 0x00, 0xa3, 0x87, 0xc5, 0x95, 0x82, 0x93,
		0x00, 0x00, 0x00, 0x00, 0x04, 0x00, 0x62, 0x14,
		0x00, 0x00, 0x00, 0x00,
	},
	{
		0x01, 0x00, 0x12, 0x24, 0x02, 0x00, 0x00, 0x10,
		0x00, 0x00, 0x00, 0x00, 0x21, 0x90, 0x00, 0x00,
		0x21, 0x88, 0x00, 0x00,
	},
	{
		0x00, 0x03, 0x00, 0x10, 0x00, 0x00, 0x00, 0x00,
		0x24, 0x00, 0xa2, 0x87, 0x00, 0x00, 0x00, 0x00,
		0x05, 0x00, 0x22, 0x12,
	},
	{
		0x00, 0x00, 0x00, 0x00, 0x26, 0x00, 0xa2, 0x87,
		0x00, 0x00, 0x00, 0x00, 0xf7, 0x02, 0x22, 0x16,
		0x00, 0x00, 0x00, 0x00,
	},
	{
		0xc0, 0x10, 0x11, 0x00, 0x22, 0x10, 0x51, 0x00,
		0x40, 0x18, 0x02, 0x00, 0x08, 0x80, 0x02, 0x3c,
		0x3c, 0x60, 0x42, 0x24,
	},
	{
		0x21, 0x80, 0x43, 0x00, 0x07, 0x00, 0x02, 0x92,
		0x00, 0x00, 0x00, 0x00, 0x08, 0x00, 0x41, 0x2c,
		0xec, 0x02, 0x20, 0x10,
	},
	{
		0x00, 0x00, 0x00, 0x00, 0x08, 0x80, 0x03, 0x3c,
		0x40, 0x3e, 0x63, 0x24, 0x80, 0x10, 0x02, 0x00,
		0x21, 0x10, 0x43, 0x00,
	},
	{
		0x00, 0x00, 0x42, 0x8c, 0x00, 0x00, 0x00, 0x00,
		0x08, 0x00, 0x40, 0x00, 0x00, 0x00, 0x00, 0x00,
		0x08, 0x00, 0x02, 0x92,
	},
	{
		0x00, 0x00, 0x00, 0x00, 0x01, 0x00, 0x42, 0x24,
		0x08, 0x00, 0x02, 0xa2, 0x09, 0x00, 0x02, 0x92,
		0x00, 0x00, 0x00, 0x00,
	},
	{
		0x01, 0x00, 0x42, 0x24, 0x09, 0x00, 0x02, 0xa2,
		0x08, 0x00, 0x03, 0x92, 0x0a, 0x00, 0x02, 0x24,
		0x1a, 0x00, 0x62, 0x00,
	},
	{
		0x10, 0x10, 0x00, 0x00, 0x07, 0x00, 0x40, 0x14,
		0x00, 0x00, 0x00, 0x00, 0x05, 0x00, 0x02, 0x92,
		0x00, 0x00, 0x00, 0x00,
	},
	{
		0x01, 0x00, 0x42, 0x20, 0x01, 0x00, 0x42, 0x30,
		0xff, 0x00, 0x42, 0x30, 0x05, 0x00, 0x02, 0xa2,
		0x09, 0x00, 0x02, 0x92,
	},
	{
		0x00, 0x00, 0x00, 0x00, 0x29, 0x00, 0x41, 0x2c,
		0xcb, 0x02, 0x20, 0x14, 0x00, 0x00, 0x00, 0x00,
		0x09, 0x00, 0x00, 0xa2,
	},
	{
		0x07, 0x00, 0x02, 0x92, 0x00, 0x00, 0x00, 0x00,
		0x01, 0x00, 0x42, 0x24, 0x07, 0x00, 0x02, 0xa2,
		0xc4, 0x02, 0x00, 0x10,
	},
	{
		0x00, 0x00, 0x00, 0x00, 0x08, 0x00, 0x02, 0x92,
		0x00, 0x00, 0x00, 0x00, 0x01, 0x00, 0x42, 0x24,
		0x08, 0x00, 0x02, 0xa2,
	},
	{
		0x09, 0x00, 0x02, 0x92, 0x00, 0x00, 0x00, 0x00,
		0x01, 0x00, 0x42, 0x24, 0x09, 0x00, 0x02, 0xa2,
		0x09, 0x00, 0x02, 0x92,
	},
	{
		0x05, 0x00, 0x01, 0x24, 0x05, 0x00, 0x41, 0x14,
		0x00, 0x00, 0x00, 0x00, 0x08, 0x00, 0x04, 0x24,
		0x05, 0x00, 0x05, 0x24,
	},
	{
		0xc2, 0x3f, 0x03, 0x0c, 0x00, 0x00, 0x00, 0x00,
		0x02, 0x00, 0x04, 0x86, 0x04, 0x00, 0x02, 0x92,
		0x00, 0x00, 0x00, 0x00,
	},
	{
		0x40, 0x18, 0x02, 0x00, 0x08, 0x80, 0x02, 0x3c,
		0x94, 0x49, 0x42, 0x24, 0x21, 0x10, 0x43, 0x00,
		0x00, 0x00, 0x42, 0x84,
	},
	{
		0x00, 0x00, 0x00, 0x00, 0x05, 0x00, 0x82, 0x10,
		0x00, 0x00, 0x00, 0x00, 0x02, 0x00, 0x02, 0x86,
		0x00, 0x00, 0x00, 0x00,
	},
	{
		0xff, 0xff, 0x42, 0x20, 0x02, 0x00, 0x02, 0xa6,
		0x08, 0x00, 0x03, 0x92, 0x0a, 0x00, 0x02, 0x24,
		0x1a, 0x00, 0x62, 0x00,
	},
	{
		0x10, 0x10, 0x00, 0x00, 0x0d, 0x00, 0x40, 0x14,
		0x00, 0x00, 0x00, 0x00, 0x05, 0x00, 0x02, 0x92,
		0x00, 0x00, 0x00, 0x00,
	},
	{
		0x01, 0x00, 0x42, 0x20, 0x01, 0x00, 0x42, 0x30,
		0xff, 0x00, 0x44, 0x30, 0xc0, 0x10, 0x11, 0x00,
		0x22, 0x10, 0x51, 0x00,
	},
	{
		0x40, 0x18, 0x02, 0x00, 0x08, 0x80, 0x02, 0x3c,
		0x3c, 0x60, 0x42, 0x24, 0x21, 0x10, 0x43, 0x00,
		0x05, 0x00, 0x44, 0xa0,
	},
	{
		0x02, 0x00, 0x04, 0x86, 0x04, 0x00, 0x02, 0x92,
		0x00, 0x00, 0x00, 0x00, 0x40, 0x18, 0x02, 0x00,
		0x08, 0x80, 0x02, 0x3c,
	},
	{
		0x94, 0x49, 0x42, 0x24, 0x21, 0x10, 0x43, 0x00,
		0x00, 0x00, 0x42, 0x84, 0x00, 0x00, 0x00, 0x00,
		0x88, 0x02, 0x82, 0x14,
	},
	{
		0x00, 0x00, 0x00, 0x00, 0x00, 0x00, 0x05, 0x86,
		0x04, 0x00, 0x02, 0x92, 0x00, 0x00, 0x00, 0x00,
		0x40, 0x20, 0x02, 0x00,
	},
	{
		0x40, 0x10, 0x11, 0x00, 0x20, 0x10, 0x51, 0x00,
		0xc0, 0x18, 0x02, 0x00, 0x08, 0x80, 0x02, 0x3c,
		0xa0, 0x4a, 0x42, 0x24,
	},
	{
		0x21, 0x10, 0x43, 0x00, 0x21, 0x10, 0x82, 0x00,
		0x00, 0x00, 0x42, 0x84, 0x00, 0x00, 0x00, 0x00,
		0x79, 0x02, 0xa2, 0x14,
	},
	{
		0x00, 0x00, 0x00, 0x00, 0x0b, 0x00, 0x00, 0xa2,
		0x09, 0x00, 0x00, 0xa2, 0x07, 0x00, 0x02, 0x92,
		0x00, 0x00, 0x00, 0x00,
	},
	{
		0x01, 0x00, 0x42, 0x24, 0x07, 0x00, 0x02, 0xa2,
		0x71, 0x02, 0x00, 0x10, 0x00, 0x00, 0x00, 0x00,
		0x08, 0x00, 0x02, 0x92,
	},
	{
		0x00, 0x00, 0x00, 0x00, 0x01, 0x00, 0x42, 0x24,
		0x08, 0x00, 0x02, 0xa2, 0x09, 0x00, 0x02, 0x92,
		0x00, 0x00, 0x00, 0x00,
	},
	{
		0x01, 0x00, 0x42, 0x24, 0x09, 0x00, 0x02, 0xa2,
		0x08, 0x00, 0x03, 0x92, 0x0a, 0x00, 0x02, 0x24,
		0x1a, 0x00, 0x62, 0x00,
	},
	{
		0x10, 0x10, 0x00, 0x00, 0x07, 0x00, 0x40, 0x14,
		0x00, 0x00, 0x00, 0x00, 0x05, 0x00, 0x02, 0x92,
		0x00, 0x00, 0x00, 0x00,
	},
	{
		0x01, 0x00, 0x42, 0x20, 0x01, 0x00, 0x42, 0x30,
		0xff, 0x00, 0x42, 0x30, 0x05, 0x00, 0x02, 0xa2,
		0x4d, 0x00, 0x40, 0x16,
	},
	{
		0x00, 0x00, 0x00, 0x00, 0x09, 0x00, 0x02, 0x92,
		0x00, 0x00, 0x00, 0x00, 0x29, 0x00, 0x41, 0x2c,
		0x56, 0x02, 0x20, 0x14,
	},
	{
		0x00, 0x00, 0x00, 0x00, 0x02, 0x00, 0x02, 0x24,
		0x05, 0x00, 0x02, 0xa2, 0x08, 0x00, 0x04, 0x24,
		0x01, 0x00, 0x05, 0x24,
	},
	{
		0xc2, 0x3f, 0x03, 0x0c, 0x00, 0x00, 0x00, 0x00,
		0x08, 0x00, 0x00, 0xa2, 0x09, 0x00, 0x00, 0xa2,
		0x0a, 0x00, 0x00, 0xa2,
	},
	{
		0x37, 0x00, 0xa0, 0xa3, 0xc4, 0x95, 0x82, 0x93,
		0x00, 0x00, 0x00, 0x00, 0x05, 0x00, 0x41, 0x2c,
		0x0c, 0x00, 0x20, 0x10,
	},
	{
		0x00, 0x00, 0x00, 0x00, 0xc4, 0x95, 0x82, 0x93,
		0x00, 0x00, 0x00, 0x00, 0xff, 0xff, 0x43, 0x20,
		0xd0, 0x95, 0x82, 0x27,
	},
	{
		0x21, 0x10, 0x43, 0x00, 0x00, 0x00, 0x42, 0x90,
		0x00, 0x00, 0x00, 0x00, 0x03, 0x00, 0x22, 0x16,
		0x00, 0x00, 0x00, 0x00,
	},
	{
		0x01, 0x00, 0x02, 0x24, 0x37, 0x00, 0xa2, 0xa3,
		0xc4, 0x95, 0x82, 0x93, 0x00, 0x00, 0x00, 0x00,
		0x05, 0x00, 0x41, 0x2c,
	},
	{
		0x11, 0x00, 0x20, 0x14, 0x00, 0x00, 0x00, 0x00,
		0xc4, 0x95, 0x82, 0x93, 0x00, 0x00, 0x00, 0x00,
		0x07, 0x00, 0x41, 0x2c,
	},
	{
		0x0c, 0x00, 0x20, 0x10, 0x00, 0x00, 0x00, 0x00,
		0xc4, 0x95, 0x82, 0x93, 0x00, 0x00, 0x00, 0x00,
		0xfb, 0xff, 0x43, 0x20,
	},
	{
		0xd4, 0x95, 0x82, 0x27, 0x21, 0x10, 0x43, 0x00,
		0x00, 0x00, 0x42, 0x90, 0x00, 0x00, 0x00, 0x00,
		0x03, 0x00, 0x22, 0x16,
	},
	{
		0x00, 0x00, 0x00, 0x00, 0x01, 0x00, 0x02, 0x24,
		0x37, 0x00, 0xa2, 0xa3, 0x24, 0x00, 0xa2, 0x87,
		0x00, 0x00, 0x00, 0x00,
	},
	{
		0x06, 0x00, 0x22, 0x16, 0x00, 0x00, 0x00, 0x00,
		0x26, 0x00, 0xa2, 0x87, 0x00, 0x00, 0x00, 0x00,
		0x34, 0x00, 0xa2, 0xa7,
	},
	{
		0x04, 0x00, 0x00, 0x10, 0x00, 0x00, 0x00, 0x00,
		0x24, 0x00, 0xa2, 0x87, 0x00, 0x00, 0x00, 0x00,
		0x34, 0x00, 0xa2, 0xa7,
	},
	{
		0x00, 0x24, 0x11, 0x00, 0x03, 0x24, 0x04, 0x00,
		0x34, 0x00, 0xa5, 0x87, 0x37, 0x00, 0xa6, 0x93,
		0x51, 0x7a, 0x01, 0x0c,
	},
	{
		0x00, 0x00, 0x00, 0x00, 0x07, 0x00, 0x02, 0x92,
		0x00, 0x00, 0x00, 0x00, 0x01, 0x00, 0x42, 0x24,
		0x07, 0x00, 0x02, 0xa2,
	},
	{
		0x0f, 0x02, 0x00, 0x10, 0x00, 0x00, 0x00, 0x00,
		0xdc, 0x95, 0x82, 0x93, 0x00, 0x00, 0x00, 0x00,
		0x03, 0x00, 0x42, 0x24,
	},
	{
		0xdc, 0x95, 0x82, 0xa3, 0xdc, 0x95, 0x82, 0x93,
		0x00, 0x00, 0x00, 0x00, 0x81, 0x00, 0x41, 0x2c,
		0x06, 0x02, 0x20, 0x14,
	},
	{
		0x00, 0x00, 0x00, 0x00, 0x80, 0x00, 0x02, 0x24,
		0xdc, 0x95, 0x82, 0xa3, 0x02, 0x02, 0x00, 0x10,
		0x00, 0x00, 0x00, 0x00,
	},
	{
		0x05, 0x00, 0x02, 0x92, 0x02, 0x00, 0x01, 0x24,
		0x07, 0x00, 0x41, 0x14, 0x00, 0x00, 0x00, 0x00,
		0x09, 0x00, 0x02, 0x92,
	},
	{
		0x00, 0x00, 0x00, 0x00, 0x01, 0x00, 0x42, 0x24,
		0x09, 0x00, 0x02, 0xa2, 0x11, 0x00, 0x00, 0x10,
		0x00, 0x00, 0x00, 0x00,
	},
	{
		0x08, 0x00, 0x02, 0x92, 0x00, 0x00, 0x00, 0x00,
		0x01, 0x00, 0x42, 0x24, 0x08, 0x00, 0x02, 0xa2,
		0x08, 0x00, 0x03, 0x92,
	},
	{
		0x0a, 0x00, 0x02, 0x24, 0x1a, 0x00, 0x62, 0x00,
		0x10, 0x10, 0x00, 0x00, 0x07, 0x00, 0x40, 0x14,
		0x00, 0x00, 0x00, 0x00,
	},
	{
		0x05, 0x00, 0x02, 0x92, 0x00, 0x00, 0x00, 0x00,
		0x01, 0x00, 0x42, 0x20, 0x01, 0x00, 0x42, 0x30,
		0xff, 0x00, 0x42, 0x30,
	},
	{
		0x05, 0x00, 0x02, 0xa2, 0x09, 0x00, 0x02, 0x92,
		0x00, 0x00, 0x00, 0x00, 0x15, 0x00, 0x41, 0x2c,
		0x04, 0x00, 0x20, 0x14,
	},
	{
		0x00, 0x00, 0x00, 0x00, 0x05, 0x00, 0x00, 0xa2,
		0x08, 0x00, 0x00, 0xa2, 0x09, 0x00, 0x00, 0xa2,
		0x0a, 0x00, 0x02, 0x92,
	},
	{
		0x01, 0x00, 0x01, 0x24, 0xdc, 0x01, 0x41, 0x14,
		0x00, 0x00, 0x00, 0x00, 0x03, 0x00, 0x02, 0x24,
		0x0b, 0x00, 0x02, 0xa2,
	},
	{
		0x09, 0x00, 0x00, 0xa2, 0x08, 0x00, 0x00, 0xa2,
		0x07, 0x00, 0x02, 0x92, 0x00, 0x00, 0x00, 0x00,
		0x01, 0x00, 0x42, 0x24,
	},
	{
		0x07, 0x00, 0x02, 0xa2, 0x0b, 0x00, 0x02, 0x92,
		0x03, 0x00, 0x01, 0x24, 0x07, 0x00, 0x41, 0x10,
		0x00, 0x00, 0x00, 0x00,
	},
	{
		0x00, 0x24, 0x11, 0x00, 0x03, 0x24, 0x04, 0x00,
		0xeb, 0x7a, 0x01, 0x0c, 0x00, 0x00, 0x00, 0x00,
		0xca, 0x01, 0x00, 0x10,
	},
	{
		0x00, 0x00, 0x00, 0x00, 0x0c, 0x00, 0x02, 0x92,
		0x01, 0x00, 0x01, 0x24, 0x07, 0x00, 0x41, 0x14,
		0x00, 0x00, 0x00, 0x00,
	},
	{
		0x00, 0x24, 0x11, 0x00, 0x03, 0x24, 0x04, 0x00,
		0xeb, 0x7a, 0x01, 0x0c, 0x00, 0x00, 0x00, 0x00,
		0xc0, 0x01, 0x00, 0x10,
	},
	{
		0x00, 0x00, 0x00, 0x00, 0x06, 0x00, 0x02, 0x92,
		0x00, 0x00, 0x00, 0x00, 0x01, 0x00, 0x42, 0x20,
		0x01, 0x00, 0x42, 0x30,
	},
	{
		0xff, 0x00, 0x42, 0x30, 0x06, 0x00, 0x02, 0xa2,
		0xb8, 0x01, 0x00, 0x10, 0x00, 0x00, 0x00, 0x00,
		0x08, 0x00, 0x02, 0x92,
	},
	{
		0x00, 0x00, 0x00, 0x00, 0x01, 0x00, 0x42, 0x24,
		0x08, 0x00, 0x02, 0xa2, 0x0b, 0x00, 0x02, 0x92,
		0x03, 0x00, 0x01, 0x24,
	},
	{
		0x0d, 0x00, 0x41, 0x10, 0x00, 0x00, 0x00, 0x00,
		0x03, 0x00, 0x02, 0x24, 0x05, 0x00, 0x02, 0xa2,
		0x08, 0x00, 0x02, 0x92,
	},
	{
		0x00, 0x00, 0x00, 0x00, 0x15, 0x00, 0x41, 0x2c,
		0xa9, 0x01, 0x20, 0x14, 0x00, 0x00, 0x00, 0x00,
		0x08, 0x00, 0x00, 0xa2,
	},
	{
		0x02, 0x00, 0x02, 0x24, 0x07, 0x00, 0x02, 0xa2,
		0xa4, 0x01, 0x00, 0x10, 0x00, 0x00, 0x00, 0x00,
		0x0c, 0x00, 0x02, 0x92,
	},
	{
		0x01, 0x00, 0x01, 0x24, 0x13, 0x00, 0x41, 0x14,
		0x00, 0x00, 0x00, 0x00, 0x03, 0x00, 0x02, 0x24,
		0x05, 0x00, 0x02, 0xa2,
	},
	{
		0x08, 0x00, 0x02, 0x92, 0x00, 0x00, 0x00, 0x00,
		0x1f, 0x00, 0x41, 0x2c, 0x99, 0x01, 0x20, 0x14,
		0x00, 0x00, 0x00, 0x00,
	},
	{
		0x08, 0x00, 0x00, 0xa2, 0x07, 0x00, 0x02, 0x92,
		0x00, 0x00, 0x00, 0x00, 0x01, 0x00, 0x42, 0x24,
		0x07, 0x00, 0x02, 0xa2,
	},
	{
		0x08, 0x00, 0x04, 0x24, 0x03, 0x00, 0x05, 0x24,
		0xc2, 0x3f, 0x03, 0x0c, 0x00, 0x00, 0x00, 0x00,
		0x8e, 0x01, 0x00, 0x10,
	},
	{
		0x00, 0x00, 0x00, 0x00, 0x08, 0x00, 0x02, 0x92,
		0x14, 0x00, 0x01, 0x24, 0x07, 0x00, 0x41, 0x14,
		0x00, 0x00, 0x00, 0x00,
	},
	{
		0x06, 0x00, 0x02, 0x92, 0x00, 0x00, 0x00, 0x00,
		0x01, 0x00, 0x42, 0x20, 0x01, 0x00, 0x42, 0x30,
		0xff, 0x00, 0x42, 0x30,
	},
	{
		0x06, 0x00, 0x02, 0xa2, 0x08, 0x00, 0x02, 0x92,
		0x00, 0x00, 0x00, 0x00, 0x1f, 0x00, 0x41, 0x2c,
		0x7f, 0x01, 0x20, 0x14,
	},
	{
		0x00, 0x00, 0x00, 0x00, 0x04, 0x00, 0x02, 0x92,
		0x00, 0x00, 0x00, 0x00, 0x01, 0x00, 0x42, 0x24,
		0x04, 0x00, 0x02, 0xa2,
	},
	{
		0x07, 0x00, 0x02, 0x92, 0x00, 0x00, 0x00, 0x00,
		0x02, 0x00, 0x42, 0x24, 0x07, 0x00, 0x02, 0xa2,
		0x05, 0x00, 0x02, 0x92,
	},
	{
		0x02, 0x00, 0x01, 0x24, 0x73, 0x01, 0x41, 0x14,
		0x00, 0x00, 0x00, 0x00, 0x05, 0x00, 0x00, 0xa2,
		0x70, 0x01, 0x00, 0x10,
	},
	{
		0x00, 0x00, 0x00, 0x00, 0x08, 0x00, 0x02, 0x92,
		0x00, 0x00, 0x00, 0x00, 0x18, 0x00, 0x41, 0x2c,
		0x1f, 0x00, 0x20, 0x10,
	},
	{
		0x00, 0x00, 0x00, 0x00, 0x04, 0x00, 0x02, 0x92,
		0x00, 0x00, 0x00, 0x00, 0x40, 0x18, 0x02, 0x00,
		0x08, 0x80, 0x02, 0x3c,
	},
	{
		0x94, 0x49, 0x42, 0x24, 0x21, 0x10, 0x43, 0x00,
		0x00, 0x00, 0x44, 0x84, 0x08, 0x00, 0x03, 0x92,
		0x00, 0x00, 0x00, 0x00,
	},
	{
		0x01, 0x00, 0x62, 0x24, 0x08, 0x00, 0x02, 0xa2,
		0x08, 0x80, 0x02, 0x3c, 0x7c, 0x49, 0x42, 0x24,
		0x21, 0x10, 0x43, 0x00,
	},
	{
		0x00, 0x00, 0x42, 0x80, 0x00, 0x00, 0x00, 0x00,
		0x20, 0x10, 0x44, 0x00, 0x00, 0x14, 0x02, 0x00,
		0x03, 0x14, 0x02, 0x00,
	},
	{
		0x02, 0x00, 0x02, 0xa6, 0x08, 0x00, 0x02, 0x92,
		0x14, 0x00, 0x01, 0x24, 0x53, 0x01, 0x41, 0x14,
		0x00, 0x00, 0x00, 0x00,
	},
	{
		0x08, 0x00, 0x04, 0x24, 0x04, 0x00, 0x05, 0x24,
		0xc2, 0x3f, 0x03, 0x0c, 0x00, 0x00, 0x00, 0x00,
		0x4d, 0x01, 0x00, 0x10,
	},
	{
		0x00, 0x00, 0x00, 0x00, 0x07, 0x00, 0x02, 0x92,
		0x00, 0x00, 0x00, 0x00, 0x01, 0x00, 0x42, 0x24,
		0x07, 0x00, 0x02, 0xa2,
	},
	{
		0x47, 0x01, 0x00, 0x10, 0x00, 0x00, 0x00, 0x00,
		0x84, 0x00, 0x40, 0x12, 0x00, 0x00, 0x00, 0x00,
		0x5c, 0x95, 0x82, 0x87,
	},
	{
		0x01, 0x00, 0x01, 0x24, 0x5d, 0x00, 0x41, 0x14,
		0x00, 0x00, 0x00, 0x00, 0xc5, 0x95, 0x82, 0x93,
		0x00, 0x00, 0x00, 0x00,
	},
	{
		0x4b, 0x00, 0x22, 0x16, 0x00, 0x00, 0x00, 0x00,
		0x04, 0x00, 0x02, 0x92, 0x00, 0x00, 0x00, 0x00,
		0x01, 0x00, 0x42, 0x20,
	},
	{
		0x40, 0x20, 0x02, 0x00, 0x40, 0x10, 0x11, 0x00,
		0x20, 0x10, 0x51, 0x00, 0xc0, 0x18, 0x02, 0x00,
		0x08, 0x80, 0x02, 0x3c,
	},
};

PositionDataRaw STD_VERSUS_MODEL_OBJECTS[9] = {
	{
		{
			0xa0, 0x4a, 0x42, 0x24, 0x21, 0x10, 0x43, 0x00,
			0x21, 0x10, 0x82, 0x00, 0x00, 0x00, 0x42, 0x84,
			0x00, 0x00, 0x00, 0x00, 0x00, 0x00, 0x02, 0xa6,
			0x05, 0x00, 0x00, 0xa2, 0x04, 0x00, 0x02, 0x92,
			0x00, 0x00, 0x00, 0x00, 0x01, 0x00, 0x44, 0x20,
			0x40, 0x10, 0x11, 0x00, 0x20, 0x10, 0x51, 0x00,
			0xc0, 0x18, 0x02, 0x00, 0x08, 0x80, 0x02, 0x3c,
			0xa0, 0x4a, 0x42, 0x24, 0x21, 0x10, 0x43, 0x00,
			0x21, 0x10, 0x82, 0x00, 0x10, 0x00, 0x42, 0x90,
			0x00, 0x00, 0x00, 0x00, 0x06, 0x00, 0x02, 0xa2,
			0x04, 0x00, 0x02, 0x92, 0x00, 0x00, 0x00, 0x00,
			0x02, 0x00, 0x42, 0x24, 0x04, 0x00, 0x02, 0xa2,
			0x09, 0x00, 0x00, 0xa2, 0x08, 0x00, 0x00, 0xa2,
			0x05, 0x00, 0x00, 0xa2, 0x07, 0x00, 0x00, 0xa2,
			0xc4, 0x95, 0x82, 0x93, 0x00, 0x00, 0x00, 0x00,
			0x05, 0x00, 0x41, 0x2c, 0x0c, 0x00, 0x20, 0x10,
			0x00, 0x00, 0x00, 0x00, 0xc5, 0x95, 0x83, 0x93,
		},
	},
	{
		{
			0xc5, 0x95, 0x82, 0x93, 0x00, 0x00, 0x00, 0x00,
			0x43, 0xc8, 0x02, 0x00, 0x03, 0x00, 0x41, 0x04,
			0x00, 0x00, 0x00, 0x00, 0x01, 0x00, 0x42, 0x24,
			0x43, 0xc8, 0x02, 0x00, 0xd0, 0x95, 0x82, 0x27,
			0x21, 0x10, 0x59, 0x00, 0x00, 0x00, 0x43, 0xa0,
			0xc4, 0x95, 0x82, 0x93, 0x00, 0x00, 0x00, 0x00,
			0x07, 0x00, 0x41, 0x2c, 0x0c, 0x00, 0x20, 0x10,
			0x00, 0x00, 0x00, 0x00, 0xc5, 0x95, 0x83, 0x93,
			0xc5, 0x95, 0x82, 0x93, 0x00, 0x00, 0x00, 0x00,
			0x83, 0xc8, 0x02, 0x00, 0x03, 0x00, 0x41, 0x04,
			0x00, 0x00, 0x00, 0x00, 0x03, 0x00, 0x42, 0x24,
			0x83, 0xc8, 0x02, 0x00, 0xd4, 0x95, 0x82, 0x27,
			0x21, 0x10, 0x59, 0x00, 0x00, 0x00, 0x43, 0xa0,
			0xc4, 0x95, 0x82, 0x93, 0x00, 0x00, 0x00, 0x00,
			0x01, 0x00, 0x42, 0x24, 0xc4, 0x95, 0x82, 0xa3,
			0xf3, 0x00, 0x00, 0x10, 0x00, 0x00, 0x00, 0x00,
			0x04, 0x00, 0x02, 0x92, 0x00, 0x00, 0x00, 0x00,
		},
	},
	{
		{
			0xff, 0xff, 0x42, 0x20, 0x40, 0x18, 0x02, 0x00,
			0x08, 0x80, 0x02, 0x3c, 0x94, 0x49, 0x42, 0x24,
			0x21, 0x10, 0x43, 0x00, 0x00, 0x00, 0x42, 0x84,
			0x00, 0x00, 0x00, 0x00, 0x02, 0x00, 0x02, 0xa6,
			0x03, 0x00, 0x02, 0x24, 0x05, 0x00, 0x02, 0xa2,
			0xe5, 0x00, 0x00, 0x10, 0x00, 0x00, 0x00, 0x00,
			0xc5, 0x95, 0x82, 0x93, 0x00, 0x00, 0x00, 0x00,
			0x0f, 0x00, 0x22, 0x16, 0x00, 0x00, 0x00, 0x00,
			0x04, 0x00, 0x02, 0x92, 0x00, 0x00, 0x00, 0x00,
			0xff, 0xff, 0x42, 0x20, 0x40, 0x18, 0x02, 0x00,
			0x08, 0x80, 0x02, 0x3c, 0x94, 0x49, 0x42, 0x24,
			0x21, 0x10, 0x43, 0x00, 0x00, 0x00, 0x42, 0x84,
			0x00, 0x00, 0x00, 0x00, 0x02, 0x00, 0x02, 0xa6,
			0x03, 0x00, 0x02, 0x24, 0x05, 0x00, 0x02, 0xa2,
			0xd3, 0x00, 0x00, 0x10, 0x00, 0x00, 0x00, 0x00,
			0x04, 0x00, 0x02, 0x92, 0x00, 0x00, 0x00, 0x00,
			0xff, 0xff, 0x42, 0x20, 0x40, 0x20, 0x02, 0x00,
		},
	},
	{
		{
			0x40, 0x10, 0x11, 0x00, 0x20, 0x10, 0x51, 0x00,
			0xc0, 0x18, 0x02, 0x00, 0x08, 0x80, 0x02, 0x3c,
			0xa0, 0x4a, 0x42, 0x24, 0x21, 0x10, 0x43, 0x00,
			0x21, 0x10, 0x82, 0x00, 0x00, 0x00, 0x42, 0x84,
			0x00, 0x00, 0x00, 0x00, 0x00, 0x00, 0x02, 0xa6,
			0x05, 0x00, 0x00, 0xa2, 0xc2, 0x00, 0x00, 0x10,
			0x00, 0x00, 0x00, 0x00, 0x0c, 0x00, 0x02, 0x92,
			0x00, 0x00, 0x00, 0x00, 0xbe, 0x00, 0x40, 0x14,
			0x00, 0x00, 0x00, 0x00, 0x08, 0x00, 0x02, 0x92,
			0x00, 0x00, 0x00, 0x00, 0x01, 0x00, 0x42, 0x24,
			0x08, 0x00, 0x02, 0xa2, 0x08, 0x00, 0x03, 0x92,
			0x0a, 0x00, 0x02, 0x24, 0x1a, 0x00, 0x62, 0x00,
			0x10, 0x10, 0x00, 0x00, 0x07, 0x00, 0x40, 0x14,
			0x00, 0x00, 0x00, 0x00, 0x05, 0x00, 0x02, 0x92,
			0x00, 0x00, 0x00, 0x00, 0x01, 0x00, 0x42, 0x20,
			0x01, 0x00, 0x42, 0x30, 0xff, 0x00, 0x42, 0x30,
			0x05, 0x00, 0x02, 0xa2, 0x40, 0x10, 0x11, 0x00,
		},
	},
	{
		{
			0x20, 0x10, 0x51, 0x00, 0x40, 0x18, 0x02, 0x00,
			0x08, 0x80, 0x02, 0x3c, 0xac, 0x60, 0x42, 0x24,
			0x21, 0x10, 0x43, 0x00, 0x04, 0x00, 0x43, 0x90,
			0x00, 0x00, 0x00, 0x00, 0xc0, 0x10, 0x03, 0x00,
			0x22, 0x10, 0x43, 0x00, 0x40, 0x18, 0x02, 0x00,
			0x08, 0x80, 0x02, 0x3c, 0x3c, 0x60, 0x42, 0x24,
			0x21, 0x10, 0x43, 0x00, 0x07, 0x00, 0x42, 0x90,
			0x06, 0x00, 0x01, 0x24, 0x9c, 0x00, 0x41, 0x14,
			0x00, 0x00, 0x00, 0x00, 0x00, 0x00, 0x05, 0x86,
			0x04, 0x00, 0x02, 0x92, 0x00, 0x00, 0x00, 0x00,
			0x40, 0x20, 0x02, 0x00, 0x40, 0x10, 0x11, 0x00,
			0x20, 0x10, 0x51, 0x00, 0xc0, 0x18, 0x02, 0x00,
			0x08, 0x80, 0x02, 0x3c, 0xa0, 0x4a, 0x42, 0x24,
			0x21, 0x10, 0x43, 0x00, 0x21, 0x10, 0x82, 0x00,
			0x00, 0x00, 0x42, 0x84, 0x00, 0x00, 0x00, 0x00,
			0x2a, 0x08, 0x45, 0x00, 0x05, 0x00, 0x20, 0x10,
			0x00, 0x00, 0x00, 0x00, 0x00, 0x00, 0x02, 0x86,
		},
	},
	{
		{
			0x00, 0x00, 0x00, 0x00, 0xff, 0xff, 0x42, 0x20,
			0x00, 0x00, 0x02, 0xa6, 0x00, 0x00, 0x05, 0x86,
			0x04, 0x00, 0x02, 0x92, 0x00, 0x00, 0x00, 0x00,
			0x40, 0x20, 0x02, 0x00, 0x40, 0x10, 0x11, 0x00,
			0x20, 0x10, 0x51, 0x00, 0xc0, 0x18, 0x02, 0x00,
			0x08, 0x80, 0x02, 0x3c, 0xa0, 0x4a, 0x42, 0x24,
			0x21, 0x10, 0x43, 0x00, 0x21, 0x10, 0x82, 0x00,
			0x00, 0x00, 0x42, 0x84, 0x00, 0x00, 0x00, 0x00,
			0x2a, 0x08, 0xa2, 0x00, 0x05, 0x00, 0x20, 0x10,
			0x00, 0x00, 0x00, 0x00, 0x00, 0x00, 0x02, 0x86,
			0x00, 0x00, 0x00, 0x00, 0x01, 0x00, 0x42, 0x20,
			0x00, 0x00, 0x02, 0xa6, 0x02, 0x00, 0x04, 0x86,
			0x04, 0x00, 0x02, 0x92, 0x00, 0x00, 0x00, 0x00,
			0x40, 0x18, 0x02, 0x00, 0x08, 0x80, 0x02, 0x3c,
			0x94, 0x49, 0x42, 0x24, 0x21, 0x10, 0x43, 0x00,
			0x00, 0x00, 0x42, 0x84, 0x00, 0x00, 0x00, 0x00,
			0x69, 0x00, 0x82, 0x14, 0x00, 0x00, 0x00, 0x00,
		},
	},
	{
		{
			0x00, 0x00, 0x05, 0x86, 0x04, 0x00, 0x02, 0x92,
			0x00, 0x00, 0x00, 0x00, 0x40, 0x20, 0x02, 0x00,
			0x40, 0x10, 0x11, 0x00, 0x20, 0x10, 0x51, 0x00,
			0xc0, 0x18, 0x02, 0x00, 0x08, 0x80, 0x02, 0x3c,
			0xa0, 0x4a, 0x42, 0x24, 0x21, 0x10, 0x43, 0x00,
			0x21, 0x10, 0x82, 0x00, 0x00, 0x00, 0x42, 0x84,
			0x00, 0x00, 0x00, 0x00, 0x5a, 0x00, 0xa2, 0x14,
			0x00, 0x00, 0x00, 0x00, 0x04, 0x00, 0x04, 0x92,
			0x40, 0x10, 0x11, 0x00, 0x20, 0x10, 0x51, 0x00,
			0xc0, 0x18, 0x02, 0x00, 0x08, 0x80, 0x02, 0x3c,
			0xa0, 0x4a, 0x42, 0x24, 0x21, 0x10, 0x43, 0x00,
			0x21, 0x10, 0x82, 0x00, 0x10, 0x00, 0x42, 0x90,
			0x00, 0x00, 0x00, 0x00, 0x06, 0x00, 0x02, 0xa2,
			0x04, 0x00, 0x02, 0x92, 0x00, 0x00, 0x00, 0x00,
			0x01, 0x00, 0x42, 0x24, 0x04, 0x00, 0x02, 0xa2,
			0x09, 0x00, 0x00, 0xa2, 0x08, 0x00, 0x00, 0xa2,
			0x05, 0x00, 0x00, 0xa2, 0x07, 0x00, 0x00, 0xa2,
		},
	},
	{
		{
			0xc4, 0x95, 0x82, 0x93, 0x00, 0x00, 0x00, 0x00,
			0x01, 0x00, 0x42, 0x24, 0xc4, 0x95, 0x82, 0xa3,
			0x41, 0x00, 0x00, 0x10, 0x00, 0x00, 0x00, 0x00,
			0x08, 0x00, 0x02, 0x92, 0x00, 0x00, 0x00, 0x00,
			0x01, 0x00, 0x42, 0x24, 0x08, 0x00, 0x02, 0xa2,
			0xc5, 0x95, 0x82, 0x93, 0x00, 0x00, 0x00, 0x00,
			0x1a, 0x00, 0x22, 0x16, 0x00, 0x00, 0x00, 0x00,
			0x40, 0x10, 0x11, 0x00, 0x20, 0x10, 0x51, 0x00,
			0xc0, 0x18, 0x02, 0x00, 0x08, 0x80, 0x02, 0x3c,
			0xa0, 0x4a, 0x42, 0x24, 0x21, 0x10, 0x43, 0x00,
			0x0e, 0x00, 0x42, 0x84, 0x00, 0x00, 0x00, 0x00,
			0x00, 0x00, 0x02, 0xa6, 0x08, 0x80, 0x01, 0x3c,
			0xa2, 0x49, 0x22, 0x84, 0x00, 0x00, 0x00, 0x00,
			0x02, 0x00, 0x02, 0xa6, 0x05, 0x00, 0x00, 0xa2,
			0x40, 0x10, 0x11, 0x00, 0x20, 0x10, 0x51, 0x00,
			0xc0, 0x18, 0x02, 0x00, 0x08, 0x80, 0x02, 0x3c,
			0xa0, 0x4a, 0x42, 0x24, 0x21, 0x10, 0x43, 0x00,
		},
	},
	{
		{
			0x17, 0x00, 0x42, 0x90, 0x00, 0x00, 0x00, 0x00,
			0x06, 0x00, 0x02, 0xa2, 0x19, 0x00, 0x00, 0x10,
			0x00, 0x00, 0x00, 0x00, 0x40, 0x10, 0x11, 0x00,
			0x20, 0x10, 0x51, 0x00, 0xc0, 0x18, 0x02, 0x00,
			0x08, 0x80, 0x02, 0x3c, 0xa0, 0x4a, 0x42, 0x24,
			0x21, 0x10, 0x43, 0x00, 0x08, 0x00, 0x42, 0x84,
			0x00, 0x00, 0x00, 0x00, 0x00, 0x00, 0x02, 0xa6,
			0x08, 0x80, 0x01, 0x3c, 0x9c, 0x49, 0x22, 0x84,
			0x00, 0x00, 0x00, 0x00, 0x02, 0x00, 0x02, 0xa6,
			0x40, 0x10, 0x11, 0x00, 0x20, 0x10, 0x51, 0x00,
			0xc0, 0x18, 0x02, 0x00, 0x08, 0x80, 0x02, 0x3c,
			0xa0, 0x4a, 0x42, 0x24, 0x21, 0x10, 0x43, 0x00,
			0x14, 0x00, 0x42, 0x90, 0x00, 0x00, 0x00, 0x00,
			0x06, 0x00, 0x02, 0xa2, 0x03, 0x00, 0x02, 0x24,
			0x05, 0x00, 0x02, 0xa2, 0x08, 0x00, 0x02, 0x92,
			0x00, 0x00, 0x00, 0x00, 0x3d, 0x00, 0x41, 0x2c,
			0x03, 0x00, 0x20, 0x14, 0x00, 0x00, 0x00, 0x00,
		},
	},
};

int16_t STD_WIN_ROTATION_X[22] = {
	0x0001, 0x2402, 0x95d8, 0xaf82, 0x0001, 0x2231, 0x0008, 0x2a21,
	0xfcff, 0x1420, 0x0000, 0x0000, 0x8821, 0x0000, 0x0006, 0x1000,
	0x0000, 0x0000, 0x2400, 0x0011, 0x2403, 0x0004,
};

int16_t STD_WIN_ROTATION_Y[22] = {
	0x7af9, 0x0c01, 0x0000, 0x0000, 0x0001, 0x2231, 0x0008, 0x2a21,
	0xfff9, 0x1420, 0x0000, 0x0000, 0x0083, 0x1240, 0x0000, 0x0000,
	0x95dc, 0x9382, 0x0080, 0x2401, 0x007f, 0x1441,
};

int16_t STD_WIN_FIRST_X[22] = {
	0x0000, 0x0000, 0x95c5, 0x9383, 0x0000, 0x0000, 0x10c0, 0x0003,
	0x1022, 0x0043, 0x1840, 0x0002, 0x8008, 0x3c02, 0x603c, 0x2442,
	0x1021, 0x0043, 0x0007, 0x9042, 0x0002, 0x2401,
};

int16_t STD_WIN_LAST_X[22] = {
	0x0073, 0x1441, 0x0000, 0x0000, 0x95c4, 0x9382, 0x0007, 0x2401,
	0x0005, 0x1041, 0x0000, 0x0000, 0x0006, 0x2402, 0x0028, 0xafa2,
	0x0003, 0x1000, 0x0000, 0x0000, 0x0007, 0x2402,
};

char STD_RESULT_TMD_BUFFER[10240] = {
	0x28, 0x00, 0xa2, 0xaf, 0x28, 0x00, 0xa2, 0x8f,
	0x00, 0x00, 0x00, 0x00, 0xff, 0x00, 0x44, 0x30,
	0xc5, 0x95, 0x83, 0x93, 0x00, 0x00, 0x00, 0x00,
	0xc0, 0x10, 0x03, 0x00, 0x22, 0x10, 0x43, 0x00,
	0x40, 0x18, 0x02, 0x00, 0x08, 0x80, 0x02, 0x3c,
	0x3c, 0x60, 0x42, 0x24, 0x21, 0x10, 0x43, 0x00,
	0x07, 0x00, 0x44, 0xa0, 0xc4, 0x95, 0x82, 0x93,
	0x07, 0x00, 0x01, 0x24, 0x0a, 0x00, 0x41, 0x14,
	0x00, 0x00, 0x00, 0x00, 0xc5, 0x95, 0x83, 0x93,
	0x00, 0x00, 0x00, 0x00, 0xc0, 0x10, 0x03, 0x00,
	0x22, 0x10, 0x43, 0x00, 0x40, 0x18, 0x02, 0x00,
	0x08, 0x80, 0x02, 0x3c, 0x3c, 0x60, 0x42, 0x24,
	0x21, 0x10, 0x43, 0x00, 0x08, 0x00, 0x40, 0xa0,
	0xc5, 0x95, 0x83, 0x93, 0x24, 0x00, 0xa2, 0x87,
	0x00, 0x00, 0x00, 0x00, 0x26, 0x00, 0x62, 0x14,
	0x00, 0x00, 0x00, 0x00, 0xc4, 0x95, 0x82, 0x93,
	0x07, 0x00, 0x01, 0x24, 0x05, 0x00, 0x41, 0x10,
	0x00, 0x00, 0x00, 0x00, 0x06, 0x00, 0x02, 0x24,
	0x2c, 0x00, 0xa2, 0xaf, 0x03, 0x00, 0x00, 0x10,
	0x00, 0x00, 0x00, 0x00, 0x07, 0x00, 0x02, 0x24,
	0x2c, 0x00, 0xa2, 0xaf, 0x2c, 0x00, 0xa2, 0x8f,
	0x00, 0x00, 0x00, 0x00, 0xff, 0x00, 0x44, 0x30,
	0x26, 0x00, 0xa3, 0x87, 0x00, 0x00, 0x00, 0x00,
	0xc0, 0x10, 0x03, 0x00, 0x22, 0x10, 0x43, 0x00,
	0x40, 0x18, 0x02, 0x00, 0x08, 0x80, 0x02, 0x3c,
	0x3c, 0x60, 0x42, 0x24, 0x21, 0x10, 0x43, 0x00,
	0x07, 0x00, 0x44, 0xa0, 0xc4, 0x95, 0x82, 0x93,
	0x07, 0x00, 0x01, 0x24, 0x2f, 0x00, 0x41, 0x14,
	0x00, 0x00, 0x00, 0x00, 0x26, 0x00, 0xa3, 0x87,
	0x00, 0x00, 0x00, 0x00, 0xc0, 0x10, 0x03, 0x00,
	0x22, 0x10, 0x43, 0x00, 0x40, 0x18, 0x02, 0x00,
	0x08, 0x80, 0x02, 0x3c, 0x3c, 0x60, 0x42, 0x24,
	0x21, 0x10, 0x43, 0x00, 0x08, 0x00, 0x40, 0xa0,
	0x24, 0x00, 0x00, 0x10, 0x00, 0x00, 0x00, 0x00,
	0xc4, 0x95, 0x82, 0x93, 0x07, 0x00, 0x01, 0x24,
	0x05, 0x00, 0x41, 0x10, 0x00, 0x00, 0x00, 0x00,
	0x06, 0x00, 0x02, 0x24, 0x30, 0x00, 0xa2, 0xaf,
	0x03, 0x00, 0x00, 0x10, 0x00, 0x00, 0x00, 0x00,
	0x07, 0x00, 0x02, 0x24, 0x30, 0x00, 0xa2, 0xaf,
	0x30, 0x00, 0xa2, 0x8f, 0x00, 0x00, 0x00, 0x00,
	0xff, 0x00, 0x44, 0x30, 0x24, 0x00, 0xa3, 0x87,
	0x00, 0x00, 0x00, 0x00, 0xc0, 0x10, 0x03, 0x00,
	0x22, 0x10, 0x43, 0x00, 0x40, 0x18, 0x02, 0x00,
	0x08, 0x80, 0x02, 0x3c, 0x3c, 0x60, 0x42, 0x24,
	0x21, 0x10, 0x43, 0x00, 0x07, 0x00, 0x44, 0xa0,
	0xc4, 0x95, 0x82, 0x93, 0x07, 0x00, 0x01, 0x24,
	0x0a, 0x00, 0x41, 0x14, 0x00, 0x00, 0x00, 0x00,
	0x24, 0x00, 0xa3, 0x87, 0x00, 0x00, 0x00, 0x00,
	0xc0, 0x10, 0x03, 0x00, 0x22, 0x10, 0x43, 0x00,
	0x40, 0x18, 0x02, 0x00, 0x08, 0x80, 0x02, 0x3c,
	0x3c, 0x60, 0x42, 0x24, 0x21, 0x10, 0x43, 0x00,
	0x08, 0x00, 0x40, 0xa0, 0x01, 0x00, 0x02, 0x24,
	0xd8, 0x95, 0x82, 0xaf, 0x1c, 0x00, 0xbf, 0x8f,
	0x18, 0x00, 0xb2, 0x8f, 0x14, 0x00, 0xb1, 0x8f,
	0x10, 0x00, 0xb0, 0x8f, 0x38, 0x00, 0xbd, 0x27,
	0x08, 0x00, 0xe0, 0x03, 0x00, 0x00, 0x00, 0x00,
	0xa8, 0xff, 0xbd, 0x27, 0x24, 0x00, 0xbf, 0xaf,
	0x20, 0x00, 0xb2, 0xaf, 0x1c, 0x00, 0xb1, 0xaf,
	0x18, 0x00, 0xb0, 0xaf, 0x21, 0x80, 0x00, 0x00,
	0x3c, 0x01, 0x00, 0x10, 0x00, 0x00, 0x00, 0x00,
	0xc8, 0x95, 0x82, 0x27, 0x21, 0x10, 0x50, 0x00,
	0x00, 0x00, 0x43, 0x90, 0x00, 0x00, 0x00, 0x00,
	0x40, 0x10, 0x03, 0x00, 0x20, 0x10, 0x43, 0x00,
	0x80, 0x10, 0x02, 0x00, 0x20, 0x10, 0x43, 0x00,
	0x80, 0x18, 0x02, 0x00, 0x14, 0x80, 0x02, 0x3c,
	0x44, 0xb3, 0x42, 0x24, 0x21, 0x20, 0x43, 0x00,
	0x08, 0x45, 0x02, 0x0c, 0x00, 0x00, 0x00, 0x00,
	0x43, 0xc8, 0x02, 0x00, 0x03, 0x00, 0x41, 0x04,
	0x00, 0x00, 0x00, 0x00, 0x01, 0x00, 0x42, 0x24,
	0x43, 0xc8, 0x02, 0x00, 0x44, 0x00, 0xb9, 0xaf,
	0xc8, 0x95, 0x82, 0x27, 0x21, 0x10, 0x50, 0x00,
	0x00, 0x00, 0x42, 0x90, 0x4e, 0x00, 0x01, 0x24,
	0x07, 0x00, 0x41, 0x10, 0x00, 0x00, 0x00, 0x00,
	0xc8, 0x95, 0x82, 0x27, 0x21, 0x10, 0x50, 0x00,
	0x00, 0x00, 0x42, 0x90, 0x3c, 0x00, 0x01, 0x24,
	0x03, 0x00, 0x41, 0x14, 0x00, 0x00, 0x00, 0x00,
	0x0a, 0x00, 0x02, 0x24, 0x44, 0x00, 0xa2, 0xaf,
	0x40, 0x00, 0xa0, 0xaf, 0x56, 0x00, 0xa0, 0xa7,
	0x48, 0x00, 0xa0, 0xaf, 0x3c, 0x00, 0xa0, 0xaf,
	0x0d, 0x01, 0x00, 0x10, 0x00, 0x00, 0x00, 0x00,
	0x44, 0x00, 0xa2, 0x8f, 0x00, 0x00, 0x00, 0x00,
	0x08, 0x00, 0x41, 0x28, 0x5f, 0x00, 0x20, 0x10,
	0x00, 0x00, 0x00, 0x00, 0xc8, 0x95, 0x82, 0x27,
	0x21, 0x10, 0x50, 0x00, 0x00, 0x00, 0x43, 0x90,
	0x00, 0x00, 0x00, 0x00, 0xc0, 0x10, 0x03, 0x00,
	0x22, 0x10, 0x43, 0x00, 0x40, 0x18, 0x02, 0x00,
	0x08, 0x80, 0x02, 0x3c, 0xc4, 0x41, 0x42, 0x24,
	0x21, 0x20, 0x43, 0x00, 0x40, 0x00, 0xa3, 0x8f,
	0x00, 0x00, 0x00, 0x00, 0x01, 0x00, 0x62, 0x20,
	0x40, 0x00, 0xa2, 0xaf, 0x21, 0x10, 0x64, 0x00,
	0x00, 0x00, 0x42, 0x90, 0x00, 0x00, 0x00, 0x00,
	0xff, 0x00, 0x52, 0x30, 0x40, 0x10, 0x10, 0x00,
	0x20, 0x10, 0x50, 0x00, 0xc0, 0x18, 0x02, 0x00,
	0x08, 0x80, 0x02, 0x3c, 0xa0, 0x4a, 0x42, 0x24,
	0x21, 0x10, 0x43, 0x00, 0x00, 0x00, 0x42, 0x84,
	0x00, 0x00, 0x00, 0x00, 0x04, 0x00, 0x42, 0x20,
	0x00, 0x24, 0x02, 0x00, 0x03, 0x24, 0x04, 0x00,
	0x08, 0x80, 0x01, 0x3c, 0x94, 0x49, 0x22, 0x84,
	0x00, 0x00, 0x00, 0x00, 0x12, 0x00, 0x43, 0x20,
	0x3c, 0x00, 0xa2, 0x8f, 0x00, 0x00, 0x00, 0x00,
	0xc0, 0x10, 0x02, 0x00, 0x20, 0x10, 0x62, 0x00,
	0x00, 0x2c, 0x02, 0x00, 0x03, 0x2c, 0x05, 0x00,
	0x21, 0x30, 0x40, 0x02, 0x05, 0x00, 0x07, 0x24,
	0xfe, 0x7b, 0x01, 0x0c, 0x00, 0x00, 0x00, 0x00,
	0x1f, 0x00, 0x01, 0x24, 0x04, 0x00, 0x41, 0x12,
	0x00, 0x00, 0x00, 0x00, 0x25, 0x00, 0x01, 0x24,
	0xd3, 0x00, 0x41, 0x16, 0x00, 0x00, 0x00, 0x00,
	0xc8, 0x95, 0x82, 0x27, 0x21, 0x10, 0x50, 0x00,
	0x00, 0x00, 0x43, 0x90, 0x00, 0x00, 0x00, 0x00,
	0xc0, 0x10, 0x03, 0x00, 0x22, 0x10, 0x43, 0x00,
	0x40, 0x18, 0x02, 0x00, 0x08, 0x80, 0x02, 0x3c,
	0xc4, 0x41, 0x42, 0x24, 0x21, 0x20, 0x43, 0x00,
	0x40, 0x00, 0xa3, 0x8f, 0x00, 0x00, 0x00, 0x00,
	0x01, 0x00, 0x62, 0x20, 0x40, 0x00, 0xa2, 0xaf,
	0x21, 0x10, 0x64, 0x00, 0x00, 0x00, 0x42, 0x90,
	0x00, 0x00, 0x00, 0x00, 0xff, 0x00, 0x52, 0x30,
	0x40, 0x10, 0x10, 0x00, 0x20, 0x10, 0x50, 0x00,
	0xc0, 0x18, 0x02, 0x00, 0x08, 0x80, 0x02, 0x3c,
	0xa0, 0x4a, 0x42, 0x24, 0x21, 0x10, 0x43, 0x00,
	0x00, 0x00, 0x42, 0x84, 0x00, 0x00, 0x00, 0x00,
	0x04, 0x00, 0x42, 0x20, 0x00, 0x24, 0x02, 0x00,
	0x03, 0x24, 0x04, 0x00, 0x08, 0x80, 0x01, 0x3c,
	0x94, 0x49, 0x22, 0x84, 0x00, 0x00, 0x00, 0x00,
	0x12, 0x00, 0x43, 0x20, 0x3c, 0x00, 0xa2, 0x8f,
	0x00, 0x00, 0x00, 0x00, 0xc0, 0x10, 0x02, 0x00,
	0x20, 0x10, 0x62, 0x00, 0x00, 0x2c, 0x02, 0x00,
	0x03, 0x2c, 0x05, 0x00, 0x21, 0x30, 0x40, 0x02,
	0x05, 0x00, 0x07, 0x24, 0xfe, 0x7b, 0x01, 0x0c,
	0x00, 0x00, 0x00, 0x00, 0xa6, 0x00, 0x00, 0x10,
	0x00, 0x00, 0x00, 0x00, 0xc8, 0x95, 0x82, 0x27,
	0x21, 0x10, 0x50, 0x00, 0x00, 0x00, 0x43, 0x90,
	0x00, 0x00, 0x00, 0x00, 0xc0, 0x10, 0x03, 0x00,
	0x22, 0x10, 0x43, 0x00, 0x40, 0x18, 0x02, 0x00,
	0x08, 0x80, 0x02, 0x3c, 0xc4, 0x41, 0x42, 0x24,
	0x21, 0x20, 0x43, 0x00, 0x40, 0x00, 0xa3, 0x8f,
	0x00, 0x00, 0x00, 0x00, 0x01, 0x00, 0x62, 0x20,
	0x40, 0x00, 0xa2, 0xaf, 0x21, 0x10, 0x64, 0x00,
	0x00, 0x00, 0x42, 0x90, 0x00, 0x00, 0x00, 0x00,
	0xff, 0x00, 0x52, 0x30, 0x3d, 0x00, 0x01, 0x24,
	0x1d, 0x00, 0x41, 0x16, 0x00, 0x00, 0x00, 0x00,
	0x01, 0x00, 0x02, 0x24, 0x48, 0x00, 0xa2, 0xaf,
	0xc8, 0x95, 0x82, 0x27, 0x21, 0x10, 0x50, 0x00,
	0x00, 0x00, 0x43, 0x90, 0x00, 0x00, 0x00, 0x00,
	0xc0, 0x10, 0x03, 0x00, 0x22, 0x10, 0x43, 0x00,
	0x40, 0x18, 0x02, 0x00, 0x08, 0x80, 0x02, 0x3c,
	0xc4, 0x41, 0x42, 0x24, 0x21, 0x20, 0x43, 0x00,
	0x40, 0x00, 0xa3, 0x8f, 0x00, 0x00, 0x00, 0x00,
	0x01, 0x00, 0x62, 0x20, 0x40, 0x00, 0xa2, 0xaf,
	0x21, 0x10, 0x64, 0x00, 0x00, 0x00, 0x42, 0x90,
	0x00, 0x00, 0x00, 0x00, 0xff, 0x00, 0x52, 0x30,
	0x3c, 0x00, 0xa2, 0x8f, 0x00, 0x00, 0x00, 0x00,
	0xff, 0xff, 0x42, 0x20, 0xc0, 0x10, 0x02, 0x00,
	0x22, 0x10, 0x02, 0x00, 0x00, 0x14, 0x02, 0x00,
	0x03, 0x14, 0x02, 0x00, 0x56, 0x00, 0xa2, 0xa7,
	0x48, 0x00, 0xa2, 0x8f, 0x00, 0x00, 0x00, 0x00,
	0x0d, 0x00, 0x40, 0x14, 0x00, 0x00, 0x00, 0x00,
	0x40, 0x10, 0x10, 0x00, 0x20, 0x10, 0x50, 0x00,
	0xc0, 0x18, 0x02, 0x00, 0x08, 0x80, 0x02, 0x3c,
	0xa0, 0x4a, 0x42, 0x24, 0x21, 0x10, 0x43, 0x00,
	0x00, 0x00, 0x42, 0x84, 0x00, 0x00, 0x00, 0x00,
	0x08, 0x00, 0x42, 0x20, 0x4c, 0x00, 0xa2, 0xaf,
	0x0a, 0x00, 0x00, 0x10, 0x00, 0x00, 0x00, 0x00,
	0x40, 0x10, 0x10, 0x00, 0x20, 0x10, 0x50, 0x00,
	0xc0, 0x18, 0x02, 0x00, 0x08, 0x80, 0x02, 0x3c,
	0xa0, 0x4a, 0x42, 0x24, 0x21, 0x10, 0x43, 0x00,
	0x00, 0x00, 0x42, 0x84, 0x00, 0x00, 0x00, 0x00,
	0x4c, 0x00, 0xa2, 0xaf, 0x4c, 0x00, 0xa2, 0x8f,
	0x00, 0x00, 0x00, 0x00, 0x00, 0x24, 0x02, 0x00,
	0x03, 0x24, 0x04, 0x00, 0x08, 0x80, 0x01, 0x3c,
	0x94, 0x49, 0x22, 0x84, 0x00, 0x00, 0x00, 0x00,
	0x12, 0x00, 0x43, 0x20, 0x3c, 0x00, 0xa2, 0x8f,
	0x00, 0x00, 0x00, 0x00, 0xc0, 0x10, 0x02, 0x00,
	0x20, 0x18, 0x62, 0x00, 0x56, 0x00, 0xa2, 0x87,
	0x00, 0x00, 0x00, 0x00, 0x20, 0x10, 0x43, 0x00,
	0x00, 0x2c, 0x02, 0x00, 0x03, 0x2c, 0x05, 0x00,
	0x21, 0x30, 0x40, 0x02, 0x05, 0x00, 0x07, 0x24,
	0xfe, 0x7b, 0x01, 0x0c, 0x00, 0x00, 0x00, 0x00,
	0x1f, 0x00, 0x01, 0x24, 0x04, 0x00, 0x41, 0x12,
	0x00, 0x00, 0x00, 0x00, 0x25, 0x00, 0x01, 0x24,
	0x41, 0x00, 0x41, 0x16, 0x00, 0x00, 0x00, 0x00,
	0xc8, 0x95, 0x82, 0x27, 0x21, 0x10, 0x50, 0x00,
	0x00, 0x00, 0x43, 0x90, 0x00, 0x00, 0x00, 0x00,
	0xc0, 0x10, 0x03, 0x00, 0x22, 0x10, 0x43, 0x00,
	0x40, 0x18, 0x02, 0x00, 0x08, 0x80, 0x02, 0x3c,
	0xc4, 0x41, 0x42, 0x24, 0x21, 0x20, 0x43, 0x00,
	0x40, 0x00, 0xa3, 0x8f, 0x00, 0x00, 0x00, 0x00,
	0x01, 0x00, 0x62, 0x20, 0x40, 0x00, 0xa2, 0xaf,
	0x21, 0x10, 0x64, 0x00, 0x00, 0x00, 0x42, 0x90,
	0x00, 0x00, 0x00, 0x00, 0xff, 0x00, 0x52, 0x30,
	0x48, 0x00, 0xa2, 0x8f, 0x00, 0x00, 0x00, 0x00,
	0x0d, 0x00, 0x40, 0x14, 0x00, 0x00, 0x00, 0x00,
	0x40, 0x10, 0x10, 0x00, 0x20, 0x10, 0x50, 0x00,
	0xc0, 0x18, 0x02, 0x00, 0x08, 0x80, 0x02, 0x3c,
	0xa0, 0x4a, 0x42, 0x24, 0x21, 0x10, 0x43, 0x00,
	0x00, 0x00, 0x42, 0x84, 0x00, 0x00, 0x00, 0x00,
	0x08, 0x00, 0x42, 0x20, 0x50, 0x00, 0xa2, 0xaf,
	0x0a, 0x00, 0x00, 0x10, 0x00, 0x00, 0x00, 0x00,
	0x40, 0x10, 0x10, 0x00, 0x20, 0x10, 0x50, 0x00,
	0xc0, 0x18, 0x02, 0x00, 0x08, 0x80, 0x02, 0x3c,
	0xa0, 0x4a, 0x42, 0x24, 0x21, 0x10, 0x43, 0x00,
	0x00, 0x00, 0x42, 0x84, 0x00, 0x00, 0x00, 0x00,
	0x50, 0x00, 0xa2, 0xaf, 0x50, 0x00, 0xa2, 0x8f,
	0x00, 0x00, 0x00, 0x00, 0x00, 0x24, 0x02, 0x00,
	0x03, 0x24, 0x04, 0x00, 0x08, 0x80, 0x01, 0x3c,
	0x94, 0x49, 0x22, 0x84, 0x00, 0x00, 0x00, 0x00,
	0x12, 0x00, 0x43, 0x20, 0x3c, 0x00, 0xa2, 0x8f,
	0x00, 0x00, 0x00, 0x00, 0xc0, 0x10, 0x02, 0x00,
	0x20, 0x18, 0x62, 0x00, 0x56, 0x00, 0xa2, 0x87,
	0x00, 0x00, 0x00, 0x00, 0x20, 0x10, 0x43, 0x00,
	0x00, 0x2c, 0x02, 0x00, 0x03, 0x2c, 0x05, 0x00,
	0x21, 0x30, 0x40, 0x02, 0x05, 0x00, 0x07, 0x24,
	0xfe, 0x7b, 0x01, 0x0c, 0x00, 0x00, 0x00, 0x00,
	0x3c, 0x00, 0xa2, 0x8f, 0x00, 0x00, 0x00, 0x00,
	0x01, 0x00, 0x42, 0x20, 0x3c, 0x00, 0xa2, 0xaf,
	0x3c, 0x00, 0xa3, 0x8f, 0x44, 0x00, 0xa2, 0x8f,
	0x00, 0x00, 0x00, 0x00, 0x2a, 0x08, 0x62, 0x00,
	0xef, 0xfe, 0x20, 0x14, 0x00, 0x00, 0x00, 0x00,
	0x01, 0x00, 0x10, 0x22, 0x08, 0x00, 0x01, 0x2a,
	0xc3, 0xfe, 0x20, 0x14, 0x00, 0x00, 0x00, 0x00,
	0xc0, 0x63, 0x02, 0x0c, 0x00, 0x00, 0x00, 0x00,
	0x21, 0x88, 0x40, 0x00, 0x21, 0x20, 0x20, 0x02,
	0x76, 0x5b, 0x02, 0x0c, 0x00, 0x00, 0x00, 0x00,
	0xdc, 0x95, 0x82, 0x93, 0x00, 0x00, 0x00, 0x00,
	0x06, 0x00, 0x40, 0x10, 0x00, 0x00, 0x00, 0x00,
	0x07, 0x00, 0x22, 0x92, 0x00, 0x00, 0x00, 0x00,
	0x02, 0x00, 0x42, 0x34, 0xff, 0x00, 0x42, 0x30,
	0x07, 0x00, 0x22, 0xa2, 0xdc, 0x95, 0x83, 0x93,
	0x80, 0x00, 0x02, 0x24, 0x22, 0x10, 0x43, 0x00,
	0xff, 0x00, 0x42, 0x30, 0x04, 0x00, 0x22, 0xa2,
	0xdc, 0x95, 0x83, 0x93, 0x80, 0x00, 0x02, 0x24,
	0x22, 0x10, 0x43, 0x00, 0xff, 0x00, 0x42, 0x30,
	0x05, 0x00, 0x22, 0xa2, 0xdc, 0x95, 0x83, 0x93,
	0x80, 0x00, 0x02, 0x24, 0x22, 0x10, 0x43, 0x00,
	0xff, 0x00, 0x42, 0x30, 0x06, 0x00, 0x22, 0xa2,
	0x87, 0x00, 0x02, 0x24, 0x10, 0x00, 0xa2, 0xaf,
	0x21, 0x20, 0x20, 0x02, 0x21, 0x28, 0x00, 0x00,
	0x78, 0x00, 0x06, 0x24, 0xff, 0x00, 0x07, 0x24,
	0x09, 0x0f, 0x04, 0x0c, 0x00, 0x00, 0x00, 0x00,
	0x87, 0x00, 0x02, 0x24, 0x10, 0x00, 0xa2, 0xaf,
	0x21, 0x20, 0x20, 0x02, 0x80, 0xff, 0x05, 0x24,
	0x9f, 0xff, 0x06, 0x24, 0xff, 0x00, 0x07, 0x24,
	0x33, 0x0f, 0x04, 0x0c, 0x00, 0x00, 0x00, 0x00,
	0x21, 0x20, 0x00, 0x00, 0x01, 0x00, 0x05, 0x24,
	0x40, 0x03, 0x06, 0x24, 0x21, 0x38, 0x00, 0x00,
	0x32, 0x5b, 0x02, 0x0c, 0x00, 0x00, 0x00, 0x00,
	0x16, 0x00, 0x22, 0xa6, 0x20, 0x00, 0x04, 0x24,
	0xe0, 0x01, 0x05, 0x24, 0x42, 0x5b, 0x02, 0x0c,
	0x00, 0x00, 0x00, 0x00, 0x0e, 0x00, 0x22, 0xa6,
	0xa0, 0x94, 0x82, 0x8f, 0x00, 0x00, 0x00, 0x00,
	0x04, 0x00, 0x42, 0x8c, 0x21, 0x28, 0x20, 0x02,
	0x28, 0x00, 0xb1, 0x24, 0x14, 0x00, 0x44, 0x24,
	0x4a, 0x5b, 0x02, 0x0c, 0x00, 0x00, 0x00, 0x00,
	0x21, 0x20, 0x20, 0x02, 0xbc, 0x63, 0x02, 0x0c,
	0x00, 0x00, 0x00, 0x00, 0x00, 0x40, 0x02, 0x3c,
	0x2c, 0x00, 0xa2, 0xaf, 0x60, 0xff, 0x02, 0x24,
	0x30, 0x00, 0xa2, 0xa7, 0x88, 0xff, 0x02, 0x24,
	0x32, 0x00, 0xa2, 0xa7, 0x20, 0x00, 0x02, 0x24,
	0x3a, 0x00, 0xa2, 0xa3, 0xff, 0x00, 0x42, 0x30,
	0x39, 0x00, 0xa2, 0xa3, 0xff, 0x00, 0x42, 0x30,
	0x38, 0x00, 0xa2, 0xa3, 0x40, 0x01, 0x02, 0x24,
	0x34, 0x00, 0xa2, 0xa7, 0xf0, 0x00, 0x02, 0x24,
	0x36, 0x00, 0xa2, 0xa7, 0x2c, 0x00, 0xa4, 0x27,
	0xa0, 0x94, 0x85, 0x8f, 0x05, 0x00, 0x06, 0x24,
	0xea, 0x5b, 0x02, 0x0c, 0x00, 0x00, 0x00, 0x00,
	0x24, 0x00, 0xbf, 0x8f, 0x20, 0x00, 0xb2, 0x8f,
	0x1c, 0x00, 0xb1, 0x8f, 0x18, 0x00, 0xb0, 0x8f,
	0x58, 0x00, 0xbd, 0x27, 0x08, 0x00, 0xe0, 0x03,
	0x00, 0x00, 0x00, 0x00, 0xe0, 0xff, 0xbd, 0x27,
	0x1c, 0x00, 0xbf, 0xaf, 0x18, 0x00, 0xb2, 0xaf,
	0x14, 0x00, 0xb1, 0xaf, 0x10, 0x00, 0xb0, 0xaf,
	0x21, 0x80, 0x80, 0x00, 0x21, 0x90, 0xa0, 0x00,
	0x21, 0x88, 0xc0, 0x00, 0xc0, 0x10, 0x10, 0x00,
	0x22, 0x10, 0x50, 0x00, 0x40, 0x18, 0x02, 0x00,
	0x08, 0x80, 0x02, 0x3c, 0x3c, 0x60, 0x42, 0x24,
	0x21, 0x10, 0x43, 0x00, 0x06, 0x00, 0x42, 0x90,
	0x01, 0x00, 0x01, 0x24, 0x2e, 0x00, 0x41, 0x14,
	0x00, 0x00, 0x00, 0x00, 0xc0, 0x10, 0x10, 0x00,
	0x22, 0x10, 0x50, 0x00, 0x40, 0x18, 0x02, 0x00,
	0x08, 0x80, 0x02, 0x3c, 0x3c, 0x60, 0x42, 0x24,
	0x21, 0x10, 0x43, 0x00, 0x00, 0x00, 0x42, 0x84,
	0x00, 0x00, 0x00, 0x00, 0x10, 0x00, 0x42, 0x20,
	0x00, 0x24, 0x02, 0x00, 0x03, 0x24, 0x04, 0x00,
	0x40, 0x10, 0x10, 0x00, 0x20, 0x10, 0x50, 0x00,
	0x40, 0x18, 0x02, 0x00, 0x08, 0x80, 0x02, 0x3c,
	0xac, 0x60, 0x42, 0x24, 0x21, 0x10, 0x43, 0x00,
	0x00, 0x00, 0x44, 0xa4, 0xc0, 0x10, 0x10, 0x00,
	0x22, 0x10, 0x50, 0x00, 0x40, 0x18, 0x02, 0x00,
	0x08, 0x80, 0x02, 0x3c, 0x3c, 0x60, 0x42, 0x24,
	0x21, 0x10, 0x43, 0x00, 0x02, 0x00, 0x44, 0x84,
	0x40, 0x10, 0x10, 0x00, 0x20, 0x10, 0x50, 0x00,
	0x40, 0x18, 0x02, 0x00, 0x08, 0x80, 0x02, 0x3c,
	0xac, 0x60, 0x42, 0x24, 0x21, 0x10, 0x43, 0x00,
	0x02, 0x00, 0x44, 0xa4, 0x01, 0x00, 0x01, 0x24,
	0x49, 0x00, 0x21, 0x16, 0x00, 0x00, 0x00, 0x00,
	0x01, 0x00, 0x04, 0x24, 0xc0, 0x10, 0x12, 0x00,
	0x22, 0x10, 0x52, 0x00, 0x40, 0x18, 0x02, 0x00,
	0x08, 0x80, 0x02, 0x3c, 0x3c, 0x60, 0x42, 0x24,
	0x21, 0x10, 0x43, 0x00, 0x0c, 0x00, 0x44, 0xa0,
	0x3f, 0x00, 0x00, 0x10, 0x00, 0x00, 0x00, 0x00,
	0xc0, 0x10, 0x10, 0x00, 0x22, 0x10, 0x50, 0x00,
	0x40, 0x18, 0x02, 0x00, 0x08, 0x80, 0x02, 0x3c,
	0x3c, 0x60, 0x42, 0x24, 0x21, 0x10, 0x43, 0x00,
	0x00, 0x00, 0x42, 0x84, 0x00, 0x00, 0x00, 0x00,
	0xf8, 0xff, 0x42, 0x20, 0x00, 0x24, 0x02, 0x00,
	0x03, 0x24, 0x04, 0x00, 0x40, 0x10, 0x10, 0x00,
	0x20, 0x10, 0x50, 0x00, 0x40, 0x18, 0x02, 0x00,
	0x08, 0x80, 0x02, 0x3c, 0xac, 0x60, 0x42, 0x24,
	0x21, 0x10, 0x43, 0x00, 0x00, 0x00, 0x44, 0xa4,
	0x15, 0x00, 0x20, 0x16, 0x00, 0x00, 0x00, 0x00,
	0xc0, 0x10, 0x10, 0x00, 0x22, 0x10, 0x50, 0x00,
	0x40, 0x18, 0x02, 0x00, 0x08, 0x80, 0x02, 0x3c,
	0x3c, 0x60, 0x42, 0x24, 0x21, 0x10, 0x43, 0x00,
	0x02, 0x00, 0x42, 0x84, 0x00, 0x00, 0x00, 0x00,
	0x08, 0x00, 0x42, 0x20, 0x00, 0x24, 0x02, 0x00,
	0x03, 0x24, 0x04, 0x00, 0x40, 0x10, 0x10, 0x00,
	0x20, 0x10, 0x50, 0x00, 0x40, 0x18, 0x02, 0x00,
	0x08, 0x80, 0x02, 0x3c, 0xac, 0x60, 0x42, 0x24,
	0x21, 0x10, 0x43, 0x00, 0x02, 0x00, 0x44, 0xa4,
	0x17, 0x00, 0x00, 0x10, 0x00, 0x00, 0x00, 0x00,
	0xc0, 0x10, 0x10, 0x00, 0x22, 0x10, 0x50, 0x00,
	0x40, 0x18, 0x02, 0x00, 0x08, 0x80, 0x02, 0x3c,
	0x3c, 0x60, 0x42, 0x24, 0x21, 0x10, 0x43, 0x00,
	0x02, 0x00, 0x44, 0x84, 0x40, 0x10, 0x10, 0x00,
	0x20, 0x10, 0x50, 0x00, 0x40, 0x18, 0x02, 0x00,
	0x08, 0x80, 0x02, 0x3c, 0xac, 0x60, 0x42, 0x24,
	0x21, 0x10, 0x43, 0x00, 0x02, 0x00, 0x44, 0xa4,
	0x01, 0x00, 0x04, 0x24, 0xc0, 0x10, 0x12, 0x00,
	0x22, 0x10, 0x52, 0x00, 0x40, 0x18, 0x02, 0x00,
	0x08, 0x80, 0x02, 0x3c, 0x3c, 0x60, 0x42, 0x24,
	0x21, 0x10, 0x43, 0x00, 0x0c, 0x00, 0x44, 0xa0,
	0x40, 0x10, 0x10, 0x00, 0x20, 0x10, 0x50, 0x00,
	0x40, 0x18, 0x02, 0x00, 0x08, 0x80, 0x02, 0x3c,
	0xac, 0x60, 0x42, 0x24, 0x21, 0x10, 0x43, 0x00,
	0x05, 0x00, 0x51, 0xa0, 0xff, 0x00, 0x44, 0x32,
	0x40, 0x10, 0x10, 0x00, 0x20, 0x10, 0x50, 0x00,
	0x40, 0x18, 0x02, 0x00, 0x08, 0x80, 0x02, 0x3c,
	0xac, 0x60, 0x42, 0x24, 0x21, 0x10, 0x43, 0x00,
	0x04, 0x00, 0x44, 0xa0, 0xaf, 0x01, 0x04, 0x24,
	0x21, 0x28, 0x00, 0x02, 0x06, 0x80, 0x06, 0x3c,
	0x64, 0xfb, 0xc6, 0x24, 0x21, 0x38, 0x00, 0x00,
	0x18, 0x90, 0x02, 0x0c, 0x00, 0x00, 0x00, 0x00,
	0x1c, 0x00, 0xbf, 0x8f, 0x18, 0x00, 0xb2, 0x8f,
	0x14, 0x00, 0xb1, 0x8f, 0x10, 0x00, 0xb0, 0x8f,
	0x20, 0x00, 0xbd, 0x27, 0x08, 0x00, 0xe0, 0x03,
	0x00, 0x00, 0x00, 0x00, 0xe8, 0xff, 0xbd, 0x27,
	0x10, 0x00, 0xbf, 0xaf, 0x18, 0x00, 0xa4, 0xaf,
	0x18, 0x00, 0xa5, 0x87, 0xb0, 0x01, 0x04, 0x24,
	0x06, 0x80, 0x06, 0x3c, 0xe4, 0xf9, 0xc6, 0x24,
	0x21, 0x38, 0x00, 0x00, 0x18, 0x90, 0x02, 0x0c,
	0x00, 0x00, 0x00, 0x00, 0x10, 0x00, 0xbf, 0x8f,
	0x18, 0x00, 0xbd, 0x27, 0x08, 0x00, 0xe0, 0x03,
	0x00, 0x00, 0x00, 0x00, 0xd0, 0xff, 0xbd, 0x27,
	0x24, 0x00, 0xbf, 0xaf, 0x20, 0x00, 0xb2, 0xaf,
	0x1c, 0x00, 0xb1, 0xaf, 0x18, 0x00, 0xb0, 0xaf,
	0x21, 0x90, 0x80, 0x00, 0xc8, 0x95, 0x82, 0x27,
	0x21, 0x10, 0x52, 0x00, 0x00, 0x00, 0x42, 0x90,
	0x00, 0x00, 0x00, 0x00, 0xff, 0x00, 0x51, 0x30,
	0xc0, 0x63, 0x02, 0x0c, 0x00, 0x00, 0x00, 0x00,
	0x21, 0x80, 0x40, 0x00, 0x21, 0x20, 0x00, 0x02,
	0x76, 0x5b, 0x02, 0x0c, 0x00, 0x00, 0x00, 0x00,
	0xdc, 0x95, 0x82, 0x93, 0x00, 0x00, 0x00, 0x00,
	0x06, 0x00, 0x40, 0x10, 0x00, 0x00, 0x00, 0x00,
	0x07, 0x00, 0x02, 0x92, 0x00, 0x00, 0x00, 0x00,
	0x02, 0x00, 0x42, 0x34, 0xff, 0x00, 0x42, 0x30,
	0x07, 0x00, 0x02, 0xa2, 0x83, 0xc9, 0x11, 0x00,
	0x03, 0x00, 0x21, 0x06, 0x00, 0x00, 0x00, 0x00,
	0x3f, 0x00, 0x22, 0x26, 0x83, 0xc9, 0x02, 0x00,
	0x80, 0x11, 0x19, 0x00, 0x80, 0x03, 0x46, 0x20,
	0x21, 0x20, 0x00, 0x00, 0x01, 0x00, 0x05, 0x24,
	0x21, 0x38, 0x00, 0x00, 0x32, 0x5b, 0x02, 0x0c,
	0x00, 0x00, 0x00, 0x00, 0x16, 0x00, 0x02, 0xa6,
	0x83, 0xc9, 0x11, 0x00, 0x03, 0x00, 0x21, 0x06,
	0x00, 0x00, 0x00, 0x00, 0x3f, 0x00, 0x22, 0x26,
	0x83, 0xc9, 0x02, 0x00, 0x00, 0x11, 0x19, 0x00,
	0x20, 0x01, 0x44, 0x20, 0x08, 0x80, 0x02, 0x3c,
	0xa4, 0x49, 0x42, 0x24, 0x21, 0x10, 0x51, 0x00,
	0x00, 0x00, 0x42, 0x90, 0x00, 0x00, 0x00, 0x00,
	0xe0, 0x01, 0x45, 0x20, 0x42, 0x5b, 0x02, 0x0c,
	0x00, 0x00, 0x00, 0x00, 0x0e, 0x00, 0x02, 0xa6,
	0xdc, 0x95, 0x83, 0x93, 0x80, 0x00, 0x02, 0x24,
	0x22, 0x10, 0x43, 0x00, 0xff, 0x00, 0x42, 0x30,
	0x04, 0x00, 0x02, 0xa2, 0xdc, 0x95, 0x83, 0x93,
	0x80, 0x00, 0x02, 0x24, 0x22, 0x10, 0x43, 0x00,
	0xff, 0x00, 0x42, 0x30, 0x05, 0x00, 0x02, 0xa2,
	0xdc, 0x95, 0x83, 0x93, 0x80, 0x00, 0x02, 0x24,
	0x22, 0x10, 0x43, 0x00, 0xff, 0x00, 0x42, 0x30,
	0x06, 0x00, 0x02, 0xa2, 0xc0, 0x10, 0x12, 0x00,
	0x22, 0x10, 0x52, 0x00, 0x40, 0x18, 0x02, 0x00,
	0x08, 0x80, 0x02, 0x3c, 0x3c, 0x60, 0x42, 0x24,
	0x21, 0x10, 0x43, 0x00, 0x05, 0x00, 0x42, 0x90,
	0x00, 0x00, 0x00, 0x00, 0x01, 0x00, 0x42, 0x30,
	0x00, 0x21, 0x02, 0x00, 0xff, 0xff, 0x23, 0x22,
	0x1f, 0x00, 0x62, 0x30, 0x04, 0x00, 0x61, 0x04,
	0x00, 0x00, 0x00, 0x00, 0x02, 0x00, 0x40, 0x10,
	0x00, 0x00, 0x00, 0x00, 0xe0, 0xff, 0x42, 0x24,
	0x40, 0x11, 0x02, 0x00, 0x20, 0x10, 0x44, 0x00,
	0xff, 0x00, 0x42, 0x30, 0x2c, 0x00, 0xa2, 0xa3,
	0xc0, 0x10, 0x12, 0x00, 0x22, 0x10, 0x52, 0x00,
	0x40, 0x18, 0x02, 0x00, 0x08, 0x80, 0x02, 0x3c,
	0x3c, 0x60, 0x42, 0x24, 0x21, 0x10, 0x43, 0x00,
	0x05, 0x00, 0x42, 0x90, 0x00, 0x00, 0x00, 0x00,
	0x43, 0xc8, 0x02, 0x00, 0x03, 0x00, 0x41, 0x04,
	0x00, 0x00, 0x00, 0x00, 0x01, 0x00, 0x42, 0x24,
	0x43, 0xc8, 0x02, 0x00, 0x00, 0x19, 0x19, 0x00,
	0xff, 0xff, 0x22, 0x22, 0xc3, 0xc8, 0x02, 0x00,
	0x03, 0x00, 0x41, 0x04, 0x00, 0x00, 0x00, 0x00,
	0x07, 0x00, 0x42, 0x24, 0xc3, 0xc8, 0x02, 0x00,
	0x40, 0x11, 0x19, 0x00, 0x20, 0x10, 0x43, 0x00,
	0xff, 0x00, 0x42, 0x30, 0x2d, 0x00, 0xa2, 0xa3,
	0x10, 0x00, 0x02, 0x24, 0x2f, 0x00, 0xa2, 0xa3,
	0xff, 0x00, 0x42, 0x30, 0x2e, 0x00, 0xa2, 0xa3,
	0x2c, 0x00, 0xa2, 0x93, 0xf0, 0x00, 0x01, 0x24,
	0x03, 0x00, 0x41, 0x14, 0x00, 0x00, 0x00, 0x00,
	0x0f, 0x00, 0x02, 0x24, 0x2e, 0x00, 0xa2, 0xa3,
	0x2d, 0x00, 0xa2, 0x93, 0xf0, 0x00, 0x01, 0x24,
	0x03, 0x00, 0x41, 0x14, 0x00, 0x00, 0x00, 0x00,
	0x0f, 0x00, 0x02, 0x24, 0x2f, 0x00, 0xa2, 0xa3,
	0x2f, 0x00, 0xa2, 0x93, 0x00, 0x00, 0x00, 0x00,
	0x10, 0x00, 0xa2, 0xaf, 0x2c, 0x00, 0xa5, 0x93,
	0x2d, 0x00, 0xa6, 0x93, 0x2e, 0x00, 0xa7, 0x93,
	0x21, 0x20, 0x00, 0x02, 0x09, 0x0f, 0x04, 0x0c,
	0x00, 0x00, 0x00, 0x00, 0x2f, 0x00, 0xa2, 0x93,
	0x00, 0x00, 0x00, 0x00, 0x10, 0x00, 0xa2, 0xaf,
	0xc0, 0x10, 0x12, 0x00, 0x22, 0x10, 0x52, 0x00,
	0x40, 0x18, 0x02, 0x00, 0x08, 0x80, 0x02, 0x3c,
	0x3c, 0x60, 0x42, 0x24, 0x21, 0x10, 0x43, 0x00,
	0x00, 0x00, 0x45, 0x84, 0xc0, 0x10, 0x12, 0x00,
	0x22, 0x10, 0x52, 0x00, 0x40, 0x18, 0x02, 0x00,
	0x08, 0x80, 0x02, 0x3c, 0x3c, 0x60, 0x42, 0x24,
	0x21, 0x10, 0x43, 0x00, 0x02, 0x00, 0x46, 0x84,
	0x2e, 0x00, 0xa7, 0x93, 0x21, 0x20, 0x00, 0x02,
	0x33, 0x0f, 0x04, 0x0c, 0x00, 0x00, 0x00, 0x00,
	0xc0, 0x10, 0x12, 0x00, 0x22, 0x10, 0x52, 0x00,
	0x40, 0x18, 0x02, 0x00, 0x08, 0x80, 0x02, 0x3c,
	0x3c, 0x60, 0x42, 0x24, 0x21, 0x10, 0x43, 0x00,
	0x06, 0x00, 0x42, 0x90, 0x01, 0x00, 0x01, 0x24,
	0x0f, 0x00, 0x41, 0x14, 0x00, 0x00, 0x00, 0x00,
	0x08, 0x00, 0x04, 0x26, 0x10, 0x00, 0x05, 0x26,
	0xc6, 0x0d, 0x04, 0x0c, 0x00, 0x00, 0x00, 0x00,
	0x18, 0x00, 0x04, 0x26, 0x20, 0x00, 0x05, 0x26,
	0xc6, 0x0d, 0x04, 0x0c, 0x00, 0x00, 0x00, 0x00,
	0x0c, 0x00, 0x05, 0x92, 0x2e, 0x00, 0xa6, 0x93,
	0x2f, 0x00, 0xa7, 0x93, 0x21, 0x20, 0x00, 0x02,
	0xda, 0x7b, 0x01, 0x0c, 0x00, 0x00, 0x00, 0x00,
	0xa0, 0x94, 0x82, 0x8f, 0x00, 0x00, 0x00, 0x00,
	0x04, 0x00, 0x42, 0x8c, 0x21, 0x28, 0x00, 0x02,
	0x28, 0x00, 0xb0, 0x24, 0x14, 0x00, 0x44, 0x24,
	0x4a, 0x5b, 0x02, 0x0c, 0x00, 0x00, 0x00, 0x00,
	0x21, 0x20, 0x00, 0x02, 0xbc, 0x63, 0x02, 0x0c,
	0x00, 0x00, 0x00, 0x00, 0x24, 0x00, 0xbf, 0x8f,
	0x20, 0x00, 0xb2, 0x8f, 0x1c, 0x00, 0xb1, 0x8f,
	0x18, 0x00, 0xb0, 0x8f, 0x30, 0x00, 0xbd, 0x27,
	0x08, 0x00, 0xe0, 0x03, 0x00, 0x00, 0x00, 0x00,
	0xe8, 0xff, 0xbd, 0x27, 0x10, 0x00, 0xbf, 0xaf,
	0x18, 0x00, 0xa4, 0xaf, 0x18, 0x00, 0xa5, 0x87,
	0xb0, 0x01, 0x04, 0x24, 0x5a, 0x90, 0x02, 0x0c,
	0x00, 0x00, 0x00, 0x00, 0x10, 0x00, 0xbf, 0x8f,
	0x18, 0x00, 0xbd, 0x27, 0x08, 0x00, 0xe0, 0x03,
	0x00, 0x00, 0x00, 0x00, 0xe8, 0xff, 0xbd, 0x27,
	0x10, 0x00, 0xbf, 0xaf, 0x18, 0x00, 0xa4, 0xaf,
	0x18, 0x00, 0xa5, 0x87, 0xaf, 0x01, 0x04, 0x24,
	0x5a, 0x90, 0x02, 0x0c, 0x00, 0x00, 0x00, 0x00,
	0x10, 0x00, 0xbf, 0x8f, 0x18, 0x00, 0xbd, 0x27,
	0x08, 0x00, 0xe0, 0x03, 0x00, 0x00, 0x00, 0x00,
	0xd8, 0xff, 0xbd, 0x27, 0x24, 0x00, 0xbf, 0xaf,
	0x20, 0x00, 0xb2, 0xaf, 0x1c, 0x00, 0xb1, 0xaf,
	0x18, 0x00, 0xb0, 0xaf, 0x21, 0x90, 0x80, 0x00,
	0x21, 0x80, 0xa0, 0x00, 0x21, 0x88, 0xc0, 0x00,
	0x34, 0x00, 0xa7, 0xaf, 0xff, 0xff, 0x02, 0x22,
	0x00, 0x84, 0x02, 0x00, 0x03, 0x84, 0x10, 0x00,
	0x00, 0x14, 0x02, 0x00, 0x03, 0x14, 0x02, 0x00,
	0x05, 0x00, 0x41, 0x04, 0x00, 0x00, 0x00, 0x00,
	0x21, 0x80, 0x00, 0x00, 0xff, 0xff, 0x22, 0x22,
	0x00, 0x8c, 0x02, 0x00, 0x03, 0x8c, 0x11, 0x00,
	0x34, 0x00, 0xa2, 0x87, 0x00, 0x00, 0x00, 0x00,
	0x10, 0x00, 0xa2, 0xaf, 0x0d, 0x00, 0x46, 0x92,
	0x21, 0x20, 0x40, 0x02, 0x21, 0x28, 0x00, 0x02,
	0x21, 0x38, 0x20, 0x02, 0x09, 0x0f, 0x04, 0x0c,
	0x00, 0x00, 0x00, 0x00, 0x24, 0x00, 0xbf, 0x8f,
	0x20, 0x00, 0xb2, 0x8f, 0x1c, 0x00, 0xb1, 0x8f,
	0x18, 0x00, 0xb0, 0x8f, 0x28, 0x00, 0xbd, 0x27,
	0x08, 0x00, 0xe0, 0x03, 0x00, 0x00, 0x00, 0x00,
	0xd0, 0xff, 0xbd, 0x27, 0x24, 0x00, 0xbf, 0xaf,
	0x20, 0x00, 0xb2, 0xaf, 0x1c, 0x00, 0xb1, 0xaf,
	0x18, 0x00, 0xb0, 0xaf, 0x30, 0x00, 0xa4, 0xaf,
	0x34, 0x00, 0xa5, 0xaf, 0x38, 0x00, 0xa6, 0xaf,
	0x3c, 0x00, 0xa7, 0xaf, 0xc0, 0x63, 0x02, 0x0c,
	0x00, 0x00, 0x00, 0x00, 0x21, 0x80, 0x40, 0x00,
	0x21, 0x20, 0x00, 0x02, 0x76, 0x5b, 0x02, 0x0c,
	0x00, 0x00, 0x00, 0x00, 0x21, 0x20, 0x00, 0x00,
	0x01, 0x00, 0x05, 0x24, 0x40, 0x03, 0x06, 0x24,
	0x00, 0x01, 0x07, 0x24, 0x32, 0x5b, 0x02, 0x0c,
	0x00, 0x00, 0x00, 0x00, 0x16, 0x00, 0x02, 0xa6,
	0x30, 0x00, 0x04, 0x24, 0xe0, 0x01, 0x05, 0x24,
	0x42, 0x5b, 0x02, 0x0c, 0x00, 0x00, 0x00, 0x00,
	0x0e, 0x00, 0x02, 0xa6, 0xdc, 0x95, 0x82, 0x93,
	0x00, 0x00, 0x00, 0x00, 0x06, 0x00, 0x40, 0x10,
	0x00, 0x00, 0x00, 0x00, 0x07, 0x00, 0x02, 0x92,
	0x00, 0x00, 0x00, 0x00, 0x02, 0x00, 0x42, 0x34,
	0xff, 0x00, 0x42, 0x30, 0x07, 0x00, 0x02, 0xa2,
	0xdc, 0x95, 0x83, 0x93, 0x80, 0x00, 0x02, 0x24,
	0x22, 0x10, 0x43, 0x00, 0xff, 0x00, 0x42, 0x30,
	0x04, 0x00, 0x02, 0xa2, 0xdc, 0x95, 0x83, 0x93,
	0x80, 0x00, 0x02, 0x24, 0x22, 0x10, 0x43, 0x00,
	0xff, 0x00, 0x42, 0x30, 0x05, 0x00, 0x02, 0xa2,
	0xdc, 0x95, 0x83, 0x93, 0x80, 0x00, 0x02, 0x24,
	0x22, 0x10, 0x43, 0x00, 0xff, 0x00, 0x42, 0x30,
	0x06, 0x00, 0x02, 0xa2, 0x38, 0x00, 0xa3, 0x93,
	0x00, 0x00, 0x00, 0x00, 0x07, 0x00, 0x62, 0x30,
	0x04, 0x00, 0x61, 0x04, 0x00, 0x00, 0x00, 0x00,
	0x02, 0x00, 0x40, 0x10, 0x00, 0x00, 0x00, 0x00,
	0xf8, 0xff, 0x42, 0x24, 0xc0, 0x10, 0x02, 0x00,
	0xff, 0x00, 0x42, 0x30, 0xff, 0x00, 0x51, 0x30,
	0x38, 0x00, 0xa2, 0x93, 0x00, 0x00, 0x00, 0x00,
	0xc3, 0xc8, 0x02, 0x00, 0x03, 0x00, 0x41, 0x04,
	0x00, 0x00, 0x00, 0x00, 0x07, 0x00, 0x42, 0x24,
	0xc3, 0xc8, 0x02, 0x00, 0xc0, 0x10, 0x19, 0x00,
	0xff, 0x00, 0x42, 0x30, 0xff, 0x00, 0x52, 0x30,
	0xf8, 0x00, 0x01, 0x24, 0x05, 0x00, 0x41, 0x12,
	0x00, 0x00, 0x00, 0x00, 0x08, 0x00, 0x02, 0x24,
	0x28, 0x00, 0xa2, 0xaf, 0x03, 0x00, 0x00, 0x10,
	0x00, 0x00, 0x00, 0x00, 0x07, 0x00, 0x02, 0x24,
	0x28, 0x00, 0xa2, 0xaf, 0xf8, 0x00, 0x01, 0x24,
	0x05, 0x00, 0x21, 0x12, 0x00, 0x00, 0x00, 0x00,
	0x08, 0x00, 0x02, 0x24, 0x2c, 0x00, 0xa2, 0xaf,
	0x03, 0x00, 0x00, 0x10, 0x00, 0x00, 0x00, 0x00,
	0x07, 0x00, 0x02, 0x24, 0x2c, 0x00, 0xa2, 0xaf,
	0x28, 0x00, 0xa2, 0x8f, 0x00, 0x00, 0x00, 0x00,
	0x10, 0x00, 0xa2, 0xaf, 0x21, 0x20, 0x00, 0x02,
	0x21, 0x28, 0x20, 0x02, 0x21, 0x30, 0x40, 0x02,
	0x2c, 0x00, 0xa7, 0x8f, 0x09, 0x0f, 0x04, 0x0c,
	0x00, 0x00, 0x00, 0x00, 0x08, 0x00, 0x02, 0x24,
	0x10, 0x00, 0xa2, 0xaf, 0x30, 0x00, 0xa5, 0x87,
	0x34, 0x00, 0xa6, 0x87, 0x21, 0x20, 0x00, 0x02,
	0x08, 0x00, 0x07, 0x24, 0x33, 0x0f, 0x04, 0x0c,
	0x00, 0x00, 0x00, 0x00, 0xa0, 0x94, 0x84, 0x8f,
	0x3c, 0x00, 0xa2, 0x8f, 0x00, 0x00, 0x00, 0x00,
	0x80, 0x18, 0x02, 0x00, 0x04, 0x00, 0x82, 0x8c,
	0x00, 0x00, 0x00, 0x00, 0x21, 0x20, 0x43, 0x00,
	0x21, 0x28, 0x00, 0x02, 0x28, 0x00, 0xb0, 0x24,
	0x4a, 0x5b, 0x02, 0x0c, 0x00, 0x00, 0x00, 0x00,
	0x21, 0x20, 0x00, 0x02, 0xbc, 0x63, 0x02, 0x0c,
	0x00, 0x00, 0x00, 0x00, 0x24, 0x00, 0xbf, 0x8f,
	0x20, 0x00, 0xb2, 0x8f, 0x1c, 0x00, 0xb1, 0x8f,
	0x18, 0x00, 0xb0, 0x8f, 0x30, 0x00, 0xbd, 0x27,
	0x08, 0x00, 0xe0, 0x03, 0x00, 0x00, 0x00, 0x00,
	0xf8, 0xff, 0xbd, 0x27, 0x04, 0x00, 0xb1, 0xaf,
	0x00, 0x00, 0xb0, 0xaf, 0x01, 0x00, 0x02, 0x24,
	0xc4, 0x95, 0x82, 0xa3, 0x21, 0x88, 0x00, 0x00,
	0x25, 0x00, 0x00, 0x10, 0x00, 0x00, 0x00, 0x00,
	0xc0, 0x10, 0x11, 0x00, 0x22, 0x10, 0x51, 0x00,
	0x40, 0x18, 0x02, 0x00, 0x08, 0x80, 0x02, 0x3c,
	0x3c, 0x60, 0x42, 0x24, 0x21, 0x80, 0x43, 0x00,
	0x40, 0x10, 0x11, 0x00, 0x20, 0x10, 0x51, 0x00,
	0xc0, 0x18, 0x02, 0x00, 0x08, 0x80, 0x02, 0x3c,
	0xa0, 0x4a, 0x42, 0x24, 0x21, 0x10, 0x43, 0x00,
	0x00, 0x00, 0x42, 0x84, 0x00, 0x00, 0x00, 0x00,
	0x00, 0x00, 0x02, 0xa6, 0x08, 0x80, 0x01, 0x3c,
	0x94, 0x49, 0x22, 0x84, 0x00, 0x00, 0x00, 0x00,
	0x02, 0x00, 0x02, 0xa6, 0x05, 0x00, 0x00, 0xa2,
	0x01, 0x00, 0x02, 0x24, 0x04, 0x00, 0x02, 0xa2,
	0x40, 0x10, 0x11, 0x00, 0x20, 0x10, 0x51, 0x00,
	0xc0, 0x18, 0x02, 0x00, 0x08, 0x80, 0x02, 0x3c,
	0xa0, 0x4a, 0x42, 0x24, 0x21, 0x10, 0x43, 0x00,
	0x10, 0x00, 0x42, 0x90, 0x00, 0x00, 0x00, 0x00,
	0x06, 0x00, 0x02, 0xa2, 0x08, 0x00, 0x00, 0xa2,
	0x09, 0x00, 0x00, 0xa2, 0x0c, 0x00, 0x00, 0xa2,
	0x07, 0x00, 0x00, 0xa2, 0x01, 0x00, 0x31, 0x22,
	0x08, 0x00, 0x21, 0x2a, 0xda, 0xff, 0x20, 0x14,
	0x00, 0x00, 0x00, 0x00, 0x04, 0x00, 0xb1, 0x8f,
	0x00, 0x00, 0xb0, 0x8f, 0x08, 0x00, 0xbd, 0x27,
	0x08, 0x00, 0xe0, 0x03, 0x00, 0x00, 0x00, 0x00,
	0xd8, 0xff, 0xbd, 0x27, 0x1c, 0x00, 0xbf, 0xaf,
	0x18, 0x00, 0xb2, 0xaf, 0x14, 0x00, 0xb1, 0xaf,
	0x10, 0x00, 0xb0, 0xaf, 0x21, 0x88, 0x80, 0x00,
	0x2c, 0x00, 0xa5, 0xaf, 0x08, 0x00, 0x04, 0x24,
	0x9d, 0x92, 0x02, 0x0c, 0x00, 0x00, 0x00, 0x00,
	0xff, 0x00, 0x42, 0x30, 0xc5, 0x95, 0x82, 0xa3,
	0x14, 0x80, 0x01, 0x3c, 0xd8, 0xd7, 0x22, 0x8c,
	0x00, 0x00, 0x00, 0x00, 0x00, 0x00, 0x42, 0x8c,
	0x00, 0x00, 0x00, 0x00, 0xff, 0x00, 0x44, 0x30,
	0xc5, 0x95, 0x83, 0x93, 0xc8, 0x95, 0x82, 0x27,
	0x21, 0x10, 0x43, 0x00, 0x00, 0x00, 0x44, 0xa0,
	0x01, 0x00, 0x10, 0x24, 0x10, 0x00, 0x00, 0x10,
	0x00, 0x00, 0x00, 0x00, 0x07, 0x00, 0x04, 0x24,
	0x9d, 0x92, 0x02, 0x0c, 0x00, 0x00, 0x00, 0x00,
	0x01, 0x00, 0x42, 0x20, 0x24, 0x00, 0xa2, 0xaf,
	0x2c, 0x00, 0xa2, 0x8f, 0x00, 0x00, 0x00, 0x00,
	0x21, 0x20, 0x50, 0x00, 0x2c, 0x00, 0xa3, 0x8f,
	0x24, 0x00, 0xa2, 0x8f, 0x00, 0x00, 0x00, 0x00,
	0x21, 0x28, 0x62, 0x00, 0xb3, 0x0d, 0x04, 0x0c,
	0x00, 0x00, 0x00, 0x00, 0x01, 0x00, 0x10, 0x22,
	0x08, 0x00, 0x01, 0x2a, 0xef, 0xff, 0x20, 0x14,
	0x00, 0x00, 0x00, 0x00, 0x2c, 0x00, 0xa2, 0x8f,
	0x00, 0x00, 0x00, 0x00, 0x01, 0x00, 0x52, 0x24,
	0x21, 0x80, 0x00, 0x00, 0x0c, 0x00, 0x00, 0x10,
	0x00, 0x00, 0x00, 0x00, 0xc5, 0x95, 0x82, 0x93,
	0x00, 0x00, 0x00, 0x00, 0x07, 0x00, 0x02, 0x12,
	0x00, 0x00, 0x00, 0x00, 0x21, 0x10, 0x40, 0x02,
	0x01, 0x00, 0x52, 0x24, 0x00, 0x00, 0x43, 0x90,
	0xc8, 0x95, 0x82, 0x27, 0x21, 0x10, 0x50, 0x00,
	0x00, 0x00, 0x43, 0xa0, 0x01, 0x00, 0x10, 0x22,
	0x08, 0x00, 0x01, 0x2a, 0xf3, 0xff, 0x20, 0x14,
	0x00, 0x00, 0x00, 0x00, 0x21, 0x80, 0x00, 0x00,
	0x3e, 0x00, 0x00, 0x10, 0x00, 0x00, 0x00, 0x00,
	0x64, 0x00, 0x04, 0x24, 0x9d, 0x92, 0x02, 0x0c,
	0x00, 0x00, 0x00, 0x00, 0x40, 0x20, 0x10, 0x00,
	0xc8, 0x95, 0x83, 0x27, 0x21, 0x18, 0x64, 0x00,
	0x00, 0x00, 0x64, 0x90, 0x00, 0x00, 0x00, 0x00,
	0x40, 0x18, 0x04, 0x00, 0x20, 0x18, 0x64, 0x00,
	0x80, 0x18, 0x03, 0x00, 0x20, 0x18, 0x64, 0x00,
	0x80, 0x20, 0x03, 0x00, 0x14, 0x80, 0x03, 0x3c,
	0x44, 0xb3, 0x63, 0x24, 0x21, 0x18, 0x64, 0x00,
	0x1d, 0x00, 0x63, 0x90, 0x00, 0x00, 0x00, 0x00,
	0xfd, 0xff, 0x64, 0x20, 0x40, 0x18, 0x04, 0x00,
	0x20, 0x20, 0x64, 0x00, 0x08, 0x80, 0x03, 0x3c,
	0x94, 0x4a, 0x63, 0x24, 0x21, 0x28, 0x64, 0x00,
	0x40, 0x18, 0x10, 0x00, 0x01, 0x00, 0x64, 0x20,
	0xc8, 0x95, 0x83, 0x27, 0x21, 0x18, 0x64, 0x00,
	0x00, 0x00, 0x64, 0x90, 0x00, 0x00, 0x00, 0x00,
	0x40, 0x18, 0x04, 0x00, 0x20, 0x18, 0x64, 0x00,
	0x80, 0x18, 0x03, 0x00, 0x20, 0x18, 0x64, 0x00,
	0x80, 0x20, 0x03, 0x00, 0x14, 0x80, 0x03, 0x3c,
	0x44, 0xb3, 0x63, 0x24, 0x21, 0x18, 0x64, 0x00,
	0x1d, 0x00, 0x63, 0x90, 0x00, 0x00, 0x00, 0x00,
	0xfd, 0xff, 0x63, 0x20, 0x21, 0x18, 0x65, 0x00,
	0x00, 0x00, 0x63, 0x90, 0x00, 0x00, 0x00, 0x00,
	0x2a, 0x08, 0x43, 0x00, 0x08, 0x00, 0x20, 0x10,
	0x00, 0x00, 0x00, 0x00, 0x40, 0x10, 0x10, 0x00,
	0xff, 0x00, 0x43, 0x30, 0xd0, 0x95, 0x82, 0x27,
	0x21, 0x10, 0x50, 0x00, 0x00, 0x00, 0x43, 0xa0,
	0x07, 0x00, 0x00, 0x10, 0x00, 0x00, 0x00, 0x00,
	0x40, 0x10, 0x10, 0x00, 0x01, 0x00, 0x42, 0x20,
	0xff, 0x00, 0x43, 0x30, 0xd0, 0x95, 0x82, 0x27,
	0x21, 0x10, 0x50, 0x00, 0x00, 0x00, 0x43, 0xa0,
	0x01, 0x00, 0x10, 0x22, 0x04, 0x00, 0x01, 0x2a,
	0xc1, 0xff, 0x20, 0x14, 0x00, 0x00, 0x00, 0x00,
	0xc5, 0x95, 0x82, 0x93, 0x00, 0x00, 0x00, 0x00,
	0x04, 0x00, 0x41, 0x2c, 0x46, 0x00, 0x20, 0x10,
	0x00, 0x00, 0x00, 0x00, 0xc5, 0x95, 0x82, 0x93,
	0x00, 0x00, 0x00, 0x00, 0x02, 0x00, 0x41, 0x2c,
	0x06, 0x00, 0x20, 0x10, 0x00, 0x00, 0x00, 0x00,
	0xd1, 0x95, 0x82, 0x93, 0x00, 0x00, 0x00, 0x00,
	0xd4, 0x95, 0x82, 0xa3, 0x04, 0x00, 0x00, 0x10,
	0x00, 0x00, 0x00, 0x00, 0xd0, 0x95, 0x82, 0x93,
	0x00, 0x00, 0x00, 0x00, 0xd4, 0x95, 0x82, 0xa3,
	0x64, 0x00, 0x04, 0x24, 0x9d, 0x92, 0x02, 0x0c,
	0x00, 0x00, 0x00, 0x00, 0xd2, 0x95, 0x84, 0x93,
	0xc8, 0x95, 0x83, 0x27, 0x21, 0x18, 0x64, 0x00,
	0x00, 0x00, 0x64, 0x90, 0x00, 0x00, 0x00, 0x00,
	0x40, 0x18, 0x04, 0x00, 0x20, 0x18, 0x64, 0x00,
	0x80, 0x18, 0x03, 0x00, 0x20, 0x18, 0x64, 0x00,
	0x80, 0x20, 0x03, 0x00, 0x14, 0x80, 0x03, 0x3c,
	0x44, 0xb3, 0x63, 0x24, 0x21, 0x18, 0x64, 0x00,
	0x1d, 0x00, 0x63, 0x90, 0x00, 0x00, 0x00, 0x00,
	0xfd, 0xff, 0x64, 0x20, 0x40, 0x18, 0x04, 0x00,
	0x20, 0x20, 0x64, 0x00, 0x08, 0x80, 0x03, 0x3c,
	0x94, 0x4a, 0x63, 0x24, 0x21, 0x28, 0x64, 0x00,
	0xd3, 0x95, 0x84, 0x93, 0xc8, 0x95, 0x83, 0x27,
	0x21, 0x18, 0x64, 0x00, 0x00, 0x00, 0x64, 0x90,
	0x00, 0x00, 0x00, 0x00, 0x40, 0x18, 0x04, 0x00,
	0x20, 0x18, 0x64, 0x00, 0x80, 0x18, 0x03, 0x00,
	0x20, 0x18, 0x64, 0x00, 0x80, 0x20, 0x03, 0x00,
	0x14, 0x80, 0x03, 0x3c, 0x44, 0xb3, 0x63, 0x24,
	0x21, 0x18, 0x64, 0x00, 0x1d, 0x00, 0x63, 0x90,
	0x00, 0x00, 0x00, 0x00, 0xfd, 0xff, 0x63, 0x20,
	0x21, 0x18, 0x65, 0x00, 0x00, 0x00, 0x63, 0x90,
	0x00, 0x00, 0x00, 0x00, 0x2a, 0x08, 0x43, 0x00,
	0x06, 0x00, 0x20, 0x10, 0x00, 0x00, 0x00, 0x00,
	0xd2, 0x95, 0x82, 0x93, 0x00, 0x00, 0x00, 0x00,
	0xd5, 0x95, 0x82, 0xa3, 0x49, 0x00, 0x00, 0x10,
	0x00, 0x00, 0x00, 0x00, 0xd3, 0x95, 0x82, 0x93,
	0x00, 0x00, 0x00, 0x00, 0xd5, 0x95, 0x82, 0xa3,
	0x44, 0x00, 0x00, 0x10, 0x00, 0x00, 0x00, 0x00,
	0x64, 0x00, 0x04, 0x24, 0x9d, 0x92, 0x02, 0x0c,
	0x00, 0x00, 0x00, 0x00, 0xd0, 0x95, 0x84, 0x93,
	0xc8, 0x95, 0x83, 0x27, 0x21, 0x18, 0x64, 0x00,
	0x00, 0x00, 0x64, 0x90, 0x00, 0x00, 0x00, 0x00,
	0x40, 0x18, 0x04, 0x00, 0x20, 0x18, 0x64, 0x00,
	0x80, 0x18, 0x03, 0x00, 0x20, 0x18, 0x64, 0x00,
	0x80, 0x20, 0x03, 0x00, 0x14, 0x80, 0x03, 0x3c,
	0x44, 0xb3, 0x63, 0x24, 0x21, 0x18, 0x64, 0x00,
	0x1d, 0x00, 0x63, 0x90, 0x00, 0x00, 0x00, 0x00,
	0xfd, 0xff, 0x64, 0x20, 0x40, 0x18, 0x04, 0x00,
	0x20, 0x20, 0x64, 0x00, 0x08, 0x80, 0x03, 0x3c,
	0x94, 0x4a, 0x63, 0x24, 0x21, 0x28, 0x64, 0x00,
	0xd1, 0x95, 0x84, 0x93, 0xc8, 0x95, 0x83, 0x27,
	0x21, 0x18, 0x64, 0x00, 0x00, 0x00, 0x64, 0x90,
	0x00, 0x00, 0x00, 0x00, 0x40, 0x18, 0x04, 0x00,
	0x20, 0x18, 0x64, 0x00, 0x80, 0x18, 0x03, 0x00,
	0x20, 0x18, 0x64, 0x00, 0x80, 0x20, 0x03, 0x00,
	0x14, 0x80, 0x03, 0x3c, 0x44, 0xb3, 0x63, 0x24,
	0x21, 0x18, 0x64, 0x00, 0x1d, 0x00, 0x63, 0x90,
	0x00, 0x00, 0x00, 0x00, 0xfd, 0xff, 0x63, 0x20,
	0x21, 0x18, 0x65, 0x00, 0x00, 0x00, 0x63, 0x90,
	0x00, 0x00, 0x00, 0x00, 0x2a, 0x08, 0x43, 0x00,
	0x06, 0x00, 0x20, 0x10, 0x00, 0x00, 0x00, 0x00,
	0xd0, 0x95, 0x82, 0x93, 0x00, 0x00, 0x00, 0x00,
	0xd4, 0x95, 0x82, 0xa3, 0x04, 0x00, 0x00, 0x10,
	0x00, 0x00, 0x00, 0x00, 0xd1, 0x95, 0x82, 0x93,
	0x00, 0x00, 0x00, 0x00, 0xd4, 0x95, 0x82, 0xa3,
	0xc5, 0x95, 0x82, 0x93, 0x00, 0x00, 0x00, 0x00,
	0x06, 0x00, 0x41, 0x2c, 0x06, 0x00, 0x20, 0x10,
	0x00, 0x00, 0x00, 0x00, 0xd3, 0x95, 0x82, 0x93,
	0x00, 0x00, 0x00, 0x00, 0xd5, 0x95, 0x82, 0xa3,
	0x04, 0x00, 0x00, 0x10, 0x00, 0x00, 0x00, 0x00,
	0xd2, 0x95, 0x82, 0x93, 0x00, 0x00, 0x00, 0x00,
	0xd5, 0x95, 0x82, 0xa3, 0xc5, 0x95, 0x83, 0x93,
	0x00, 0x00, 0x00, 0x00, 0x01, 0x00, 0x62, 0x30,
	0x04, 0x00, 0x61, 0x04, 0x00, 0x00, 0x00, 0x00,
	0x02, 0x00, 0x40, 0x10, 0x00, 0x00, 0x00, 0x00,
	0xfe, 0xff, 0x42, 0x24, 0x0b, 0x00, 0x40, 0x14,
	0x00, 0x00, 0x00, 0x00, 0xc5, 0x95, 0x82, 0x93,
	0x00, 0x00, 0x00, 0x00, 0x01, 0x00, 0x43, 0x20,
	0xc8, 0x95, 0x82, 0x27, 0x21, 0x10, 0x43, 0x00,
	0x00, 0x00, 0x42, 0x90, 0x00, 0x00, 0x00, 0x00,
	0x00, 0x00, 0x22, 0xa2, 0x09, 0x00, 0x00, 0x10,
	0x00, 0x00, 0x00, 0x00, 0xc5, 0x95, 0x82, 0x93,
	0x00, 0x00, 0x00, 0x00, 0xff, 0xff, 0x43, 0x20,
	0xc8, 0x95, 0x82, 0x27, 0x21, 0x10, 0x43, 0x00,
	0x00, 0x00, 0x42, 0x90, 0x00, 0x00, 0x00, 0x00,
	0x00, 0x00, 0x22, 0xa2, 0xc5, 0x95, 0x82, 0x93,
	0x00, 0x00, 0x00, 0x00, 0x43, 0xc8, 0x02, 0x00,
	0x03, 0x00, 0x41, 0x04, 0x00, 0x00, 0x00, 0x00,
	0x01, 0x00, 0x42, 0x24, 0x43, 0xc8, 0x02, 0x00,
	0x03, 0x00, 0x01, 0x24, 0x33, 0x00, 0x21, 0x13,
	0x00, 0x00, 0x00, 0x00, 0x02, 0x00, 0x01, 0x24,
	0x22, 0x00, 0x21, 0x13, 0x00, 0x00, 0x00, 0x00,
	0x01, 0x00, 0x01, 0x24, 0x11, 0x00, 0x21, 0x13,
	0x00, 0x00, 0x00, 0x00, 0x37, 0x00, 0x20, 0x17,
	0x00, 0x00, 0x00, 0x00, 0xd1, 0x95, 0x83, 0x93,
	0xc8, 0x95, 0x82, 0x27, 0x21, 0x10, 0x43, 0x00,
	0x00, 0x00, 0x42, 0x90, 0x00, 0x00, 0x00, 0x00,
	0x01, 0x00, 0x22, 0xa2, 0xd5, 0x95, 0x83, 0x93,
	0xc8, 0x95, 0x82, 0x27, 0x21, 0x10, 0x43, 0x00,
	0x00, 0x00, 0x42, 0x90, 0x00, 0x00, 0x00, 0x00,
	0x02, 0x00, 0x22, 0xa2, 0x29, 0x00, 0x00, 0x10,
	0x00, 0x00, 0x00, 0x00, 0xd0, 0x95, 0x83, 0x93,
	0xc8, 0x95, 0x82, 0x27, 0x21, 0x10, 0x43, 0x00,
	0x00, 0x00, 0x42, 0x90, 0x00, 0x00, 0x00, 0x00,
	0x01, 0x00, 0x22, 0xa2, 0xd5, 0x95, 0x83, 0x93,
	0xc8, 0x95, 0x82, 0x27, 0x21, 0x10, 0x43, 0x00,
	0x00, 0x00, 0x42, 0x90, 0x00, 0x00, 0x00, 0x00,
	0x02, 0x00, 0x22, 0xa2, 0x1b, 0x00, 0x00, 0x10,
	0x00, 0x00, 0x00, 0x00, 0xd3, 0x95, 0x83, 0x93,
	0xc8, 0x95, 0x82, 0x27, 0x21, 0x10, 0x43, 0x00,
	0x00, 0x00, 0x42, 0x90, 0x00, 0x00, 0x00, 0x00,
	0x01, 0x00, 0x22, 0xa2, 0xd4, 0x95, 0x83, 0x93,
	0xc8, 0x95, 0x82, 0x27, 0x21, 0x10, 0x43, 0x00,
	0x00, 0x00, 0x42, 0x90, 0x00, 0x00, 0x00, 0x00,
	0x02, 0x00, 0x22, 0xa2, 0x0d, 0x00, 0x00, 0x10,
	0x00, 0x00, 0x00, 0x00, 0xd2, 0x95, 0x83, 0x93,
	0xc8, 0x95, 0x82, 0x27, 0x21, 0x10, 0x43, 0x00,
	0x00, 0x00, 0x42, 0x90, 0x00, 0x00, 0x00, 0x00,
	0x01, 0x00, 0x22, 0xa2, 0xd4, 0x95, 0x83, 0x93,
	0xc8, 0x95, 0x82, 0x27, 0x21, 0x10, 0x43, 0x00,
	0x00, 0x00, 0x42, 0x90, 0x00, 0x00, 0x00, 0x00,
	0x02, 0x00, 0x22, 0xa2, 0x1c, 0x00, 0xbf, 0x8f,
	0x18, 0x00, 0xb2, 0x8f, 0x14, 0x00, 0xb1, 0x8f,
	0x10, 0x00, 0xb0, 0x8f, 0x28, 0x00, 0xbd, 0x27,
	0x08, 0x00, 0xe0, 0x03, 0x00, 0x00, 0x00, 0x00,
	0xe8, 0xff, 0xbd, 0x27, 0x10, 0x00, 0xbf, 0xaf,
	0x18, 0x00, 0xa4, 0xaf, 0x14, 0x80, 0x01, 0x3c,
	0xd8, 0xd7, 0x22, 0x8c, 0x00, 0x00, 0x00, 0x00,
	0x35, 0x00, 0x40, 0xa0, 0x14, 0x80, 0x01, 0x3c,
	0xd8, 0xd7, 0x22, 0x8c, 0x00, 0x00, 0x00, 0x00,
	0x34, 0x00, 0x40, 0xa0, 0xd8, 0x95, 0x80, 0xaf,
	0xdc, 0x95, 0x80, 0xa3, 0xae, 0x01, 0x04, 0x24,
	0x21, 0x28, 0x00, 0x00, 0x06, 0x80, 0x06, 0x3c,
	0x34, 0xf9, 0xc6, 0x24, 0x06, 0x80, 0x07, 0x3c,
	0x3c, 0xf9, 0xe7, 0x24, 0x18, 0x90, 0x02, 0x0c,
	0x00, 0x00, 0x00, 0x00, 0x18, 0x41, 0x03, 0x0c,
	0x00, 0x00, 0x00, 0x00, 0xf7, 0x3f, 0x03, 0x0c,
	0x00, 0x00, 0x00, 0x00, 0x18, 0x00, 0xa5, 0x87,
	0x1d, 0x00, 0x04, 0x24, 0xe3, 0x40, 0x03, 0x0c,
	0x00, 0x00, 0x00, 0x00, 0x10, 0x00, 0xbf, 0x8f,
	0x18, 0x00, 0xbd, 0x27, 0x08, 0x00, 0xe0, 0x03,
	0x00, 0x00, 0x00, 0x00, 0x08, 0x00, 0xe0, 0x03,
	0x00, 0x00, 0x00, 0x00, 0xe8, 0xff, 0xbd, 0x27,
	0x10, 0x00, 0xbf, 0xaf, 0xc6, 0x74, 0x01, 0x0c,
	0x00, 0x00, 0x00, 0x00, 0xaa, 0x78, 0x01, 0x0c,
	0x00, 0x00, 0x00, 0x00, 0x10, 0x00, 0xbf, 0x8f,
	0x18, 0x00, 0xbd, 0x27, 0x08, 0x00, 0xe0, 0x03,
	0x00, 0x00, 0x00, 0x00, 0xe8, 0xff, 0xbd, 0x27,
	0x10, 0x00, 0xbf, 0xaf, 0x18, 0x00, 0xa4, 0xaf,
	0x01, 0x00, 0x03, 0x24, 0x14, 0x80, 0x01, 0x3c,
	0xd8, 0xd7, 0x22, 0x8c, 0x00, 0x00, 0x00, 0x00,
	0x35, 0x00, 0x43, 0xa0, 0x01, 0x00, 0x03, 0x24,
	0x14, 0x80, 0x01, 0x3c, 0xd8, 0xd7, 0x22, 0x8c,
	0x00, 0x00, 0x00, 0x00, 0x34, 0x00, 0x43, 0xa0,
	0xae, 0x01, 0x04, 0x24, 0x21, 0x28, 0x00, 0x00,
	0x5a, 0x90, 0x02, 0x0c, 0x00, 0x00, 0x00, 0x00,
	0x18, 0x00, 0xa2, 0x87, 0x02, 0x00, 0x01, 0x24,
	0x05, 0x00, 0x41, 0x10, 0x00, 0x00, 0x00, 0x00,
	0x18, 0x41, 0x03, 0x0c, 0x00, 0x00, 0x00, 0x00,
	0xf7, 0x3f, 0x03, 0x0c, 0x00, 0x00, 0x00, 0x00,
	0x10, 0x00, 0xbf, 0x8f, 0x18, 0x00, 0xbd, 0x27,
	0x08, 0x00, 0xe0, 0x03, 0x00, 0x00, 0x00, 0x00,
	0xd8, 0x95, 0x82, 0x8f, 0x08, 0x00, 0xe0, 0x03,
	0x00, 0x00, 0x00, 0x00, 0xd8, 0xff, 0xbd, 0x27,
	0x20, 0x00, 0xbf, 0xaf, 0x1c, 0x00, 0xb1, 0xaf,
	0x18, 0x00, 0xb0, 0xaf, 0x21, 0x88, 0x80, 0x00,
	0xc0, 0x10, 0x11, 0x00, 0x22, 0x10, 0x51, 0x00,
	0x40, 0x18, 0x02, 0x00, 0x08, 0x80, 0x02, 0x3c,
	0x3c, 0x60, 0x42, 0x24, 0x21, 0x10, 0x43, 0x00,
	0x08, 0x00, 0x42, 0x90, 0x00, 0x00, 0x00, 0x00,
	0x10, 0x00, 0x41, 0x2c, 0x04, 0x00, 0x20, 0x14,
	0x00, 0x00, 0x00, 0x00, 0x21, 0x20, 0x20, 0x02,
	0xc4, 0x7b, 0x01, 0x0c, 0x00, 0x00, 0x00, 0x00,
	0xc0, 0x10, 0x11, 0x00, 0x22, 0x10, 0x51, 0x00,
	0x40, 0x18, 0x02, 0x00, 0x08, 0x80, 0x02, 0x3c,
	0x3c, 0x60, 0x42, 0x24, 0x21, 0x10, 0x43, 0x00,
	0x08, 0x00, 0x43, 0x90, 0x05, 0x00, 0x02, 0x24,
	0x1a, 0x00, 0x62, 0x00, 0x10, 0x10, 0x00, 0x00,
	0x04, 0x00, 0x01, 0x24, 0x3b, 0x00, 0x41, 0x14,
	0x00, 0x00, 0x00, 0x00, 0xc0, 0x63, 0x02, 0x0c,
	0x00, 0x00, 0x00, 0x00, 0x21, 0x80, 0x40, 0x00,
	0x21, 0x20, 0x00, 0x02, 0x76, 0x5b, 0x02, 0x0c,
	0x00, 0x00, 0x00, 0x00, 0x80, 0x00, 0x02, 0x24,
	0x04, 0x00, 0x02, 0xa2, 0x80, 0x00, 0x02, 0x24,
	0x05, 0x00, 0x02, 0xa2, 0x80, 0x00, 0x02, 0x24,
	0x06, 0x00, 0x02, 0xa2, 0x0f, 0x00, 0x02, 0x24,
	0x16, 0x00, 0x02, 0xa6, 0x30, 0x01, 0x04, 0x24,
	0xe0, 0x01, 0x05, 0x24, 0x42, 0x5b, 0x02, 0x0c,
	0x00, 0x00, 0x00, 0x00, 0x0e, 0x00, 0x02, 0xa6,
	0x10, 0x00, 0x02, 0x24, 0x10, 0x00, 0xa2, 0xaf,
	0x21, 0x20, 0x00, 0x02, 0x21, 0x28, 0x00, 0x00,
	0xc8, 0x00, 0x06, 0x24, 0x10, 0x00, 0x07, 0x24,
	0x09, 0x0f, 0x04, 0x0c, 0x00, 0x00, 0x00, 0x00,
	0x10, 0x00, 0x02, 0x24, 0x10, 0x00, 0xa2, 0xaf,
	0xc0, 0x10, 0x11, 0x00, 0x22, 0x10, 0x51, 0x00,
	0x40, 0x18, 0x02, 0x00, 0x08, 0x80, 0x02, 0x3c,
	0x3c, 0x60, 0x42, 0x24, 0x21, 0x10, 0x43, 0x00,
	0x00, 0x00, 0x45, 0x84, 0xc0, 0x10, 0x11, 0x00,
	0x22, 0x10, 0x51, 0x00, 0x40, 0x18, 0x02, 0x00,
	0x08, 0x80, 0x02, 0x3c, 0x3c, 0x60, 0x42, 0x24,
	0x21, 0x10, 0x43, 0x00, 0x02, 0x00, 0x46, 0x84,
	0x21, 0x20, 0x00, 0x02, 0x10, 0x00, 0x07, 0x24,
	0x33, 0x0f, 0x04, 0x0c, 0x00, 0x00, 0x00, 0x00,
	0xa0, 0x94, 0x82, 0x8f, 0x00, 0x00, 0x00, 0x00,
	0x04, 0x00, 0x42, 0x8c, 0x21, 0x28, 0x00, 0x02,
	0x28, 0x00, 0xb0, 0x24, 0x0c, 0x00, 0x44, 0x24,
	0x4a, 0x5b, 0x02, 0x0c, 0x00, 0x00, 0x00, 0x00,
	0x21, 0x20, 0x00, 0x02, 0xbc, 0x63, 0x02, 0x0c,
	0x00, 0x00, 0x00, 0x00, 0x20, 0x00, 0xbf, 0x8f,
	0x1c, 0x00, 0xb1, 0x8f, 0x18, 0x00, 0xb0, 0x8f,
	0x28, 0x00, 0xbd, 0x27, 0x08, 0x00, 0xe0, 0x03,
	0x00, 0x00, 0x00, 0x00, 0xe0, 0xff, 0xbd, 0x27,
	0x18, 0x00, 0xbf, 0xaf, 0x14, 0x00, 0xb1, 0xaf,
	0x10, 0x00, 0xb0, 0xaf, 0x21, 0x88, 0x80, 0x00,
	0xc4, 0x95, 0x82, 0x93, 0x00, 0x00, 0x00, 0x00,
	0x05, 0x00, 0x41, 0x2c, 0x06, 0x00, 0x20, 0x10,
	0x00, 0x00, 0x00, 0x00, 0x01, 0x00, 0x02, 0x24,
	0x00, 0x84, 0x02, 0x00, 0x03, 0x84, 0x10, 0x00,
	0x09, 0x00, 0x00, 0x10, 0x00, 0x00, 0x00, 0x00,
	0xc4, 0x95, 0x82, 0x93, 0x00, 0x00, 0x00, 0x00,
	0x07, 0x00, 0x41, 0x2c, 0x04, 0x00, 0x20, 0x10,
	0x00, 0x00, 0x00, 0x00, 0x03, 0x00, 0x02, 0x24,
	0x00, 0x84, 0x02, 0x00, 0x03, 0x84, 0x10, 0x00,
	0xc0, 0x10, 0x11, 0x00, 0x22, 0x10, 0x51, 0x00,
	0x40, 0x18, 0x02, 0x00, 0x08, 0x80, 0x02, 0x3c,
	0x3c, 0x60, 0x42, 0x24, 0x21, 0x10, 0x43, 0x00,
	0x06, 0x00, 0x42, 0x90, 0x01, 0x00, 0x01, 0x24,
	0x0d, 0x00, 0x41, 0x14, 0x00, 0x00, 0x00, 0x00,
	0x40, 0x10, 0x11, 0x00, 0x20, 0x10, 0x51, 0x00,
	0x40, 0x18, 0x02, 0x00, 0x08, 0x80, 0x02, 0x3c,
	0xac, 0x60, 0x42, 0x24, 0x21, 0x18, 0x43, 0x00,
	0x00, 0x00, 0x62, 0x84, 0x00, 0x00, 0x00, 0x00,
	0x20, 0x10, 0x50, 0x00, 0x00, 0x00, 0x62, 0xa4,
	0x0b, 0x00, 0x00, 0x10, 0x00, 0x00, 0x00, 0x00,
	0x40, 0x10, 0x11, 0x00, 0x20, 0x10, 0x51, 0x00,
	0x40, 0x18, 0x02, 0x00, 0x08, 0x80, 0x02, 0x3c,
	0xac, 0x60, 0x42, 0x24, 0x21, 0x18, 0x43, 0x00,
	0x00, 0x00, 0x62, 0x84, 0x00, 0x00, 0x00, 0x00,
	0x22, 0x10, 0x50, 0x00, 0x00, 0x00, 0x62, 0xa4,
	0x21, 0x20, 0x20, 0x02, 0x19, 0x7f, 0x01, 0x0c,
	0x00, 0x00, 0x00, 0x00, 0x18, 0x00, 0xbf, 0x8f,
	0x14, 0x00, 0xb1, 0x8f, 0x10, 0x00, 0xb0, 0x8f,
	0x20, 0x00, 0xbd, 0x27, 0x08, 0x00, 0xe0, 0x03,
	0x00, 0x00, 0x00, 0x00, 0xd8, 0xff, 0xbd, 0x27,
	0x20, 0x00, 0xbf, 0xaf, 0x1c, 0x00, 0xb1, 0xaf,
	0x18, 0x00, 0xb0, 0xaf, 0x21, 0x88, 0x80, 0x00,
	0xc0, 0x63, 0x02, 0x0c, 0x00, 0x00, 0x00, 0x00,
	0x21, 0x80, 0x40, 0x00, 0x21, 0x20, 0x00, 0x02,
	0x76, 0x5b, 0x02, 0x0c, 0x00, 0x00, 0x00, 0x00,
	0x80, 0x00, 0x02, 0x24, 0x04, 0x00, 0x02, 0xa2,
	0x80, 0x00, 0x02, 0x24, 0x05, 0x00, 0x02, 0xa2,
	0x80, 0x00, 0x02, 0x24, 0x06, 0x00, 0x02, 0xa2,
	0x21, 0x20, 0x00, 0x00, 0x02, 0x00, 0x05, 0x24,
	0xc0, 0x03, 0x06, 0x24, 0x21, 0x38, 0x00, 0x00,
	0x32, 0x5b, 0x02, 0x0c, 0x00, 0x00, 0x00, 0x00,
	0x16, 0x00, 0x02, 0xa6, 0xc8, 0x95, 0x82, 0x27,
	0x21, 0x10, 0x51, 0x00, 0x00, 0x00, 0x43, 0x90,
	0x08, 0x80, 0x02, 0x3c, 0x14, 0x4a, 0x42, 0x24,
	0x21, 0x10, 0x43, 0x00, 0x00, 0x00, 0x42, 0x90,
	0x00, 0x00, 0x00, 0x00, 0xff, 0xff, 0x43, 0x20,
	0x08, 0x80, 0x02, 0x3c, 0x84, 0x4a, 0x42, 0x24,
	0x21, 0x10, 0x43, 0x00, 0x00, 0x00, 0x42, 0x90,
	0x00, 0x00, 0x00, 0x00, 0xe0, 0x01, 0x45, 0x20,
	0x30, 0x01, 0x04, 0x24, 0x42, 0x5b, 0x02, 0x0c,
	0x00, 0x00, 0x00, 0x00, 0x0e, 0x00, 0x02, 0xa6,
	0x08, 0x00, 0x02, 0x24, 0x10, 0x00, 0xa2, 0xaf,
	0xc8, 0x95, 0x82, 0x27, 0x21, 0x10, 0x51, 0x00,
	0x00, 0x00, 0x43, 0x90, 0x08, 0x80, 0x02, 0x3c,
	0x14, 0x4a, 0x42, 0x24, 0x21, 0x10, 0x43, 0x00,
	0x00, 0x00, 0x42, 0x90, 0x00, 0x00, 0x00, 0x00,
	0xc0, 0x10, 0x02, 0x00, 0xf8, 0xff, 0x45, 0x20,
	0x21, 0x20, 0x00, 0x02, 0xc0, 0x00, 0x06, 0x24,
	0x08, 0x00, 0x07, 0x24, 0x09, 0x0f, 0x04, 0x0c,
	0x00, 0x00, 0x00, 0x00, 0x08, 0x00, 0x02, 0x24,
	0x10, 0x00, 0xa2, 0xaf, 0x40, 0x10, 0x11, 0x00,
	0x20, 0x10, 0x51, 0x00, 0x40, 0x18, 0x02, 0x00,
	0x08, 0x80, 0x02, 0x3c, 0xac, 0x60, 0x42, 0x24,
	0x21, 0x10, 0x43, 0x00, 0x00, 0x00, 0x45, 0x84,
	0x40, 0x10, 0x11, 0x00, 0x20, 0x10, 0x51, 0x00,
	0x40, 0x18, 0x02, 0x00, 0x08, 0x80, 0x02, 0x3c,
	0xac, 0x60, 0x42, 0x24, 0x21, 0x10, 0x43, 0x00,
	0x02, 0x00, 0x46, 0x84, 0x21, 0x20, 0x00, 0x02,
	0x08, 0x00, 0x07, 0x24, 0x33, 0x0f, 0x04, 0x0c,
	0x00, 0x00, 0x00, 0x00, 0xc0, 0x10, 0x11, 0x00,
	0x22, 0x10, 0x51, 0x00, 0x40, 0x18, 0x02, 0x00,
	0x08, 0x80, 0x02, 0x3c, 0x3c, 0x60, 0x42, 0x24,
	0x21, 0x10, 0x43, 0x00, 0x06, 0x00, 0x42, 0x90,
	0x01, 0x00, 0x01, 0x24, 0x0f, 0x00, 0x41, 0x14,
	0x00, 0x00, 0x00, 0x00, 0x08, 0x00, 0x04, 0x26,
	0x10, 0x00, 0x05, 0x26, 0xc6, 0x0d, 0x04, 0x0c,
	0x00, 0x00, 0x00, 0x00, 0x18, 0x00, 0x04, 0x26,
	0x20, 0x00, 0x05, 0x26, 0xc6, 0x0d, 0x04, 0x0c,
	0x00, 0x00, 0x00, 0x00, 0x0c, 0x00, 0x05, 0x92,
	0x21, 0x20, 0x00, 0x02, 0x08, 0x00, 0x06, 0x24,
	0x08, 0x00, 0x07, 0x24, 0xda, 0x7b, 0x01, 0x0c,
	0x00, 0x00, 0x00, 0x00, 0xa0, 0x94, 0x82, 0x8f,
	0x00, 0x00, 0x00, 0x00, 0x04, 0x00, 0x42, 0x8c,
	0x21, 0x28, 0x00, 0x02, 0x28, 0x00, 0xb0, 0x24,
	0x10, 0x00, 0x44, 0x24, 0x4a, 0x5b, 0x02, 0x0c,
	0x00, 0x00, 0x00, 0x00, 0x40, 0x10, 0x11, 0x00,
	0x20, 0x10, 0x51, 0x00, 0x40, 0x18, 0x02, 0x00,
	0x08, 0x80, 0x02, 0x3c, 0xac, 0x60, 0x42, 0x24,
	0x21, 0x10, 0x43, 0x00, 0x05, 0x00, 0x42, 0x90,
	0x01, 0x00, 0x01, 0x24, 0x6b, 0x00, 0x41, 0x14,
	0x00, 0x00, 0x00, 0x00, 0x21, 0x20, 0x00, 0x02,
	0x76, 0x5b, 0x02, 0x0c, 0x00, 0x00, 0x00, 0x00,
	0x80, 0x00, 0x02, 0x24, 0x04, 0x00, 0x02, 0xa2,
	0x80, 0x00, 0x02, 0x24, 0x05, 0x00, 0x02, 0xa2,
	0x80, 0x00, 0x02, 0x24, 0x06, 0x00, 0x02, 0xa2,
	0x21, 0x20, 0x00, 0x00, 0x02, 0x00, 0x05, 0x24,
	0xc0, 0x03, 0x06, 0x24, 0x21, 0x38, 0x00, 0x00,
	0x32, 0x5b, 0x02, 0x0c, 0x00, 0x00, 0x00, 0x00,
	0x16, 0x00, 0x02, 0xa6, 0xc8, 0x95, 0x82, 0x27,
	0x21, 0x10, 0x51, 0x00, 0x00, 0x00, 0x43, 0x90,
	0x08, 0x80, 0x02, 0x3c, 0x14, 0x4a, 0x42, 0x24,
	0x21, 0x10, 0x43, 0x00, 0x00, 0x00, 0x42, 0x90,
	0x00, 0x00, 0x00, 0x00, 0xff, 0xff, 0x43, 0x20,
	0x08, 0x80, 0x02, 0x3c, 0x84, 0x4a, 0x42, 0x24,
	0x21, 0x10, 0x43, 0x00, 0x00, 0x00, 0x42, 0x90,
	0x00, 0x00, 0x00, 0x00, 0xe0, 0x01, 0x45, 0x20,
	0x30, 0x01, 0x04, 0x24, 0x42, 0x5b, 0x02, 0x0c,
	0x00, 0x00, 0x00, 0x00, 0x0e, 0x00, 0x02, 0xa6,
	0x08, 0x00, 0x02, 0x24, 0x10, 0x00, 0xa2, 0xaf,
	0xc8, 0x95, 0x82, 0x27, 0x21, 0x10, 0x51, 0x00,
	0x00, 0x00, 0x43, 0x90, 0x08, 0x80, 0x02, 0x3c,
	0x14, 0x4a, 0x42, 0x24, 0x21, 0x10, 0x43, 0x00,
	0x00, 0x00, 0x42, 0x90, 0x00, 0x00, 0x00, 0x00,
	0xc0, 0x10, 0x02, 0x00, 0xf8, 0xff, 0x45, 0x20,
	0x21, 0x20, 0x00, 0x02, 0xc0, 0x00, 0x06, 0x24,
	0x08, 0x00, 0x07, 0x24, 0x09, 0x0f, 0x04, 0x0c,
	0x00, 0x00, 0x00, 0x00, 0x08, 0x00, 0x02, 0x24,
	0x10, 0x00, 0xa2, 0xaf, 0x40, 0x10, 0x11, 0x00,
	0x20, 0x10, 0x51, 0x00, 0x40, 0x18, 0x02, 0x00,
	0x08, 0x80, 0x02, 0x3c, 0xac, 0x60, 0x42, 0x24,
	0x21, 0x10, 0x43, 0x00, 0x00, 0x00, 0x45, 0x84,
	0x40, 0x10, 0x11, 0x00, 0x20, 0x10, 0x51, 0x00,
	0x40, 0x18, 0x02, 0x00, 0x08, 0x80, 0x02, 0x3c,
	0xac, 0x60, 0x42, 0x24, 0x21, 0x10, 0x43, 0x00,
	0x02, 0x00, 0x42, 0x84, 0x00, 0x00, 0x00, 0x00,
	0x08, 0x00, 0x46, 0x20, 0x21, 0x20, 0x00, 0x02,
	0x08, 0x00, 0x07, 0x24, 0x33, 0x0f, 0x04, 0x0c,
	0x00, 0x00, 0x00, 0x00, 0xc0, 0x10, 0x11, 0x00,
	0x22, 0x10, 0x51, 0x00, 0x40, 0x18, 0x02, 0x00,
	0x08, 0x80, 0x02, 0x3c, 0x3c, 0x60, 0x42, 0x24,
	0x21, 0x10, 0x43, 0x00, 0x06, 0x00, 0x42, 0x90,
	0x01, 0x00, 0x01, 0x24, 0x0f, 0x00, 0x41, 0x14,
	0x00, 0x00, 0x00, 0x00, 0x08, 0x00, 0x04, 0x26,
	0x10, 0x00, 0x05, 0x26, 0xc6, 0x0d, 0x04, 0x0c,
	0x00, 0x00, 0x00, 0x00, 0x18, 0x00, 0x04, 0x26,
	0x20, 0x00, 0x05, 0x26, 0xc6, 0x0d, 0x04, 0x0c,
	0x00, 0x00, 0x00, 0x00, 0x0c, 0x00, 0x05, 0x92,
	0x21, 0x20, 0x00, 0x02, 0x08, 0x00, 0x06, 0x24,
	0x08, 0x00, 0x07, 0x24, 0xda, 0x7b, 0x01, 0x0c,
	0x00, 0x00, 0x00, 0x00, 0xa0, 0x94, 0x82, 0x8f,
	0x00, 0x00, 0x00, 0x00, 0x04, 0x00, 0x42, 0x8c,
	0x21, 0x28, 0x00, 0x02, 0x28, 0x00, 0xb0, 0x24,
	0x10, 0x00, 0x44, 0x24, 0x4a, 0x5b, 0x02, 0x0c,
	0x00, 0x00, 0x00, 0x00, 0x21, 0x20, 0x00, 0x02,
	0xbc, 0x63, 0x02, 0x0c, 0x00, 0x00, 0x00, 0x00,
	0xc0, 0x10, 0x11, 0x00, 0x22, 0x10, 0x51, 0x00,
	0x40, 0x18, 0x02, 0x00, 0x08, 0x80, 0x02, 0x3c,
	0x3c, 0x60, 0x42, 0x24, 0x21, 0x10, 0x43, 0x00,
	0x06, 0x00, 0x42, 0x90, 0x01, 0x00, 0x01, 0x24,
	0x31, 0x00, 0x41, 0x14, 0x00, 0x00, 0x00, 0x00,
	0x40, 0x10, 0x11, 0x00, 0x20, 0x10, 0x51, 0x00,
	0x40, 0x18, 0x02, 0x00, 0x08, 0x80, 0x02, 0x3c,
	0xac, 0x60, 0x42, 0x24, 0x21, 0x10, 0x43, 0x00,
	0x04, 0x00, 0x43, 0x90, 0x00, 0x00, 0x00, 0x00,
	0xc0, 0x10, 0x03, 0x00, 0x22, 0x10, 0x43, 0x00,
	0x40, 0x18, 0x02, 0x00, 0x08, 0x80, 0x02, 0x3c,
	0x3c, 0x60, 0x42, 0x24, 0x21, 0x10, 0x43, 0x00,
	0x00, 0x00, 0x44, 0x84, 0x40, 0x10, 0x11, 0x00,
	0x20, 0x10, 0x51, 0x00, 0x40, 0x18, 0x02, 0x00,
	0x08, 0x80, 0x02, 0x3c, 0xac, 0x60, 0x42, 0x24,
	0x21, 0x10, 0x43, 0x00, 0x00, 0x00, 0x42, 0x84,
	0x00, 0x00, 0x00, 0x00, 0x22, 0x10, 0x82, 0x00,
	0x09, 0x00, 0x41, 0x28, 0x44, 0x00, 0x20, 0x10,
	0x00, 0x00, 0x00, 0x00, 0x01, 0x00, 0x04, 0x24,
	0x40, 0x10, 0x11, 0x00, 0x20, 0x10, 0x51, 0x00,
	0x40, 0x18, 0x02, 0x00, 0x08, 0x80, 0x02, 0x3c,
	0xac, 0x60, 0x42, 0x24, 0x21, 0x10, 0x43, 0x00,
	0x04, 0x00, 0x43, 0x90, 0x00, 0x00, 0x00, 0x00,
	0xc0, 0x10, 0x03, 0x00, 0x22, 0x10, 0x43, 0x00,
	0x40, 0x18, 0x02, 0x00, 0x08, 0x80, 0x02, 0x3c,
	0x3c, 0x60, 0x42, 0x24, 0x21, 0x10, 0x43, 0x00,
	0x0a, 0x00, 0x44, 0xa0, 0x21, 0x20, 0x20, 0x02,
	0xcf, 0x7b, 0x01, 0x0c, 0x00, 0x00, 0x00, 0x00,
	0x2f, 0x00, 0x00, 0x10, 0x00, 0x00, 0x00, 0x00,
	0x40, 0x10, 0x11, 0x00, 0x20, 0x10, 0x51, 0x00,
	0x40, 0x18, 0x02, 0x00, 0x08, 0x80, 0x02, 0x3c,
	0xac, 0x60, 0x42, 0x24, 0x21, 0x10, 0x43, 0x00,
	0x04, 0x00, 0x43, 0x90, 0x00, 0x00, 0x00, 0x00,
	0xc0, 0x10, 0x03, 0x00, 0x22, 0x10, 0x43, 0x00,
	0x40, 0x18, 0x02, 0x00, 0x08, 0x80, 0x02, 0x3c,
	0x3c, 0x60, 0x42, 0x24, 0x21, 0x10, 0x43, 0x00,
	0x00, 0x00, 0x44, 0x84, 0x40, 0x10, 0x11, 0x00,
	0x20, 0x10, 0x51, 0x00, 0x40, 0x18, 0x02, 0x00,
	0x08, 0x80, 0x02, 0x3c, 0xac, 0x60, 0x42, 0x24,
	0x21, 0x10, 0x43, 0x00, 0x00, 0x00, 0x42, 0x84,
	0x00, 0x00, 0x00, 0x00, 0x22, 0x10, 0x44, 0x00,
	0x11, 0x00, 0x41, 0x28, 0x14, 0x00, 0x20, 0x10,
	0x00, 0x00, 0x00, 0x00, 0x01, 0x00, 0x04, 0x24,
	0x40, 0x10, 0x11, 0x00, 0x20, 0x10, 0x51, 0x00,
	0x40, 0x18, 0x02, 0x00, 0x08, 0x80, 0x02, 0x3c,
	0xac, 0x60, 0x42, 0x24, 0x21, 0x10, 0x43, 0x00,
	0x04, 0x00, 0x43, 0x90, 0x00, 0x00, 0x00, 0x00,
	0xc0, 0x10, 0x03, 0x00, 0x22, 0x10, 0x43, 0x00,
	0x40, 0x18, 0x02, 0x00, 0x08, 0x80, 0x02, 0x3c,
	0x3c, 0x60, 0x42, 0x24, 0x21, 0x10, 0x43, 0x00,
	0x0a, 0x00, 0x44, 0xa0, 0x21, 0x20, 0x20, 0x02,
	0xcf, 0x7b, 0x01, 0x0c, 0x00, 0x00, 0x00, 0x00,
	0x20, 0x00, 0xbf, 0x8f, 0x1c, 0x00, 0xb1, 0x8f,
	0x18, 0x00, 0xb0, 0x8f, 0x28, 0x00, 0xbd, 0x27,
	0x08, 0x00, 0xe0, 0x03, 0x00, 0x00, 0x00, 0x00,
	0xe8, 0xff, 0xbd, 0x27, 0x10, 0x00, 0xbf, 0xaf,
	0x14, 0x80, 0x01, 0x3c, 0xd8, 0xd7, 0x22, 0x8c,
	0x00, 0x00, 0x00, 0x00, 0x35, 0x00, 0x40, 0xa0,
	0x14, 0x80, 0x01, 0x3c, 0xd8, 0xd7, 0x22, 0x8c,
	0x00, 0x00, 0x00, 0x00, 0x34, 0x00, 0x40, 0xa0,
	0x80, 0x00, 0x02, 0x24, 0xdc, 0x95, 0x82, 0xa3,
	0x80, 0x00, 0x02, 0x24, 0xdd, 0x95, 0x82, 0xa3,
	0x80, 0x00, 0x02, 0x24, 0xde, 0x95, 0x82, 0xa3,
	0xdf, 0x95, 0x80, 0xa3, 0x18, 0x41, 0x03, 0x0c,
	0x00, 0x00, 0x00, 0x00, 0xf7, 0x3f, 0x03, 0x0c,
	0x00, 0x00, 0x00, 0x00, 0x1d, 0x00, 0x04, 0x24,
	0x21, 0x28, 0x00, 0x00, 0xe3, 0x40, 0x03, 0x0c,
	0x00, 0x00, 0x00, 0x00, 0xa1, 0x01, 0x04, 0x24,
	0x21, 0x28, 0x00, 0x00, 0x06, 0x80, 0x06, 0x3c,
	0x4c, 0x02, 0xc6, 0x24, 0x06, 0x80, 0x07, 0x3c,
	0xf0, 0x02, 0xe7, 0x24, 0x18, 0x90, 0x02, 0x0c,
	0x00, 0x00, 0x00, 0x00, 0x10, 0x00, 0xbf, 0x8f,
	0x18, 0x00, 0xbd, 0x27, 0x08, 0x00, 0xe0, 0x03,
	0x00, 0x00, 0x00, 0x00, 0xdf, 0x95, 0x82, 0x93,
	0x00, 0x00, 0x00, 0x00, 0x78, 0x00, 0x41, 0x2c,
	0x05, 0x00, 0x20, 0x10, 0x00, 0x00, 0x00, 0x00,
	0xdf, 0x95, 0x82, 0x93, 0x00, 0x00, 0x00, 0x00,
	0x01, 0x00, 0x42, 0x24, 0xdf, 0x95, 0x82, 0xa3,
	0xdf, 0x95, 0x82, 0x93, 0x00, 0x00, 0x00, 0x00,
	0x65, 0x00, 0x41, 0x2c, 0x1a, 0x00, 0x20, 0x14,
	0x00, 0x00, 0x00, 0x00, 0xdc, 0x95, 0x82, 0x93,
	0x00, 0x00, 0x00, 0x00, 0x05, 0x00, 0x40, 0x10,
	0x00, 0x00, 0x00, 0x00, 0xdc, 0x95, 0x82, 0x93,
	0x00, 0x00, 0x00, 0x00, 0xf8, 0xff, 0x42, 0x24,
	0xdc, 0x95, 0x82, 0xa3, 0xdd, 0x95, 0x82, 0x93,
	0x00, 0x00, 0x00, 0x00, 0x09, 0x00, 0x41, 0x2c,
	0x05, 0x00, 0x20, 0x14, 0x00, 0x00, 0x00, 0x00,
	0xdd, 0x95, 0x82, 0x93, 0x00, 0x00, 0x00, 0x00,
	0xf8, 0xff, 0x42, 0x24, 0xdd, 0x95, 0x82, 0xa3,
	0xde, 0x95, 0x82, 0x93, 0x00, 0x00, 0x00, 0x00,
	0x05, 0x00, 0x40, 0x10, 0x00, 0x00, 0x00, 0x00,
	0xde, 0x95, 0x82, 0x93, 0x00, 0x00, 0x00, 0x00,
	0xf8, 0xff, 0x42, 0x24, 0xde, 0x95, 0x82, 0xa3,
	0x08, 0x00, 0xe0, 0x03, 0x00, 0x00, 0x00, 0x00,
	0xd8, 0xff, 0xbd, 0x27, 0x24, 0x00, 0xbf, 0xaf,
	0x20, 0x00, 0xb2, 0xaf, 0x1c, 0x00, 0xb1, 0xaf,
	0x18, 0x00, 0xb0, 0xaf, 0xaa, 0x78, 0x01, 0x0c,
	0x00, 0x00, 0x00, 0x00, 0xc0, 0x63, 0x02, 0x0c,
	0x00, 0x00, 0x00, 0x00, 0x21, 0x80, 0x40, 0x00,
	0x21, 0x20, 0x00, 0x02, 0x76, 0x5b, 0x02, 0x0c,
	0x00, 0x00, 0x00, 0x00, 0x21, 0x20, 0x00, 0x02,
	0x01, 0x00, 0x05, 0x24, 0x5a, 0x5b, 0x02, 0x0c,
	0x00, 0x00, 0x00, 0x00, 0x21, 0x20, 0x00, 0x00,
	0x02, 0x00, 0x05, 0x24, 0x80, 0x03, 0x06, 0x24,
	0xc0, 0x01, 0x07, 0x24, 0x32, 0x5b, 0x02, 0x0c,
	0x00, 0x00, 0x00, 0x00, 0x16, 0x00, 0x02, 0xa6,
	0x00, 0x01, 0x04, 0x24, 0xf6, 0x01, 0x05, 0x24,
	0x42, 0x5b, 0x02, 0x0c, 0x00, 0x00, 0x00, 0x00,
	0x0e, 0x00, 0x02, 0xa6, 0xdd, 0x95, 0x82, 0x93,
	0x00, 0x00, 0x00, 0x00, 0x04, 0x00, 0x02, 0xa2,
	0xdd, 0x95, 0x82, 0x93, 0x00, 0x00, 0x00, 0x00,
	0x05, 0x00, 0x02, 0xa2, 0xdd, 0x95, 0x82, 0x93,
	0x00, 0x00, 0x00, 0x00, 0x06, 0x00, 0x02, 0xa2,
	0x02, 0x00, 0x02, 0x24, 0x10, 0x00, 0xa2, 0xaf,
	0x21, 0x20, 0x00, 0x02, 0xfa, 0x00, 0x05, 0x24,
	0xfd, 0x00, 0x06, 0x24, 0x02, 0x00, 0x07, 0x24,
	0x09, 0x0f, 0x04, 0x0c, 0x00, 0x00, 0x00, 0x00,
	0xf0, 0x00, 0x02, 0x24, 0x10, 0x00, 0xa2, 0xaf,
	0x21, 0x20, 0x00, 0x02, 0x60, 0xff, 0x05, 0x24,
	0x88, 0xff, 0x06, 0x24, 0x40, 0x01, 0x07, 0x24,
	0x33, 0x0f, 0x04, 0x0c, 0x00, 0x00, 0x00, 0x00,
	0xa0, 0x94, 0x82, 0x8f, 0x00, 0x00, 0x00, 0x00,
	0x04, 0x00, 0x42, 0x8c, 0x21, 0x28, 0x00, 0x02,
	0x28, 0x00, 0xb0, 0x24, 0x0c, 0x00, 0x44, 0x24,
	0x4a, 0x5b, 0x02, 0x0c, 0x00, 0x00, 0x00, 0x00,
	0x21, 0x20, 0x00, 0x02, 0x76, 0x5b, 0x02, 0x0c,
	0x00, 0x00, 0x00, 0x00, 0xdc, 0x95, 0x82, 0x93,
	0x80, 0x00, 0x01, 0x24, 0x05, 0x00, 0x41, 0x10,
	0x00, 0x00, 0x00, 0x00, 0x21, 0x20, 0x00, 0x02,
	0x01, 0x00, 0x05, 0x24, 0x5a, 0x5b, 0x02, 0x0c,
	0x00, 0x00, 0x00, 0x00, 0xde, 0x95, 0x82, 0x93,
	0x00, 0x00, 0x00, 0x00, 0x04, 0x00, 0x02, 0xa2,
	0xde, 0x95, 0x82, 0x93, 0x00, 0x00, 0x00, 0x00,
	0x05, 0x00, 0x02, 0xa2, 0xde, 0x95, 0x82, 0x93,
	0x00, 0x00, 0x00, 0x00, 0x06, 0x00, 0x02, 0xa2,
	0x01, 0x00, 0x04, 0x24, 0x01, 0x00, 0x05, 0x24,
	0x80, 0x01, 0x06, 0x24, 0x21, 0x38, 0x00, 0x00,
	0x32, 0x5b, 0x02, 0x0c, 0x00, 0x00, 0x00, 0x00,
	0x16, 0x00, 0x02, 0xa6, 0x21, 0x20, 0x00, 0x00,
	0xe6, 0x01, 0x05, 0x24, 0x42, 0x5b, 0x02, 0x0c,
	0x00, 0x00, 0x00, 0x00, 0x0e, 0x00, 0x02, 0xa6,
	0x70, 0x92, 0x82, 0x93, 0x6a, 0x00, 0x01, 0x24,
	0x04, 0x00, 0x41, 0x10, 0x00, 0x00, 0x00, 0x00,
	0x80, 0x00, 0x11, 0x24, 0x02, 0x00, 0x00, 0x10,
	0x00, 0x00, 0x00, 0x00, 0x7d, 0x00, 0x11, 0x24,
	0x10, 0x00, 0xb1, 0xaf, 0x21, 0x20, 0x00, 0x02,
	0x21, 0x28, 0x00, 0x00, 0x21, 0x30, 0x00, 0x00,
	0xff, 0x00, 0x07, 0x24, 0x09, 0x0f, 0x04, 0x0c,
	0x00, 0x00, 0x00, 0x00, 0x70, 0x92, 0x82, 0x93,
	0x6a, 0x00, 0x01, 0x24, 0x04, 0x00, 0x41, 0x10,
	0x00, 0x00, 0x00, 0x00, 0x80, 0x00, 0x12, 0x24,
	0x02, 0x00, 0x00, 0x10, 0x00, 0x00, 0x00, 0x00,
	0x7d, 0x00, 0x12, 0x24, 0x10, 0x00, 0xb2, 0xaf,
	0x21, 0x20, 0x00, 0x02, 0x80, 0xff, 0x05, 0x24,
	0xc0, 0xff, 0x06, 0x24, 0xff, 0x00, 0x07, 0x24,
	0x33, 0x0f, 0x04, 0x0c, 0x00, 0x00, 0x00, 0x00,
	0xa0, 0x94, 0x82, 0x8f, 0x00, 0x00, 0x00, 0x00,
	0x04, 0x00, 0x42, 0x8c, 0x21, 0x28, 0x00, 0x02,
	0x28, 0x00, 0xb0, 0x24, 0x08, 0x00, 0x44, 0x24,
	0x4a, 0x5b, 0x02, 0x0c, 0x00, 0x00, 0x00, 0x00,
	0x21, 0x20, 0x00, 0x02, 0xbc, 0x63, 0x02, 0x0c,
	0x00, 0x00, 0x00, 0x00, 0x24, 0x00, 0xbf, 0x8f,
	0x20, 0x00, 0xb2, 0x8f, 0x1c, 0x00, 0xb1, 0x8f,
	0x18, 0x00, 0xb0, 0x8f, 0x28, 0x00, 0xbd, 0x27,
	0x08, 0x00, 0xe0, 0x03, 0x00, 0x00, 0x00, 0x00,
	0xe8, 0xff, 0xbd, 0x27, 0x10, 0x00, 0xbf, 0xaf,
	0xa1, 0x01, 0x04, 0x24, 0x21, 0x28, 0x00, 0x00,
	0x5a, 0x90, 0x02, 0x0c, 0x00, 0x00, 0x00, 0x00,
	0x10, 0x00, 0xbf, 0x8f, 0x18, 0x00, 0xbd, 0x27,
	0x08, 0x00, 0xe0, 0x03, 0x00, 0x00, 0x00, 0x00,
	0xd0, 0xff, 0xbd, 0x27, 0x1c, 0x00, 0xbf, 0xaf,
	0x18, 0x00, 0xb2, 0xaf, 0x14, 0x00, 0xb1, 0xaf,
	0x10, 0x00, 0xb0, 0xaf, 0x30, 0x00, 0xa4, 0xaf,
	0x34, 0x00, 0xa5, 0xaf, 0x78, 0x95, 0x80, 0xa7,
	0x7a, 0x95, 0x80, 0xa7, 0xe4, 0x95, 0x80, 0xaf,
	0x63, 0x00, 0x04, 0x24, 0x5a, 0x74, 0x01, 0x0c,
	0x00, 0x00, 0x00, 0x00, 0xe8, 0x95, 0x80, 0xa7,
	0x30, 0x00, 0xa2, 0x8f, 0x00, 0x00, 0x00, 0x00,
	0x00, 0x00, 0x43, 0x8c, 0x34, 0x00, 0xa2, 0x8f,
	0x00, 0x00, 0x00, 0x00, 0x00, 0x00, 0x42, 0x8c,
	0x00, 0x00, 0x00, 0x00, 0x03, 0x00, 0x62, 0x14,
	0x00, 0x00, 0x00, 0x00, 0x2d, 0x97, 0x01, 0x0c,
	0x00, 0x00, 0x00, 0x00, 0x34, 0x8a, 0x02, 0x0c,
	0x00, 0x00, 0x00, 0x00, 0xff, 0xff, 0x02, 0x24,
	0xf0, 0x95, 0x82, 0xaf, 0xff, 0xff, 0x03, 0x24,
	0x14, 0x92, 0x82, 0x8f, 0x00, 0x00, 0x00, 0x00,
	0x6a, 0x06, 0x43, 0xa0, 0x17, 0x80, 0x01, 0x3c,
	0x0e, 0xc9, 0x22, 0x90, 0x00, 0x00, 0x00, 0x00,
	0xe0, 0x95, 0x82, 0xa3, 0x28, 0x92, 0x80, 0xaf,
	0xec, 0x95, 0x80, 0xaf, 0x48, 0x92, 0x80, 0xaf,
	0x4c, 0x92, 0x80, 0xaf, 0x14, 0x92, 0x82, 0x8f,
	0x00, 0x00, 0x00, 0x00, 0x73, 0x06, 0x40, 0xa0,
	0x14, 0x92, 0x82, 0x8f, 0x00, 0x00, 0x00, 0x00,
	0x74, 0x06, 0x40, 0xa0, 0x3c, 0x92, 0x80, 0xaf,
	0x2c, 0x92, 0x80, 0xa3, 0x01, 0x00, 0x02, 0x24,
	0x44, 0x92, 0x82, 0xaf, 0x01, 0x00, 0x02, 0x24,
	0x2e, 0x92, 0x82, 0xa7, 0x8c, 0x95, 0x80, 0xaf,
	0x90, 0x95, 0x80, 0xaf, 0x21, 0x90, 0x00, 0x00,
	0x07, 0x00, 0x00, 0x10, 0x00, 0x00, 0x00, 0x00,
	0xff, 0x00, 0x03, 0x24, 0x14, 0x92, 0x82, 0x8f,
	0x00, 0x00, 0x00, 0x00, 0x21, 0x10, 0x52, 0x00,
	0x71, 0x06, 0x43, 0xa0, 0x01, 0x00, 0x52, 0x22,
	0x02, 0x00, 0x41, 0x2a, 0xf8, 0xff, 0x20, 0x14,
	0x00, 0x00, 0x00, 0x00, 0x05, 0x94, 0x02, 0x0c,
	0x00, 0x00, 0x00, 0x00, 0x01, 0x00, 0x02, 0x24,
	0x34, 0x92, 0x82, 0xa7, 0x01, 0x00, 0x03, 0x24,
	0x14, 0x92, 0x82, 0x8f, 0x00, 0x00, 0x00, 0x00,
	0x6c, 0x06, 0x43, 0xa0, 0x34, 0x00, 0xa4, 0x8f,
	0x41, 0x97, 0x01, 0x0c, 0x00, 0x00, 0x00, 0x00,
	0xff, 0x00, 0x43, 0x30, 0x14, 0x92, 0x82, 0x8f,
	0x00, 0x00, 0x00, 0x00, 0x6d, 0x06, 0x43, 0xa0,
	0x21, 0x90, 0x00, 0x00, 0x07, 0x00, 0x00, 0x10,
	0x00, 0x00, 0x00, 0x00, 0xff, 0x00, 0x03, 0x24,
	0x14, 0x92, 0x82, 0x8f, 0x00, 0x00, 0x00, 0x00,
	0x21, 0x10, 0x52, 0x00, 0x75, 0x06, 0x43, 0xa0,
	0x01, 0x00, 0x52, 0x22, 0x0c, 0x00, 0x41, 0x2a,
	0xf8, 0xff, 0x20, 0x14, 0x00, 0x00, 0x00, 0x00,
	0x17, 0x80, 0x01, 0x3c, 0x04, 0xc9, 0x23, 0x84,
	0x14, 0x92, 0x82, 0x8f, 0x00, 0x00, 0x00, 0x00,
	0x48, 0x06, 0x43, 0xa4, 0x01, 0x00, 0x02, 0x24,
	0x7c, 0x95, 0x82, 0xaf, 0x14, 0x92, 0x90, 0x8f,
	0x14, 0x92, 0x82, 0x8f, 0x00, 0x00, 0x00, 0x00,
	0x42, 0x06, 0x40, 0xa4, 0x14, 0x92, 0x82, 0x8f,
	0x00, 0x00, 0x00, 0x00, 0x40, 0x06, 0x40, 0xa4,
	0x14, 0x92, 0x82, 0x8f, 0x00, 0x00, 0x00, 0x00,
	0x46, 0x06, 0x40, 0xa4, 0x14, 0x92, 0x82, 0x8f,
	0x00, 0x00, 0x00, 0x00, 0x44, 0x06, 0x40, 0xa4,
	0x21, 0x90, 0x00, 0x00, 0x67, 0x00, 0x00, 0x10,
	0x00, 0x00, 0x00, 0x00, 0x14, 0x92, 0x82, 0x8f,
	0x00, 0x00, 0x00, 0x00, 0x21, 0x10, 0x52, 0x00,
	0x6c, 0x06, 0x42, 0x90, 0x00, 0x00, 0x00, 0x00,
	0x80, 0x18, 0x02, 0x00, 0x14, 0x80, 0x02, 0x3c,
	0xd4, 0xd7, 0x42, 0x24, 0x21, 0x10, 0x43, 0x00,
	0x00, 0x00, 0x42, 0x8c, 0x00, 0x00, 0x00, 0x00,
	0x28, 0x00, 0xa2, 0xaf, 0x28, 0x00, 0xa2, 0x8f,
	0x00, 0x00, 0x00, 0x00, 0x38, 0x00, 0x51, 0x24,
	0x1b, 0x00, 0x20, 0xa2, 0xff, 0x00, 0x02, 0x24,
	0x37, 0x00, 0x02, 0xa2, 0x2e, 0x00, 0x00, 0xa6,
	0x30, 0x00, 0x00, 0xa6, 0x34, 0x00, 0x00, 0xa6,
	0x36, 0x00, 0x00, 0xa2, 0xff, 0x00, 0x04, 0x24,
	0x80, 0x10, 0x12, 0x00, 0x20, 0x10, 0x52, 0x00,
	0xc0, 0x18, 0x02, 0x00, 0x14, 0x92, 0x82, 0x8f,
	0x00, 0x00, 0x00, 0x00, 0x21, 0x10, 0x43, 0x00,
	0xc4, 0x05, 0x44, 0xa0, 0x22, 0x00, 0x00, 0xa6,
	0x26, 0x00, 0x00, 0xa6, 0x28, 0x00, 0x00, 0xa6,
	0x1a, 0x00, 0x00, 0xa6, 0xff, 0xff, 0x02, 0x24,
	0x00, 0x00, 0x02, 0xae, 0xff, 0xff, 0x02, 0x24,
	0x14, 0x00, 0x02, 0xae, 0x64, 0x00, 0x02, 0x24,
	0x32, 0x00, 0x02, 0xa6, 0x2c, 0x00, 0x00, 0xa6,
	0x3b, 0x00, 0x00, 0xa2, 0x06, 0x00, 0x22, 0x86,
	0x00, 0x00, 0x00, 0x00, 0x90, 0x01, 0x41, 0x28,
	0x0a, 0x00, 0x20, 0x10, 0x00, 0x00, 0x00, 0x00,
	0x06, 0x00, 0x23, 0x86, 0x64, 0x00, 0x02, 0x24,
	0x1a, 0x00, 0x62, 0x00, 0x12, 0x10, 0x00, 0x00,
	0x01, 0x00, 0x42, 0x20, 0xff, 0x00, 0x42, 0x30,
	0x39, 0x00, 0x02, 0xa2, 0x0c, 0x00, 0x00, 0x10,
	0x00, 0x00, 0x00, 0x00, 0x06, 0x00, 0x22, 0x86,
	0x00, 0x00, 0x00, 0x00, 0x58, 0x02, 0x41, 0x28,
	0x05, 0x00, 0x20, 0x10, 0x00, 0x00, 0x00, 0x00,
	0x04, 0x00, 0x02, 0x24, 0x39, 0x00, 0x02, 0xa2,
	0x03, 0x00, 0x00, 0x10, 0x00, 0x00, 0x00, 0x00,
	0x05, 0x00, 0x02, 0x24, 0x39, 0x00, 0x02, 0xa2,
	0x06, 0x00, 0x23, 0x86, 0x0a, 0x00, 0x02, 0x24,
	0x1a, 0x00, 0x62, 0x00, 0x12, 0x10, 0x00, 0x00,
	0x05, 0x00, 0x42, 0x20, 0xff, 0x00, 0x42, 0x30,
	0x3a, 0x00, 0x02, 0xa2, 0x04, 0x00, 0x23, 0x86,
	0xb8, 0x0b, 0x02, 0x24, 0x22, 0x10, 0x43, 0x00,
	0x00, 0x14, 0x02, 0x00, 0x03, 0x14, 0x02, 0x00,
	0x18, 0x00, 0x02, 0xa6, 0x20, 0x00, 0xa0, 0xaf,
	0x0d, 0x00, 0x00, 0x10, 0x00, 0x00, 0x00, 0x00,
	0xff, 0xff, 0x03, 0x24, 0x20, 0x00, 0xa2, 0x8f,
	0x00, 0x00, 0x00, 0x00, 0x21, 0x10, 0x02, 0x02,
	0x3c, 0x00, 0x43, 0xa0, 0xff, 0xff, 0x03, 0x24,
	0x21, 0x10, 0x12, 0x02, 0xd2, 0x00, 0x43, 0xa0,
	0x20, 0x00, 0xa2, 0x8f, 0x00, 0x00, 0x00, 0x00,
	0x01, 0x00, 0x42, 0x20, 0x20, 0x00, 0xa2, 0xaf,
	0x20, 0x00, 0xa2, 0x8f, 0x00, 0x00, 0x00, 0x00,
	0x96, 0x00, 0x41, 0x28, 0xf0, 0xff, 0x20, 0x14,
	0x00, 0x00, 0x00, 0x00, 0x68, 0x01, 0x10, 0x26,
	0x01, 0x00, 0x52, 0x22, 0x34, 0x92, 0x82, 0x87,
	0x00, 0x00, 0x00, 0x00, 0x2a, 0x08, 0x52, 0x00,
	0x96, 0xff, 0x20, 0x10, 0x00, 0x00, 0x00, 0x00,
	0x17, 0x80, 0x01, 0x3c, 0xf6, 0xc8, 0x22, 0x84,
	0x00, 0x00, 0x00, 0x00, 0x2e, 0x00, 0xa2, 0xa7,
	0x2e, 0x00, 0xa2, 0x87, 0x00, 0x00, 0x00, 0x00,
};

PositionDataRaw STD_RESULT_MODEL_OBJECTS[8] = {
	{
		{
			0xf4, 0x01, 0x41, 0x28, 0x0d, 0x00, 0x20, 0x10,
			0x00, 0x00, 0x00, 0x00, 0x2e, 0x00, 0xa3, 0x87,
			0x64, 0x00, 0x02, 0x24, 0x1a, 0x00, 0x62, 0x00,
			0x12, 0x18, 0x00, 0x00, 0x9c, 0x8c, 0x82, 0x27,
			0x21, 0x10, 0x43, 0x00, 0x00, 0x00, 0x43, 0x90,
			0x14, 0x92, 0x82, 0x8f, 0x00, 0x00, 0x00, 0x00,
			0x66, 0x06, 0x43, 0xa0, 0x05, 0x00, 0x00, 0x10,
			0x00, 0x00, 0x00, 0x00, 0x07, 0x00, 0x03, 0x24,
			0x14, 0x92, 0x82, 0x8f, 0x00, 0x00, 0x00, 0x00,
			0x66, 0x06, 0x43, 0xa0, 0x0b, 0x00, 0x03, 0x24,
			0x14, 0x92, 0x82, 0x8f, 0x00, 0x00, 0x00, 0x00,
			0x54, 0x06, 0x43, 0xa0, 0x14, 0x92, 0x82, 0x8f,
			0x00, 0x00, 0x00, 0x00, 0x66, 0x06, 0x42, 0x90,
			0x00, 0x00, 0x00, 0x00, 0x08, 0x00, 0x41, 0x2c,
			0x87, 0x00, 0x20, 0x10, 0x00, 0x00, 0x00, 0x00,
			0x08, 0x80, 0x03, 0x3c, 0x74, 0x3e, 0x63, 0x24,
			0x80, 0x10, 0x02, 0x00, 0x21, 0x10, 0x43, 0x00,
		},
	},
	{
		{
			0x00, 0x00, 0x42, 0x8c, 0x00, 0x00, 0x00, 0x00,
			0x08, 0x00, 0x40, 0x00, 0x00, 0x00, 0x00, 0x00,
			0x03, 0x00, 0x03, 0x24, 0x14, 0x92, 0x82, 0x8f,
			0x00, 0x00, 0x00, 0x00, 0x55, 0x06, 0x43, 0xa0,
			0x79, 0x00, 0x00, 0x10, 0x00, 0x00, 0x00, 0x00,
			0x02, 0x00, 0x03, 0x24, 0x14, 0x92, 0x82, 0x8f,
			0x00, 0x00, 0x00, 0x00, 0x55, 0x06, 0x43, 0xa0,
			0x03, 0x00, 0x03, 0x24, 0x14, 0x92, 0x82, 0x8f,
			0x00, 0x00, 0x00, 0x00, 0x56, 0x06, 0x43, 0xa0,
			0x6f, 0x00, 0x00, 0x10, 0x00, 0x00, 0x00, 0x00,
			0x04, 0x00, 0x03, 0x24, 0x14, 0x92, 0x82, 0x8f,
			0x00, 0x00, 0x00, 0x00, 0x55, 0x06, 0x43, 0xa0,
			0x02, 0x00, 0x03, 0x24, 0x14, 0x92, 0x82, 0x8f,
			0x00, 0x00, 0x00, 0x00, 0x56, 0x06, 0x43, 0xa0,
			0x03, 0x00, 0x03, 0x24, 0x14, 0x92, 0x82, 0x8f,
			0x00, 0x00, 0x00, 0x00, 0x57, 0x06, 0x43, 0xa0,
			0x61, 0x00, 0x00, 0x10, 0x00, 0x00, 0x00, 0x00,
		},
	},
	{
		{
			0x05, 0x00, 0x03, 0x24, 0x14, 0x92, 0x82, 0x8f,
			0x00, 0x00, 0x00, 0x00, 0x55, 0x06, 0x43, 0xa0,
			0x04, 0x00, 0x03, 0x24, 0x14, 0x92, 0x82, 0x8f,
			0x00, 0x00, 0x00, 0x00, 0x56, 0x06, 0x43, 0xa0,
			0x02, 0x00, 0x03, 0x24, 0x14, 0x92, 0x82, 0x8f,
			0x00, 0x00, 0x00, 0x00, 0x57, 0x06, 0x43, 0xa0,
			0x03, 0x00, 0x03, 0x24, 0x14, 0x92, 0x82, 0x8f,
			0x00, 0x00, 0x00, 0x00, 0x58, 0x06, 0x43, 0xa0,
			0x4f, 0x00, 0x00, 0x10, 0x00, 0x00, 0x00, 0x00,
			0x06, 0x00, 0x03, 0x24, 0x14, 0x92, 0x82, 0x8f,
			0x00, 0x00, 0x00, 0x00, 0x55, 0x06, 0x43, 0xa0,
			0x05, 0x00, 0x03, 0x24, 0x14, 0x92, 0x82, 0x8f,
			0x00, 0x00, 0x00, 0x00, 0x56, 0x06, 0x43, 0xa0,
			0x04, 0x00, 0x03, 0x24, 0x14, 0x92, 0x82, 0x8f,
			0x00, 0x00, 0x00, 0x00, 0x57, 0x06, 0x43, 0xa0,
			0x02, 0x00, 0x03, 0x24, 0x14, 0x92, 0x82, 0x8f,
			0x00, 0x00, 0x00, 0x00, 0x58, 0x06, 0x43, 0xa0,
		},
	},
	{
		{
			0x03, 0x00, 0x03, 0x24, 0x14, 0x92, 0x82, 0x8f,
			0x00, 0x00, 0x00, 0x00, 0x59, 0x06, 0x43, 0xa0,
			0x39, 0x00, 0x00, 0x10, 0x00, 0x00, 0x00, 0x00,
			0x06, 0x00, 0x03, 0x24, 0x14, 0x92, 0x82, 0x8f,
			0x00, 0x00, 0x00, 0x00, 0x55, 0x06, 0x43, 0xa0,
			0x05, 0x00, 0x03, 0x24, 0x14, 0x92, 0x82, 0x8f,
			0x00, 0x00, 0x00, 0x00, 0x56, 0x06, 0x43, 0xa0,
			0x03, 0x00, 0x12, 0x24, 0x17, 0x80, 0x01, 0x3c,
			0xfe, 0xc8, 0x22, 0x90, 0xff, 0x00, 0x01, 0x24,
			0x08, 0x00, 0x41, 0x10, 0x00, 0x00, 0x00, 0x00,
			0x0a, 0x00, 0x04, 0x24, 0x21, 0x18, 0x40, 0x02,
			0x01, 0x00, 0x72, 0x20, 0x14, 0x92, 0x82, 0x8f,
			0x00, 0x00, 0x00, 0x00, 0x21, 0x10, 0x43, 0x00,
			0x54, 0x06, 0x44, 0xa0, 0x17, 0x80, 0x01, 0x3c,
			0xfd, 0xc8, 0x22, 0x90, 0xff, 0x00, 0x01, 0x24,
			0x08, 0x00, 0x41, 0x10, 0x00, 0x00, 0x00, 0x00,
			0x09, 0x00, 0x04, 0x24, 0x21, 0x18, 0x40, 0x02,
		},
	},
	{
		{
			0x01, 0x00, 0x72, 0x20, 0x14, 0x92, 0x82, 0x8f,
			0x00, 0x00, 0x00, 0x00, 0x21, 0x10, 0x43, 0x00,
			0x54, 0x06, 0x44, 0xa0, 0x17, 0x80, 0x01, 0x3c,
			0xfc, 0xc8, 0x22, 0x90, 0xff, 0x00, 0x01, 0x24,
			0x08, 0x00, 0x41, 0x10, 0x00, 0x00, 0x00, 0x00,
			0x08, 0x00, 0x04, 0x24, 0x21, 0x18, 0x40, 0x02,
			0x01, 0x00, 0x72, 0x20, 0x14, 0x92, 0x82, 0x8f,
			0x00, 0x00, 0x00, 0x00, 0x21, 0x10, 0x43, 0x00,
			0x54, 0x06, 0x44, 0xa0, 0x03, 0x00, 0x04, 0x24,
			0x21, 0x18, 0x40, 0x02, 0x01, 0x00, 0x72, 0x20,
			0x14, 0x92, 0x82, 0x8f, 0x00, 0x00, 0x00, 0x00,
			0x21, 0x10, 0x43, 0x00, 0x54, 0x06, 0x44, 0xa0,
			0xff, 0x00, 0x43, 0x32, 0x14, 0x92, 0x82, 0x8f,
			0x00, 0x00, 0x00, 0x00, 0x66, 0x06, 0x43, 0xa0,
			0x14, 0x92, 0x82, 0x8f, 0x00, 0x00, 0x00, 0x00,
			0x66, 0x06, 0x42, 0x90, 0x00, 0x00, 0x00, 0x00,
			0xff, 0xff, 0x42, 0x20, 0x00, 0x1e, 0x02, 0x00,
		},
	},
	{
		{
			0x03, 0x1e, 0x03, 0x00, 0x14, 0x92, 0x82, 0x8f,
			0x00, 0x00, 0x00, 0x00, 0x52, 0x06, 0x43, 0xa0,
			0x03, 0x00, 0x03, 0x24, 0x14, 0x92, 0x82, 0x8f,
			0x00, 0x00, 0x00, 0x00, 0x50, 0x06, 0x43, 0xa0,
			0xff, 0x00, 0x63, 0x30, 0x14, 0x92, 0x82, 0x8f,
			0x00, 0x00, 0x00, 0x00, 0x4e, 0x06, 0x43, 0xa0,
			0x21, 0x90, 0x00, 0x00, 0x3c, 0x00, 0x00, 0x10,
			0x00, 0x00, 0x00, 0x00, 0x14, 0x92, 0x82, 0x8f,
			0x00, 0x00, 0x00, 0x00, 0x21, 0x10, 0x52, 0x00,
			0x6c, 0x06, 0x42, 0x90, 0x00, 0x00, 0x00, 0x00,
			0x80, 0x18, 0x02, 0x00, 0x14, 0x80, 0x02, 0x3c,
			0xd4, 0xd7, 0x42, 0x24, 0x21, 0x10, 0x43, 0x00,
			0x00, 0x00, 0x42, 0x8c, 0x00, 0x00, 0x00, 0x00,
			0x38, 0x00, 0x51, 0x24, 0x14, 0x00, 0x24, 0x86,
			0x40, 0x18, 0x12, 0x00, 0x74, 0x95, 0x82, 0x27,
			0x21, 0x10, 0x43, 0x00, 0x00, 0x00, 0x44, 0xa4,
			0x40, 0x10, 0x12, 0x00, 0x20, 0x10, 0x52, 0x00,
		},
	},
	{
		{
			0x80, 0x18, 0x02, 0x00, 0x14, 0x80, 0x02, 0x3c,
			0xfc, 0x78, 0x42, 0x24, 0x21, 0x10, 0x43, 0x00,
			0x24, 0x00, 0xa2, 0xaf, 0x10, 0x00, 0x24, 0x86,
			0x24, 0x00, 0xa3, 0x8f, 0x00, 0x00, 0x00, 0x00,
			0x02, 0x00, 0x62, 0x24, 0x24, 0x00, 0xa2, 0xaf,
			0x00, 0x00, 0x64, 0xa4, 0x12, 0x00, 0x24, 0x86,
			0x24, 0x00, 0xa3, 0x8f, 0x00, 0x00, 0x00, 0x00,
			0x02, 0x00, 0x62, 0x24, 0x24, 0x00, 0xa2, 0xaf,
			0x00, 0x00, 0x64, 0xa4, 0x00, 0x00, 0x24, 0x86,
			0x24, 0x00, 0xa3, 0x8f, 0x00, 0x00, 0x00, 0x00,
			0x02, 0x00, 0x62, 0x24, 0x24, 0x00, 0xa2, 0xaf,
			0x00, 0x00, 0x64, 0xa4, 0x02, 0x00, 0x24, 0x86,
			0x24, 0x00, 0xa3, 0x8f, 0x00, 0x00, 0x00, 0x00,
			0x02, 0x00, 0x62, 0x24, 0x24, 0x00, 0xa2, 0xaf,
			0x00, 0x00, 0x64, 0xa4, 0x04, 0x00, 0x24, 0x86,
			0x24, 0x00, 0xa3, 0x8f, 0x00, 0x00, 0x00, 0x00,
			0x02, 0x00, 0x62, 0x24, 0x24, 0x00, 0xa2, 0xaf,
		},
	},
	{
		{
			0x00, 0x00, 0x64, 0xa4, 0x06, 0x00, 0x23, 0x86,
			0x24, 0x00, 0xa2, 0x8f, 0x00, 0x00, 0x00, 0x00,
			0x00, 0x00, 0x43, 0xa4, 0x01, 0x00, 0x52, 0x22,
			0x34, 0x92, 0x82, 0x87, 0x00, 0x00, 0x00, 0x00,
			0x2a, 0x08, 0x52, 0x00, 0xc1, 0xff, 0x20, 0x10,
			0x00, 0x00, 0x00, 0x00, 0x14, 0x80, 0x01, 0x3c,
			0x4c, 0x27, 0x22, 0x8c, 0x00, 0x00, 0x00, 0x00,
			0x60, 0x00, 0x42, 0x30, 0x2b, 0x00, 0x40, 0x10,
			0x00, 0x00, 0x00, 0x00, 0x17, 0x80, 0x11, 0x3c,
			0xf0, 0xc8, 0x31, 0x26, 0x00, 0x00, 0x23, 0x86,
			0x05, 0x00, 0x02, 0x24, 0x1a, 0x00, 0x62, 0x00,
			0x12, 0x10, 0x00, 0x00, 0x00, 0x1c, 0x02, 0x00,
			0x03, 0x1c, 0x03, 0x00, 0x00, 0x00, 0x22, 0x86,
			0x00, 0x00, 0x00, 0x00, 0x22, 0x10, 0x43, 0x00,
			0x00, 0x00, 0x22, 0xa6, 0x02, 0x00, 0x23, 0x86,
			0x05, 0x00, 0x02, 0x24, 0x1a, 0x00, 0x62, 0x00,
			0x12, 0x10, 0x00, 0x00, 0x00, 0x1c, 0x02, 0x00,
		},
	},
};

int16_t STD_CHAMPION_ORBIT_ANGLES[80] = {
	0x1c03, 0x0003, 0x0002, 0x8622, 0x0000, 0x0000, 0x1022, 0x0043,
	0x0002, 0xa622, 0x0004, 0x8623, 0x0005, 0x2402, 0x001a, 0x0062,
	0x1012, 0x0000, 0x1c00, 0x0002, 0x1c03, 0x0003, 0x0004, 0x8622,
	0x0000, 0x0000, 0x1022, 0x0043, 0x0004, 0xa622, 0x0006, 0x8623,
	0x0005, 0x2402, 0x001a, 0x0062, 0x1012, 0x0000, 0x1c00, 0x0002,
	0x1c03, 0x0003, 0x0006, 0x8622, 0x0000, 0x0000, 0x1022, 0x0043,
	0x0006, 0xa622, 0x2021, 0x0000, 0xc0c8, 0x0c01, 0x0000, 0x0000,
	0x0001, 0x2404, 0xc0c8, 0x0c01, 0x0000, 0x0000, 0x2021, 0x0000,
	0xb365, 0x0c01, 0x0000, 0x0000, 0x001c, 0x8fbf, 0x0018, 0x8fb2,
	0x0014, 0x8fb1, 0x0010, 0x8fb0, 0x0030, 0x27bd, 0x0008, 0x03e0,
};

int16_t STD_MODEL_SCENE_STEPS[10] = {
	0x0000, 0x0000, 0xff80, 0x27bd, 0x001c, 0xafbf, 0x0018, 0xafb2,
	0x0014, 0xafb1,
};

int16_t STD_LOSE_WIPE_HEIGHTS[32] = {
	0x0010, 0xafb0, 0x0005, 0x2402, 0x94da, 0xa382, 0x9214, 0x8f82,
	0x8017, 0x3c04, 0xc8b8, 0x2484, 0x8017, 0x3c05, 0xc8f0, 0x24a5,
	0x0034, 0x9446, 0x9980, 0x0c01, 0x0000, 0x0000, 0x9214, 0x8f82,
	0x0000, 0x0000, 0x066d, 0x9042, 0x0000, 0x0000, 0x1880, 0x0002,
};

uint8_t STD_LOSE_WIPE_ORDER[32] = {
	0x14, 0x80, 0x02, 0x3c, 0xd4, 0xd7, 0x42, 0x24,
	0x21, 0x10, 0x43, 0x00, 0x00, 0x00, 0x42, 0x8c,
	0x00, 0x00, 0x00, 0x00, 0x04, 0x00, 0x42, 0x8c,
	0x17, 0x80, 0x04, 0x3c, 0xb8, 0xc8, 0x84, 0x24,
};

void (*STD_EFE_SUB_OPCODE_HANDLERS[97])(void) = {
	(void (*)(void))0x24450078,
	(void (*)(void))0x0c03780a,
	(void (*)(void))0x00000000,
	(void (*)(void))0x24100001,
	(void (*)(void))0x10000020,
	(void (*)(void))0x00000000,
	(void (*)(void))0x8f829214,
	(void (*)(void))0x00000000,
	(void (*)(void))0x00501021,
	(void (*)(void))0x9042066c,
	(void (*)(void))0x00000000,
	(void (*)(void))0x00021880,
	(void (*)(void))0x3c028014,
	(void (*)(void))0x2442d7d4,
	(void (*)(void))0x00431021,
	(void (*)(void))0x8c440000,
	(void (*)(void))0x24050021,
	(void (*)(void))0x0c032896,
	(void (*)(void))0x00000000,
	(void (*)(void))0x8f829214,
	(void (*)(void))0x00000000,
	(void (*)(void))0x00501021,
	(void (*)(void))0x9042066c,
	(void (*)(void))0x00000000,
	(void (*)(void))0x00021880,
	(void (*)(void))0x3c028014,
	(void (*)(void))0x2442d7d4,
	(void (*)(void))0x00431821,
	(void (*)(void))0x3c018014,
	(void (*)(void))0x8c22d7d8,
	(void (*)(void))0x00000000,
	(void (*)(void))0x8c420004,
	(void (*)(void))0x8c640000,
	(void (*)(void))0x24450078,
	(void (*)(void))0x0c03780a,
	(void (*)(void))0x00000000,
	(void (*)(void))0x22100001,
	(void (*)(void))0x87829234,
	(void (*)(void))0x00000000,
	(void (*)(void))0x0050082a,
	(void (*)(void))0x1020ffdd,
	(void (*)(void))0x00000000,
	(void (*)(void))0xafa00030,
	(void (*)(void))0x8f848b04,
	(void (*)(void))0x0c01d438,
	(void (*)(void))0x00000000,
	(void (*)(void))0x00008021,
	(void (*)(void))0x1000003a,
	(void (*)(void))0x00000000,
	(void (*)(void))0x8f829214,
	(void (*)(void))0x00000000,
	(void (*)(void))0x00501021,
	(void (*)(void))0x9042066c,
	(void (*)(void))0x00000000,
	(void (*)(void))0x00021880,
	(void (*)(void))0x3c028014,
	(void (*)(void))0x2442d7d4,
	(void (*)(void))0x00431021,
	(void (*)(void))0x8c520000,
	(void (*)(void))0x2402ffff,
	(void (*)(void))0xa6420050,
	(void (*)(void))0x2402ffff,
	(void (*)(void))0xa2420052,
	(void (*)(void))0x00008821,
	(void (*)(void))0x10000025,
	(void (*)(void))0x00000000,
	(void (*)(void))0x02511021,
	(void (*)(void))0x90420044,
	(void (*)(void))0x240100ff,
	(void (*)(void))0x1041001f,
	(void (*)(void))0x00000000,
	(void (*)(void))0x02511021,
	(void (*)(void))0x90420044,
	(void (*)(void))0x00000000,
	(void (*)(void))0x2044ffd2,
	(void (*)(void))0x8e430000,
	(void (*)(void))0x00000000,
	(void (*)(void))0x00031040,
	(void (*)(void))0x00431020,
	(void (*)(void))0x00021080,
	(void (*)(void))0x00431020,
	(void (*)(void))0x00021880,
	(void (*)(void))0x3c028014,
	(void (*)(void))0x2442b344,
	(void (*)(void))0x00431021,
	(void (*)(void))0x00821021,
	(void (*)(void))0x90420023,
	(void (*)(void))0x00000000,
	(void (*)(void))0x20420100,
	(void (*)(void))0xafa20028,
	(void (*)(void))0x8fa20028,
	(void (*)(void))0x00000000,
	(void (*)(void))0x00022400,
	(void (*)(void))0x00042403,
	(void (*)(void))0x8fa30030,
	(void (*)(void))0x00000000,
	(void (*)(void))0x20620001,
};

MATRIXRaw STD_SAVED_WS_MATRIX = {
	{
		0x30, 0x00, 0xa2, 0xaf, 0x40, 0x10, 0x03, 0x00,
		0x21, 0x10, 0xa2, 0x03, 0x34, 0x00, 0x44, 0xa4,
		0x01, 0x00, 0x31, 0x22, 0x04, 0x00, 0x21, 0x2a,
		0xda, 0xff, 0x20, 0x14, 0x00, 0x00, 0x00, 0x00,
	},
};

EfePoisonBubble STD_POISON_BUBBLES[12] = {
	{ 0x0001, 0x2210, 0x9234, 0x8782, (Entity *)0x00000000 },
	{ 0x082a, 0x0050, 0xffc3, 0x1020, (Entity *)0x00000000 },
	{ 0xffff, 0x2403, 0x0030, 0x8fa2, (Entity *)0x00000000 },
	{ 0x1040, 0x0002, 0x1021, 0x03a2, (Entity *)0xa4430034 },
	{ 0x0034, 0x27a4, 0x0058, 0x27a5, (Entity *)0x27a6007f },
	{ 0xd498, 0x0c01, 0x0000, 0x0000, (Entity *)0x10000004 },
	{ 0x0000, 0x0000, 0x2021, 0x0000, (Entity *)0x0c04039e },
	{ 0x0000, 0x0000, 0x007f, 0x83a2, (Entity *)0x00000000 },
	{ 0xfffa, 0x1c40, 0x0000, 0x0000, (Entity *)0x240200c8 },
	{ 0x9594, 0xa782, 0xb99b, 0x0c01, (Entity *)0x00000000 },
	{ 0x0024, 0xafa0, 0x002c, 0xafa0, (Entity *)0x00002021 },
	{ 0x0010, 0x2405, 0x3fc2, 0x0c03, (Entity *)0x00000000 },
};

EfePoison STD_POISON_EFFECTS[4] = {
	{ 0x0013, 0x1000, (Entity *)0x00000000 },
	{ 0x9594, 0x8782, (Entity *)0x00000000 },
	{ 0x1068, 0x2841, (Entity *)0x10200005 },
	{ 0x0000, 0x0000, (Entity *)0x87829594 },
};

EfeConfusion STD_CONFUSION_EFFECTS[4] = {
	{
		0x0000,
		0x0000,
		0x0190,
		{ 0x2042, 0x9594, 0xa782 },
		(Entity *)0x8fa20024,
	},
	{
		0x0000,
		0x0000,
		0x0001,
		{ 0x2042, 0x0024, 0xafa2 },
		(Entity *)0x0c01be35,
	},
	{
		0x0000,
		0x0000,
		0x002c,
		{ 0xafa2, 0xa20b, 0x0c01 },
		(Entity *)0x00000000,
	},
	{
		0x0024,
		0x8fa2,
		0x0000,
		{ 0x0000, 0x003c, 0x2841 },
		(Entity *)0x1420ffea,
	},
};

EfeStun STD_STUN_EFFECTS[5] = {
	{ 0x0000, 0x0000, 0x002c, 0x8fa2, (Entity *)0x00000000 },
	{ 0xffe6, 0x1040, 0x0000, 0x0000, (Entity *)0x0c01bc88 },
	{ 0x0000, 0x0000, 0xbc92, 0x0c01, (Entity *)0x00000000 },
	{ 0x2021, 0x0000, 0x0011, 0x2405, (Entity *)0x0c033fc2 },
	{ 0x0000, 0x0000, 0x000c, 0x1000, (Entity *)0x00000000 },
};

EfeStunSpark STD_STUN_SUB_EFFECTS[25] = {
	{ 0x9594, 0x8782, (Entity *)0x00000000 },
	{ 0x03e9, 0x2841, (Entity *)0x14200005 },
	{ 0x0000, 0x0000, (Entity *)0x87829594 },
	{ 0x0000, 0x0000, (Entity *)0x2042fe70 },
	{ 0x9594, 0xa782, (Entity *)0x0c01a20b },
	{ 0x0000, 0x0000, (Entity *)0x0c01be35 },
	{ 0x0000, 0x0000, (Entity *)0x1040fff2 },
	{ 0x0000, 0x0000, (Entity *)0x0c01be2b },
	{ 0x0000, 0x0000, (Entity *)0xafa00030 },
	{ 0x8021, 0x0000, (Entity *)0x10000038 },
	{ 0x0000, 0x0000, (Entity *)0x8f829214 },
	{ 0x0000, 0x0000, (Entity *)0x00501021 },
	{ 0x066c, 0x9042, (Entity *)0x00000000 },
	{ 0x1880, 0x0002, (Entity *)0x3c028014 },
	{ 0xd7d4, 0x2442, (Entity *)0x00431021 },
	{ 0x0000, 0x8c52, (Entity *)0x00008821 },
	{ 0x0027, 0x1000, (Entity *)0x00000000 },
	{ 0x1021, 0x0251, (Entity *)0x90420044 },
	{ 0x00ff, 0x2401, (Entity *)0x1441000f },
	{ 0x0000, 0x0000, (Entity *)0x2404ffff },
	{ 0x1100, 0x0010, (Entity *)0x00501822 },
	{ 0x1080, 0x0003, (Entity *)0x00431022 },
	{ 0x18c0, 0x0002, (Entity *)0x8f829214 },
	{ 0x0000, 0x0000, (Entity *)0x00431821 },
	{ 0x1080, 0x0011, (Entity *)0x00621021 },
};

EfeFinisherAura STD_FINISHER_AURAS[2] = {
	{ 0x0004, 0xac44, (Entity *)0x10000013 },
	{ 0x0000, 0x0000, (Entity *)0x8fa30030 },
};

SVECTOR STD_FINISHER_AURA_SPARKS[20] = {
	{ 0x0000, 0x0000, 0x0001, 0x2062 },
	{ 0x0030, 0xafa2, 0x1040, 0x0003 },
	{ 0x1021, 0x03a2, 0x0058, 0x8444 },
	{ 0x1100, 0x0010, 0x1822, 0x0050 },
	{ 0x1080, 0x0003, 0x1022, 0x0043 },
	{ 0x18c0, 0x0002, 0x9214, 0x8f82 },
	{ 0x0000, 0x0000, 0x1821, 0x0043 },
	{ 0x1080, 0x0011, 0x1021, 0x0062 },
	{ 0x0004, 0xac44, 0x0001, 0x2231 },
	{ 0x0004, 0x2a21, 0xffd8, 0x1420 },
	{ 0x0000, 0x0000, 0x0001, 0x2210 },
	{ 0x9234, 0x8782, 0x0000, 0x0000 },
	{ 0x082a, 0x0050, 0xffc5, 0x1020 },
	{ 0x0000, 0x0000, 0x03e8, 0x2402 },
	{ 0x9594, 0xa782, 0x0001, 0x2402 },
	{ 0x958c, 0xaf82, 0x0001, 0x2402 },
	{ 0x9564, 0xaf82, 0x0004, 0x2402 },
	{ 0x94da, 0xa382, 0x001c, 0x8fbf },
	{ 0x0018, 0x8fb2, 0x0014, 0x8fb1 },
	{ 0x0010, 0x8fb0, 0x0080, 0x27bd },
};
// clang-format on
