#include <libgs.h>
#include <libgte.h>

#include <dw/graphics.h>
#include <dw/std.h>
#include <dw/types.h>

// clang-format off
GsOT_TAG STD_D_8007B664[4] = {
	{ 0x000000, 0x00 },
	{ 0x002484, 0x00 },
	{ 0x0a0c00, 0x00 },
	{ 0x012405, 0x00 },
};

GsOT_TAG STD_D_8007B674[4] = {
	{ 0x002402, 0x00 },
	{ 0x00a780, 0x00 },
	{ 0x00a382, 0x00 },
	{ 0x210c00, 0x20 },
};

GsOT STD_D_8007B684[2] = {
	{
		0x00f50000,
		(GsOT_TAG *)0x001c1000,
		0x00008fbf,
		0x00040c00,
		(GsOT_TAG *)0x00102404,
	},
	{
		0x0000afa0,
		(GsOT_TAG *)0x00003c01,
		0x00fc8c26,
		0x00002404,
		(GsOT_TAG *)0x00083c01,
	},
};

GsOT STD_D_8007B6AC[2] = {
	{
		0x00008c27,
		(GsOT_TAG *)0x00ff0c00,
		0x00012405,
		0x00e72401,
		(GsOT_TAG *)0x00001441,
	},
	{
		0x00000000,
		(GsOT_TAG *)0x00043c01,
		0x00008c24,
		0x001b0c00,
		(GsOT_TAG *)0x00002405,
	},
};

GsOT_TAG STD_D_8007B6D4[4] = {
	{ 0x043c01, 0x00 },
	{ 0x008c22, 0x04 },
	{ 0x722403, 0x00 },
	{ 0x00a443, 0x00 },
};

GsOT_TAG STD_D_8007B6E4[4] = {
	{ 0x008784, 0x00 },
	{ 0x008785, 0x00 },
	{ 0x210c00, 0x30 },
	{ 0x000000, 0x00 },
};

VECTOR STD_D_8007B6F4 = { 0x00018382, 0x00032401, 0x00001441, 0x00000000 };

VECTOR STD_D_8007B704 = { 0x00000c00, 0x00020000, 0x00d22402, 0x00001000 };

GsOT STD_D_8007B714[2] = {
	{
		0x0000a382,
		(GsOT_TAG *)0x00303c01,
		0x00009022,
		0x00028783,
		(GsOT_TAG *)0x00003442,
	},
	{
		0x00303c01,
		(GsOT_TAG *)0x0078a022,
		0x001a2402,
		0x10100062,
		(GsOT_TAG *)0x00100000,
	},
};

GsOT_TAG STD_D_8007B73C[32] = {
	{ 0x211440, 0x20 },
	{ 0xb10060, 0x04 },
	{ 0x0d2881, 0x00 },
	{ 0x001020, 0x00 },
	{ 0x000000, 0x00 },
	{ 0x303c01, 0x00 },
	{ 0xff9022, 0xff },
	{ 0xfd2407, 0x00 },
	{ 0x003042, 0x00 },
	{ 0x303c01, 0x00 },
	{ 0x10a022, 0x00 },
	{ 0x14afa0, 0x00 },
	{ 0x00afa0, 0x00 },
	{ 0x008784, 0x00 },
	{ 0x008785, 0x00 },
	{ 0x210c00, 0x30 },
	{ 0x0000e0, 0x00 },
	{ 0x008783, 0x00 },
	{ 0x040000, 0x00 },
	{ 0x010461, 0x00 },
	{ 0x023062, 0x00 },
	{ 0x001040, 0x00 },
	{ 0xfe0000, 0xff },
	{ 0x0a2442, 0x00 },
	{ 0x001440, 0x00 },
	{ 0x100000, 0x00 },
	{ 0x14afa0, 0x00 },
	{ 0x00afa0, 0x00 },
	{ 0x008784, 0x00 },
	{ 0x028785, 0x00 },
	{ 0x002406, 0x00 },
	{ 0x210c00, 0x38 },
};

GsOT_TAG STD_D_8007B7BC[32] = {
	{ 0x080000, 0x00 },
	{ 0x001000, 0x00 },
	{ 0x100000, 0x00 },
	{ 0x14afa0, 0x00 },
	{ 0x00afa0, 0x00 },
	{ 0x008784, 0x00 },
	{ 0xfe8785, 0xff },
	{ 0x002406, 0x00 },
	{ 0x210c00, 0x38 },
	{ 0x000000, 0x00 },
	{ 0x0a8783, 0x00 },
	{ 0x1a2402, 0x00 },
	{ 0x100062, 0x10 },
	{ 0x040000, 0x00 },
	{ 0x001440, 0x00 },
	{ 0x080000, 0x00 },
	{ 0x002404, 0x00 },
	{ 0x210c00, 0x28 },
	{ 0x000000, 0x00 },
	{ 0x008782, 0x00 },
	{ 0x010000, 0x00 },
	{ 0x002042, 0x00 },
	{ 0x00a782, 0x00 },
	{ 0x018382, 0x00 },
	{ 0x042401, 0x00 },
	{ 0x0a1441, 0x00 },
	{ 0x002410, 0x00 },
	{ 0x000c00, 0x00 },
	{ 0x210000, 0x80 },
	{ 0x000040, 0x00 },
	{ 0x008782, 0x00 },
	{ 0xb00000, 0x04 },
};

GsCOORDINATE2Raw STD_D_8007B83C[4] = {
	{
		{
			0x41, 0x28, 0x06, 0x00, 0x20, 0x10, 0x00, 0x00,
			0x00, 0x00, 0x00, 0x00, 0x82, 0x8f, 0x00, 0x00,
			0x00, 0x00, 0x10, 0x00, 0x42, 0x30, 0x05, 0x00,
			0x40, 0x10, 0x00, 0x00, 0x00, 0x00, 0x00, 0x00,
			0x82, 0x83, 0x00, 0x00, 0x00, 0x00, 0x08, 0x00,
			0x40, 0x10, 0x00, 0x00, 0x00, 0x00, 0x00, 0x00,
			0x82, 0x83, 0x01, 0x00, 0x01, 0x24, 0x79, 0x00,
			0x41, 0x14, 0x00, 0x00, 0x00, 0x00, 0x2a, 0x08,
			0x00, 0x02, 0x76, 0x00, 0x20, 0x14, 0x00, 0x00,
			0x00, 0x00, 0x00, 0x00, 0x83, 0x87, 0xb0, 0x04,
		},
	},
	{
		{
			0x02, 0x24, 0x1a, 0x00, 0x62, 0x00, 0x08, 0x00,
			0x04, 0x24, 0x10, 0x10, 0x00, 0x00, 0x00, 0x00,
			0x82, 0xa7, 0x00, 0x00, 0x00, 0x0c, 0x0a, 0x00,
			0x05, 0x24, 0x03, 0x00, 0x02, 0x24, 0x00, 0x00,
			0x82, 0xa3, 0x00, 0x00, 0x84, 0x87, 0x88, 0x88,
			0x02, 0x3c, 0x89, 0x88, 0x42, 0x34, 0x18, 0x00,
			0x44, 0x00, 0xc2, 0x1f, 0x04, 0x00, 0x10, 0x10,
			0x00, 0x00, 0x21, 0x10, 0x44, 0x00, 0x83, 0x11,
			0x02, 0x00, 0x21, 0x10, 0x43, 0x00, 0x00, 0x00,
			0x04, 0x3c, 0x00, 0x00, 0x82, 0xa7, 0x00, 0x00,
		},
	},
	{
		{
			0x84, 0x24, 0x00, 0x00, 0x00, 0x0c, 0x12, 0x00,
			0x05, 0x24, 0x00, 0x00, 0x01, 0x3c, 0x00, 0x00,
			0x24, 0x8c, 0x03, 0x00, 0x05, 0x24, 0x00, 0x00,
			0x00, 0x0c, 0x21, 0x30, 0x00, 0x02, 0x00, 0x00,
			0x84, 0x87, 0x00, 0x00, 0x85, 0x87, 0x00, 0x00,
			0x00, 0x0c, 0x01, 0x00, 0x06, 0x24, 0x00, 0x00,
			0x01, 0x3c, 0x04, 0x00, 0x22, 0x8c, 0x0a, 0x00,
			0x05, 0x24, 0x00, 0x00, 0x00, 0x0c, 0x78, 0x00,
			0x44, 0x24, 0x4f, 0x00, 0x00, 0x10, 0x1c, 0x00,
			0xbf, 0x8f, 0x00, 0x00, 0x00, 0x0c, 0x00, 0x00,
		},
	},
	{
		{
			0x00, 0x00, 0x01, 0x00, 0x01, 0x24, 0x49, 0x00,
			0x41, 0x14, 0x00, 0x00, 0x00, 0x00, 0x04, 0x00,
			0x02, 0x24, 0x00, 0x00, 0x80, 0xa7, 0x45, 0x00,
			0x00, 0x10, 0x00, 0x00, 0x82, 0xa3, 0x00, 0x00,
			0x82, 0x87, 0x00, 0x00, 0x00, 0x00, 0x01, 0x00,
			0x42, 0x20, 0x00, 0x00, 0x82, 0xa7, 0x00, 0x00,
			0x82, 0x87, 0x00, 0x00, 0x00, 0x00, 0x14, 0x00,
			0x41, 0x28, 0x3c, 0x00, 0x20, 0x14, 0x00, 0x00,
			0x00, 0x00, 0x00, 0x00, 0x04, 0x3c, 0x00, 0x00,
			0x84, 0x24, 0x00, 0x00, 0x00, 0x0c, 0x04, 0x00,
		},
	},
};

GsDOBJ2 STD_D_8007B97C[4] = {
	{
		0x00052405,
		(GsCOORDINATE2 *)0x00352402,
		(long unsigned int *)0x00001000,
		0x0000a382,
	},
	{
		0x00008782,
		(GsCOORDINATE2 *)0xffff0000,
		(long unsigned int *)0x00002042,
		0x0000a782,
	},
	{
		0x00008782,
		(GsCOORDINATE2 *)0x00080000,
		(long unsigned int *)0x00001840,
		0x00100000,
	},
	{
		0x0014afa0,
		(GsCOORDINATE2 *)0x0001afa0,
		(long unsigned int *)0x00002407,
		0x00008784,
	},
};

int16_t STD_D_8007B9BC[10] = {
	0x8785, 0x0000, 0x0c00, 0x3021, 0x00e0, 0x0010, 0xafa0, 0x00fc,
	0x2404, 0x00fd,
};

StdUnkB9D0 STD_D_8007B9D0 = {
	0x2405,
	0x3021,
	(Entity *)0x00000000,
	(Entity *)0x38210c00,
	{
		0x00, 0x00, 0x01, 0x00, 0x01, 0x24, 0x1d, 0x00,
		0x41, 0x14, 0x00, 0x00, 0x00, 0x00, 0x00, 0x00,
	},
};

int32_t STD_D_8007B9EC[4] = {
	0x00008782, 0x00190000, 0x00001c40, 0x00000000,
};

int32_t STD_D_8007B9FC[18] = {
	0x00000c00, 0x00000000, 0x00010c00, 0x00002404,
	0x00010c00, 0x00002404, 0x00003c04, 0x00003c05,
	0x00008786, 0x00008787, 0x00002484, 0x00000c00,
	0x000024a5, 0x20210c00, 0x00000000, 0x00000c00,
	0x00000000, 0x0000a780,
};

int32_t STD_D_8007BA44[22] = {
	0x0faba380, 0x00002404, 0x28210c00, 0x00010200,
	0x00002402, 0x001caf82, 0x00188fbf, 0x00088fb0,
	0x002003e0, 0xffe027bd, 0x001c27bd, 0x0000afbf,
	0x00188382, 0x0007afb0, 0x00bf2c41, 0x80211020,
	0x00000080, 0x00003c03, 0x10802463, 0x10210002,
	0x00000043, 0x00008c42,
};

int32_t STD_D_8007BA9C[4] = {
	0x00080000, 0x00000040, 0x00000000, 0x00080c00,
};

int32_t STD_D_8007BAAC[18] = {
	0x00002404, 0x000a0c00, 0x00002404, 0x00003c04,
	0x00002484, 0x00020c00, 0x00002405, 0x00003c04,
	0x00002484, 0x000a0c00, 0x00082405, 0x00002404,
	0x00090c00, 0x00012405, 0x00002404, 0x0000a780,
	0x0000a384, 0x00000c00,
};

StdUnkBAF4 STD_D_8007BAF4[8] = {
	{
		0x0000,
		0x00a2,
		0x00,
		0x10,
		0x1c,
		0x00,
		0xbf,
		0x8f,
		{ 0x10, 0x00 },
		0xa0,
		0xaf,
	},
	{
		0x0000,
		0x3c01,
		0x00,
		0x00,
		0x26,
		0x8c,
		0xfc,
		0x00,
		{ 0x04, 0x24 },
		0x00,
		0x00,
	},
	{
		0x3c01,
		0x0008,
		0x27,
		0x8c,
		0x00,
		0x00,
		0x00,
		0x0c,
		{ 0xff, 0x00 },
		0x05,
		0x24,
	},
	{
		0x0001,
		0x2401,
		0x96,
		0x00,
		0x41,
		0x14,
		0x00,
		0x00,
		{ 0x00, 0x00 },
		0x02,
		0x00,
	},
	{
		0x2402,
		0x0093,
		0x00,
		0x10,
		0x00,
		0x00,
		0x82,
		0xa3,
		{ 0x10, 0x00 },
		0xa0,
		0xaf,
	},
	{
		0x0000,
		0x3c01,
		0x00,
		0x00,
		0x26,
		0x8c,
		0xfc,
		0x00,
		{ 0x04, 0x24 },
		0x00,
		0x00,
	},
	{
		0x3c01,
		0x0008,
		0x27,
		0x8c,
		0x00,
		0x00,
		0x00,
		0x0c,
		{ 0xff, 0x00 },
		0x05,
		0x24,
	},
	{
		0x0001,
		0x2401,
		0x88,
		0x00,
		0x41,
		0x14,
		0x00,
		0x00,
		{ 0x00, 0x00 },
		0x00,
		0x00,
	},
};

StdUnkBB64 STD_D_8007BB64[8] = {
	{ 0x3c01, 0x0000, 0x04, 0x3c },
	{ 0x0004, 0x8c22, 0x00, 0x04 },
	{ 0x2403, 0x0072, 0x43, 0xa4 },
	{ 0x0000, 0x2484, 0x00, 0x00 },
	{ 0x0c00, 0x000c, 0x05, 0x24 },
	{ 0x0003, 0x2402, 0x00, 0x00 },
	{ 0xa382, 0x0000, 0x82, 0x83 },
	{ 0x0001, 0x2401, 0x7a, 0x00 },
};

uint8_t STD_D_8007BB94[155][20] = {
	{
		0x41, 0x14, 0x00, 0x00, 0x00, 0x00, 0x00, 0x00,
		0x00, 0x0c, 0x00, 0x00, 0x00, 0x00, 0x77, 0x00,
		0x00, 0x10, 0x1c, 0x00,
	},
	{
		0xbf, 0x8f, 0x00, 0x00, 0x82, 0x87, 0x00, 0x00,
		0x01, 0x3c, 0x1c, 0x00, 0x23, 0x84, 0x01, 0x00,
		0x42, 0x20, 0x00, 0x00,
	},
	{
		0x82, 0xa7, 0x00, 0x00, 0x01, 0x3c, 0x1e, 0x00,
		0x22, 0x84, 0x00, 0x00, 0x00, 0x00, 0x2a, 0x08,
		0x43, 0x00, 0x05, 0x00,
	},
	{
		0x20, 0x14, 0x0a, 0x00, 0x10, 0x24, 0x00, 0x00,
		0x04, 0x3c, 0x00, 0x00, 0x84, 0x24, 0x00, 0x00,
		0x00, 0x0c, 0x0c, 0x00,
	},
	{
		0x05, 0x24, 0x00, 0x00, 0x82, 0x83, 0x01, 0x00,
		0x01, 0x24, 0x04, 0x00, 0x41, 0x14, 0x00, 0x00,
		0x00, 0x00, 0x00, 0x00,
	},
	{
		0x00, 0x0c, 0x00, 0x00, 0x00, 0x00, 0x21, 0x80,
		0x40, 0x00, 0x00, 0x00, 0x82, 0x87, 0x00, 0x00,
		0x00, 0x00, 0xb0, 0x04,
	},
	{
		0x41, 0x28, 0x06, 0x00, 0x20, 0x10, 0x00, 0x00,
		0x00, 0x00, 0x00, 0x00, 0x82, 0x8f, 0x00, 0x00,
		0x00, 0x00, 0x10, 0x00,
	},
	{
		0x42, 0x30, 0x05, 0x00, 0x40, 0x10, 0x00, 0x00,
		0x00, 0x00, 0x00, 0x00, 0x82, 0x83, 0x00, 0x00,
		0x00, 0x00, 0x07, 0x00,
	},
	{
		0x40, 0x10, 0x00, 0x00, 0x00, 0x00, 0x00, 0x00,
		0x82, 0x83, 0x01, 0x00, 0x01, 0x24, 0x4e, 0x00,
		0x41, 0x14, 0x00, 0x00,
	},
	{
		0x00, 0x00, 0x4c, 0x00, 0x00, 0x06, 0x00, 0x00,
		0x00, 0x00, 0x08, 0x00, 0x04, 0x24, 0x00, 0x00,
		0x00, 0x0c, 0x0a, 0x00,
	},
	{
		0x05, 0x24, 0x00, 0x00, 0x01, 0x3c, 0x00, 0x00,
		0x24, 0x8c, 0x08, 0x00, 0x05, 0x24, 0x00, 0x00,
		0x00, 0x0c, 0x21, 0x30,
	},
	{
		0x00, 0x02, 0x00, 0x00, 0x01, 0x3c, 0x04, 0x00,
		0x22, 0x8c, 0x0a, 0x00, 0x05, 0x24, 0x00, 0x00,
		0x00, 0x0c, 0x78, 0x00,
	},
	{
		0x44, 0x24, 0x00, 0x00, 0x04, 0x3c, 0x00, 0x00,
		0x84, 0x24, 0x00, 0x00, 0x00, 0x0c, 0x02, 0x00,
		0x05, 0x24, 0x04, 0x00,
	},
	{
		0x02, 0x24, 0x00, 0x00, 0x82, 0xa3, 0x37, 0x00,
		0x00, 0x10, 0x00, 0x00, 0x80, 0xa7, 0x10, 0x00,
		0xa0, 0xaf, 0x00, 0x00,
	},
	{
		0x01, 0x3c, 0x00, 0x00, 0x26, 0x8c, 0xfc, 0x00,
		0x04, 0x24, 0x00, 0x00, 0x01, 0x3c, 0x08, 0x00,
		0x27, 0x8c, 0x00, 0x00,
	},
	{
		0x00, 0x0c, 0xff, 0x00, 0x05, 0x24, 0x01, 0x00,
		0x01, 0x24, 0x2c, 0x00, 0x41, 0x14, 0x00, 0x00,
		0x00, 0x00, 0x00, 0x00,
	},
	{
		0x04, 0x3c, 0x00, 0x00, 0x84, 0x24, 0x00, 0x00,
		0x00, 0x0c, 0x12, 0x00, 0x05, 0x24, 0x05, 0x00,
		0x02, 0x24, 0x25, 0x00,
	},
	{
		0x00, 0x10, 0x00, 0x00, 0x82, 0xa3, 0x00, 0x00,
		0x00, 0x0c, 0x00, 0x00, 0x00, 0x00, 0x01, 0x00,
		0x01, 0x24, 0x20, 0x00,
	},
	{
		0x41, 0x14, 0x00, 0x00, 0x00, 0x00, 0x06, 0x00,
		0x02, 0x24, 0x00, 0x00, 0x80, 0xa7, 0x1c, 0x00,
		0x00, 0x10, 0x00, 0x00,
	},
	{
		0x82, 0xa3, 0x00, 0x00, 0x82, 0x87, 0x00, 0x00,
		0x00, 0x00, 0x01, 0x00, 0x42, 0x20, 0x00, 0x00,
		0x82, 0xa7, 0x00, 0x00,
	},
	{
		0x82, 0x87, 0x00, 0x00, 0x00, 0x00, 0x14, 0x00,
		0x41, 0x28, 0x13, 0x00, 0x20, 0x14, 0x00, 0x00,
		0x00, 0x00, 0x00, 0x00,
	},
	{
		0x00, 0x0c, 0x00, 0x00, 0x00, 0x00, 0x00, 0x00,
		0x00, 0x0c, 0x01, 0x00, 0x04, 0x24, 0x00, 0x00,
		0x00, 0x0c, 0x21, 0x20,
	},
	{
		0x00, 0x00, 0x00, 0x00, 0x00, 0x0c, 0x01, 0x00,
		0x04, 0x24, 0x00, 0x00, 0x06, 0x3c, 0x00, 0x00,
		0x80, 0xa7, 0x00, 0x00,
	},
	{
		0x80, 0xa3, 0xaf, 0x0f, 0x04, 0x24, 0x21, 0x28,
		0x00, 0x02, 0x00, 0x00, 0xc6, 0x24, 0x00, 0x00,
		0x00, 0x0c, 0x21, 0x38,
	},
	{
		0x00, 0x00, 0x01, 0x00, 0x02, 0x24, 0x00, 0x00,
		0x82, 0xaf, 0x1c, 0x00, 0xbf, 0x8f, 0x18, 0x00,
		0xb0, 0x8f, 0x08, 0x00,
	},
	{
		0xe0, 0x03, 0x20, 0x00, 0xbd, 0x27, 0xe0, 0xff,
		0xbd, 0x27, 0x1c, 0x00, 0xbf, 0xaf, 0x00, 0x00,
		0x82, 0x83, 0x18, 0x00,
	},
	{
		0xb0, 0xaf, 0x07, 0x00, 0x41, 0x2c, 0x20, 0x01,
		0x20, 0x10, 0x21, 0x80, 0x80, 0x00, 0x00, 0x00,
		0x03, 0x3c, 0x00, 0x00,
	},
	{
		0x63, 0x24, 0x80, 0x10, 0x02, 0x00, 0x21, 0x10,
		0x43, 0x00, 0x00, 0x00, 0x42, 0x8c, 0x00, 0x00,
		0x00, 0x00, 0x08, 0x00,
	},
	{
		0x40, 0x00, 0x00, 0x00, 0x00, 0x00, 0x00, 0x00,
		0x04, 0x3c, 0x00, 0x00, 0x05, 0x3c, 0x00, 0x00,
		0x86, 0x87, 0x00, 0x00,
	},
	{
		0x87, 0x87, 0x00, 0x00, 0x84, 0x24, 0x00, 0x00,
		0x00, 0x0c, 0x00, 0x00, 0xa5, 0x24, 0x00, 0x00,
		0x00, 0x0c, 0x08, 0x00,
	},
	{
		0x04, 0x24, 0x00, 0x00, 0x00, 0x0c, 0x00, 0x00,
		0x00, 0x00, 0x00, 0x00, 0x00, 0x0c, 0x0a, 0x00,
		0x04, 0x24, 0x00, 0x00,
	},
	{
		0x04, 0x3c, 0x00, 0x00, 0x84, 0x24, 0x00, 0x00,
		0x00, 0x0c, 0x04, 0x00, 0x05, 0x24, 0x00, 0x00,
		0x04, 0x3c, 0x00, 0x00,
	},
	{
		0x84, 0x24, 0x00, 0x00, 0x00, 0x0c, 0x0a, 0x00,
		0x05, 0x24, 0x08, 0x00, 0x04, 0x24, 0x00, 0x00,
		0x00, 0x0c, 0x09, 0x00,
	},
	{
		0x05, 0x24, 0x01, 0x00, 0x02, 0x24, 0x00, 0x00,
		0x80, 0xa7, 0x00, 0x00, 0x82, 0xa3, 0x00, 0x00,
		0x00, 0x0c, 0x02, 0x00,
	},
	{
		0x04, 0x24, 0xfa, 0x00, 0x00, 0x10, 0x1c, 0x00,
		0xbf, 0x8f, 0x00, 0x00, 0x00, 0x0c, 0x04, 0x00,
		0x04, 0x24, 0x10, 0x00,
	},
	{
		0xa0, 0xaf, 0x00, 0x00, 0x01, 0x3c, 0x00, 0x00,
		0x26, 0x8c, 0xfc, 0x00, 0x04, 0x24, 0x00, 0x00,
		0x01, 0x3c, 0x08, 0x00,
	},
	{
		0x27, 0x8c, 0x00, 0x00, 0x00, 0x0c, 0xff, 0x00,
		0x05, 0x24, 0x01, 0x00, 0x01, 0x24, 0xec, 0x00,
		0x41, 0x14, 0x00, 0x00,
	},
	{
		0x00, 0x00, 0x00, 0x00, 0x01, 0x3c, 0x00, 0x00,
		0x22, 0x8c, 0x00, 0x00, 0x00, 0x00, 0x40, 0x18,
		0x02, 0x00, 0x00, 0x00,
	},
	{
		0x02, 0x3c, 0x00, 0x00, 0x42, 0x24, 0x21, 0x10,
		0x43, 0x00, 0x00, 0x00, 0x01, 0x3c, 0x00, 0x00,
		0x45, 0x80, 0x04, 0x00,
	},
	{
		0x24, 0x8c, 0x00, 0x00, 0x00, 0x0c, 0x00, 0x00,
		0x00, 0x00, 0x00, 0x00, 0x01, 0x3c, 0x30, 0x00,
		0x22, 0x90, 0x00, 0x00,
	},
	{
		0x80, 0xa7, 0x02, 0x00, 0x42, 0x34, 0x00, 0x00,
		0x01, 0x3c, 0x30, 0x00, 0x22, 0xa0, 0x00, 0x00,
		0x01, 0x3c, 0x04, 0x00,
	},
	{
		0x22, 0x8c, 0x00, 0x04, 0x03, 0x24, 0x72, 0x00,
		0x43, 0xa4, 0x00, 0x00, 0x82, 0x83, 0x01, 0x00,
		0x01, 0x24, 0x03, 0x00,
	},
	{
		0x41, 0x14, 0x00, 0x00, 0x00, 0x00, 0x00, 0x00,
		0x00, 0x0c, 0x00, 0x00, 0x00, 0x00, 0x02, 0x00,
		0x02, 0x24, 0xcd, 0x00,
	},
	{
		0x00, 0x10, 0x00, 0x00, 0x82, 0xa3, 0x00, 0x00,
		0x82, 0x87, 0x00, 0x00, 0x01, 0x3c, 0x01, 0x00,
		0x42, 0x20, 0x00, 0x00,
	},
	{
		0x82, 0xa7, 0x00, 0x00, 0x82, 0x87, 0x00, 0x00,
		0x84, 0x87, 0x01, 0x00, 0x42, 0x20, 0x00, 0x00,
		0x82, 0xa7, 0x30, 0x00,
	},
	{
		0x22, 0x90, 0x00, 0x00, 0x00, 0x00, 0x02, 0x00,
		0x42, 0x34, 0x00, 0x00, 0x01, 0x3c, 0x30, 0x00,
		0x22, 0xa0, 0x00, 0x00,
	},
	{
		0x01, 0x3c, 0x00, 0x00, 0x22, 0x8c, 0x00, 0x00,
		0x00, 0x00, 0x40, 0x18, 0x02, 0x00, 0x00, 0x00,
		0x02, 0x3c, 0x01, 0x00,
	},
	{
		0x42, 0x24, 0x21, 0x10, 0x43, 0x00, 0x00, 0x00,
		0x42, 0x80, 0x00, 0x00, 0x00, 0x00, 0xb5, 0x00,
		0x82, 0x14, 0x00, 0x00,
	},
	{
		0x00, 0x00, 0x00, 0x00, 0x06, 0x3c, 0x10, 0x00,
		0xa0, 0xaf, 0x21, 0x20, 0x00, 0x00, 0x21, 0x28,
		0x00, 0x00, 0x00, 0x00,
	},
	{
		0xc6, 0x24, 0x00, 0x00, 0x00, 0x0c, 0x21, 0x38,
		0x00, 0x00, 0x00, 0x00, 0x06, 0x3c, 0x10, 0x00,
		0xa0, 0xaf, 0x21, 0x20,
	},
	{
		0x00, 0x00, 0x21, 0x28, 0x00, 0x00, 0x08, 0x00,
		0xc6, 0x24, 0x00, 0x00, 0x00, 0x0c, 0x21, 0x38,
		0x00, 0x00, 0x00, 0x00,
	},
	{
		0x06, 0x3c, 0x10, 0x00, 0xa0, 0xaf, 0x21, 0x20,
		0x00, 0x00, 0x21, 0x28, 0x00, 0x00, 0x10, 0x00,
		0xc6, 0x24, 0x00, 0x00,
	},
	{
		0x00, 0x0c, 0x21, 0x38, 0x00, 0x00, 0x08, 0x00,
		0x04, 0x24, 0x00, 0x00, 0x00, 0x0c, 0x0f, 0x00,
		0x05, 0x24, 0x00, 0x00,
	},
	{
		0x84, 0x87, 0x00, 0x00, 0x85, 0x87, 0x00, 0x00,
		0x00, 0x0c, 0x21, 0x30, 0x00, 0x00, 0x00, 0x00,
		0x84, 0x87, 0x00, 0x00,
	},
	{
		0x85, 0x87, 0x00, 0x00, 0x00, 0x0c, 0x01, 0x00,
		0x06, 0x24, 0x00, 0x00, 0x85, 0x87, 0x00, 0x00,
		0x00, 0x0c, 0x21, 0x20,
	},
	{
		0xa0, 0x00, 0x03, 0x00, 0x02, 0x24, 0x00, 0x00,
		0x80, 0xa7, 0x8e, 0x00, 0x00, 0x10, 0x00, 0x00,
		0x82, 0xa3, 0x00, 0x00,
	},
	{
		0x82, 0x87, 0x2e, 0x00, 0x01, 0x24, 0x01, 0x00,
		0x42, 0x20, 0x00, 0x00, 0x82, 0xa7, 0x00, 0x00,
		0x82, 0x87, 0x00, 0x00,
	},
	{
		0x00, 0x00, 0x01, 0x00, 0x42, 0x20, 0x00, 0x00,
		0x82, 0xa7, 0x00, 0x00, 0x82, 0x87, 0x00, 0x00,
		0x00, 0x00, 0x18, 0x00,
	},
	{
		0x41, 0x14, 0x00, 0x00, 0x00, 0x00, 0x27, 0x00,
		0x04, 0x24, 0x04, 0x00, 0x05, 0x24, 0x00, 0x00,
		0x00, 0x0c, 0x21, 0x30,
	},
	{
		0x00, 0x00, 0x00, 0x00, 0x84, 0x87, 0x00, 0x00,
		0x85, 0x87, 0x00, 0x00, 0x00, 0x0c, 0x01, 0x00,
		0x06, 0x24, 0x00, 0x00,
	},
	{
		0x01, 0x3c, 0x00, 0x00, 0x22, 0x8c, 0x00, 0x00,
		0x00, 0x00, 0x40, 0x18, 0x02, 0x00, 0x00, 0x00,
		0x02, 0x3c, 0x00, 0x00,
	},
	{
		0x42, 0x24, 0x21, 0x10, 0x43, 0x00, 0x00, 0x00,
		0x01, 0x3c, 0x00, 0x00, 0x45, 0x80, 0x04, 0x00,
		0x24, 0x8c, 0x00, 0x00,
	},
	{
		0x00, 0x0c, 0x00, 0x00, 0x00, 0x00, 0x02, 0x00,
		0x02, 0x24, 0x00, 0x00, 0x80, 0xa7, 0x00, 0x00,
		0x82, 0xa3, 0x00, 0x00,
	},
	{
		0x82, 0x83, 0x01, 0x00, 0x01, 0x24, 0x04, 0x00,
		0x41, 0x14, 0x0a, 0x00, 0x10, 0x24, 0x00, 0x00,
		0x00, 0x0c, 0x00, 0x00,
	},
	{
		0x00, 0x00, 0x21, 0x80, 0x40, 0x00, 0x00, 0x00,
		0x82, 0x87, 0x00, 0x00, 0x00, 0x00, 0xb0, 0x04,
		0x41, 0x28, 0x06, 0x00,
	},
	{
		0x20, 0x10, 0x00, 0x00, 0x00, 0x00, 0x00, 0x00,
		0x82, 0x8f, 0x00, 0x00, 0x00, 0x00, 0x10, 0x00,
		0x42, 0x30, 0x05, 0x00,
	},
	{
		0x40, 0x10, 0x00, 0x00, 0x00, 0x00, 0x00, 0x00,
		0x82, 0x83, 0x00, 0x00, 0x00, 0x00, 0x07, 0x00,
		0x40, 0x10, 0x00, 0x00,
	},
	{
		0x00, 0x00, 0x54, 0x00, 0x00, 0x06, 0x00, 0x00,
		0x00, 0x00, 0x00, 0x00, 0x82, 0x83, 0x01, 0x00,
		0x01, 0x24, 0x50, 0x00,
	},
	{
		0x41, 0x14, 0x00, 0x00, 0x00, 0x00, 0x08, 0x00,
		0x04, 0x24, 0x00, 0x00, 0x00, 0x0c, 0x0a, 0x00,
		0x05, 0x24, 0x27, 0x00,
	},
	{
		0x04, 0x24, 0x04, 0x00, 0x05, 0x24, 0x00, 0x00,
		0x00, 0x0c, 0x21, 0x30, 0x00, 0x00, 0x00, 0x00,
		0x84, 0x87, 0x00, 0x00,
	},
	{
		0x85, 0x87, 0x00, 0x00, 0x00, 0x0c, 0x01, 0x00,
		0x06, 0x24, 0x00, 0x00, 0x01, 0x3c, 0x00, 0x00,
		0x24, 0x8c, 0x01, 0x00,
	},
	{
		0x05, 0x24, 0x00, 0x00, 0x00, 0x0c, 0x21, 0x30,
		0x00, 0x02, 0x00, 0x00, 0x04, 0x3c, 0x00, 0x00,
		0x84, 0x24, 0x00, 0x00,
	},
	{
		0x00, 0x0c, 0x12, 0x00, 0x05, 0x24, 0x00, 0x00,
		0x01, 0x3c, 0x04, 0x00, 0x22, 0x8c, 0x0a, 0x00,
		0x05, 0x24, 0x00, 0x00,
	},
	{
		0x00, 0x0c, 0x78, 0x00, 0x44, 0x24, 0x04, 0x00,
		0x02, 0x24, 0x34, 0x00, 0x00, 0x10, 0x00, 0x00,
		0x82, 0xa3, 0x00, 0x00,
	},
	{
		0x00, 0x0c, 0x00, 0x00, 0x00, 0x00, 0x01, 0x00,
		0x01, 0x24, 0x2f, 0x00, 0x41, 0x14, 0x00, 0x00,
		0x00, 0x00, 0x05, 0x00,
	},
	{
		0x02, 0x24, 0x00, 0x00, 0x80, 0xa7, 0x2b, 0x00,
		0x00, 0x10, 0x00, 0x00, 0x82, 0xa3, 0x00, 0x00,
		0x82, 0x87, 0x00, 0x00,
	},
	{
		0x00, 0x00, 0x01, 0x00, 0x42, 0x20, 0x00, 0x00,
		0x82, 0xa7, 0x00, 0x00, 0x82, 0x87, 0x00, 0x00,
		0x00, 0x00, 0x14, 0x00,
	},
	{
		0x41, 0x28, 0x22, 0x00, 0x20, 0x14, 0x00, 0x00,
		0x00, 0x00, 0x00, 0x00, 0x04, 0x3c, 0x00, 0x00,
		0x84, 0x24, 0x00, 0x00,
	},
	{
		0x00, 0x0c, 0x02, 0x00, 0x05, 0x24, 0x06, 0x00,
		0x02, 0x24, 0x1b, 0x00, 0x00, 0x10, 0x00, 0x00,
		0x82, 0xa3, 0x10, 0x00,
	},
	{
		0xa0, 0xaf, 0xfc, 0x00, 0x04, 0x24, 0xfd, 0x00,
		0x05, 0x24, 0x21, 0x30, 0x00, 0x00, 0x00, 0x00,
		0x00, 0x0c, 0x21, 0x38,
	},
	{
		0x00, 0x00, 0x01, 0x00, 0x01, 0x24, 0x12, 0x00,
		0x41, 0x14, 0x00, 0x00, 0x00, 0x00, 0x00, 0x00,
		0x00, 0x0c, 0x00, 0x00,
	},
	{
		0x00, 0x00, 0x00, 0x00, 0x00, 0x0c, 0x01, 0x00,
		0x04, 0x24, 0x00, 0x00, 0x00, 0x0c, 0x01, 0x00,
		0x04, 0x24, 0x00, 0x00,
	},
	{
		0x00, 0x0c, 0x21, 0x20, 0x00, 0x00, 0x00, 0x00,
		0x00, 0x0c, 0x00, 0x00, 0x00, 0x00, 0x00, 0x00,
		0x80, 0xa7, 0x00, 0x00,
	},
	{
		0x80, 0xa3, 0xac, 0x0f, 0x04, 0x24, 0x00, 0x00,
		0x00, 0x0c, 0x21, 0x28, 0x00, 0x02, 0x01, 0x00,
		0x02, 0x24, 0x00, 0x00,
	},
	{
		0x82, 0xaf, 0x1c, 0x00, 0xbf, 0x8f, 0x18, 0x00,
		0xb0, 0x8f, 0x08, 0x00, 0xe0, 0x03, 0x20, 0x00,
		0xbd, 0x27, 0xd8, 0xff,
	},
	{
		0xbd, 0x27, 0x20, 0x00, 0xbf, 0xaf, 0x1c, 0x00,
		0xb1, 0xaf, 0x00, 0x00, 0x82, 0x83, 0x18, 0x00,
		0xb0, 0xaf, 0x07, 0x00,
	},
	{
		0x41, 0x2c, 0xc8, 0x00, 0x20, 0x10, 0x21, 0x88,
		0x80, 0x00, 0x00, 0x00, 0x03, 0x3c, 0x00, 0x00,
		0x63, 0x24, 0x80, 0x10,
	},
	{
		0x02, 0x00, 0x21, 0x10, 0x43, 0x00, 0x00, 0x00,
		0x42, 0x8c, 0x00, 0x00, 0x00, 0x00, 0x08, 0x00,
		0x40, 0x00, 0x00, 0x00,
	},
	{
		0x00, 0x00, 0x00, 0x00, 0x00, 0x0c, 0x08, 0x00,
		0x04, 0x24, 0x00, 0x00, 0x00, 0x0c, 0x00, 0x00,
		0x00, 0x00, 0x00, 0x00,
	},
	{
		0x00, 0x0c, 0x0a, 0x00, 0x04, 0x24, 0x00, 0x00,
		0x04, 0x3c, 0x00, 0x00, 0x84, 0x24, 0x00, 0x00,
		0x00, 0x0c, 0x04, 0x00,
	},
	{
		0x05, 0x24, 0x00, 0x00, 0x04, 0x3c, 0x00, 0x00,
		0x84, 0x24, 0x00, 0x00, 0x00, 0x0c, 0x0a, 0x00,
		0x05, 0x24, 0x08, 0x00,
	},
	{
		0x04, 0x24, 0x00, 0x00, 0x00, 0x0c, 0x09, 0x00,
		0x05, 0x24, 0x01, 0x00, 0x02, 0x24, 0x00, 0x00,
		0x80, 0xa7, 0x00, 0x00,
	},
	{
		0x82, 0xa3, 0x00, 0x00, 0x00, 0x0c, 0x04, 0x00,
		0x04, 0x24, 0xa9, 0x00, 0x00, 0x10, 0x20, 0x00,
		0xbf, 0x8f, 0x00, 0x00,
	},
	{
		0x00, 0x0c, 0x04, 0x00, 0x04, 0x24, 0x10, 0x00,
		0xa0, 0xaf, 0x00, 0x00, 0x01, 0x3c, 0x00, 0x00,
		0x26, 0x8c, 0xfc, 0x00,
	},
	{
		0x04, 0x24, 0x00, 0x00, 0x01, 0x3c, 0x08, 0x00,
		0x27, 0x8c, 0x00, 0x00, 0x00, 0x0c, 0xff, 0x00,
		0x05, 0x24, 0x01, 0x00,
	},
	{
		0x01, 0x24, 0x9b, 0x00, 0x41, 0x14, 0x00, 0x00,
		0x00, 0x00, 0x08, 0x00, 0x04, 0x24, 0x00, 0x00,
		0x00, 0x0c, 0x0e, 0x00,
	},
	{
		0x05, 0x24, 0x00, 0x00, 0x84, 0x87, 0x00, 0x00,
		0x85, 0x87, 0x00, 0x00, 0x82, 0xaf, 0x00, 0x00,
		0x00, 0x0c, 0x21, 0x30,
	},
	{
		0x00, 0x00, 0x02, 0x00, 0x02, 0x24, 0x90, 0x00,
		0x00, 0x10, 0x00, 0x00, 0x82, 0xa3, 0x10, 0x00,
		0xa0, 0xaf, 0x00, 0x00,
	},
	{
		0x01, 0x3c, 0x00, 0x00, 0x26, 0x8c, 0xfc, 0x00,
		0x04, 0x24, 0x00, 0x00, 0x01, 0x3c, 0x08, 0x00,
		0x27, 0x8c, 0x00, 0x00,
	},
	{
		0x00, 0x0c, 0xff, 0x00, 0x05, 0x24, 0x01, 0x00,
		0x01, 0x24, 0x85, 0x00, 0x41, 0x14, 0x00, 0x00,
		0x00, 0x00, 0x00, 0x00,
	},
	{
		0x01, 0x3c, 0x00, 0x00, 0x04, 0x3c, 0x04, 0x00,
		0x22, 0x8c, 0x50, 0x0a, 0x03, 0x24, 0x72, 0x00,
		0x43, 0xa4, 0x00, 0x00,
	},
	{
		0x84, 0x24, 0x00, 0x00, 0x00, 0x0c, 0x04, 0x00,
		0x05, 0x24, 0x03, 0x00, 0x02, 0x24, 0x00, 0x00,
		0x82, 0xa3, 0x00, 0x00,
	},
	{
		0x82, 0x83, 0x01, 0x00, 0x01, 0x24, 0x77, 0x00,
		0x41, 0x14, 0x00, 0x00, 0x00, 0x00, 0x00, 0x00,
		0x00, 0x0c, 0x00, 0x00,
	},
	{
		0x00, 0x00, 0x74, 0x00, 0x00, 0x10, 0x20, 0x00,
		0xbf, 0x8f, 0x00, 0x00, 0x82, 0x87, 0x00, 0x00,
		0x01, 0x3c, 0x01, 0x00,
	},
	{
		0x42, 0x20, 0x00, 0x00, 0x82, 0xa7, 0x30, 0x00,
		0x22, 0x90, 0x00, 0x00, 0x00, 0x00, 0x02, 0x00,
		0x42, 0x34, 0x00, 0x00,
	},
	{
		0x01, 0x3c, 0x30, 0x00, 0x22, 0xa0, 0x00, 0x00,
		0x82, 0x83, 0x01, 0x00, 0x01, 0x24, 0x04, 0x00,
		0x41, 0x14, 0x0a, 0x00,
	},
	{
		0x10, 0x24, 0x00, 0x00, 0x00, 0x0c, 0x00, 0x00,
		0x00, 0x00, 0x21, 0x80, 0x40, 0x00, 0x00, 0x00,
		0x82, 0x87, 0x00, 0x00,
	},
	{
		0x00, 0x00, 0xb0, 0x04, 0x41, 0x28, 0x06, 0x00,
		0x20, 0x10, 0x00, 0x00, 0x00, 0x00, 0x00, 0x00,
		0x82, 0x8f, 0x00, 0x00,
	},
	{
		0x00, 0x00, 0x10, 0x00, 0x42, 0x30, 0x05, 0x00,
		0x40, 0x10, 0x00, 0x00, 0x00, 0x00, 0x00, 0x00,
		0x82, 0x83, 0x00, 0x00,
	},
	{
		0x00, 0x00, 0x07, 0x00, 0x40, 0x10, 0x00, 0x00,
		0x00, 0x00, 0x00, 0x00, 0x82, 0x83, 0x01, 0x00,
		0x01, 0x24, 0x51, 0x00,
	},
	{
		0x41, 0x14, 0x00, 0x00, 0x00, 0x00, 0x4f, 0x00,
		0x00, 0x06, 0x00, 0x00, 0x00, 0x00, 0x00, 0x00,
		0x84, 0x87, 0x00, 0x00,
	},
	{
		0x85, 0x87, 0x00, 0x00, 0x00, 0x0c, 0x01, 0x00,
		0x06, 0x24, 0x00, 0x00, 0x01, 0x3c, 0x00, 0x00,
		0x24, 0x8c, 0x21, 0x28,
	},
	{
		0x20, 0x02, 0x00, 0x00, 0x00, 0x0c, 0x21, 0x30,
		0x00, 0x02, 0x00, 0x00, 0x04, 0x3c, 0x00, 0x00,
		0x84, 0x24, 0x00, 0x00,
	},
	{
		0x00, 0x0c, 0x12, 0x00, 0x05, 0x24, 0x08, 0x00,
		0x04, 0x24, 0x00, 0x00, 0x00, 0x0c, 0x0a, 0x00,
		0x05, 0x24, 0x00, 0x00,
	},
	{
		0x84, 0x8f, 0x00, 0x00, 0x00, 0x0c, 0x00, 0x00,
		0x00, 0x00, 0x00, 0x00, 0x01, 0x3c, 0x04, 0x00,
		0x22, 0x8c, 0x0a, 0x00,
	},
	{
		0x05, 0x24, 0x00, 0x00, 0x00, 0x0c, 0x78, 0x00,
		0x44, 0x24, 0x04, 0x00, 0x02, 0x24, 0x34, 0x00,
		0x00, 0x10, 0x00, 0x00,
	},
	{
		0x82, 0xa3, 0x00, 0x00, 0x00, 0x0c, 0x00, 0x00,
		0x00, 0x00, 0x01, 0x00, 0x01, 0x24, 0x2f, 0x00,
		0x41, 0x14, 0x00, 0x00,
	},
	{
		0x00, 0x00, 0x05, 0x00, 0x02, 0x24, 0x00, 0x00,
		0x80, 0xa7, 0x2b, 0x00, 0x00, 0x10, 0x00, 0x00,
		0x82, 0xa3, 0x00, 0x00,
	},
	{
		0x82, 0x87, 0x00, 0x00, 0x00, 0x00, 0x01, 0x00,
		0x42, 0x20, 0x00, 0x00, 0x82, 0xa7, 0x00, 0x00,
		0x82, 0x87, 0x00, 0x00,
	},
	{
		0x00, 0x00, 0x14, 0x00, 0x41, 0x28, 0x22, 0x00,
		0x20, 0x14, 0x00, 0x00, 0x00, 0x00, 0x00, 0x00,
		0x04, 0x3c, 0x00, 0x00,
	},
	{
		0x84, 0x24, 0x00, 0x00, 0x00, 0x0c, 0x04, 0x00,
		0x05, 0x24, 0x06, 0x00, 0x02, 0x24, 0x1b, 0x00,
		0x00, 0x10, 0x00, 0x00,
	},
	{
		0x82, 0xa3, 0x10, 0x00, 0xa0, 0xaf, 0x00, 0x00,
		0x01, 0x3c, 0x00, 0x00, 0x26, 0x8c, 0xfc, 0x00,
		0x04, 0x24, 0x00, 0x00,
	},
	{
		0x01, 0x3c, 0x08, 0x00, 0x27, 0x8c, 0x00, 0x00,
		0x00, 0x0c, 0xff, 0x00, 0x05, 0x24, 0x01, 0x00,
		0x01, 0x24, 0x10, 0x00,
	},
	{
		0x41, 0x14, 0x00, 0x00, 0x00, 0x00, 0x00, 0x00,
		0x00, 0x0c, 0x00, 0x00, 0x00, 0x00, 0x00, 0x00,
		0x00, 0x0c, 0x01, 0x00,
	},
	{
		0x04, 0x24, 0x00, 0x00, 0x00, 0x0c, 0x01, 0x00,
		0x04, 0x24, 0x00, 0x00, 0x00, 0x0c, 0x00, 0x00,
		0x00, 0x00, 0x00, 0x00,
	},
	{
		0x80, 0xa7, 0x00, 0x00, 0x80, 0xa3, 0xad, 0x0f,
		0x04, 0x24, 0x00, 0x00, 0x00, 0x0c, 0x21, 0x28,
		0x20, 0x02, 0x01, 0x00,
	},
	{
		0x02, 0x24, 0x00, 0x00, 0x82, 0xaf, 0x20, 0x00,
		0xbf, 0x8f, 0x1c, 0x00, 0xb1, 0x8f, 0x18, 0x00,
		0xb0, 0x8f, 0x08, 0x00,
	},
	{
		0xe0, 0x03, 0x28, 0x00, 0xbd, 0x27, 0xd8, 0xff,
		0xbd, 0x27, 0x20, 0x00, 0xbf, 0xaf, 0x1c, 0x00,
		0xb1, 0xaf, 0x00, 0x00,
	},
	{
		0x82, 0x83, 0x18, 0x00, 0xb0, 0xaf, 0x07, 0x00,
		0x41, 0x2c, 0xfa, 0x00, 0x20, 0x10, 0x21, 0x88,
		0x80, 0x00, 0x00, 0x00,
	},
	{
		0x03, 0x3c, 0x00, 0x00, 0x63, 0x24, 0x80, 0x10,
		0x02, 0x00, 0x21, 0x10, 0x43, 0x00, 0x00, 0x00,
		0x42, 0x8c, 0x00, 0x00,
	},
	{
		0x00, 0x00, 0x08, 0x00, 0x40, 0x00, 0x00, 0x00,
		0x00, 0x00, 0x00, 0x00, 0x00, 0x0c, 0x08, 0x00,
		0x04, 0x24, 0x00, 0x00,
	},
	{
		0x00, 0x0c, 0x0a, 0x00, 0x04, 0x24, 0x00, 0x00,
		0x04, 0x3c, 0x00, 0x00, 0x84, 0x24, 0x00, 0x00,
		0x00, 0x0c, 0x04, 0x00,
	},
	{
		0x05, 0x24, 0x00, 0x00, 0x04, 0x3c, 0x00, 0x00,
		0x84, 0x24, 0x00, 0x00, 0x00, 0x0c, 0x0a, 0x00,
		0x05, 0x24, 0x01, 0x00,
	},
	{
		0x02, 0x24, 0x00, 0x00, 0x80, 0xa7, 0x00, 0x00,
		0x82, 0xa3, 0x00, 0x00, 0x00, 0x0c, 0x03, 0x00,
		0x04, 0x24, 0xe0, 0x00,
	},
	{
		0x00, 0x10, 0x20, 0x00, 0xbf, 0x8f, 0x10, 0x00,
		0xa0, 0xaf, 0x00, 0x00, 0x01, 0x3c, 0x00, 0x00,
		0x26, 0x8c, 0xfc, 0x00,
	},
	{
		0x04, 0x24, 0x00, 0x00, 0x01, 0x3c, 0x08, 0x00,
		0x27, 0x8c, 0x00, 0x00, 0x00, 0x0c, 0xff, 0x00,
		0x05, 0x24, 0x01, 0x00,
	},
	{
		0x01, 0x24, 0xd4, 0x00, 0x41, 0x14, 0x00, 0x00,
		0x00, 0x00, 0x00, 0x00, 0x01, 0x3c, 0x04, 0x00,
		0x22, 0x8c, 0x00, 0x08,
	},
	{
		0x03, 0x24, 0x72, 0x00, 0x43, 0xa4, 0x00, 0x00,
		0x84, 0x87, 0x00, 0x00, 0x85, 0x87, 0x00, 0x00,
		0x00, 0x0c, 0x01, 0x00,
	},
	{
		0x06, 0x24, 0x00, 0x00, 0x84, 0x87, 0x00, 0x00,
		0x85, 0x87, 0x00, 0x00, 0x00, 0x0c, 0x21, 0x30,
		0x00, 0x00, 0x00, 0x00,
	},
	{
		0x84, 0x87, 0x00, 0x00, 0x85, 0x87, 0x00, 0x00,
		0x00, 0x0c, 0x00, 0x00, 0x00, 0x00, 0x02, 0x00,
		0x02, 0x24, 0x00, 0x00,
	},
	{
		0x82, 0xa3, 0x00, 0x00, 0x82, 0x83, 0x01, 0x00,
		0x01, 0x24, 0xbe, 0x00, 0x41, 0x14, 0x00, 0x00,
		0x80, 0xa7, 0x00, 0x00,
	},
	{
		0x00, 0x0c, 0x00, 0x00, 0x00, 0x00, 0xbb, 0x00,
		0x00, 0x10, 0x20, 0x00, 0xbf, 0x8f, 0x00, 0x00,
		0x82, 0x87, 0x04, 0x00,
	},
	{
		0x01, 0x24, 0x01, 0x00, 0x42, 0x20, 0x00, 0x00,
		0x82, 0xa7, 0x00, 0x00, 0x82, 0x87, 0x00, 0x00,
		0x00, 0x00, 0x01, 0x00,
	},
	{
		0x42, 0x20, 0x00, 0x00, 0x82, 0xa7, 0x00, 0x00,
		0x82, 0x87, 0x00, 0x00, 0x00, 0x00, 0xae, 0x00,
		0x41, 0x14, 0x00, 0x00,
	},
	{
		0x00, 0x00, 0x00, 0x00, 0x01, 0x3c, 0x04, 0x00,
		0x24, 0x8c, 0x00, 0x00, 0x00, 0x0c, 0x25, 0x00,
		0x05, 0x24, 0x00, 0x00,
	},
	{
		0x06, 0x3c, 0x10, 0x00, 0xa0, 0xaf, 0x21, 0x20,
		0x00, 0x00, 0x21, 0x28, 0x00, 0x00, 0x00, 0x00,
		0xc6, 0x24, 0x00, 0x00,
	},
	{
		0x00, 0x0c, 0x21, 0x38, 0x00, 0x00, 0x00, 0x00,
		0x06, 0x3c, 0x10, 0x00, 0xa0, 0xaf, 0x21, 0x20,
		0x00, 0x00, 0x21, 0x28,
	},
	{
		0x00, 0x00, 0x08, 0x00, 0xc6, 0x24, 0x00, 0x00,
		0x00, 0x0c, 0x21, 0x38, 0x00, 0x00, 0x00, 0x00,
		0x06, 0x3c, 0x10, 0x00,
	},
	{
		0xa0, 0xaf, 0x21, 0x20, 0x00, 0x00, 0x21, 0x28,
		0x00, 0x00, 0x10, 0x00, 0xc6, 0x24, 0x00, 0x00,
		0x00, 0x0c, 0x21, 0x38,
	},
	{
		0x00, 0x00, 0x08, 0x00, 0x04, 0x24, 0x00, 0x00,
		0x00, 0x0c, 0x04, 0x00, 0x05, 0x24, 0x03, 0x00,
		0x02, 0x24, 0x00, 0x00,
	},
	{
		0x80, 0xa7, 0x8e, 0x00, 0x00, 0x10, 0x00, 0x00,
		0x82, 0xa3, 0x00, 0x00, 0x82, 0x87, 0x00, 0x00,
		0x00, 0x00, 0x01, 0x00,
	},
	{
		0x42, 0x20, 0x00, 0x00, 0x82, 0xa7, 0x00, 0x00,
		0x82, 0x87, 0x00, 0x00, 0x00, 0x00, 0x1e, 0x00,
		0x41, 0x28, 0x08, 0x00,
	},
	{
		0x20, 0x14, 0x00, 0x00, 0x00, 0x00, 0x00, 0x00,
		0x84, 0x87, 0x00, 0x00, 0x85, 0x87, 0x00, 0x00,
		0x00, 0x0c, 0x00, 0x00,
	},
	{
		0x00, 0x00, 0x02, 0x00, 0x02, 0x24, 0x00, 0x00,
		0x80, 0xa7, 0x00, 0x00, 0x82, 0xa3, 0x00, 0x00,
		0x82, 0x8f, 0x00, 0x00,
	},
	{
		0x00, 0x00, 0x10, 0x00, 0x42, 0x30, 0x03, 0x00,
		0x40, 0x10, 0x00, 0x00, 0x00, 0x00, 0xb0, 0x04,
		0x02, 0x24, 0x00, 0x00,
	},
};

PositionDataRaw STD_D_8007C7B0[4] = {
	{
		{
			0x82, 0xa7, 0x00, 0x00, 0x82, 0x87, 0x00, 0x00,
			0x00, 0x00, 0x01, 0x00, 0x42, 0x20, 0x00, 0x00,
			0x82, 0xa7, 0x00, 0x00, 0x82, 0x83, 0x01, 0x00,
			0x01, 0x24, 0x04, 0x00, 0x41, 0x14, 0x0a, 0x00,
			0x10, 0x24, 0x00, 0x00, 0x00, 0x0c, 0x00, 0x00,
			0x00, 0x00, 0x21, 0x80, 0x40, 0x00, 0x00, 0x00,
			0x82, 0x87, 0x00, 0x00, 0x00, 0x00, 0xb0, 0x04,
			0x41, 0x28, 0x05, 0x00, 0x20, 0x14, 0x00, 0x00,
			0x00, 0x00, 0x00, 0x00, 0x82, 0x83, 0x00, 0x00,
			0x00, 0x00, 0x07, 0x00, 0x40, 0x10, 0x00, 0x00,
			0x00, 0x00, 0x00, 0x00, 0x82, 0x83, 0x01, 0x00,
			0x01, 0x24, 0x5f, 0x00, 0x41, 0x14, 0x00, 0x00,
			0x00, 0x00, 0x5d, 0x00, 0x00, 0x06, 0x00, 0x00,
			0x00, 0x00, 0x00, 0x00, 0x84, 0x87, 0x00, 0x00,
			0x85, 0x87, 0x00, 0x00, 0x00, 0x0c, 0x21, 0x30,
			0x00, 0x00, 0x00, 0x00, 0x84, 0x87, 0x00, 0x00,
			0x85, 0x87, 0x00, 0x00, 0x00, 0x0c, 0x01, 0x00,
		},
	},
	{
		{
			0x06, 0x24, 0x00, 0x00, 0x01, 0x3c, 0x00, 0x00,
			0x24, 0x8c, 0x21, 0x28, 0x20, 0x02, 0x00, 0x00,
			0x00, 0x0c, 0x21, 0x30, 0x00, 0x02, 0x00, 0x00,
			0x04, 0x3c, 0x00, 0x00, 0x84, 0x24, 0x00, 0x00,
			0x00, 0x0c, 0x12, 0x00, 0x05, 0x24, 0x00, 0x00,
			0x01, 0x3c, 0x04, 0x00, 0x22, 0x8c, 0x0a, 0x00,
			0x05, 0x24, 0x00, 0x00, 0x00, 0x0c, 0x78, 0x00,
			0x44, 0x24, 0x08, 0x00, 0x04, 0x24, 0x00, 0x00,
			0x00, 0x0c, 0x0a, 0x00, 0x05, 0x24, 0x04, 0x00,
			0x02, 0x24, 0x41, 0x00, 0x00, 0x10, 0x00, 0x00,
			0x82, 0xa3, 0x00, 0x00, 0x00, 0x0c, 0x00, 0x00,
			0x00, 0x00, 0x01, 0x00, 0x01, 0x24, 0x3c, 0x00,
			0x41, 0x14, 0x00, 0x00, 0x00, 0x00, 0x05, 0x00,
			0x02, 0x24, 0x00, 0x00, 0x80, 0xa7, 0x38, 0x00,
			0x00, 0x10, 0x00, 0x00, 0x82, 0xa3, 0x00, 0x00,
			0x82, 0x87, 0x00, 0x00, 0x00, 0x00, 0x01, 0x00,
			0x42, 0x20, 0x00, 0x00, 0x82, 0xa7, 0x00, 0x00,
		},
	},
	{
		{
			0x82, 0x87, 0x00, 0x00, 0x00, 0x00, 0x14, 0x00,
			0x41, 0x28, 0x2f, 0x00, 0x20, 0x14, 0x00, 0x00,
			0x00, 0x00, 0x00, 0x00, 0x01, 0x3c, 0x04, 0x00,
			0x22, 0x8c, 0x00, 0x00, 0x01, 0x3c, 0x04, 0x00,
			0x24, 0x8c, 0x00, 0x00, 0x00, 0x0c, 0x78, 0x00,
			0x45, 0x24, 0x00, 0x00, 0x04, 0x3c, 0x00, 0x00,
			0x84, 0x24, 0x00, 0x00, 0x00, 0x0c, 0x04, 0x00,
			0x05, 0x24, 0x06, 0x00, 0x02, 0x24, 0x22, 0x00,
			0x00, 0x10, 0x00, 0x00, 0x82, 0xa3, 0x10, 0x00,
			0xa0, 0xaf, 0xfc, 0x00, 0x04, 0x24, 0xfd, 0x00,
			0x05, 0x24, 0x21, 0x30, 0x00, 0x00, 0x00, 0x00,
			0x00, 0x0c, 0x21, 0x38, 0x00, 0x00, 0x01, 0x00,
			0x01, 0x24, 0x19, 0x00, 0x41, 0x14, 0x00, 0x00,
			0x00, 0x00, 0x00, 0x00, 0x00, 0x0c, 0x00, 0x00,
			0x00, 0x00, 0x00, 0x00, 0x00, 0x0c, 0x01, 0x00,
			0x04, 0x24, 0x00, 0x00, 0x04, 0x3c, 0x00, 0x00,
			0x05, 0x3c, 0x00, 0x00, 0x86, 0x87, 0x00, 0x00,
		},
	},
	{
		{
			0x87, 0x87, 0x00, 0x00, 0x84, 0x24, 0x00, 0x00,
			0x00, 0x0c, 0x00, 0x00, 0xa5, 0x24, 0x00, 0x00,
			0x00, 0x0c, 0x21, 0x20, 0x00, 0x00, 0x00, 0x00,
			0x00, 0x0c, 0x00, 0x00, 0x00, 0x00, 0x00, 0x00,
			0x00, 0x0c, 0x01, 0x00, 0x04, 0x24, 0x00, 0x00,
			0x80, 0xa7, 0x00, 0x00, 0x80, 0xa3, 0xae, 0x0f,
			0x04, 0x24, 0x00, 0x00, 0x00, 0x0c, 0x21, 0x28,
			0x20, 0x02, 0x01, 0x00, 0x02, 0x24, 0x00, 0x00,
			0x82, 0xaf, 0x20, 0x00, 0xbf, 0x8f, 0x1c, 0x00,
			0xb1, 0x8f, 0x18, 0x00, 0xb0, 0x8f, 0x08, 0x00,
			0xe0, 0x03, 0x28, 0x00, 0xbd, 0x27, 0xe0, 0xff,
			0xbd, 0x27, 0x1c, 0x00, 0xbf, 0xaf, 0x00, 0x00,
			0x82, 0x83, 0x18, 0x00, 0xb0, 0xaf, 0x07, 0x00,
			0x41, 0x2c, 0x13, 0x01, 0x20, 0x10, 0x21, 0x80,
			0x80, 0x00, 0x00, 0x00, 0x03, 0x3c, 0x00, 0x00,
			0x63, 0x24, 0x80, 0x10, 0x02, 0x00, 0x21, 0x10,
			0x43, 0x00, 0x00, 0x00, 0x42, 0x8c, 0x00, 0x00,
		},
	},
};

int32_t D_8007C9D0[64] = {
	0x00080000, 0x00000040, 0x00000000, 0x00003c04,
	0x00003c05, 0x00008786, 0x00008787, 0x00002484,
	0x00000c00, 0x000024a5, 0x00080c00, 0x00002404,
	0x000a0c00, 0x00002404, 0x00003c04, 0x00002484,
	0x00040c00, 0x00002405, 0x00003c04, 0x00002484,
	0x000a0c00, 0x00082405, 0x00002404, 0x00090c00,
	0x00012405, 0x00002402, 0x0000a780, 0x0000a382,
	0x00030c00, 0x00ef2404, 0x001c1000, 0x00108fbf,
	0x0000afa0, 0x00003c01, 0x00fc8c26, 0x00002404,
	0x00083c01, 0x00008c27, 0x00ff0c00, 0x00012405,
	0x00e32401, 0x00001441, 0x00000000, 0x00043c01,
	0x00008c22, 0x00043c01, 0x00008c24, 0x00780c00,
	0x00002445, 0x00043c01, 0x00008c24, 0x00250c00,
	0x00002405, 0x00008784, 0x00008785, 0x30210c00,
	0x00020000, 0x00002402, 0x0000a382, 0x00018382,
	0x00cf2401, 0x00001441, 0x0000a780, 0x00000c00,
};

int32_t STD_D_8007CAD0[34] = {
	0x00cc0000, 0x001c1000, 0x00008fbf, 0x30218782,
	0x00010000, 0x00002042, 0x0010a782, 0x00c8afa0,
	0x00142402, 0x0000afa2, 0x00008784, 0x00008785,
	0x00280c00, 0x00012407, 0x00bd2401, 0x00001441,
	0x00000000, 0x00103c06, 0x2021afa0, 0x28210000,
	0x00000000, 0x000024c6, 0x38210c00, 0x00000000,
	0x00008784, 0x00008785, 0x00010c00, 0x00002406,
	0x00008784, 0x00008785, 0x30210c00, 0x00000000,
	0x00008784, 0x00008785,
};

int32_t STD_D_8007CB58[34] = {
	0x00000c00, 0x00000000, 0x0008a780, 0x00002404,
	0x00100c00, 0x00032405, 0x00a32402, 0x00001000,
	0x0000a382, 0x00303c01, 0x00009022, 0x00020000,
	0x00003442, 0x00303c01, 0x0000a022, 0x00008782,
	0x00010000, 0x00002042, 0x0000a782, 0x00008782,
	0x001e0000, 0x001c2841, 0x00001420, 0x00000000,
	0x00043c01, 0x00008c22, 0x00043c01, 0x00008c24,
	0x00780c00, 0x00002445, 0x00003c04, 0x00002484,
	0x00250c00, 0x00002405,
};

int32_t STD_D_8007CBE0[28] = {
	0x00003c04, 0x00003c05, 0x00008786, 0x00008787,
	0x00002484, 0x00000c00, 0x000024a5, 0x00008784,
	0x00008785, 0x30210c00, 0x00000000, 0x00008784,
	0x00008785, 0x00010c00, 0x00022406, 0x00002402,
	0x0000a382, 0x00008f82, 0x00100000, 0x00033042,
	0x00001040, 0x04b00000, 0x00002402, 0x0000a782,
	0x00018383, 0x00032401, 0x000a1461, 0x00002402,
};

int16_t STD_D_8007CC50[12] = {
	0x0c00, 0x0000, 0x0000, 0x0000, 0x8783, 0x0000, 0x0000, 0x04b0,
	0x2861, 0x0005, 0x1420, 0x0000,
};

int32_t STD_D_8007CC68[4] = {
	0x00000000, 0x00008383, 0x00070000, 0x00001060,
};

int16_t STD_D_8007CC78[22] = {
	0x0000, 0x0000, 0x8383, 0x0001, 0x2401, 0x005f, 0x1461, 0x0000,
	0x0000, 0x005d, 0x0440, 0x0000, 0x0000, 0x0000, 0x3c01, 0x0000,
	0x8c24, 0x0003, 0x2405, 0x0000, 0x0c00, 0x3021,
};

int16_t STD_D_8007CCA4[22] = {
	0x0040, 0x0000, 0x3c04, 0x0000, 0x2484, 0x0000, 0x0c00, 0x0012,
	0x2405, 0x0000, 0x3c01, 0x0004, 0x8c22, 0x000a, 0x2405, 0x0000,
	0x0c00, 0x0078, 0x2444, 0x0008, 0x2404, 0x0000,
};

int16_t STD_D_8007CCD0[22] = {
	0x0c00, 0x000a, 0x2405, 0x0004, 0x2402, 0x0049, 0x1000, 0x0000,
	0xa382, 0x0000, 0x0c00, 0x0000, 0x0000, 0x0001, 0x2401, 0x0044,
	0x1441, 0x0000, 0x0000, 0x0000, 0x8784, 0x0000,
};

int16_t STD_D_8007CCFC[22] = {
	0x8785, 0x0000, 0x0c00, 0x0001, 0x2406, 0x0000, 0x8784, 0x0000,
	0x8785, 0x0000, 0x0c00, 0x0001, 0x2406, 0x0005, 0x2402, 0x0000,
	0xa780, 0x0038, 0x1000, 0x0000, 0xa382, 0x0000,
};

char STD_D_8007CD28[10240] = {
	0x82, 0x87, 0x00, 0x00, 0x00, 0x00, 0x01, 0x00,
	0x42, 0x20, 0x00, 0x00, 0x82, 0xa7, 0x00, 0x00,
	0x82, 0x87, 0x00, 0x00, 0x00, 0x00, 0x14, 0x00,
	0x41, 0x28, 0x2f, 0x00, 0x20, 0x14, 0x00, 0x00,
	0x00, 0x00, 0x00, 0x00, 0x01, 0x3c, 0x04, 0x00,
	0x22, 0x8c, 0x00, 0x00, 0x01, 0x3c, 0x04, 0x00,
	0x24, 0x8c, 0x00, 0x00, 0x00, 0x0c, 0x78, 0x00,
	0x45, 0x24, 0x00, 0x00, 0x04, 0x3c, 0x00, 0x00,
	0x84, 0x24, 0x00, 0x00, 0x00, 0x0c, 0x04, 0x00,
	0x05, 0x24, 0x06, 0x00, 0x02, 0x24, 0x22, 0x00,
	0x00, 0x10, 0x00, 0x00, 0x82, 0xa3, 0x10, 0x00,
	0xa0, 0xaf, 0xfc, 0x00, 0x04, 0x24, 0xfd, 0x00,
	0x05, 0x24, 0x21, 0x30, 0x00, 0x00, 0x00, 0x00,
	0x00, 0x0c, 0x21, 0x38, 0x00, 0x00, 0x01, 0x00,
	0x01, 0x24, 0x19, 0x00, 0x41, 0x14, 0x00, 0x00,
	0x00, 0x00, 0x00, 0x00, 0x00, 0x0c, 0x00, 0x00,
	0x00, 0x00, 0x00, 0x00, 0x00, 0x0c, 0x01, 0x00,
	0x04, 0x24, 0x00, 0x00, 0x04, 0x3c, 0x00, 0x00,
	0x05, 0x3c, 0x00, 0x00, 0x86, 0x87, 0x00, 0x00,
	0x87, 0x87, 0x00, 0x00, 0x84, 0x24, 0x00, 0x00,
	0x00, 0x0c, 0x00, 0x00, 0xa5, 0x24, 0x00, 0x00,
	0x00, 0x0c, 0x21, 0x20, 0x00, 0x00, 0x00, 0x00,
	0x00, 0x0c, 0x00, 0x00, 0x00, 0x00, 0x00, 0x00,
	0x00, 0x0c, 0x01, 0x00, 0x04, 0x24, 0x00, 0x00,
	0x80, 0xa7, 0x00, 0x00, 0x80, 0xa3, 0xae, 0x0f,
	0x04, 0x24, 0x00, 0x00, 0x00, 0x0c, 0x21, 0x28,
	0x00, 0x02, 0x01, 0x00, 0x02, 0x24, 0x00, 0x00,
	0x82, 0xaf, 0x1c, 0x00, 0xbf, 0x8f, 0x18, 0x00,
	0xb0, 0x8f, 0x08, 0x00, 0xe0, 0x03, 0x20, 0x00,
	0xbd, 0x27, 0xd0, 0xff, 0xbd, 0x27, 0x2c, 0x00,
	0xbf, 0xaf, 0x28, 0x00, 0xb6, 0xaf, 0x24, 0x00,
	0xb5, 0xaf, 0x20, 0x00, 0xb4, 0xaf, 0x1c, 0x00,
	0xb3, 0xaf, 0x18, 0x00, 0xb2, 0xaf, 0x14, 0x00,
	0xb1, 0xaf, 0x10, 0x00, 0xb0, 0xaf, 0x00, 0x84,
	0x00, 0x00, 0x00, 0x94, 0x00, 0x00, 0x00, 0x9c,
	0x00, 0x00, 0x21, 0xa8, 0xa0, 0x00, 0x21, 0xb0,
	0xc0, 0x00, 0x21, 0x88, 0x00, 0x00, 0x03, 0x84,
	0x10, 0x00, 0x21, 0xa0, 0x00, 0x00, 0x03, 0x94,
	0x12, 0x00, 0x03, 0x00, 0x01, 0x24, 0x11, 0x00,
	0xa1, 0x12, 0x03, 0x9c, 0x13, 0x00, 0x01, 0x00,
	0x01, 0x24, 0x1c, 0x00, 0xa1, 0x16, 0x00, 0x00,
	0x00, 0x00, 0x78, 0x00, 0x02, 0x24, 0x00, 0x84,
	0x02, 0x00, 0x0a, 0x00, 0x02, 0x24, 0x00, 0x9c,
	0x02, 0x00, 0x02, 0x00, 0x02, 0x24, 0x00, 0x94,
	0x02, 0x00, 0x01, 0x00, 0x02, 0x24, 0x00, 0xa4,
	0x02, 0x00, 0x03, 0x84, 0x10, 0x00, 0x03, 0x9c,
	0x13, 0x00, 0x03, 0x94, 0x12, 0x00, 0x0f, 0x00,
	0x00, 0x10, 0x03, 0xa4, 0x14, 0x00, 0x02, 0x00,
	0x03, 0x24, 0x78, 0x00, 0x02, 0x24, 0x00, 0x84,
	0x02, 0x00, 0x0a, 0x00, 0x02, 0x24, 0x00, 0x9c,
	0x02, 0x00, 0x21, 0x10, 0x60, 0x00, 0x00, 0x8c,
	0x03, 0x00, 0x00, 0x94, 0x02, 0x00, 0x00, 0xa4,
	0x03, 0x00, 0x03, 0x84, 0x10, 0x00, 0x03, 0x8c,
	0x11, 0x00, 0x03, 0x9c, 0x13, 0x00, 0x03, 0x94,
	0x12, 0x00, 0x03, 0xa4, 0x14, 0x00, 0x00, 0x00,
	0x00, 0x0c, 0x21, 0x28, 0x00, 0x00, 0x00, 0x00,
	0x01, 0x3c, 0x4c, 0x00, 0x23, 0x84, 0x00, 0x14,
	0x02, 0x00, 0x10, 0x00, 0x64, 0x30, 0x03, 0x14,
	0x02, 0x00, 0x15, 0x00, 0x80, 0x10, 0x21, 0x18,
	0x80, 0x00, 0x00, 0x00, 0x01, 0x3c, 0x4e, 0x00,
	0x24, 0x84, 0x00, 0x00, 0x00, 0x00, 0x18, 0x00,
	0x44, 0x00, 0x12, 0x20, 0x00, 0x00, 0x00, 0x00,
	0x00, 0x00, 0x00, 0x00, 0x00, 0x00, 0x18, 0x00,
	0x04, 0x02, 0xeb, 0x51, 0x04, 0x3c, 0x12, 0x28,
	0x00, 0x00, 0x1f, 0x85, 0x84, 0x34, 0x00, 0x00,
	0x00, 0x00, 0x18, 0x00, 0x85, 0x00, 0x10, 0x20,
	0x00, 0x00, 0xc2, 0x2f, 0x05, 0x00, 0x43, 0x21,
	0x04, 0x00, 0x21, 0x20, 0x85, 0x00, 0x00, 0x84,
	0x04, 0x00, 0x0d, 0x00, 0x00, 0x10, 0x03, 0x84,
	0x10, 0x00, 0x18, 0x00, 0x02, 0x02, 0x66, 0x66,
	0x04, 0x3c, 0x12, 0x28, 0x00, 0x00, 0x67, 0x66,
	0x84, 0x34, 0x00, 0x00, 0x00, 0x00, 0x18, 0x00,
	0x85, 0x00, 0x10, 0x20, 0x00, 0x00, 0xc2, 0x2f,
	0x05, 0x00, 0x83, 0x20, 0x04, 0x00, 0x21, 0x20,
	0x85, 0x00, 0x00, 0x84, 0x04, 0x00, 0x03, 0x84,
	0x10, 0x00, 0x15, 0x00, 0x60, 0x10, 0x00, 0x00,
	0x00, 0x00, 0x00, 0x00, 0x01, 0x3c, 0x4e, 0x00,
	0x23, 0x84, 0x00, 0x00, 0x00, 0x00, 0x18, 0x00,
	0x43, 0x00, 0x12, 0x10, 0x00, 0x00, 0x00, 0x00,
	0x00, 0x00, 0x00, 0x00, 0x00, 0x00, 0x18, 0x00,
	0x22, 0x02, 0xeb, 0x51, 0x02, 0x3c, 0x12, 0x18,
	0x00, 0x00, 0x1f, 0x85, 0x42, 0x34, 0x00, 0x00,
	0x00, 0x00, 0x18, 0x00, 0x43, 0x00, 0x10, 0x10,
	0x00, 0x00, 0xc2, 0x1f, 0x03, 0x00, 0x43, 0x11,
	0x02, 0x00, 0x21, 0x10, 0x43, 0x00, 0x00, 0x8c,
	0x02, 0x00, 0x0d, 0x00, 0x00, 0x10, 0x03, 0x8c,
	0x11, 0x00, 0x18, 0x00, 0x22, 0x02, 0x66, 0x66,
	0x02, 0x3c, 0x12, 0x18, 0x00, 0x00, 0x67, 0x66,
	0x42, 0x34, 0x00, 0x00, 0x00, 0x00, 0x18, 0x00,
	0x43, 0x00, 0x10, 0x10, 0x00, 0x00, 0xc2, 0x1f,
	0x03, 0x00, 0x83, 0x10, 0x02, 0x00, 0x21, 0x10,
	0x43, 0x00, 0x00, 0x8c, 0x02, 0x00, 0x03, 0x8c,
	0x11, 0x00, 0x18, 0x00, 0x16, 0x02, 0x66, 0x66,
	0x02, 0x3c, 0x12, 0x18, 0x00, 0x00, 0x67, 0x66,
	0x44, 0x34, 0x00, 0x00, 0x00, 0x00, 0x18, 0x00,
	0x83, 0x00, 0x00, 0x00, 0x01, 0x3c, 0x10, 0x10,
	0x00, 0x00, 0xc2, 0x1f, 0x03, 0x00, 0x83, 0x10,
	0x02, 0x00, 0x21, 0x10, 0x43, 0x00, 0x00, 0x84,
	0x02, 0x00, 0x18, 0x00, 0x36, 0x02, 0x03, 0x84,
	0x10, 0x00, 0x12, 0x10, 0x00, 0x00, 0x00, 0x00,
	0x00, 0x00, 0x00, 0x00, 0x00, 0x00, 0x18, 0x00,
	0x82, 0x00, 0xc2, 0x1f, 0x02, 0x00, 0x10, 0x10,
	0x00, 0x00, 0x83, 0x10, 0x02, 0x00, 0x21, 0x10,
	0x43, 0x00, 0x00, 0x8c, 0x02, 0x00, 0x22, 0x00,
	0x22, 0x84, 0x64, 0x00, 0x01, 0x24, 0x0a, 0x00,
	0x41, 0x14, 0x03, 0x8c, 0x11, 0x00, 0x03, 0x00,
	0x01, 0x24, 0x04, 0x00, 0xa1, 0x16, 0x00, 0x00,
	0x00, 0x00, 0x01, 0x00, 0x02, 0x24, 0x00, 0x8c,
	0x02, 0x00, 0x03, 0x8c, 0x11, 0x00, 0x01, 0x00,
	0x02, 0x24, 0x00, 0x84, 0x02, 0x00, 0x03, 0x84,
	0x10, 0x00, 0xe8, 0x03, 0x01, 0x2a, 0x04, 0x00,
	0x20, 0x14, 0x00, 0x00, 0x00, 0x00, 0xe7, 0x03,
	0x02, 0x24, 0x00, 0x84, 0x02, 0x00, 0x03, 0x84,
	0x10, 0x00, 0x00, 0x00, 0x00, 0x0c, 0x00, 0x00,
	0x00, 0x00, 0x00, 0x00, 0x01, 0x3c, 0x00, 0x00,
	0x30, 0xa4, 0x00, 0x00, 0x01, 0x3c, 0x02, 0x00,
	0x20, 0xa4, 0x00, 0x00, 0x01, 0x3c, 0x04, 0x00,
	0x20, 0xa4, 0x00, 0x00, 0x01, 0x3c, 0x06, 0x00,
	0x31, 0xa4, 0x00, 0x00, 0x01, 0x3c, 0x08, 0x00,
	0x20, 0xa4, 0x00, 0x00, 0x01, 0x3c, 0x0a, 0x00,
	0x20, 0xa4, 0x00, 0x00, 0x00, 0x0c, 0x00, 0x00,
	0x00, 0x00, 0x21, 0x20, 0x60, 0x02, 0x21, 0x28,
	0x40, 0x02, 0x00, 0x00, 0x00, 0x0c, 0x21, 0x30,
	0x80, 0x02, 0x2c, 0x00, 0xbf, 0x8f, 0x28, 0x00,
	0xb6, 0x8f, 0x24, 0x00, 0xb5, 0x8f, 0x20, 0x00,
	0xb4, 0x8f, 0x1c, 0x00, 0xb3, 0x8f, 0x18, 0x00,
	0xb2, 0x8f, 0x14, 0x00, 0xb1, 0x8f, 0x10, 0x00,
	0xb0, 0x8f, 0x08, 0x00, 0xe0, 0x03, 0x30, 0x00,
	0xbd, 0x27, 0xd8, 0xff, 0xbd, 0x27, 0x24, 0x00,
	0xbf, 0xaf, 0x20, 0x00, 0xb4, 0xaf, 0x1c, 0x00,
	0xb3, 0xaf, 0x18, 0x00, 0xb2, 0xaf, 0x14, 0x00,
	0xb1, 0xaf, 0x10, 0x00, 0xb0, 0xaf, 0x00, 0x84,
	0x00, 0x00, 0x00, 0x8c, 0x00, 0x00, 0x00, 0x94,
	0x00, 0x00, 0x21, 0xa0, 0xc0, 0x00, 0x03, 0x84,
	0x10, 0x00, 0x21, 0x98, 0x00, 0x00, 0x03, 0x8c,
	0x11, 0x00, 0x08, 0x00, 0x01, 0x24, 0x0d, 0x00,
	0xa1, 0x14, 0x03, 0x94, 0x12, 0x00, 0x96, 0x00,
	0x02, 0x24, 0x00, 0x84, 0x02, 0x00, 0x07, 0x00,
	0x02, 0x24, 0x00, 0x94, 0x02, 0x00, 0x01, 0x00,
	0x02, 0x24, 0x00, 0x8c, 0x02, 0x00, 0x04, 0x00,
	0x02, 0x24, 0x00, 0x9c, 0x02, 0x00, 0x03, 0x84,
	0x10, 0x00, 0x03, 0x94, 0x12, 0x00, 0x03, 0x8c,
	0x11, 0x00, 0x03, 0x9c, 0x13, 0x00, 0x00, 0x00,
	0x00, 0x0c, 0x01, 0x00, 0x05, 0x24, 0x00, 0x1c,
	0x02, 0x00, 0x00, 0x00, 0x01, 0x3c, 0x4c, 0x00,
	0x22, 0x84, 0x00, 0x00, 0x00, 0x00, 0x20, 0x00,
	0x42, 0x30, 0x15, 0x00, 0x40, 0x10, 0x03, 0x1c,
	0x03, 0x00, 0x00, 0x00, 0x01, 0x3c, 0x4e, 0x00,
	0x22, 0x84, 0x00, 0x00, 0x00, 0x00, 0x18, 0x00,
	0x62, 0x00, 0x12, 0x10, 0x00, 0x00, 0x00, 0x00,
	0x00, 0x00, 0x00, 0x00, 0x00, 0x00, 0x18, 0x00,
	0x02, 0x02, 0xeb, 0x51, 0x02, 0x3c, 0x12, 0x18,
	0x00, 0x00, 0x1f, 0x85, 0x42, 0x34, 0x00, 0x00,
	0x00, 0x00, 0x18, 0x00, 0x43, 0x00, 0x10, 0x10,
	0x00, 0x00, 0xc2, 0x1f, 0x03, 0x00, 0x43, 0x11,
	0x02, 0x00, 0x21, 0x10, 0x43, 0x00, 0x00, 0x84,
	0x02, 0x00, 0x0d, 0x00, 0x00, 0x10, 0x03, 0x84,
	0x10, 0x00, 0x18, 0x00, 0x03, 0x02, 0x66, 0x66,
	0x02, 0x3c, 0x12, 0x18, 0x00, 0x00, 0x67, 0x66,
	0x42, 0x34, 0x00, 0x00, 0x00, 0x00, 0x18, 0x00,
	0x43, 0x00, 0x10, 0x10, 0x00, 0x00, 0xc2, 0x1f,
	0x03, 0x00, 0x83, 0x10, 0x02, 0x00, 0x21, 0x10,
	0x43, 0x00, 0x00, 0x84, 0x02, 0x00, 0x03, 0x84,
	0x10, 0x00, 0x18, 0x00, 0x14, 0x02, 0x66, 0x66,
	0x02, 0x3c, 0x12, 0x18, 0x00, 0x00, 0x67, 0x66,
	0x42, 0x34, 0x00, 0x00, 0x00, 0x00, 0x18, 0x00,
	0x43, 0x00, 0x00, 0x00, 0x01, 0x3c, 0x10, 0x10,
	0x00, 0x00, 0xc2, 0x1f, 0x03, 0x00, 0x83, 0x10,
	0x02, 0x00, 0x21, 0x10, 0x43, 0x00, 0x00, 0x84,
	0x02, 0x00, 0x22, 0x00, 0x22, 0x84, 0x64, 0x00,
	0x01, 0x24, 0x04, 0x00, 0x41, 0x14, 0x03, 0x84,
	0x10, 0x00, 0x01, 0x00, 0x02, 0x24, 0x00, 0x84,
	0x02, 0x00, 0x03, 0x84, 0x10, 0x00, 0xe8, 0x03,
	0x01, 0x2a, 0x04, 0x00, 0x20, 0x14, 0x00, 0x00,
	0x00, 0x00, 0xe7, 0x03, 0x02, 0x24, 0x00, 0x84,
	0x02, 0x00, 0x03, 0x84, 0x10, 0x00, 0x00, 0x00,
	0x00, 0x0c, 0x00, 0x00, 0x00, 0x00, 0x00, 0x00,
	0x01, 0x3c, 0x00, 0x00, 0x20, 0xa4, 0x00, 0x00,
	0x01, 0x3c, 0x02, 0x00, 0x30, 0xa4, 0x00, 0x00,
	0x01, 0x3c, 0x04, 0x00, 0x20, 0xa4, 0x00, 0x00,
	0x01, 0x3c, 0x06, 0x00, 0x20, 0xa4, 0x00, 0x00,
	0x01, 0x3c, 0x08, 0x00, 0x20, 0xa4, 0x00, 0x00,
	0x01, 0x3c, 0x0a, 0x00, 0x20, 0xa4, 0x00, 0x00,
	0x00, 0x0c, 0x00, 0x00, 0x00, 0x00, 0x21, 0x20,
	0x40, 0x02, 0x21, 0x28, 0x20, 0x02, 0x00, 0x00,
	0x00, 0x0c, 0x21, 0x30, 0x60, 0x02, 0x24, 0x00,
	0xbf, 0x8f, 0x20, 0x00, 0xb4, 0x8f, 0x1c, 0x00,
	0xb3, 0x8f, 0x18, 0x00, 0xb2, 0x8f, 0x14, 0x00,
	0xb1, 0x8f, 0x10, 0x00, 0xb0, 0x8f, 0x08, 0x00,
	0xe0, 0x03, 0x28, 0x00, 0xbd, 0x27, 0xd8, 0xff,
	0xbd, 0x27, 0x24, 0x00, 0xbf, 0xaf, 0x20, 0x00,
	0xb4, 0xaf, 0x1c, 0x00, 0xb3, 0xaf, 0x18, 0x00,
	0xb2, 0xaf, 0x14, 0x00, 0xb1, 0xaf, 0x10, 0x00,
	0xb0, 0xaf, 0x00, 0x84, 0x00, 0x00, 0x00, 0x8c,
	0x00, 0x00, 0x00, 0x94, 0x00, 0x00, 0x21, 0xa0,
	0xc0, 0x00, 0x03, 0x84, 0x10, 0x00, 0x21, 0x98,
	0x00, 0x00, 0x03, 0x8c, 0x11, 0x00, 0x01, 0x00,
	0x01, 0x24, 0x0d, 0x00, 0xa1, 0x14, 0x03, 0x94,
	0x12, 0x00, 0x0c, 0x00, 0x02, 0x24, 0x00, 0x84,
	0x02, 0x00, 0x09, 0x00, 0x02, 0x24, 0x00, 0x94,
	0x02, 0x00, 0x02, 0x00, 0x02, 0x24, 0x00, 0x8c,
	0x02, 0x00, 0x01, 0x00, 0x02, 0x24, 0x00, 0x9c,
	0x02, 0x00, 0x03, 0x84, 0x10, 0x00, 0x03, 0x94,
	0x12, 0x00, 0x03, 0x8c, 0x11, 0x00, 0x03, 0x9c,
	0x13, 0x00, 0x00, 0x00, 0x00, 0x0c, 0x02, 0x00,
	0x05, 0x24, 0x00, 0x1c, 0x02, 0x00, 0x00, 0x00,
	0x01, 0x3c, 0x4c, 0x00, 0x22, 0x84, 0x00, 0x00,
	0x00, 0x00, 0x01, 0x00, 0x42, 0x30, 0x15, 0x00,
	0x40, 0x10, 0x03, 0x1c, 0x03, 0x00, 0x00, 0x00,
	0x01, 0x3c, 0x4e, 0x00, 0x22, 0x84, 0x00, 0x00,
	0x00, 0x00, 0x18, 0x00, 0x62, 0x00, 0x12, 0x10,
	0x00, 0x00, 0x00, 0x00, 0x00, 0x00, 0x00, 0x00,
	0x00, 0x00, 0x18, 0x00, 0x02, 0x02, 0xeb, 0x51,
	0x02, 0x3c, 0x12, 0x18, 0x00, 0x00, 0x1f, 0x85,
	0x42, 0x34, 0x00, 0x00, 0x00, 0x00, 0x18, 0x00,
	0x43, 0x00, 0x10, 0x10, 0x00, 0x00, 0xc2, 0x1f,
	0x03, 0x00, 0x43, 0x11, 0x02, 0x00, 0x21, 0x10,
	0x43, 0x00, 0x00, 0x84, 0x02, 0x00, 0x0d, 0x00,
	0x00, 0x10, 0x03, 0x84, 0x10, 0x00, 0x18, 0x00,
	0x03, 0x02, 0x66, 0x66, 0x02, 0x3c, 0x12, 0x18,
	0x00, 0x00, 0x67, 0x66, 0x42, 0x34, 0x00, 0x00,
	0x00, 0x00, 0x18, 0x00, 0x43, 0x00, 0x10, 0x10,
	0x00, 0x00, 0xc2, 0x1f, 0x03, 0x00, 0x83, 0x10,
	0x02, 0x00, 0x21, 0x10, 0x43, 0x00, 0x00, 0x84,
	0x02, 0x00, 0x03, 0x84, 0x10, 0x00, 0x18, 0x00,
	0x14, 0x02, 0x66, 0x66, 0x02, 0x3c, 0x12, 0x18,
	0x00, 0x00, 0x67, 0x66, 0x42, 0x34, 0x00, 0x00,
	0x00, 0x00, 0x18, 0x00, 0x43, 0x00, 0x00, 0x00,
	0x01, 0x3c, 0x10, 0x10, 0x00, 0x00, 0xc2, 0x1f,
	0x03, 0x00, 0x83, 0x10, 0x02, 0x00, 0x21, 0x10,
	0x43, 0x00, 0x00, 0x84, 0x02, 0x00, 0x22, 0x00,
	0x22, 0x84, 0x64, 0x00, 0x01, 0x24, 0x04, 0x00,
	0x41, 0x14, 0x03, 0x84, 0x10, 0x00, 0x01, 0x00,
	0x02, 0x24, 0x00, 0x84, 0x02, 0x00, 0x03, 0x84,
	0x10, 0x00, 0xe8, 0x03, 0x01, 0x2a, 0x04, 0x00,
	0x20, 0x14, 0x00, 0x00, 0x00, 0x00, 0xe7, 0x03,
	0x02, 0x24, 0x00, 0x84, 0x02, 0x00, 0x03, 0x84,
	0x10, 0x00, 0x00, 0x00, 0x00, 0x0c, 0x00, 0x00,
	0x00, 0x00, 0x00, 0x00, 0x01, 0x3c, 0x00, 0x00,
	0x20, 0xa4, 0x00, 0x00, 0x01, 0x3c, 0x02, 0x00,
	0x20, 0xa4, 0x00, 0x00, 0x01, 0x3c, 0x04, 0x00,
	0x30, 0xa4, 0x00, 0x00, 0x01, 0x3c, 0x06, 0x00,
	0x20, 0xa4, 0x00, 0x00, 0x01, 0x3c, 0x08, 0x00,
	0x20, 0xa4, 0x00, 0x00, 0x01, 0x3c, 0x0a, 0x00,
	0x20, 0xa4, 0x00, 0x00, 0x00, 0x0c, 0x00, 0x00,
	0x00, 0x00, 0x21, 0x20, 0x40, 0x02, 0x21, 0x28,
	0x20, 0x02, 0x00, 0x00, 0x00, 0x0c, 0x21, 0x30,
	0x60, 0x02, 0x24, 0x00, 0xbf, 0x8f, 0x20, 0x00,
	0xb4, 0x8f, 0x1c, 0x00, 0xb3, 0x8f, 0x18, 0x00,
	0xb2, 0x8f, 0x14, 0x00, 0xb1, 0x8f, 0x10, 0x00,
	0xb0, 0x8f, 0x08, 0x00, 0xe0, 0x03, 0x28, 0x00,
	0xbd, 0x27, 0xd0, 0xff, 0xbd, 0x27, 0x2c, 0x00,
	0xbf, 0xaf, 0x28, 0x00, 0xb6, 0xaf, 0x24, 0x00,
	0xb5, 0xaf, 0x20, 0x00, 0xb4, 0xaf, 0x1c, 0x00,
	0xb3, 0xaf, 0x18, 0x00, 0xb2, 0xaf, 0x14, 0x00,
	0xb1, 0xaf, 0x10, 0x00, 0xb0, 0xaf, 0x00, 0x8c,
	0x00, 0x00, 0x00, 0x84, 0x00, 0x00, 0x00, 0x94,
	0x00, 0x00, 0x00, 0x9c, 0x00, 0x00, 0x21, 0xa8,
	0xa0, 0x00, 0x21, 0xb0, 0xc0, 0x00, 0x03, 0x8c,
	0x11, 0x00, 0x03, 0x84, 0x10, 0x00, 0x21, 0xa0,
	0x00, 0x00, 0x03, 0x94, 0x12, 0x00, 0x03, 0x00,
	0x01, 0x24, 0x11, 0x00, 0xa1, 0x12, 0x03, 0x9c,
	0x13, 0x00, 0x01, 0x00, 0x01, 0x24, 0x1c, 0x00,
	0xa1, 0x16, 0x00, 0x00, 0x00, 0x00, 0x0c, 0x00,
	0x02, 0x24, 0x00, 0x84, 0x02, 0x00, 0x09, 0x00,
	0x02, 0x24, 0x00, 0x9c, 0x02, 0x00, 0x02, 0x00,
	0x02, 0x24, 0x00, 0x94, 0x02, 0x00, 0x01, 0x00,
	0x02, 0x24, 0x00, 0xa4, 0x02, 0x00, 0x03, 0x84,
	0x10, 0x00, 0x03, 0x9c, 0x13, 0x00, 0x03, 0x94,
	0x12, 0x00, 0x0f, 0x00, 0x00, 0x10, 0x03, 0xa4,
	0x14, 0x00, 0x02, 0x00, 0x03, 0x24, 0x0c, 0x00,
	0x02, 0x24, 0x00, 0x84, 0x02, 0x00, 0x09, 0x00,
	0x02, 0x24, 0x00, 0x9c, 0x02, 0x00, 0x21, 0x10,
	0x60, 0x00, 0x00, 0x8c, 0x03, 0x00, 0x00, 0x94,
	0x02, 0x00, 0x00, 0xa4, 0x03, 0x00, 0x03, 0x84,
	0x10, 0x00, 0x03, 0x8c, 0x11, 0x00, 0x03, 0x9c,
	0x13, 0x00, 0x03, 0x94, 0x12, 0x00, 0x03, 0xa4,
	0x14, 0x00, 0x00, 0x00, 0x00, 0x0c, 0x03, 0x00,
	0x05, 0x24, 0x00, 0x00, 0x01, 0x3c, 0x4c, 0x00,
	0x23, 0x84, 0x00, 0x14, 0x02, 0x00, 0x02, 0x00,
	0x64, 0x30, 0x03, 0x14, 0x02, 0x00, 0x15, 0x00,
	0x80, 0x10, 0x21, 0x18, 0x80, 0x00, 0x00, 0x00,
	0x01, 0x3c, 0x4e, 0x00, 0x24, 0x84, 0x00, 0x00,
	0x00, 0x00, 0x18, 0x00, 0x44, 0x00, 0x12, 0x20,
	0x00, 0x00, 0x00, 0x00, 0x00, 0x00, 0x00, 0x00,
	0x00, 0x00, 0x18, 0x00, 0x04, 0x02, 0xeb, 0x51,
	0x04, 0x3c, 0x12, 0x28, 0x00, 0x00, 0x1f, 0x85,
	0x84, 0x34, 0x00, 0x00, 0x00, 0x00, 0x18, 0x00,
	0x85, 0x00, 0x10, 0x20, 0x00, 0x00, 0xc2, 0x2f,
	0x05, 0x00, 0x43, 0x21, 0x04, 0x00, 0x21, 0x20,
	0x85, 0x00, 0x00, 0x84, 0x04, 0x00, 0x0d, 0x00,
	0x00, 0x10, 0x03, 0x84, 0x10, 0x00, 0x18, 0x00,
	0x02, 0x02, 0x66, 0x66, 0x04, 0x3c, 0x12, 0x28,
	0x00, 0x00, 0x67, 0x66, 0x84, 0x34, 0x00, 0x00,
	0x00, 0x00, 0x18, 0x00, 0x85, 0x00, 0x10, 0x20,
	0x00, 0x00, 0xc2, 0x2f, 0x05, 0x00, 0x83, 0x20,
	0x04, 0x00, 0x21, 0x20, 0x85, 0x00, 0x00, 0x84,
	0x04, 0x00, 0x03, 0x84, 0x10, 0x00, 0x15, 0x00,
	0x60, 0x10, 0x00, 0x00, 0x00, 0x00, 0x00, 0x00,
	0x01, 0x3c, 0x4e, 0x00, 0x23, 0x84, 0x00, 0x00,
	0x00, 0x00, 0x18, 0x00, 0x43, 0x00, 0x12, 0x10,
	0x00, 0x00, 0x00, 0x00, 0x00, 0x00, 0x00, 0x00,
	0x00, 0x00, 0x18, 0x00, 0x22, 0x02, 0xeb, 0x51,
	0x02, 0x3c, 0x12, 0x18, 0x00, 0x00, 0x1f, 0x85,
	0x42, 0x34, 0x00, 0x00, 0x00, 0x00, 0x18, 0x00,
	0x43, 0x00, 0x10, 0x10, 0x00, 0x00, 0xc2, 0x1f,
	0x03, 0x00, 0x43, 0x11, 0x02, 0x00, 0x21, 0x10,
	0x43, 0x00, 0x00, 0x8c, 0x02, 0x00, 0x0d, 0x00,
	0x00, 0x10, 0x03, 0x8c, 0x11, 0x00, 0x18, 0x00,
	0x22, 0x02, 0x66, 0x66, 0x02, 0x3c, 0x12, 0x18,
	0x00, 0x00, 0x67, 0x66, 0x42, 0x34, 0x00, 0x00,
	0x00, 0x00, 0x18, 0x00, 0x43, 0x00, 0x10, 0x10,
	0x00, 0x00, 0xc2, 0x1f, 0x03, 0x00, 0x83, 0x10,
	0x02, 0x00, 0x21, 0x10, 0x43, 0x00, 0x00, 0x8c,
	0x02, 0x00, 0x03, 0x8c, 0x11, 0x00, 0x18, 0x00,
	0x16, 0x02, 0x66, 0x66, 0x02, 0x3c, 0x12, 0x18,
	0x00, 0x00, 0x67, 0x66, 0x44, 0x34, 0x00, 0x00,
	0x00, 0x00, 0x18, 0x00, 0x83, 0x00, 0x00, 0x00,
	0x01, 0x3c, 0x10, 0x10, 0x00, 0x00, 0xc2, 0x1f,
	0x03, 0x00, 0x83, 0x10, 0x02, 0x00, 0x21, 0x10,
	0x43, 0x00, 0x00, 0x84, 0x02, 0x00, 0x18, 0x00,
	0x36, 0x02, 0x03, 0x84, 0x10, 0x00, 0x12, 0x10,
	0x00, 0x00, 0x00, 0x00, 0x00, 0x00, 0x00, 0x00,
	0x00, 0x00, 0x18, 0x00, 0x82, 0x00, 0xc2, 0x1f,
	0x02, 0x00, 0x10, 0x10, 0x00, 0x00, 0x83, 0x10,
	0x02, 0x00, 0x21, 0x10, 0x43, 0x00, 0x00, 0x8c,
	0x02, 0x00, 0x22, 0x00, 0x22, 0x84, 0x64, 0x00,
	0x01, 0x24, 0x0a, 0x00, 0x41, 0x14, 0x03, 0x8c,
	0x11, 0x00, 0x03, 0x00, 0x01, 0x24, 0x04, 0x00,
	0xa1, 0x16, 0x00, 0x00, 0x00, 0x00, 0x01, 0x00,
	0x02, 0x24, 0x00, 0x8c, 0x02, 0x00, 0x03, 0x8c,
	0x11, 0x00, 0x01, 0x00, 0x02, 0x24, 0x00, 0x84,
	0x02, 0x00, 0x03, 0x84, 0x10, 0x00, 0xe8, 0x03,
	0x01, 0x2a, 0x04, 0x00, 0x20, 0x14, 0x00, 0x00,
	0x00, 0x00, 0xe7, 0x03, 0x02, 0x24, 0x00, 0x84,
	0x02, 0x00, 0x03, 0x84, 0x10, 0x00, 0x00, 0x00,
	0x00, 0x0c, 0x00, 0x00, 0x00, 0x00, 0x00, 0x00,
	0x01, 0x3c, 0x00, 0x00, 0x20, 0xa4, 0x00, 0x00,
	0x01, 0x3c, 0x02, 0x00, 0x20, 0xa4, 0x00, 0x00,
	0x01, 0x3c, 0x04, 0x00, 0x20, 0xa4, 0x00, 0x00,
	0x01, 0x3c, 0x06, 0x00, 0x30, 0xa4, 0x00, 0x00,
	0x01, 0x3c, 0x08, 0x00, 0x31, 0xa4, 0x00, 0x00,
	0x01, 0x3c, 0x0a, 0x00, 0x20, 0xa4, 0x00, 0x00,
	0x00, 0x0c, 0x00, 0x00, 0x00, 0x00, 0x21, 0x20,
	0x60, 0x02, 0x21, 0x28, 0x40, 0x02, 0x00, 0x00,
	0x00, 0x0c, 0x21, 0x30, 0x80, 0x02, 0x2c, 0x00,
	0xbf, 0x8f, 0x28, 0x00, 0xb6, 0x8f, 0x24, 0x00,
	0xb5, 0x8f, 0x20, 0x00, 0xb4, 0x8f, 0x1c, 0x00,
	0xb3, 0x8f, 0x18, 0x00, 0xb2, 0x8f, 0x14, 0x00,
	0xb1, 0x8f, 0x10, 0x00, 0xb0, 0x8f, 0x08, 0x00,
	0xe0, 0x03, 0x30, 0x00, 0xbd, 0x27, 0xd8, 0xff,
	0xbd, 0x27, 0x24, 0x00, 0xbf, 0xaf, 0x20, 0x00,
	0xb4, 0xaf, 0x1c, 0x00, 0xb3, 0xaf, 0x18, 0x00,
	0xb2, 0xaf, 0x14, 0x00, 0xb1, 0xaf, 0x10, 0x00,
	0xb0, 0xaf, 0x00, 0x8c, 0x00, 0x00, 0x00, 0x94,
	0x00, 0x00, 0x21, 0xa0, 0xc0, 0x00, 0x21, 0x80,
	0x00, 0x00, 0x21, 0x98, 0x00, 0x00, 0x03, 0x8c,
	0x11, 0x00, 0x01, 0x00, 0x01, 0x24, 0x0d, 0x00,
	0xa1, 0x14, 0x03, 0x94, 0x12, 0x00, 0x0c, 0x00,
	0x02, 0x24, 0x00, 0x84, 0x02, 0x00, 0x08, 0x00,
	0x02, 0x24, 0x00, 0x94, 0x02, 0x00, 0x02, 0x00,
	0x02, 0x24, 0x00, 0x8c, 0x02, 0x00, 0x01, 0x00,
	0x02, 0x24, 0x00, 0x9c, 0x02, 0x00, 0x03, 0x84,
	0x10, 0x00, 0x03, 0x94, 0x12, 0x00, 0x03, 0x8c,
	0x11, 0x00, 0x03, 0x9c, 0x13, 0x00, 0x00, 0x00,
	0x00, 0x0c, 0x04, 0x00, 0x05, 0x24, 0x00, 0x1c,
	0x02, 0x00, 0x00, 0x00, 0x01, 0x3c, 0x4c, 0x00,
	0x22, 0x84, 0x00, 0x00, 0x00, 0x00, 0x04, 0x00,
	0x42, 0x30, 0x15, 0x00, 0x40, 0x10, 0x03, 0x1c,
	0x03, 0x00, 0x00, 0x00, 0x01, 0x3c, 0x4e, 0x00,
	0x22, 0x84, 0x00, 0x00, 0x00, 0x00, 0x18, 0x00,
	0x62, 0x00, 0x12, 0x10, 0x00, 0x00, 0x00, 0x00,
	0x00, 0x00, 0x00, 0x00, 0x00, 0x00, 0x18, 0x00,
	0x02, 0x02, 0xeb, 0x51, 0x02, 0x3c, 0x12, 0x18,
	0x00, 0x00, 0x1f, 0x85, 0x42, 0x34, 0x00, 0x00,
	0x00, 0x00, 0x18, 0x00, 0x43, 0x00, 0x10, 0x10,
	0x00, 0x00, 0xc2, 0x1f, 0x03, 0x00, 0x43, 0x11,
	0x02, 0x00, 0x21, 0x10, 0x43, 0x00, 0x00, 0x84,
	0x02, 0x00, 0x0d, 0x00, 0x00, 0x10, 0x03, 0x84,
	0x10, 0x00, 0x18, 0x00, 0x03, 0x02, 0x66, 0x66,
	0x02, 0x3c, 0x12, 0x18, 0x00, 0x00, 0x67, 0x66,
	0x42, 0x34, 0x00, 0x00, 0x00, 0x00, 0x18, 0x00,
	0x43, 0x00, 0x10, 0x10, 0x00, 0x00, 0xc2, 0x1f,
	0x03, 0x00, 0x83, 0x10, 0x02, 0x00, 0x21, 0x10,
	0x43, 0x00, 0x00, 0x84, 0x02, 0x00, 0x03, 0x84,
	0x10, 0x00, 0x18, 0x00, 0x14, 0x02, 0x66, 0x66,
	0x02, 0x3c, 0x12, 0x18, 0x00, 0x00, 0x67, 0x66,
	0x42, 0x34, 0x00, 0x00, 0x00, 0x00, 0x18, 0x00,
	0x43, 0x00, 0x00, 0x00, 0x01, 0x3c, 0x10, 0x10,
	0x00, 0x00, 0xc2, 0x1f, 0x03, 0x00, 0x83, 0x10,
	0x02, 0x00, 0x21, 0x10, 0x43, 0x00, 0x00, 0x84,
	0x02, 0x00, 0x22, 0x00, 0x22, 0x84, 0x64, 0x00,
	0x01, 0x24, 0x04, 0x00, 0x41, 0x14, 0x03, 0x84,
	0x10, 0x00, 0x01, 0x00, 0x02, 0x24, 0x00, 0x84,
	0x02, 0x00, 0x03, 0x84, 0x10, 0x00, 0xe8, 0x03,
	0x01, 0x2a, 0x04, 0x00, 0x20, 0x14, 0x00, 0x00,
	0x00, 0x00, 0xe7, 0x03, 0x02, 0x24, 0x00, 0x84,
	0x02, 0x00, 0x03, 0x84, 0x10, 0x00, 0x00, 0x00,
	0x00, 0x0c, 0x00, 0x00, 0x00, 0x00, 0x00, 0x00,
	0x01, 0x3c, 0x00, 0x00, 0x20, 0xa4, 0x00, 0x00,
	0x01, 0x3c, 0x02, 0x00, 0x20, 0xa4, 0x00, 0x00,
	0x01, 0x3c, 0x04, 0x00, 0x20, 0xa4, 0x00, 0x00,
	0x01, 0x3c, 0x06, 0x00, 0x20, 0xa4, 0x00, 0x00,
	0x01, 0x3c, 0x08, 0x00, 0x30, 0xa4, 0x00, 0x00,
	0x01, 0x3c, 0x0a, 0x00, 0x20, 0xa4, 0x00, 0x00,
	0x00, 0x0c, 0x00, 0x00, 0x00, 0x00, 0x21, 0x20,
	0x40, 0x02, 0x21, 0x28, 0x20, 0x02, 0x00, 0x00,
	0x00, 0x0c, 0x21, 0x30, 0x60, 0x02, 0x24, 0x00,
	0xbf, 0x8f, 0x20, 0x00, 0xb4, 0x8f, 0x1c, 0x00,
	0xb3, 0x8f, 0x18, 0x00, 0xb2, 0x8f, 0x14, 0x00,
	0xb1, 0x8f, 0x10, 0x00, 0xb0, 0x8f, 0x08, 0x00,
	0xe0, 0x03, 0x28, 0x00, 0xbd, 0x27, 0xc0, 0x10,
	0x04, 0x00, 0x22, 0x10, 0x44, 0x00, 0xe0, 0xff,
	0xbd, 0x27, 0x80, 0x18, 0x02, 0x00, 0x18, 0x00,
	0xbf, 0xaf, 0x00, 0x00, 0x02, 0x3c, 0x14, 0x00,
	0xb1, 0xaf, 0x14, 0x00, 0x42, 0x24, 0x10, 0x00,
	0xb0, 0xaf, 0x21, 0x10, 0x43, 0x00, 0x00, 0x00,
	0x46, 0x90, 0x06, 0x00, 0xa1, 0x2c, 0x79, 0x00,
	0x20, 0x10, 0x21, 0x80, 0x00, 0x00, 0x00, 0x00,
	0x03, 0x3c, 0x00, 0x00, 0x63, 0x24, 0x80, 0x10,
	0x05, 0x00, 0x21, 0x10, 0x43, 0x00, 0x00, 0x00,
	0x42, 0x8c, 0x00, 0x00, 0x00, 0x00, 0x08, 0x00,
	0x40, 0x00, 0x00, 0x00, 0x00, 0x00, 0x04, 0x00,
	0xc0, 0x10, 0x00, 0x00, 0x00, 0x00, 0x01, 0x00,
	0x01, 0x24, 0x03, 0x00, 0xc1, 0x14, 0x00, 0x00,
	0x00, 0x00, 0x6a, 0x00, 0x00, 0x10, 0x0a, 0x00,
	0x10, 0x24, 0x02, 0x00, 0x01, 0x24, 0x03, 0x00,
	0xc1, 0x14, 0x00, 0x00, 0x00, 0x00, 0x65, 0x00,
	0x00, 0x10, 0x09, 0x00, 0x10, 0x24, 0x03, 0x00,
	0x01, 0x24, 0x03, 0x00, 0xc1, 0x14, 0x00, 0x00,
	0x00, 0x00, 0x60, 0x00, 0x00, 0x10, 0x0b, 0x00,
	0x10, 0x24, 0x5e, 0x00, 0x00, 0x10, 0x08, 0x00,
	0x10, 0x24, 0x04, 0x00, 0xc0, 0x10, 0x00, 0x00,
	0x00, 0x00, 0x03, 0x00, 0x01, 0x24, 0x03, 0x00,
	0xc1, 0x14, 0x00, 0x00, 0x00, 0x00, 0x57, 0x00,
	0x00, 0x10, 0x0a, 0x00, 0x10, 0x24, 0x01, 0x00,
	0x01, 0x24, 0x03, 0x00, 0xc1, 0x14, 0x00, 0x00,
	0x00, 0x00, 0x52, 0x00, 0x00, 0x10, 0x09, 0x00,
	0x10, 0x24, 0x02, 0x00, 0x01, 0x24, 0x03, 0x00,
	0xc1, 0x14, 0x00, 0x00, 0x00, 0x00, 0x4d, 0x00,
	0x00, 0x10, 0x0b, 0x00, 0x10, 0x24, 0x4b, 0x00,
	0x00, 0x10, 0x08, 0x00, 0x10, 0x24, 0x04, 0x00,
	0xc0, 0x10, 0x00, 0x00, 0x00, 0x00, 0x02, 0x00,
	0x01, 0x24, 0x03, 0x00, 0xc1, 0x14, 0x00, 0x00,
	0x00, 0x00, 0x44, 0x00, 0x00, 0x10, 0x0a, 0x00,
	0x10, 0x24, 0x01, 0x00, 0x01, 0x24, 0x03, 0x00,
	0xc1, 0x14, 0x00, 0x00, 0x00, 0x00, 0x3f, 0x00,
	0x00, 0x10, 0x0b, 0x00, 0x10, 0x24, 0x03, 0x00,
	0x01, 0x24, 0x03, 0x00, 0xc1, 0x14, 0x00, 0x00,
	0x00, 0x00, 0x3a, 0x00, 0x00, 0x10, 0x09, 0x00,
	0x10, 0x24, 0x38, 0x00, 0x00, 0x10, 0x08, 0x00,
	0x10, 0x24, 0x04, 0x00, 0xc0, 0x10, 0x00, 0x00,
	0x00, 0x00, 0x01, 0x00, 0x01, 0x24, 0x03, 0x00,
	0xc1, 0x14, 0x00, 0x00, 0x00, 0x00, 0x31, 0x00,
	0x00, 0x10, 0x0a, 0x00, 0x10, 0x24, 0x02, 0x00,
	0x01, 0x24, 0x03, 0x00, 0xc1, 0x14, 0x00, 0x00,
	0x00, 0x00, 0x2c, 0x00, 0x00, 0x10, 0x09, 0x00,
	0x10, 0x24, 0x03, 0x00, 0x01, 0x24, 0x03, 0x00,
	0xc1, 0x14, 0x00, 0x00, 0x00, 0x00, 0x27, 0x00,
	0x00, 0x10, 0x0b, 0x00, 0x10, 0x24, 0x25, 0x00,
	0x00, 0x10, 0x08, 0x00, 0x10, 0x24, 0x04, 0x00,
	0xc0, 0x10, 0x00, 0x00, 0x00, 0x00, 0x02, 0x00,
	0x01, 0x24, 0x03, 0x00, 0xc1, 0x14, 0x00, 0x00,
	0x00, 0x00, 0x1e, 0x00, 0x00, 0x10, 0x0a, 0x00,
	0x10, 0x24, 0x01, 0x00, 0x01, 0x24, 0x03, 0x00,
	0xc1, 0x14, 0x00, 0x00, 0x00, 0x00, 0x19, 0x00,
	0x00, 0x10, 0x0b, 0x00, 0x10, 0x24, 0x03, 0x00,
	0x01, 0x24, 0x03, 0x00, 0xc1, 0x14, 0x00, 0x00,
	0x00, 0x00, 0x14, 0x00, 0x00, 0x10, 0x09, 0x00,
	0x10, 0x24, 0x12, 0x00, 0x00, 0x10, 0x08, 0x00,
	0x10, 0x24, 0x04, 0x00, 0xc0, 0x10, 0x00, 0x00,
	0x00, 0x00, 0x03, 0x00, 0x01, 0x24, 0x03, 0x00,
	0xc1, 0x14, 0x00, 0x00, 0x00, 0x00, 0x0b, 0x00,
	0x00, 0x10, 0x0a, 0x00, 0x10, 0x24, 0x01, 0x00,
	0x01, 0x24, 0x03, 0x00, 0xc1, 0x14, 0x00, 0x00,
	0x00, 0x00, 0x06, 0x00, 0x00, 0x10, 0x09, 0x00,
	0x10, 0x24, 0x02, 0x00, 0x01, 0x24, 0x03, 0x00,
	0xc1, 0x14, 0x08, 0x00, 0x10, 0x24, 0x01, 0x00,
	0x00, 0x10, 0x0b, 0x00, 0x10, 0x24, 0x40, 0x10,
	0x04, 0x00, 0x20, 0x10, 0x44, 0x00, 0x80, 0x10,
	0x02, 0x00, 0x20, 0x10, 0x44, 0x00, 0x80, 0x18,
	0x02, 0x00, 0x00, 0x00, 0x02, 0x3c, 0x1d, 0x00,
	0x42, 0x24, 0x21, 0x10, 0x43, 0x00, 0x00, 0x00,
	0x42, 0x90, 0x0a, 0x00, 0x11, 0x24, 0x01, 0x00,
	0x01, 0x24, 0x04, 0x00, 0x41, 0x10, 0x21, 0x18,
	0x40, 0x00, 0x02, 0x00, 0x01, 0x24, 0x04, 0x00,
	0x61, 0x14, 0x00, 0x00, 0x00, 0x00, 0xc0, 0x10,
	0x10, 0x00, 0x13, 0x00, 0x00, 0x10, 0x20, 0x80,
	0x50, 0x00, 0x03, 0x00, 0x01, 0x24, 0x05, 0x00,
	0x61, 0x14, 0x00, 0x00, 0x00, 0x00, 0x80, 0x10,
	0x10, 0x00, 0x20, 0x10, 0x50, 0x00, 0x0c, 0x00,
	0x00, 0x10, 0x40, 0x80, 0x02, 0x00, 0x04, 0x00,
	0x01, 0x24, 0x06, 0x00, 0x61, 0x14, 0x00, 0x00,
	0x00, 0x00, 0x80, 0x10, 0x10, 0x00, 0x20, 0x10,
	0x50, 0x00, 0x40, 0x10, 0x02, 0x00, 0x04, 0x00,
	0x00, 0x10, 0x20, 0x80, 0x50, 0x00, 0x40, 0x10,
	0x10, 0x00, 0x20, 0x10, 0x50, 0x00, 0x80, 0x80,
	0x02, 0x00, 0x80, 0x10, 0x11, 0x00, 0x20, 0x10,
	0x51, 0x00, 0x40, 0x88, 0x02, 0x00, 0x00, 0x00,
	0x00, 0x0c, 0x21, 0x00, 0x04, 0x24, 0x08, 0x00,
	0x40, 0x18, 0x00, 0x00, 0x00, 0x00, 0x80, 0x10,
	0x10, 0x00, 0x20, 0x10, 0x50, 0x00, 0x40, 0x10,
	0x02, 0x00, 0x20, 0x80, 0x50, 0x00, 0x80, 0x10,
	0x11, 0x00, 0x20, 0x10, 0x51, 0x00, 0x40, 0x88,
	0x02, 0x00, 0x80, 0x10, 0x10, 0x00, 0x20, 0x10,
	0x50, 0x00, 0x40, 0x10, 0x02, 0x00, 0x1b, 0x00,
	0x51, 0x00, 0x18, 0x00, 0xbf, 0x8f, 0x12, 0x10,
	0x00, 0x00, 0x00, 0x14, 0x02, 0x00, 0x14, 0x00,
	0xb1, 0x8f, 0x10, 0x00, 0xb0, 0x8f, 0x03, 0x14,
	0x02, 0x00, 0x08, 0x00, 0xe0, 0x03, 0x20, 0x00,
	0xbd, 0x27, 0x00, 0x00, 0x01, 0x3c, 0x22, 0x00,
	0x22, 0x84, 0xe8, 0xff, 0xbd, 0x27, 0x20, 0x10,
	0x44, 0x00, 0x00, 0x00, 0x01, 0x3c, 0x22, 0x00,
	0x22, 0xa4, 0x00, 0x00, 0x01, 0x3c, 0x3c, 0x00,
	0x22, 0x84, 0x00, 0x00, 0x00, 0x00, 0x22, 0x10,
	0x45, 0x00, 0x00, 0x00, 0x01, 0x3c, 0x3c, 0x00,
	0x22, 0xa4, 0x00, 0x00, 0x01, 0x3c, 0x2a, 0x00,
	0x22, 0x84, 0x00, 0x00, 0x00, 0x00, 0x22, 0x10,
	0x46, 0x00, 0x00, 0x00, 0x01, 0x3c, 0x2a, 0x00,
	0x22, 0xa4, 0x00, 0x00, 0x01, 0x3c, 0x22, 0x00,
	0x22, 0x84, 0x00, 0x00, 0x00, 0x00, 0x46, 0x00,
	0x41, 0x28, 0x0d, 0x00, 0x20, 0x14, 0x10, 0x00,
	0xbf, 0xaf, 0x00, 0x00, 0x01, 0x3c, 0x2a, 0x00,
	0x22, 0x84, 0x00, 0x00, 0x00, 0x00, 0xfd, 0xff,
	0x42, 0x20, 0x00, 0x00, 0x01, 0x3c, 0x2a, 0x00,
	0x22, 0xa4, 0x00, 0x00, 0x01, 0x3c, 0x28, 0x00,
	0x22, 0x84, 0x00, 0x00, 0x00, 0x00, 0xfd, 0xff,
	0x42, 0x20, 0x00, 0x00, 0x01, 0x3c, 0x28, 0x00,
	0x22, 0xa4, 0x00, 0x00, 0x82, 0x97, 0x00, 0x00,
	0x00, 0x00, 0xb0, 0x04, 0x42, 0x20, 0x00, 0x00,
	0x82, 0xa7, 0x00, 0x00, 0x82, 0x87, 0x00, 0x00,
	0x00, 0x00, 0x01, 0x00, 0x42, 0x20, 0x00, 0x00,
	0x82, 0xa7, 0x00, 0x00, 0x82, 0x87, 0x00, 0x00,
	0x00, 0x00, 0x18, 0x00, 0x41, 0x28, 0x24, 0x00,
	0x20, 0x14, 0x00, 0x00, 0x00, 0x00, 0x00, 0x00,
	0x01, 0x3c, 0x4a, 0x00, 0x22, 0x84, 0x00, 0x00,
	0x00, 0x00, 0x01, 0x00, 0x42, 0x20, 0x00, 0x00,
	0x01, 0x3c, 0x4a, 0x00, 0x22, 0xa4, 0x00, 0x00,
	0x82, 0x87, 0x00, 0x00, 0x00, 0x00, 0x01, 0x00,
	0x42, 0x20, 0x00, 0x00, 0x82, 0xa7, 0x00, 0x00,
	0x00, 0x0c, 0x00, 0x00, 0x00, 0x00, 0x00, 0x00,
	0x82, 0x87, 0x00, 0x00, 0x00, 0x00, 0xe8, 0xff,
	0x42, 0x20, 0x00, 0x00, 0x82, 0xa7, 0x00, 0x00,
	0x82, 0x97, 0x00, 0x00, 0x00, 0x00, 0x80, 0x8f,
	0x42, 0x24, 0x00, 0x00, 0x82, 0xa7, 0x00, 0x00,
	0x82, 0x87, 0x00, 0x00, 0x00, 0x00, 0x1f, 0x00,
	0x41, 0x28, 0x0b, 0x00, 0x20, 0x14, 0x00, 0x00,
	0x00, 0x00, 0x00, 0x00, 0x82, 0x93, 0x00, 0x00,
	0x00, 0x00, 0x01, 0x00, 0x42, 0x24, 0x00, 0x00,
	0x82, 0xa3, 0x00, 0x00, 0x82, 0x93, 0x00, 0x00,
	0x00, 0x00, 0x64, 0x00, 0x41, 0x2c, 0x02, 0x00,
	0x20, 0x14, 0x00, 0x00, 0x80, 0xa7, 0x00, 0x00,
	0x80, 0xa3, 0x00, 0x00, 0x84, 0x87, 0x00, 0x00,
	0x85, 0x87, 0x00, 0x00, 0x00, 0x0c, 0x00, 0x00,
	0x00, 0x00, 0x00, 0x00, 0x83, 0x87, 0x00, 0x00,
	0x00, 0x00, 0x04, 0x00, 0x61, 0x04, 0x03, 0x00,
	0x62, 0x30, 0x02, 0x00, 0x40, 0x10, 0x00, 0x00,
	0x00, 0x00, 0xfc, 0xff, 0x42, 0x24, 0x15, 0x00,
	0x40, 0x14, 0x00, 0x00, 0x00, 0x00, 0x00, 0x00,
	0x01, 0x3c, 0x2a, 0x00, 0x22, 0x84, 0x00, 0x00,
	0x00, 0x00, 0x50, 0x00, 0x41, 0x28, 0x0f, 0x00,
	0x20, 0x10, 0x21, 0x18, 0x40, 0x00, 0x14, 0xae,
	0x02, 0x3c, 0xb0, 0xff, 0x63, 0x20, 0xe1, 0x7a,
	0x42, 0x34, 0x18, 0x00, 0x43, 0x00, 0x00, 0x00,
	0x01, 0x3c, 0x10, 0x10, 0x00, 0x00, 0x03, 0x19,
	0x02, 0x00, 0xc2, 0x17, 0x03, 0x00, 0x21, 0x18,
	0x62, 0x00, 0x48, 0x00, 0x22, 0x84, 0x01, 0x00,
	0x63, 0x20, 0x22, 0x10, 0x43, 0x00, 0x00, 0x00,
	0x01, 0x3c, 0x48, 0x00, 0x22, 0xa4, 0x00, 0x00,
	0x01, 0x3c, 0x00, 0x00, 0x22, 0x8c, 0x00, 0x00,
	0x00, 0x00, 0x01, 0x00, 0x42, 0x30, 0x0d, 0x00,
	0x40, 0x10, 0x00, 0x00, 0x00, 0x00, 0x00, 0x00,
	0x01, 0x3c, 0x12, 0x00, 0x22, 0x84, 0x00, 0x00,
	0x00, 0x00, 0x01, 0x00, 0x42, 0x20, 0x00, 0x00,
	0x01, 0x3c, 0x12, 0x00, 0x22, 0xa4, 0x00, 0x00,
	0x01, 0x3c, 0x14, 0x00, 0x22, 0x84, 0x00, 0x00,
	0x00, 0x00, 0x01, 0x00, 0x42, 0x20, 0x00, 0x00,
	0x01, 0x3c, 0x14, 0x00, 0x22, 0xa4, 0x00, 0x00,
	0x01, 0x3c, 0x00, 0x00, 0x22, 0x8c, 0x00, 0x00,
	0x00, 0x00, 0x04, 0x00, 0x42, 0x30, 0x23, 0x00,
	0x40, 0x10, 0x00, 0x00, 0x00, 0x00, 0x00, 0x00,
	0x01, 0x3c, 0x40, 0x00, 0x22, 0x84, 0x00, 0x00,
	0x00, 0x00, 0xf4, 0xff, 0x42, 0x20, 0x00, 0x00,
	0x01, 0x3c, 0x40, 0x00, 0x22, 0xa4, 0x00, 0x00,
	0x01, 0x3c, 0x40, 0x00, 0x22, 0x84, 0x00, 0x00,
	0x00, 0x00, 0x1e, 0x00, 0x40, 0x1c, 0x00, 0x00,
	0x00, 0x00, 0x00, 0x00, 0x01, 0x3c, 0x3c, 0x00,
	0x24, 0x84, 0x00, 0x00, 0x01, 0x3c, 0x00, 0x00,
	0x23, 0x8c, 0x00, 0x00, 0x00, 0x00, 0xc0, 0x10,
	0x03, 0x00, 0x22, 0x10, 0x43, 0x00, 0x80, 0x18,
	0x02, 0x00, 0x00, 0x00, 0x02, 0x3c, 0x09, 0x00,
	0x42, 0x24, 0x21, 0x10, 0x43, 0x00, 0x00, 0x00,
	0x42, 0x90, 0x00, 0x00, 0x00, 0x00, 0x2a, 0x08,
	0x82, 0x00, 0x0e, 0x00, 0x20, 0x10, 0x00, 0x00,
	0x00, 0x00, 0x00, 0x00, 0x01, 0x3c, 0x52, 0x00,
	0x22, 0x84, 0x00, 0x00, 0x00, 0x00, 0x01, 0x00,
	0x42, 0x20, 0x00, 0x00, 0x01, 0x3c, 0x07, 0x00,
	0x00, 0x10, 0x52, 0x00, 0x22, 0xa4, 0x00, 0x00,
	0x01, 0x3c, 0x3e, 0x00, 0x22, 0x84, 0x00, 0x00,
	0x00, 0x00, 0xc3, 0xff, 0x42, 0x20, 0x00, 0x00,
	0x01, 0x3c, 0x3e, 0x00, 0x22, 0xa4, 0x00, 0x00,
	0x01, 0x3c, 0x00, 0x00, 0x23, 0x8c, 0x00, 0x00,
	0x00, 0x00, 0xc0, 0x10, 0x03, 0x00, 0x22, 0x10,
	0x43, 0x00, 0x80, 0x18, 0x02, 0x00, 0x00, 0x00,
	0x02, 0x3c, 0x0a, 0x00, 0x42, 0x24, 0x21, 0x10,
	0x43, 0x00, 0x00, 0x00, 0x43, 0x90, 0x00, 0x00,
	0x01, 0x3c, 0x3c, 0x00, 0x22, 0x84, 0x00, 0x00,
	0x00, 0x00, 0x22, 0x10, 0x43, 0x00, 0x00, 0x00,
	0x01, 0x3c, 0x3c, 0x00, 0x22, 0xa4, 0x00, 0x00,
	0x01, 0x3c, 0x00, 0x00, 0x22, 0x8c, 0x00, 0x00,
	0x00, 0x00, 0x08, 0x00, 0x42, 0x30, 0x08, 0x00,
	0x40, 0x10, 0x00, 0x00, 0x00, 0x00, 0x00, 0x00,
	0x01, 0x3c, 0x20, 0x00, 0x22, 0x84, 0x00, 0x00,
	0x00, 0x00, 0x50, 0xfb, 0x42, 0x20, 0x00, 0x00,
	0x01, 0x3c, 0x07, 0x00, 0x00, 0x10, 0x20, 0x00,
	0x22, 0xa4, 0x00, 0x00, 0x01, 0x3c, 0x18, 0x00,
	0x22, 0x84, 0x00, 0x00, 0x00, 0x00, 0xfa, 0xff,
	0x42, 0x20, 0x00, 0x00, 0x01, 0x3c, 0x18, 0x00,
	0x22, 0xa4, 0x00, 0x00, 0x01, 0x3c, 0x48, 0x00,
	0x22, 0x84, 0x00, 0x00, 0x00, 0x00, 0xff, 0xff,
	0x42, 0x20, 0x00, 0x00, 0x01, 0x3c, 0x48, 0x00,
	0x22, 0xa4, 0x00, 0x00, 0x01, 0x3c, 0x56, 0x00,
	0x22, 0x84, 0x00, 0x00, 0x00, 0x00, 0x01, 0x00,
	0x42, 0x20, 0x00, 0x00, 0x01, 0x3c, 0x56, 0x00,
	0x22, 0xa4, 0x00, 0x00, 0x01, 0x3c, 0x48, 0x00,
	0x22, 0x84, 0x00, 0x00, 0x00, 0x00, 0x03, 0x00,
	0x41, 0x04, 0x00, 0x00, 0x00, 0x00, 0x00, 0x00,
	0x01, 0x3c, 0x48, 0x00, 0x20, 0xa4, 0x00, 0x00,
	0x01, 0x3c, 0x00, 0x00, 0x22, 0x8c, 0x00, 0x00,
	0x00, 0x00, 0x20, 0x00, 0x42, 0x30, 0x07, 0x00,
	0x40, 0x10, 0x00, 0x00, 0x00, 0x00, 0x00, 0x00,
	0x01, 0x3c, 0x38, 0x00, 0x22, 0x84, 0x00, 0x00,
	0x00, 0x00, 0x01, 0x00, 0x42, 0x20, 0x00, 0x00,
	0x01, 0x3c, 0x38, 0x00, 0x22, 0xa4, 0x00, 0x00,
	0x01, 0x3c, 0x00, 0x00, 0x22, 0x8c, 0x00, 0x00,
	0x00, 0x00, 0x40, 0x00, 0x42, 0x30, 0x07, 0x00,
	0x40, 0x10, 0x00, 0x00, 0x00, 0x00, 0x00, 0x00,
	0x01, 0x3c, 0x36, 0x00, 0x22, 0x84, 0x00, 0x00,
	0x00, 0x00, 0x01, 0x00, 0x42, 0x20, 0x00, 0x00,
	0x01, 0x3c, 0x36, 0x00, 0x22, 0xa4, 0x00, 0x00,
	0x00, 0x0c, 0x00, 0x00, 0x00, 0x00, 0x10, 0x00,
	0xbf, 0x8f, 0x00, 0x00, 0x00, 0x00, 0x08, 0x00,
	0xe0, 0x03, 0x18, 0x00, 0xbd, 0x27, 0x00, 0x00,
	0x82, 0x8f, 0x01, 0x00, 0x01, 0x24, 0x04, 0x00,
	0x41, 0x14, 0x21, 0x10, 0x00, 0x00, 0x00, 0x00,
	0x80, 0xaf, 0x01, 0x00, 0x00, 0x10, 0x01, 0x00,
	0x02, 0x24, 0x08, 0x00, 0xe0, 0x03, 0x00, 0x00,
	0x00, 0x00, 0x00, 0x00, 0x01, 0x3c, 0x00, 0x00,
	0x22, 0x84, 0x00, 0x00, 0x00, 0x00, 0x1c, 0x00,
	0x40, 0x14, 0x00, 0x00, 0x00, 0x00, 0x00, 0x00,
	0x01, 0x3c, 0x02, 0x00, 0x22, 0x84, 0x00, 0x00,
	0x00, 0x00, 0x17, 0x00, 0x40, 0x14, 0x00, 0x00,
	0x00, 0x00, 0x00, 0x00, 0x01, 0x3c, 0x04, 0x00,
	0x22, 0x84, 0x00, 0x00, 0x00, 0x00, 0x12, 0x00,
	0x40, 0x14, 0x00, 0x00, 0x00, 0x00, 0x00, 0x00,
	0x01, 0x3c, 0x06, 0x00, 0x22, 0x84, 0x00, 0x00,
	0x00, 0x00, 0x0d, 0x00, 0x40, 0x14, 0x00, 0x00,
	0x00, 0x00, 0x00, 0x00, 0x01, 0x3c, 0x08, 0x00,
	0x22, 0x84, 0x00, 0x00, 0x00, 0x00, 0x08, 0x00,
	0x40, 0x14, 0x00, 0x00, 0x00, 0x00, 0x00, 0x00,
	0x01, 0x3c, 0x0a, 0x00, 0x22, 0x84, 0x00, 0x00,
	0x00, 0x00, 0x03, 0x00, 0x40, 0x14, 0x00, 0x00,
	0x00, 0x00, 0x02, 0x00, 0x00, 0x10, 0x01, 0x00,
	0x02, 0x24, 0x21, 0x10, 0x00, 0x00, 0x08, 0x00,
	0xe0, 0x03, 0x00, 0x00, 0x00, 0x00, 0xe8, 0xff,
	0xbd, 0x27, 0x14, 0x00, 0xbf, 0xaf, 0x00, 0x00,
	0x82, 0x83, 0x01, 0x00, 0x01, 0x24, 0x06, 0x00,
	0x41, 0x14, 0x10, 0x00, 0xb0, 0xaf, 0x21, 0x80,
	0x80, 0x00, 0x00, 0x00, 0x00, 0x0c, 0x21, 0x20,
	0x00, 0x02, 0xfd, 0xff, 0x40, 0x14, 0x00, 0x00,
	0x00, 0x00, 0x14, 0x00, 0xbf, 0x8f, 0x10, 0x00,
	0xb0, 0x8f, 0x08, 0x00, 0xe0, 0x03, 0x18, 0x00,
	0xbd, 0x27, 0xe8, 0xff, 0xbd, 0x27, 0x14, 0x00,
	0xbf, 0xaf, 0x10, 0x00, 0xb0, 0xaf, 0x00, 0x00,
	0x82, 0x83, 0x01, 0x00, 0x01, 0x24, 0x10, 0x00,
	0x41, 0x14, 0x21, 0x80, 0x80, 0x00, 0x00, 0x00,
	0x00, 0x0c, 0x00, 0x00, 0x00, 0x00, 0xfe, 0xff,
	0x01, 0x24, 0x0b, 0x00, 0x41, 0x14, 0x00, 0x00,
	0x00, 0x00, 0x00, 0x00, 0x01, 0x3c, 0x04, 0x00,
	0x24, 0x8c, 0x00, 0x00, 0x00, 0x0c, 0x04, 0x00,
	0x05, 0x24, 0x00, 0x00, 0x01, 0x3c, 0x04, 0x00,
	0x22, 0x8c, 0x0a, 0x00, 0x05, 0x24, 0x00, 0x00,
	0x00, 0x0c, 0x78, 0x00, 0x44, 0x24, 0x00, 0x00,
	0x90, 0xa3, 0x14, 0x00, 0xbf, 0x8f, 0x10, 0x00,
	0xb0, 0x8f, 0x08, 0x00, 0xe0, 0x03, 0x18, 0x00,
	0xbd, 0x27, 0x00, 0x00, 0x82, 0x97, 0x00, 0x00,
	0x00, 0x00, 0x00, 0x00, 0x82, 0xa7, 0x00, 0x00,
	0x82, 0x87, 0x00, 0x00, 0x00, 0x00, 0x00, 0x00,
	0x82, 0xa7, 0x00, 0x00, 0x82, 0x87, 0x08, 0x00,
	0xe0, 0x03, 0x00, 0x00, 0x82, 0xa7, 0x00, 0x00,
	0x00, 0x00, 0x00, 0x00, 0x00, 0x00, 0x66, 0x00,
	0x00, 0x00, 0x11, 0x00, 0x12, 0x00, 0x85, 0x3f,
	0x00, 0x00, 0x58, 0x02, 0x4d, 0x57, 0x20, 0x57,
	0x49, 0x4e, 0x33, 0x32, 0x20, 0x4d, 0x49, 0x50,
	0x53, 0x20, 0x43, 0x2d, 0x43, 0x6f, 0x6d, 0x70,
	0x69, 0x6c, 0x65, 0x72, 0x00, 0x38, 0x00, 0x43,
	0x3a, 0x5c, 0x4b, 0x69, 0x72, 0x6b, 0x5c, 0x52,
	0x65, 0x76, 0x69, 0x73, 0x65, 0x64, 0x5c, 0x4e,
	0x41, 0x4b, 0x41, 0x54, 0x55, 0x4b, 0x41, 0x5c,
	0x74, 0x72, 0x61, 0x69, 0x6e, 0x69, 0x6e, 0x67,
	0x32, 0x2e, 0x63, 0x00, 0x36, 0x01, 0x02, 0x00,
	0x00, 0x00, 0x11, 0x01, 0x00, 0x00, 0x00, 0x00,
	0x21, 0x01, 0x00, 0x00, 0x00, 0x00, 0x06, 0x01,
	0x00, 0x00, 0x00, 0x00, 0x12, 0x00, 0x00, 0x00,
	0x13, 0x00, 0x12, 0x00, 0xcb, 0x00, 0x00, 0x00,
	0xb6, 0x00, 0x02, 0x00, 0x00, 0x00, 0x26, 0x00,
	0x00, 0x00, 0x0d, 0x00, 0x12, 0x00, 0x9e, 0x00,
	0x00, 0x00, 0x38, 0x00, 0x6f, 0x66, 0x66, 0x65,
	0x6e, 0x73, 0x65, 0x4e, 0x6f, 0x00, 0x55, 0x00,
	0x01, 0x00, 0x23, 0x00, 0x06, 0x00, 0x04, 0x00,
	0x00, 0x00, 0x00, 0x07, 0x29, 0x00, 0x00, 0x00,
	0x0d, 0x00, 0x12, 0x00, 0xc7, 0x00, 0x00, 0x00,
	0x38, 0x00, 0x6f, 0x66, 0x66, 0x65, 0x6e, 0x73,
	0x65, 0x46, 0x72, 0x61, 0x6d, 0x65, 0x00, 0x55,
	0x00, 0x01, 0x00, 0x23, 0x00, 0x06, 0x00, 0x04,
	0x01, 0x00, 0x00, 0x00, 0x07, 0x04, 0x00, 0x00,
	0x00, 0x22, 0x00, 0x00, 0x00, 0x01, 0x00, 0x12,
	0x00, 0xed, 0x00, 0x00, 0x00, 0xa3, 0x00, 0x12,
	0x00, 0x00, 0x0a, 0x00, 0x00, 0x00, 0x00, 0x00,
	0x42, 0x00, 0x00, 0x00, 0x08, 0x72, 0x00, 0x66,
	0x00, 0x00, 0x00, 0x26, 0x00, 0x00, 0x00, 0x0c,
	0x00, 0x12, 0x00, 0x13, 0x01, 0x00, 0x00, 0x38,
	0x00, 0x67, 0x54, 0x52, 0x5f, 0x49, 0x6e, 0x66,
	0x6f, 0x00, 0x23, 0x00, 0x05, 0x00, 0x03, 0x00,
	0x00, 0x00, 0x00, 0x72, 0x00, 0xcb, 0x00, 0x00,
	0x00, 0x20, 0x00, 0x00, 0x00, 0x01, 0x00, 0x12,
	0x00, 0x33, 0x01, 0x00, 0x00, 0xa3, 0x00, 0x10,
	0x00, 0x00, 0x0a, 0x00, 0x00, 0x00, 0x00, 0x00,
	0x02, 0x00, 0x00, 0x00, 0x08, 0x55, 0x00, 0x01,
	0x00, 0x22, 0x00, 0x00, 0x00, 0x01, 0x00, 0x12,
	0x00, 0x55, 0x01, 0x00, 0x00, 0xa3, 0x00, 0x12,
	0x00, 0x00, 0x0a, 0x00, 0x00, 0x00, 0x00, 0x00,
	0x07, 0x00, 0x00, 0x00, 0x08, 0x72, 0x00, 0x13,
	0x01, 0x00, 0x00, 0x2f, 0x00, 0x00, 0x00, 0x0c,
	0x00, 0x12, 0x00, 0x84, 0x01, 0x00, 0x00, 0x38,
	0x00, 0x67, 0x53, 0x6b, 0x69, 0x6c, 0x6c, 0x50,
	0x72, 0x6f, 0x62, 0x61, 0x62, 0x69, 0x6c, 0x69,
	0x74, 0x79, 0x00, 0x23, 0x00, 0x05, 0x00, 0x03,
	0x00, 0x00, 0x00, 0x00, 0x72, 0x00, 0x33, 0x01,
	0x00, 0x00, 0x25, 0x00, 0x00, 0x00, 0x0c, 0x00,
	0x12, 0x00, 0xa9, 0x01, 0x00, 0x00, 0x38, 0x00,
	0x67, 0x54, 0x72, 0x61, 0x69, 0x53, 0x74, 0x65,
	0x70, 0x00, 0x23, 0x00, 0x05, 0x00, 0x03, 0x00,
	0x00, 0x00, 0x00, 0x55, 0x00, 0x01, 0x00, 0x2d,
	0x00, 0x00, 0x00, 0x0c, 0x00, 0x12, 0x00, 0xd6,
	0x01, 0x00, 0x00, 0x38, 0x00, 0x67, 0x53, 0x6c,
	0x6f, 0x74, 0x54, 0x72, 0x61, 0x69, 0x6e, 0x69,
	0x6e, 0x67, 0x46, 0x6c, 0x61, 0x67, 0x00, 0x23,
	0x00, 0x05, 0x00, 0x03, 0x00, 0x00, 0x00, 0x00,
	0x55, 0x00, 0x01, 0x00, 0x2c, 0x00, 0x00, 0x00,
	0x07, 0x00, 0x12, 0x00, 0x02, 0x02, 0x00, 0x00,
	0x38, 0x00, 0x67, 0x54, 0x72, 0x61, 0x69, 0x6e,
	0x69, 0x6e, 0x67, 0x45, 0x6e, 0x64, 0x46, 0x6c,
	0x61, 0x67, 0x00, 0x23, 0x00, 0x05, 0x00, 0x03,
	0x00, 0x00, 0x00, 0x00, 0x55, 0x00, 0x07, 0x00,
	0x2e, 0x00, 0x00, 0x00, 0x0c, 0x00, 0x12, 0x00,
	0x30, 0x02, 0x00, 0x00, 0x38, 0x00, 0x77, 0x65,
	0x69, 0x67, 0x68, 0x74, 0x54, 0x72, 0x61, 0x69,
	0x6e, 0x69, 0x6e, 0x67, 0x48, 0x6f, 0x6c, 0x79,
	0x00, 0x23, 0x00, 0x05, 0x00, 0x03, 0x00, 0x00,
	0x00, 0x00, 0x55, 0x00, 0x14, 0x00, 0x25, 0x00,
	0x00, 0x00, 0x0c, 0x00, 0x12, 0x00, 0x55, 0x02,
	0x00, 0x00, 0x38, 0x00, 0x67, 0x4e, 0x4f, 0x6e,
	0x4f, 0x66, 0x66, 0x5f, 0x31, 0x00, 0x23, 0x00,
	0x05, 0x00, 0x03, 0x00, 0x00, 0x00, 0x00, 0x55,
	0x00, 0x04, 0x00, 0x25, 0x00, 0x00, 0x00, 0x0c,
	0x00, 0x12, 0x00, 0x7a, 0x02, 0x00, 0x00, 0x38,
	0x00, 0x67, 0x4d, 0x4f, 0x6e, 0x4f, 0x66, 0x66,
	0x5f, 0x31, 0x00, 0x23, 0x00, 0x05, 0x00, 0x03,
	0x00, 0x00, 0x00, 0x00, 0x55, 0x00, 0x04, 0x00,
	0x22, 0x00, 0x00, 0x00, 0x0c, 0x00, 0x12, 0x00,
	0x9c, 0x02, 0x00, 0x00, 0x38, 0x00, 0x67, 0x4e,
	0x4d, 0x61, 0x73, 0x6b, 0x00, 0x23, 0x00, 0x05,
	0x00, 0x03, 0x00, 0x00, 0x00, 0x00, 0x55, 0x00,
	0x04, 0x00, 0x23, 0x00, 0x00, 0x00, 0x0c, 0x00,
	0x12, 0x00, 0xbf, 0x02, 0x00, 0x00, 0x38, 0x00,
	0x67, 0x4d, 0x61, 0x73, 0x6b, 0x4e, 0x6f, 0x00,
	0x23, 0x00, 0x05, 0x00, 0x03, 0x00, 0x00, 0x00,
	0x00, 0x55, 0x00, 0x04, 0x00, 0x12, 0x00, 0x00,
	0x00, 0x13, 0x00, 0x12, 0x00, 0x52, 0x03, 0x00,
	0x00, 0xb6, 0x00, 0x10, 0x00, 0x00, 0x00, 0x1f,
	0x00, 0x00, 0x00, 0x0d, 0x00, 0x12, 0x00, 0xf0,
	0x02, 0x00, 0x00, 0x38, 0x00, 0x76, 0x78, 0x00,
	0x55, 0x00, 0x0a, 0x00, 0x23, 0x00, 0x06, 0x00,
	0x04, 0x00, 0x00, 0x00, 0x00, 0x07, 0x1f, 0x00,
	0x00, 0x00, 0x0d, 0x00, 0x12, 0x00, 0x0f, 0x03,
	0x00, 0x00, 0x38, 0x00, 0x76, 0x79, 0x00, 0x55,
	0x00, 0x0a, 0x00, 0x23, 0x00, 0x06, 0x00, 0x04,
	0x04, 0x00, 0x00, 0x00, 0x07, 0x1f, 0x00, 0x00,
	0x00, 0x0d, 0x00, 0x12, 0x00, 0x2e, 0x03, 0x00,
	0x00, 0x38, 0x00, 0x76, 0x7a, 0x00, 0x55, 0x00,
	0x0a, 0x00, 0x23, 0x00, 0x06, 0x00, 0x04, 0x08,
	0x00, 0x00, 0x00, 0x07, 0x20, 0x00, 0x00, 0x00,
	0x0d, 0x00, 0x12, 0x00, 0x4e, 0x03, 0x00, 0x00,
	0x38, 0x00, 0x70, 0x61, 0x64, 0x00, 0x55, 0x00,
	0x0a, 0x00, 0x23, 0x00, 0x06, 0x00, 0x04, 0x0c,
	0x00, 0x00, 0x00, 0x07, 0x04, 0x00, 0x00, 0x00,
	0x26, 0x00, 0x00, 0x00, 0x0c, 0x00, 0x12, 0x00,
	0x78, 0x03, 0x00, 0x00, 0x38, 0x00, 0x67, 0x54,
	0x72, 0x61, 0x69, 0x50, 0x6f, 0x73, 0x00, 0x23,
	0x00, 0x05, 0x00, 0x03, 0x00, 0x00, 0x00, 0x00,
	0x72, 0x00, 0xbf, 0x02, 0x00, 0x00, 0x33, 0x00,
	0x00, 0x00, 0x07, 0x00, 0x12, 0x00, 0xab, 0x03,
	0x00, 0x00, 0x38, 0x00, 0x54, 0x52, 0x4e, 0x32,
	0x5f, 0x6d, 0x6f, 0x76, 0x65, 0x57, 0x65, 0x69,
	0x67, 0x68, 0x74, 0x54, 0x72, 0x61, 0x69, 0x6e,
	0x69, 0x6e, 0x67, 0x00, 0x23, 0x00, 0x05, 0x00,
	0x03, 0x00, 0x00, 0x00, 0x00, 0x55, 0x00, 0x14,
	0x00, 0x92, 0x00, 0x00, 0x00, 0x14, 0x00, 0x12,
	0x00, 0x62, 0x04, 0x00, 0x00, 0x38, 0x00, 0x64,
	0x65, 0x73, 0x69, 0x67, 0x6e, 0x61, 0x74, 0x65,
	0x4d, 0x6f, 0x76, 0x65, 0x57, 0x65, 0x69, 0x67,
	0x68, 0x74, 0x42, 0x75, 0x67, 0x00, 0x11, 0x01,
	0x00, 0x00, 0x00, 0x00, 0x21, 0x01, 0xe8, 0x00,
	0x00, 0x00, 0x06, 0x01, 0x00, 0x00, 0x00, 0x00,
	0xa3, 0x02, 0x0c, 0x00, 0x02, 0x1d, 0x00, 0x00,
	0x00, 0x04, 0x10, 0x00, 0x00, 0x00, 0x07, 0x06,
	0x13, 0x20, 0x0b, 0x00, 0x01, 0x1d, 0x00, 0x00,
	0x00, 0x04, 0x18, 0x00, 0x00, 0x00, 0x07, 0x22,
	0x20, 0x84, 0x01, 0x00, 0x00, 0x22, 0x20, 0xa9,
	0x01, 0x00, 0x00, 0x22, 0x20, 0xd6, 0x01, 0x00,
	0x00, 0x22, 0x20, 0x02, 0x02, 0x00, 0x00, 0x22,
	0x20, 0x30, 0x02, 0x00, 0x00, 0x22, 0x20, 0x55,
	0x02, 0x00, 0x00, 0x22, 0x20, 0x7a, 0x02, 0x00,
	0x00, 0x22, 0x20, 0x9c, 0x02, 0x00, 0x00, 0x22,
	0x20, 0x52, 0x03, 0x00, 0x00, 0x22, 0x20, 0x78,
	0x03, 0x00, 0x00, 0x21, 0x00, 0x00, 0x00, 0x05,
	0x00, 0x12, 0x00, 0x5e, 0x04, 0x00, 0x00, 0x38,
	0x00, 0x6d, 0x61, 0x70, 0x4e, 0x6f, 0x00, 0x23,
	0x00, 0x05, 0x00, 0x01, 0x04, 0x00, 0x00, 0x00,
	0x55, 0x00, 0x04, 0x00, 0x04, 0x00, 0x00, 0x00,
	0x2f, 0x00, 0x00, 0x00, 0x07, 0x00, 0x12, 0x00,
	0x91, 0x04, 0x00, 0x00, 0x38, 0x00, 0x54, 0x52,
	0x4e, 0x32, 0x5f, 0x6d, 0x65, 0x6e, 0x74, 0x61,
	0x6c, 0x54, 0x72, 0x61, 0x69, 0x6e, 0x69, 0x6e,
	0x67, 0x00, 0x23, 0x00, 0x05, 0x00, 0x03, 0x00,
	0x00, 0x00, 0x00, 0x55, 0x00, 0x14, 0x00, 0x27,
	0x00, 0x00, 0x00, 0x0c, 0x00, 0x12, 0x00, 0xb8,
	0x04, 0x00, 0x00, 0x38, 0x00, 0x67, 0x53, 0x54,
	0x72, 0x61, 0x69, 0x50, 0x6f, 0x73, 0x00, 0x23,
	0x00, 0x05, 0x00, 0x03, 0x00, 0x00, 0x00, 0x00,
	0x72, 0x00, 0xbf, 0x02, 0x00, 0x00, 0x77, 0x00,
	0x00, 0x00, 0x14, 0x00, 0x12, 0x00, 0x54, 0x05,
	0x00, 0x00, 0x38, 0x00, 0x64, 0x65, 0x73, 0x69,
	0x67, 0x6e, 0x61, 0x74, 0x65, 0x4d, 0x65, 0x6e,
	0x74, 0x61, 0x6c, 0x47, 0x6f, 0x6d, 0x69, 0x00,
	0x11, 0x01, 0x00, 0x00, 0x00, 0x00, 0x21, 0x01,
	0x94, 0x00, 0x00, 0x00, 0x06, 0x01, 0xf8, 0x00,
	0x00, 0x00, 0xa3, 0x02, 0x0c, 0x00, 0x02, 0x1d,
	0x00, 0x00, 0x00, 0x04, 0x10, 0x00, 0x00, 0x00,
	0x07, 0x06, 0x13, 0x20, 0x0b, 0x00, 0x01, 0x1d,
	0x00, 0x00, 0x00, 0x04, 0x18, 0x00, 0x00, 0x00,
	0x07, 0x22, 0x20, 0x84, 0x01, 0x00, 0x00, 0x22,
	0x20, 0xa9, 0x01, 0x00, 0x00, 0x22, 0x20, 0xd6,
	0x01, 0x00, 0x00, 0x22, 0x20, 0x62, 0x04, 0x00,
	0x00, 0x22, 0x20, 0x52, 0x03, 0x00, 0x00, 0x22,
	0x20, 0x91, 0x04, 0x00, 0x00, 0x21, 0x00, 0x00,
	0x00, 0x05, 0x00, 0x12, 0x00, 0x50, 0x05, 0x00,
	0x00, 0x38, 0x00, 0x6d, 0x61, 0x70, 0x4e, 0x6f,
	0x00, 0x23, 0x00, 0x05, 0x00, 0x01, 0x04, 0x00,
	0x00, 0x00, 0x55, 0x00, 0x04, 0x00, 0x04, 0x00,
	0x00, 0x00, 0x30, 0x00, 0x00, 0x00, 0x07, 0x00,
	0x12, 0x00, 0x84, 0x05, 0x00, 0x00, 0x38, 0x00,
	0x54, 0x52, 0x4e, 0x32, 0x5f, 0x6f, 0x66, 0x66,
	0x65, 0x6e, 0x73, 0x65, 0x54, 0x72, 0x61, 0x69,
	0x6e, 0x69, 0x6e, 0x67, 0x00, 0x23, 0x00, 0x05,
	0x00, 0x03, 0x00, 0x00, 0x00, 0x00, 0x55, 0x00,
	0x14, 0x00, 0x25, 0x00, 0x00, 0x00, 0x0c, 0x00,
	0x12, 0x00, 0xa9, 0x05, 0x00, 0x00, 0x38, 0x00,
	0x67, 0x4e, 0x4f, 0x6e, 0x4f, 0x66, 0x66, 0x5f,
	0x32, 0x00, 0x23, 0x00, 0x05, 0x00, 0x03, 0x00,
	0x00, 0x00, 0x00, 0x55, 0x00, 0x04, 0x00, 0x25,
	0x00, 0x00, 0x00, 0x0c, 0x00, 0x12, 0x00, 0xce,
	0x05, 0x00, 0x00, 0x38, 0x00, 0x67, 0x4d, 0x4f,
	0x6e, 0x4f, 0x66, 0x66, 0x5f, 0x32, 0x00, 0x23,
	0x00, 0x05, 0x00, 0x03, 0x00, 0x00, 0x00, 0x00,
	0x55, 0x00, 0x04, 0x00, 0x12, 0x00, 0x00, 0x00,
	0x13, 0x00, 0x12, 0x00, 0x61, 0x06, 0x00, 0x00,
	0xb6, 0x00, 0x08, 0x00, 0x00, 0x00, 0x1f, 0x00,
	0x00, 0x00, 0x0d, 0x00, 0x12, 0x00, 0xff, 0x05,
	0x00, 0x00, 0x38, 0x00, 0x76, 0x78, 0x00, 0x55,
	0x00, 0x04, 0x00, 0x23, 0x00, 0x06, 0x00, 0x04,
	0x00, 0x00, 0x00, 0x00, 0x07, 0x1f, 0x00, 0x00,
	0x00, 0x0d, 0x00, 0x12, 0x00, 0x1e, 0x06, 0x00,
	0x00, 0x38, 0x00, 0x76, 0x79, 0x00, 0x55, 0x00,
	0x04, 0x00, 0x23, 0x00, 0x06, 0x00, 0x04, 0x02,
	0x00, 0x00, 0x00, 0x07, 0x1f, 0x00, 0x00, 0x00,
	0x0d, 0x00, 0x12, 0x00, 0x3d, 0x06, 0x00, 0x00,
	0x38, 0x00, 0x76, 0x7a, 0x00, 0x55, 0x00, 0x04,
	0x00, 0x23, 0x00, 0x06, 0x00, 0x04, 0x04, 0x00,
	0x00, 0x00, 0x07, 0x20, 0x00, 0x00, 0x00, 0x0d,
	0x00, 0x12, 0x00, 0x5d, 0x06, 0x00, 0x00, 0x38,
	0x00, 0x70, 0x61, 0x64, 0x00, 0x55, 0x00, 0x04,
	0x00, 0x23, 0x00, 0x06, 0x00, 0x04, 0x06, 0x00,
	0x00, 0x00, 0x07, 0x04, 0x00, 0x00, 0x00, 0x22,
	0x00, 0x00, 0x00, 0x01, 0x00, 0x12, 0x00, 0x83,
	0x06, 0x00, 0x00, 0xa3, 0x00, 0x12, 0x00, 0x00,
	0x0a, 0x00, 0x00, 0x00, 0x00, 0x00, 0x02, 0x00,
	0x00, 0x00, 0x08, 0x72, 0x00, 0xce, 0x05, 0x00,
	0x00, 0x25, 0x00, 0x00, 0x00, 0x0c, 0x00, 0x12,
	0x00, 0xa8, 0x06, 0x00, 0x00, 0x38, 0x00, 0x67,
	0x45, 0x66, 0x66, 0x50, 0x6f, 0x73, 0x00, 0x23,
	0x00, 0x05, 0x00, 0x03, 0x00, 0x00, 0x00, 0x00,
	0x72, 0x00, 0x61, 0x06, 0x00, 0x00, 0x9b, 0x00,
	0x00, 0x00, 0x14, 0x00, 0x12, 0x00, 0x68, 0x07,
	0x00, 0x00, 0x38, 0x00, 0x64, 0x65, 0x73, 0x69,
	0x67, 0x6e, 0x61, 0x74, 0x65, 0x4f, 0x66, 0x66,
	0x65, 0x6e, 0x73, 0x65, 0x42, 0x75, 0x67, 0x00,
	0x11, 0x01, 0x00, 0x00, 0x00, 0x00, 0x21, 0x01,
	0xf8, 0x00, 0x00, 0x00, 0x06, 0x01, 0x8c, 0x01,
	0x00, 0x00, 0xa3, 0x02, 0x0c, 0x00, 0x02, 0x1d,
	0x00, 0x00, 0x00, 0x04, 0x10, 0x00, 0x00, 0x00,
	0x07, 0x06, 0x13, 0x20, 0x0b, 0x00, 0x01, 0x1d,
	0x00, 0x00, 0x00, 0x04, 0x18, 0x00, 0x00, 0x00,
	0x07, 0x22, 0x20, 0x84, 0x01, 0x00, 0x00, 0x22,
	0x20, 0xa9, 0x01, 0x00, 0x00, 0x22, 0x20, 0xd6,
	0x01, 0x00, 0x00, 0x22, 0x20, 0x54, 0x05, 0x00,
	0x00, 0x22, 0x20, 0x84, 0x05, 0x00, 0x00, 0x22,
	0x20, 0xa9, 0x05, 0x00, 0x00, 0x22, 0x20, 0x30,
	0x02, 0x00, 0x00, 0x22, 0x20, 0x55, 0x02, 0x00,
	0x00, 0x22, 0x20, 0x7a, 0x02, 0x00, 0x00, 0x22,
	0x20, 0x9c, 0x02, 0x00, 0x00, 0x22, 0x20, 0x83,
	0x06, 0x00, 0x00, 0x22, 0x20, 0x52, 0x03, 0x00,
	0x00, 0x21, 0x00, 0x00, 0x00, 0x05, 0x00, 0x12,
	0x00, 0x64, 0x07, 0x00, 0x00, 0x38, 0x00, 0x6d,
	0x61, 0x70, 0x4e, 0x6f, 0x00, 0x23, 0x00, 0x05,
	0x00, 0x01, 0x04, 0x00, 0x00, 0x00, 0x55, 0x00,
	0x04, 0x00, 0x04, 0x00, 0x00, 0x00, 0x2f, 0x00,
	0x00, 0x00, 0x0c, 0x00, 0x12, 0x00, 0x97, 0x07,
	0x00, 0x00, 0x38, 0x00, 0x64, 0x65, 0x66, 0x65,
	0x6e, 0x73, 0x65, 0x54, 0x72, 0x61, 0x69, 0x6e,
	0x69, 0x6e, 0x67, 0x48, 0x6f, 0x6c, 0x79, 0x00,
	0x23, 0x00, 0x05, 0x00, 0x03, 0x00, 0x00, 0x00,
	0x00, 0x55, 0x00, 0x14, 0x00, 0x20, 0x00, 0x00,
	0x00, 0x01, 0x00, 0x12, 0x00, 0xb7, 0x07, 0x00,
	0x00, 0xa3, 0x00, 0x10, 0x00, 0x00, 0x0a, 0x00,
	0x00, 0x00, 0x00, 0x00, 0x13, 0x00, 0x00, 0x00,
	0x08, 0x55, 0x00, 0x01, 0x00, 0x20, 0x00, 0x00,
	0x00, 0x01, 0x00, 0x12, 0x00, 0xd7, 0x07, 0x00,
	0x00, 0xa3, 0x00, 0x10, 0x00, 0x00, 0x0a, 0x00,
	0x00, 0x00, 0x00, 0x00, 0x02, 0x00, 0x00, 0x00,
	0x08, 0x55, 0x00, 0x03, 0x00, 0x20, 0x00, 0x00,
	0x00, 0x01, 0x00, 0x12, 0x00, 0xf7, 0x07, 0x00,
	0x00, 0xa3, 0x00, 0x10, 0x00, 0x00, 0x0a, 0x00,
	0x00, 0x00, 0x00, 0x00, 0x0f, 0x00, 0x00, 0x00,
	0x08, 0x55, 0x00, 0x03, 0x00, 0x12, 0x00, 0x00,
	0x00, 0x13, 0x00, 0x12, 0x00, 0x77, 0x09, 0x00,
	0x00, 0xb6, 0x00, 0x34, 0x00, 0x00, 0x00, 0x23,
	0x00, 0x00, 0x00, 0x0d, 0x00, 0x12, 0x00, 0x2c,
	0x08, 0x00, 0x00, 0x38, 0x00, 0x6e, 0x61, 0x6d,
	0x65, 0x00, 0x72, 0x00, 0x97, 0x07, 0x00, 0x00,
	0x23, 0x00, 0x06, 0x00, 0x04, 0x00, 0x00, 0x00,
	0x00, 0x07, 0x22, 0x00, 0x00, 0x00, 0x0d, 0x00,
	0x12, 0x00, 0x4e, 0x08, 0x00, 0x00, 0x38, 0x00,
	0x6e, 0x70, 0x61, 0x72, 0x74, 0x00, 0x55, 0x00,
	0x0a, 0x00, 0x23, 0x00, 0x06, 0x00, 0x04, 0x14,
	0x00, 0x00, 0x00, 0x07, 0x1f, 0x00, 0x00, 0x00,
	0x0d, 0x00, 0x12, 0x00, 0x6d, 0x08, 0x00, 0x00,
	0x38, 0x00, 0x63, 0x78, 0x00, 0x55, 0x00, 0x04,
	0x00, 0x23, 0x00, 0x06, 0x00, 0x04, 0x18, 0x00,
	0x00, 0x00, 0x07, 0x1f, 0x00, 0x00, 0x00, 0x0d,
	0x00, 0x12, 0x00, 0x8c, 0x08, 0x00, 0x00, 0x38,
	0x00, 0x63, 0x79, 0x00, 0x55, 0x00, 0x04, 0x00,
	0x23, 0x00, 0x06, 0x00, 0x04, 0x1a, 0x00, 0x00,
	0x00, 0x07, 0x26, 0x00, 0x00, 0x00, 0x0d, 0x00,
	0x12, 0x00, 0xb2, 0x08, 0x00, 0x00, 0x38, 0x00,
	0x61, 0x74, 0x74, 0x72, 0x69, 0x62, 0x75, 0x74,
	0x65, 0x00, 0x55, 0x00, 0x03, 0x00, 0x23, 0x00,
	0x06, 0x00, 0x04, 0x1c, 0x00, 0x00, 0x00, 0x07,
	0x27, 0x00, 0x00, 0x00, 0x0d, 0x00, 0x12, 0x00,
	0xd9, 0x08, 0x00, 0x00, 0x38, 0x00, 0x67, 0x65,
	0x6e, 0x65, 0x72, 0x61, 0x74, 0x69, 0x6f, 0x6e,
	0x00, 0x55, 0x00, 0x03, 0x00, 0x23, 0x00, 0x06,
	0x00, 0x04, 0x1d, 0x00, 0x00, 0x00, 0x07, 0x25,
	0x00, 0x00, 0x00, 0x0d, 0x00, 0x12, 0x00, 0xfe,
	0x08, 0x00, 0x00, 0x38, 0x00, 0x6e, 0x61, 0x74,
	0x75, 0x72, 0x65, 0x00, 0x72, 0x00, 0xb7, 0x07,
	0x00, 0x00, 0x23, 0x00, 0x06, 0x00, 0x04, 0x1e,
	0x00, 0x00, 0x00, 0x07, 0x23, 0x00, 0x00, 0x00,
	0x0d, 0x00, 0x12, 0x00, 0x21, 0x09, 0x00, 0x00,
	0x38, 0x00, 0x69, 0x74, 0x65, 0x6d, 0x4e, 0x6f,
	0x00, 0x55, 0x00, 0x03, 0x00, 0x23, 0x00, 0x06,
	0x00, 0x04, 0x21, 0x00, 0x00, 0x00, 0x07, 0x28,
	0x00, 0x00, 0x00, 0x0d, 0x00, 0x12, 0x00, 0x49,
	0x09, 0x00, 0x00, 0x38, 0x00, 0x70, 0x72, 0x6f,
	0x62, 0x61, 0x62, 0x69, 0x6c, 0x69, 0x74, 0x79,
	0x00, 0x55, 0x00, 0x03, 0x00, 0x23, 0x00, 0x06,
	0x00, 0x04, 0x22, 0x00, 0x00, 0x00, 0x07, 0x2a,
	0x00, 0x00, 0x00, 0x0d, 0x00, 0x12, 0x00, 0x73,
	0x09, 0x00, 0x00, 0x38, 0x00, 0x75, 0x73, 0x65,
	0x57, 0x61, 0x7a, 0x61, 0x4c, 0x69, 0x73, 0x74,
	0x00, 0x72, 0x00, 0xd7, 0x07, 0x00, 0x00, 0x23,
	0x00, 0x06, 0x00, 0x04, 0x23, 0x00, 0x00, 0x00,
	0x07, 0x04, 0x00, 0x00, 0x00, 0x22, 0x00, 0x00,
	0x00, 0x01, 0x00, 0x12, 0x00, 0x99, 0x09, 0x00,
	0x00, 0xa3, 0x00, 0x12, 0x00, 0x00, 0x0a, 0x00,
	0x00, 0x00, 0x00, 0x00, 0xb3, 0x00, 0x00, 0x00,
	0x08, 0x72, 0x00, 0xf7, 0x07, 0x00, 0x00, 0x26,
	0x00, 0x00, 0x00, 0x07, 0x00, 0x12, 0x00, 0xbf,
	0x09, 0x00, 0x00, 0x38, 0x00, 0x67, 0x43, 0x48,
	0x5f, 0x49, 0x6e, 0x66, 0x6f, 0x00, 0x23, 0x00,
	0x05, 0x00, 0x03, 0x00, 0x00, 0x00, 0x00, 0x72,
	0x00, 0x77, 0x09, 0x00, 0x00, 0x20, 0x00, 0x00,
	0x00, 0x01, 0x00, 0x12, 0x00, 0xdf, 0x09, 0x00,
	0x00, 0xa3, 0x00, 0x10, 0x00, 0x00, 0x0a, 0x00,
	0x00, 0x00, 0x00, 0x00, 0x02, 0x00, 0x00, 0x00,
	0x08, 0x55, 0x00, 0x04, 0x00, 0x22, 0x00, 0x00,
	0x00, 0x01, 0x00, 0x12, 0x00, 0x01, 0x0a, 0x00,
	0x00, 0xa3, 0x00, 0x12, 0x00, 0x00, 0x0a, 0x00,
	0x00, 0x00, 0x00, 0x00, 0x02, 0x00, 0x00, 0x00,
	0x08, 0x72, 0x00, 0xbf, 0x09, 0x00, 0x00, 0x20,
	0x00, 0x00, 0x00, 0x01, 0x00, 0x12, 0x00, 0x21,
	0x0a, 0x00, 0x00, 0xa3, 0x00, 0x10, 0x00, 0x00,
	0x0a, 0x00, 0x00, 0x00, 0x00, 0x00, 0x02, 0x00,
	0x00, 0x00, 0x08, 0x55, 0x00, 0x0a, 0x00, 0x12,
	0x00, 0x00, 0x00, 0x13, 0x00, 0x12, 0x00, 0x77,
	0x0a, 0x00, 0x00, 0xb6, 0x00, 0x20, 0x00, 0x00,
	0x00, 0x20, 0x00, 0x00, 0x00, 0x0d, 0x00, 0x12,
	0x00, 0x53, 0x0a, 0x00, 0x00, 0x38, 0x00, 0x6d,
	0x00, 0x72, 0x00, 0xdf, 0x09, 0x00, 0x00, 0x23,
	0x00, 0x06, 0x00, 0x04, 0x00, 0x00, 0x00, 0x00,
	0x07, 0x20, 0x00, 0x00, 0x00, 0x0d, 0x00, 0x12,
	0x00, 0x73, 0x0a, 0x00, 0x00, 0x38, 0x00, 0x74,
	0x00, 0x72, 0x00, 0x01, 0x0a, 0x00, 0x00, 0x23,
	0x00, 0x06, 0x00, 0x04, 0x14, 0x00, 0x00, 0x00,
	0x07, 0x04, 0x00, 0x00, 0x00, 0x12, 0x00, 0x00,
	0x00, 0x13, 0x00, 0x12, 0x00, 0xfa, 0x0a, 0x00,
	0x00, 0xb6, 0x00, 0x28, 0x00, 0x00, 0x00, 0x24,
	0x00, 0x00, 0x00, 0x0d, 0x00, 0x12, 0x00, 0xad,
	0x0a, 0x00, 0x00, 0x38, 0x00, 0x73, 0x63, 0x61,
	0x6c, 0x65, 0x00, 0x72, 0x00, 0xbf, 0x02, 0x00,
	0x00, 0x23, 0x00, 0x06, 0x00, 0x04, 0x00, 0x00,
	0x00, 0x00, 0x07, 0x25, 0x00, 0x00, 0x00, 0x0d,
	0x00, 0x12, 0x00, 0xd2, 0x0a, 0x00, 0x00, 0x38,
	0x00, 0x72, 0x6f, 0x74, 0x61, 0x74, 0x65, 0x00,
	0x72, 0x00, 0xce, 0x05, 0x00, 0x00, 0x23, 0x00,
	0x06, 0x00, 0x04, 0x10, 0x00, 0x00, 0x00, 0x07,
	0x24, 0x00, 0x00, 0x00, 0x0d, 0x00, 0x12, 0x00,
	0xf6, 0x0a, 0x00, 0x00, 0x38, 0x00, 0x74, 0x72,
	0x61, 0x6e, 0x73, 0x00, 0x72, 0x00, 0xbf, 0x02,
	0x00, 0x00, 0x23, 0x00, 0x06, 0x00, 0x04, 0x18,
	0x00, 0x00, 0x00, 0x07, 0x04, 0x00, 0x00, 0x00,
	0x23, 0x00, 0x00, 0x00, 0x13, 0x00, 0x12, 0x00,
	0xfc, 0x0b, 0x00, 0x00, 0x38, 0x00, 0x5f, 0x47,
	0x73, 0x43, 0x4f, 0x4f, 0x52, 0x44, 0x49, 0x4e,
	0x41, 0x54, 0x45, 0x32, 0x00, 0xb6, 0x00, 0x50,
	0x00, 0x00, 0x00, 0x20, 0x00, 0x00, 0x00, 0x0d,
	0x00, 0x12, 0x00, 0x3d, 0x0b, 0x00, 0x00, 0x38,
	0x00, 0x66, 0x6c, 0x67, 0x00, 0x55, 0x00, 0x0c,
	0x00, 0x23, 0x00, 0x06, 0x00, 0x04, 0x00, 0x00,
	0x00, 0x00, 0x07, 0x24, 0x00, 0x00, 0x00, 0x0d,
	0x00, 0x12, 0x00, 0x61, 0x0b, 0x00, 0x00, 0x38,
	0x00, 0x63, 0x6f, 0x6f, 0x72, 0x64, 0x00, 0x72,
	0x00, 0x21, 0x0a, 0x00, 0x00, 0x23, 0x00, 0x06,
	0x00, 0x04, 0x04, 0x00, 0x00, 0x00, 0x07, 0x24,
	0x00, 0x00, 0x00, 0x0d, 0x00, 0x12, 0x00, 0x85,
	0x0b, 0x00, 0x00, 0x38, 0x00, 0x77, 0x6f, 0x72,
	0x6b, 0x6d, 0x00, 0x72, 0x00, 0x21, 0x0a, 0x00,
	0x00, 0x23, 0x00, 0x06, 0x00, 0x04, 0x24, 0x00,
	0x00, 0x00, 0x07, 0x27, 0x00, 0x00, 0x00, 0x0d,
	0x00, 0x12, 0x00, 0xac, 0x0b, 0x00, 0x00, 0x38,
	0x00, 0x70, 0x61, 0x72, 0x61, 0x6d, 0x00, 0x83,
	0x00, 0x05, 0x00, 0x01, 0x77, 0x0a, 0x00, 0x00,
	0x23, 0x00, 0x06, 0x00, 0x04, 0x44, 0x00, 0x00,
	0x00, 0x07, 0x27, 0x00, 0x00, 0x00, 0x0d, 0x00,
	0x12, 0x00, 0xd3, 0x0b, 0x00, 0x00, 0x38, 0x00,
	0x73, 0x75, 0x70, 0x65, 0x72, 0x00, 0x83, 0x00,
	0x05, 0x00, 0x01, 0xfa, 0x0a, 0x00, 0x00, 0x23,
	0x00, 0x06, 0x00, 0x04, 0x48, 0x00, 0x00, 0x00,
	0x07, 0x25, 0x00, 0x00, 0x00, 0x0d, 0x00, 0x12,
	0x00, 0xf8, 0x0b, 0x00, 0x00, 0x38, 0x00, 0x73,
	0x75, 0x62, 0x00, 0x83, 0x00, 0x05, 0x00, 0x01,
	0xfa, 0x0a, 0x00, 0x00, 0x23, 0x00, 0x06, 0x00,
	0x04, 0x4c, 0x00, 0x00, 0x00, 0x07, 0x04, 0x00,
	0x00, 0x00, 0x12, 0x00, 0x00, 0x00, 0x13, 0x00,
	0x12, 0x00, 0xa2, 0x0c, 0x00, 0x00, 0xb6, 0x00,
	0x10, 0x00, 0x00, 0x00, 0x26, 0x00, 0x00, 0x00,
	0x0d, 0x00, 0x12, 0x00, 0x34, 0x0c, 0x00, 0x00,
	0x38, 0x00, 0x61, 0x74, 0x74, 0x72, 0x69, 0x62,
	0x75, 0x74, 0x65, 0x00, 0x55, 0x00, 0x0c, 0x00,
	0x23, 0x00, 0x06, 0x00, 0x04, 0x00, 0x00, 0x00,
	0x00, 0x07, 0x28, 0x00, 0x00, 0x00, 0x0d, 0x00,
	0x12, 0x00, 0x5c, 0x0c, 0x00, 0x00, 0x38, 0x00,
	0x63, 0x6f, 0x6f, 0x72, 0x64, 0x32, 0x00, 0x83,
	0x00, 0x05, 0x00, 0x01, 0xfa, 0x0a, 0x00, 0x00,
	0x23, 0x00, 0x06, 0x00, 0x04, 0x04, 0x00, 0x00,
	0x00, 0x07, 0x23, 0x00, 0x00, 0x00, 0x0d, 0x00,
	0x12, 0x00, 0x7f, 0x0c, 0x00, 0x00, 0x38, 0x00,
	0x74, 0x6d, 0x64, 0x00, 0x63, 0x00, 0x03, 0x00,
	0x01, 0x0c, 0x00, 0x23, 0x00, 0x06, 0x00, 0x04,
	0x08, 0x00, 0x00, 0x00, 0x07, 0x1f, 0x00, 0x00,
	0x00, 0x0d, 0x00, 0x12, 0x00, 0x9e, 0x0c, 0x00,
	0x00, 0x38, 0x00, 0x69, 0x64, 0x00, 0x55, 0x00,
	0x0c, 0x00, 0x23, 0x00, 0x06, 0x00, 0x04, 0x0c,
	0x00, 0x00, 0x00, 0x07, 0x04, 0x00, 0x00, 0x00,
	0x12, 0x00, 0x00, 0x00, 0x13, 0x00, 0x12, 0x00,
	0x6d, 0x0d, 0x00, 0x00, 0xb6, 0x00, 0x88, 0x00,
	0x00, 0x00, 0x25, 0x00, 0x00, 0x00, 0x0d, 0x00,
	0x12, 0x00, 0xd9, 0x0c, 0x00, 0x00, 0x38, 0x00,
	0x6f, 0x62, 0x6a, 0x65, 0x63, 0x74, 0x00, 0x72,
	0x00, 0xfc, 0x0b, 0x00, 0x00, 0x23, 0x00, 0x06,
	0x00, 0x04, 0x00, 0x00, 0x00, 0x00, 0x07, 0x24,
	0x00, 0x00, 0x00, 0x0d, 0x00, 0x12, 0x00, 0xfd,
	0x0c, 0x00, 0x00, 0x38, 0x00, 0x63, 0x6f, 0x6f,
	0x72, 0x64, 0x00, 0x72, 0x00, 0xfa, 0x0a, 0x00,
	0x00, 0x23, 0x00, 0x06, 0x00, 0x04, 0x10, 0x00,
	0x00, 0x00, 0x07, 0x24, 0x00, 0x00, 0x00, 0x0d,
	0x00, 0x12, 0x00, 0x21, 0x0d, 0x00, 0x00, 0x38,
	0x00, 0x73, 0x63, 0x61, 0x6c, 0x65, 0x00, 0x72,
	0x00, 0xbf, 0x02, 0x00, 0x00, 0x23, 0x00, 0x06,
	0x00, 0x04, 0x60, 0x00, 0x00, 0x00, 0x07, 0x24,
	0x00, 0x00, 0x00, 0x0d, 0x00, 0x12, 0x00, 0x45,
	0x0d, 0x00, 0x00, 0x38, 0x00, 0x61, 0x6e, 0x67,
	0x6c, 0x65, 0x00, 0x72, 0x00, 0xce, 0x05, 0x00,
	0x00, 0x23, 0x00, 0x06, 0x00, 0x04, 0x70, 0x00,
	0x00, 0x00, 0x07, 0x24, 0x00, 0x00, 0x00, 0x0d,
	0x00, 0x12, 0x00, 0x69, 0x0d, 0x00, 0x00, 0x38,
	0x00, 0x74, 0x72, 0x61, 0x6e, 0x73, 0x00, 0x72,
	0x00, 0xbf, 0x02, 0x00, 0x00, 0x23, 0x00, 0x06,
	0x00, 0x04, 0x78, 0x00, 0x00, 0x00, 0x07, 0x04,
	0x00, 0x00, 0x00, 0x12, 0x00, 0x00, 0x00, 0x13,
	0x00, 0x12, 0x00, 0xdd, 0x0d, 0x00, 0x00, 0xb6,
	0x00, 0x06, 0x00, 0x00, 0x00, 0x1e, 0x00, 0x00,
	0x00, 0x0d, 0x00, 0x12, 0x00, 0x9d, 0x0d, 0x00,
	0x00, 0x38, 0x00, 0x78, 0x00, 0x55, 0x00, 0x04,
	0x00, 0x23, 0x00, 0x06, 0x00, 0x04, 0x00, 0x00,
	0x00, 0x00, 0x07, 0x1e, 0x00, 0x00, 0x00, 0x0d,
	0x00, 0x12, 0x00, 0xbb, 0x0d, 0x00, 0x00, 0x38,
	0x00, 0x79, 0x00, 0x55, 0x00, 0x04, 0x00, 0x23,
	0x00, 0x06, 0x00, 0x04, 0x02, 0x00, 0x00, 0x00,
	0x07, 0x1e, 0x00, 0x00, 0x00, 0x0d, 0x00, 0x12,
	0x00, 0xd9, 0x0d, 0x00, 0x00, 0x38, 0x00, 0x7a,
	0x00, 0x55, 0x00, 0x04, 0x00, 0x23, 0x00, 0x06,
	0x00, 0x04, 0x04, 0x00, 0x00, 0x00, 0x07, 0x04,
	0x00, 0x00, 0x00, 0x12, 0x00, 0x00, 0x00, 0x13,
	0x00, 0x12, 0x00, 0x4d, 0x0e, 0x00, 0x00, 0xb6,
	0x00, 0x03, 0x00, 0x00, 0x00, 0x1e, 0x00, 0x00,
	0x00, 0x0d, 0x00, 0x12, 0x00, 0x0d, 0x0e, 0x00,
	0x00, 0x38, 0x00, 0x78, 0x00, 0x55, 0x00, 0x02,
	0x00, 0x23, 0x00, 0x06, 0x00, 0x04, 0x00, 0x00,
	0x00, 0x00, 0x07, 0x1e, 0x00, 0x00, 0x00, 0x0d,
	0x00, 0x12, 0x00, 0x2b, 0x0e, 0x00, 0x00, 0x38,
	0x00, 0x79, 0x00, 0x55, 0x00, 0x02, 0x00, 0x23,
	0x00, 0x06, 0x00, 0x04, 0x01, 0x00, 0x00, 0x00,
	0x07, 0x1e, 0x00, 0x00, 0x00, 0x0d, 0x00, 0x12,
	0x00, 0x49, 0x0e, 0x00, 0x00, 0x38, 0x00, 0x7a,
	0x00, 0x55, 0x00, 0x02, 0x00, 0x23, 0x00, 0x06,
	0x00, 0x04, 0x02, 0x00, 0x00, 0x00, 0x07, 0x04,
	0x00, 0x00, 0x00, 0x12, 0x00, 0x00, 0x00, 0x13,
	0x00, 0x12, 0x00, 0x9b, 0x10, 0x00, 0x00, 0xb6,
	0x00, 0x52, 0x00, 0x00, 0x00, 0x28, 0x00, 0x00,
	0x00, 0x0d, 0x00, 0x12, 0x00, 0x87, 0x0e, 0x00,
	0x00, 0x38, 0x00, 0x73, 0x63, 0x61, 0x6c, 0x65,
	0x44, 0x65, 0x6e, 0x6f, 0x00, 0x72, 0x00, 0x6d,
	0x0d, 0x00, 0x00, 0x23, 0x00, 0x06, 0x00, 0x04,
	0x00, 0x00, 0x00, 0x00, 0x07, 0x26, 0x00, 0x00,
	0x00, 0x0d, 0x00, 0x12, 0x00, 0xad, 0x0e, 0x00,
	0x00, 0x38, 0x00, 0x61, 0x6e, 0x67, 0x44, 0x65,
	0x6e, 0x6f, 0x00, 0x72, 0x00, 0x6d, 0x0d, 0x00,
	0x00, 0x23, 0x00, 0x06, 0x00, 0x04, 0x06, 0x00,
	0x00, 0x00, 0x07, 0x26, 0x00, 0x00, 0x00, 0x0d,
	0x00, 0x12, 0x00, 0xd3, 0x0e, 0x00, 0x00, 0x38,
	0x00, 0x70, 0x6f, 0x73, 0x44, 0x65, 0x6e, 0x6f,
	0x00, 0x72, 0x00, 0x6d, 0x0d, 0x00, 0x00, 0x23,
	0x00, 0x06, 0x00, 0x04, 0x0c, 0x00, 0x00, 0x00,
	0x07, 0x28, 0x00, 0x00, 0x00, 0x0d, 0x00, 0x12,
	0x00, 0xfb, 0x0e, 0x00, 0x00, 0x38, 0x00, 0x73,
	0x63, 0x61, 0x6c, 0x65, 0x4e, 0x75, 0x6d, 0x65,
	0x00, 0x72, 0x00, 0x6d, 0x0d, 0x00, 0x00, 0x23,
	0x00, 0x06, 0x00, 0x04, 0x12, 0x00, 0x00, 0x00,
	0x07, 0x26, 0x00, 0x00, 0x00, 0x0d, 0x00, 0x12,
	0x00, 0x21, 0x0f, 0x00, 0x00, 0x38, 0x00, 0x61,
	0x6e, 0x67, 0x4e, 0x75, 0x6d, 0x65, 0x00, 0x72,
	0x00, 0x6d, 0x0d, 0x00, 0x00, 0x23, 0x00, 0x06,
	0x00, 0x04, 0x18, 0x00, 0x00, 0x00, 0x07, 0x26,
	0x00, 0x00, 0x00, 0x0d, 0x00, 0x12, 0x00, 0x47,
	0x0f, 0x00, 0x00, 0x38, 0x00, 0x70, 0x6f, 0x73,
	0x4e, 0x75, 0x6d, 0x65, 0x00, 0x72, 0x00, 0x6d,
	0x0d, 0x00, 0x00, 0x23, 0x00, 0x06, 0x00, 0x04,
	0x1e, 0x00, 0x00, 0x00, 0x07, 0x27, 0x00, 0x00,
	0x00, 0x0d, 0x00, 0x12, 0x00, 0x6e, 0x0f, 0x00,
	0x00, 0x38, 0x00, 0x73, 0x63, 0x61, 0x6c, 0x65,
	0x49, 0x6e, 0x74, 0x00, 0x72, 0x00, 0x6d, 0x0d,
	0x00, 0x00, 0x23, 0x00, 0x06, 0x00, 0x04, 0x24,
	0x00, 0x00, 0x00, 0x07, 0x25, 0x00, 0x00, 0x00,
	0x0d, 0x00, 0x12, 0x00, 0x93, 0x0f, 0x00, 0x00,
	0x38, 0x00, 0x61, 0x6e, 0x67, 0x49, 0x6e, 0x74,
	0x00, 0x72, 0x00, 0x6d, 0x0d, 0x00, 0x00, 0x23,
	0x00, 0x06, 0x00, 0x04, 0x2a, 0x00, 0x00, 0x00,
	0x07, 0x25, 0x00, 0x00, 0x00, 0x0d, 0x00, 0x12,
	0x00, 0xb8, 0x0f, 0x00, 0x00, 0x38, 0x00, 0x70,
	0x6f, 0x73, 0x49, 0x6e, 0x74, 0x00, 0x72, 0x00,
	0x6d, 0x0d, 0x00, 0x00, 0x23, 0x00, 0x06, 0x00,
	0x04, 0x30, 0x00, 0x00, 0x00, 0x07, 0x28, 0x00,
	0x00, 0x00, 0x0d, 0x00, 0x12, 0x00, 0xe0, 0x0f,
	0x00, 0x00, 0x38, 0x00, 0x73, 0x63, 0x61, 0x6c,
	0x65, 0x57, 0x6f, 0x72, 0x6b, 0x00, 0x72, 0x00,
	0x6d, 0x0d, 0x00, 0x00, 0x23, 0x00, 0x06, 0x00,
	0x04, 0x36, 0x00, 0x00, 0x00, 0x07, 0x26, 0x00,
	0x00, 0x00, 0x0d, 0x00, 0x12, 0x00, 0x06, 0x10,
	0x00, 0x00, 0x38, 0x00, 0x61, 0x6e, 0x67, 0x57,
	0x6f, 0x72, 0x6b, 0x00, 0x72, 0x00, 0x6d, 0x0d,
	0x00, 0x00, 0x23, 0x00, 0x06, 0x00, 0x04, 0x3c,
	0x00, 0x00, 0x00, 0x07, 0x26, 0x00, 0x00, 0x00,
	0x0d, 0x00, 0x12, 0x00, 0x2c, 0x10, 0x00, 0x00,
	0x38, 0x00, 0x70, 0x6f, 0x73, 0x57, 0x6f, 0x72,
	0x6b, 0x00, 0x72, 0x00, 0x6d, 0x0d, 0x00, 0x00,
	0x23, 0x00, 0x06, 0x00, 0x04, 0x42, 0x00, 0x00,
	0x00, 0x07, 0x25, 0x00, 0x00, 0x00, 0x0d, 0x00,
	0x12, 0x00, 0x51, 0x10, 0x00, 0x00, 0x38, 0x00,
	0x73, 0x63, 0x61, 0x6c, 0x65, 0x44, 0x00, 0x72,
	0x00, 0xdd, 0x0d, 0x00, 0x00, 0x23, 0x00, 0x06,
	0x00, 0x04, 0x48, 0x00, 0x00, 0x00, 0x07, 0x23,
	0x00, 0x00, 0x00, 0x0d, 0x00, 0x12, 0x00, 0x74,
	0x10, 0x00, 0x00, 0x38, 0x00, 0x61, 0x6e, 0x67,
	0x44, 0x00, 0x72, 0x00, 0xdd, 0x0d, 0x00, 0x00,
	0x23, 0x00, 0x06, 0x00, 0x04, 0x4b, 0x00, 0x00,
	0x00, 0x07, 0x23, 0x00, 0x00, 0x00, 0x0d, 0x00,
	0x12, 0x00, 0x97, 0x10, 0x00, 0x00, 0x38, 0x00,
	0x70, 0x6f, 0x73, 0x44, 0x00, 0x72, 0x00, 0xdd,
	0x0d, 0x00, 0x00, 0x23, 0x00, 0x06, 0x00, 0x04,
	0x4e, 0x00, 0x00, 0x00, 0x07, 0x04, 0x00, 0x00,
	0x00, 0x12, 0x00, 0x00, 0x00, 0x13, 0x00, 0x12,
	0x00, 0xae, 0x12, 0x00, 0x00, 0xb6, 0x00, 0x28,
	0x00, 0x00, 0x00, 0x2a, 0x00, 0x00, 0x00, 0x0d,
	0x00, 0x12, 0x00, 0xd7, 0x10, 0x00, 0x00, 0x38,
	0x00, 0x6b, 0x65, 0x79, 0x46, 0x72, 0x61, 0x6d,
	0x65, 0x00, 0x83, 0x00, 0x05, 0x00, 0x01, 0x4d,
	0x0e, 0x00, 0x00, 0x23, 0x00, 0x06, 0x00, 0x04,
	0x00, 0x00, 0x00, 0x00, 0x07, 0x26, 0x00, 0x00,
	0x00, 0x0d, 0x00, 0x12, 0x00, 0xfd, 0x10, 0x00,
	0x00, 0x38, 0x00, 0x72, 0x6f, 0x6f, 0x74, 0x57,
	0x6f, 0x72, 0x6b, 0x58, 0x00, 0x55, 0x00, 0x0a,
	0x00, 0x23, 0x00, 0x06, 0x00, 0x04, 0x04, 0x00,
	0x00, 0x00, 0x07, 0x26, 0x00, 0x00, 0x00, 0x0d,
	0x00, 0x12, 0x00, 0x23, 0x11, 0x00, 0x00, 0x38,
	0x00, 0x72, 0x6f, 0x6f, 0x74, 0x57, 0x6f, 0x72,
	0x6b, 0x59, 0x00, 0x55, 0x00, 0x0a, 0x00, 0x23,
	0x00, 0x06, 0x00, 0x04, 0x08, 0x00, 0x00, 0x00,
	0x07, 0x26, 0x00, 0x00, 0x00, 0x0d, 0x00, 0x12,
	0x00, 0x49, 0x11, 0x00, 0x00, 0x38, 0x00, 0x72,
	0x6f, 0x6f, 0x74, 0x57, 0x6f, 0x72, 0x6b, 0x5a,
	0x00, 0x55, 0x00, 0x0a, 0x00, 0x23, 0x00, 0x06,
	0x00, 0x04, 0x0c, 0x00, 0x00, 0x00, 0x07, 0x25,
	0x00, 0x00, 0x00, 0x0d, 0x00, 0x12, 0x00, 0x6e,
	0x11, 0x00, 0x00, 0x38, 0x00, 0x66, 0x72, 0x61,
	0x6d, 0x65, 0x43, 0x6e, 0x74, 0x00, 0x55, 0x00,
	0x04, 0x00, 0x23, 0x00, 0x06, 0x00, 0x04, 0x10,
	0x00, 0x00, 0x00, 0x07, 0x23, 0x00, 0x00, 0x00,
	0x0d, 0x00, 0x12, 0x00, 0x91, 0x11, 0x00, 0x00,
	0x38, 0x00, 0x6e, 0x46, 0x72, 0x61, 0x6d, 0x65,
	0x00, 0x55, 0x00, 0x04, 0x00, 0x23, 0x00, 0x06,
	0x00, 0x04, 0x12, 0x00, 0x00, 0x00, 0x07, 0x24,
	0x00, 0x00, 0x00, 0x0d, 0x00, 0x12, 0x00, 0xb5,
	0x11, 0x00, 0x00, 0x38, 0x00, 0x64, 0x61, 0x74,
	0x61, 0x00, 0x63, 0x00, 0x03, 0x00, 0x01, 0x04,
	0x00, 0x23, 0x00, 0x06, 0x00, 0x04, 0x14, 0x00,
	0x00, 0x00, 0x07, 0x26, 0x00, 0x00, 0x00, 0x0d,
	0x00, 0x12, 0x00, 0xdb, 0x11, 0x00, 0x00, 0x38,
	0x00, 0x73, 0x74, 0x4c, 0x6f, 0x6f, 0x70, 0x00,
	0x63, 0x00, 0x03, 0x00, 0x01, 0x04, 0x00, 0x23,
	0x00, 0x06, 0x00, 0x04, 0x18, 0x00, 0x00, 0x00,
	0x07, 0x28, 0x00, 0x00, 0x00, 0x0d, 0x00, 0x12,
	0x00, 0x03, 0x12, 0x00, 0x00, 0x38, 0x00, 0x6e,
	0x65, 0x78, 0x74, 0x6b, 0x66, 0x72, 0x61, 0x6d,
	0x65, 0x4e, 0x00, 0x55, 0x00, 0x04, 0x00, 0x23,
	0x00, 0x06, 0x00, 0x04, 0x1c, 0x00, 0x00, 0x00,
	0x07, 0x1f, 0x00, 0x00, 0x00, 0x0d, 0x00, 0x12,
	0x00, 0x22, 0x12, 0x00, 0x00, 0x38, 0x00, 0x70,
	0x78, 0x00, 0x55, 0x00, 0x04, 0x00, 0x23, 0x00,
	0x06, 0x00, 0x04, 0x1e, 0x00, 0x00, 0x00, 0x07,
	0x1f, 0x00, 0x00, 0x00, 0x0d, 0x00, 0x12, 0x00,
	0x41, 0x12, 0x00, 0x00, 0x38, 0x00, 0x70, 0x79,
	0x00, 0x55, 0x00, 0x04, 0x00, 0x23, 0x00, 0x06,
	0x00, 0x04, 0x20, 0x00, 0x00, 0x00, 0x07, 0x24,
	0x00, 0x00, 0x00, 0x0d, 0x00, 0x12, 0x00, 0x65,
	0x12, 0x00, 0x00, 0x38, 0x00, 0x6d, 0x6f, 0x74,
	0x69, 0x6f, 0x6e, 0x4e, 0x00, 0x55, 0x00, 0x03,
	0x00, 0x23, 0x00, 0x06, 0x00, 0x04, 0x22, 0x00,
	0x00, 0x00, 0x07, 0x24, 0x00, 0x00, 0x00, 0x0d,
};

PositionDataRaw STD_D_8007F528[8] = {
	{
		{
			0x00, 0x12, 0x00, 0x89, 0x12, 0x00, 0x00, 0x38,
			0x00, 0x6c, 0x6f, 0x6f, 0x70, 0x43, 0x6e, 0x74,
			0x00, 0x55, 0x00, 0x03, 0x00, 0x23, 0x00, 0x06,
			0x00, 0x04, 0x23, 0x00, 0x00, 0x00, 0x07, 0x21,
			0x00, 0x00, 0x00, 0x0d, 0x00, 0x12, 0x00, 0xaa,
			0x12, 0x00, 0x00, 0x38, 0x00, 0x66, 0x6c, 0x61,
			0x67, 0x00, 0x55, 0x00, 0x03, 0x00, 0x23, 0x00,
			0x06, 0x00, 0x04, 0x24, 0x00, 0x00, 0x00, 0x07,
			0x04, 0x00, 0x00, 0x00, 0x12, 0x00, 0x00, 0x00,
			0x13, 0x00, 0x12, 0x00, 0xe3, 0x13, 0x00, 0x00,
			0xb6, 0x00, 0x38, 0x00, 0x00, 0x00, 0x1f, 0x00,
			0x00, 0x00, 0x0d, 0x00, 0x12, 0x00, 0xdf, 0x12,
			0x00, 0x00, 0x38, 0x00, 0x69, 0x64, 0x00, 0x55,
			0x00, 0x0a, 0x00, 0x23, 0x00, 0x06, 0x00, 0x04,
			0x00, 0x00, 0x00, 0x00, 0x07, 0x27, 0x00, 0x00,
			0x00, 0x0d, 0x00, 0x12, 0x00, 0x06, 0x13, 0x00,
			0x00, 0x38, 0x00, 0x70, 0x61, 0x72, 0x74, 0x70,
		},
	},
	{
		{
			0x00, 0x83, 0x00, 0x05, 0x00, 0x01, 0xa2, 0x0c,
			0x00, 0x00, 0x23, 0x00, 0x06, 0x00, 0x04, 0x04,
			0x00, 0x00, 0x00, 0x07, 0x24, 0x00, 0x00, 0x00,
			0x0d, 0x00, 0x12, 0x00, 0x2a, 0x13, 0x00, 0x00,
			0x38, 0x00, 0x6d, 0x74, 0x6e, 0x70, 0x00, 0x63,
			0x00, 0x03, 0x00, 0x01, 0x0c, 0x00, 0x23, 0x00,
			0x06, 0x00, 0x04, 0x08, 0x00, 0x00, 0x00, 0x07,
			0x25, 0x00, 0x00, 0x00, 0x0d, 0x00, 0x12, 0x00,
			0x4f, 0x13, 0x00, 0x00, 0x38, 0x00, 0x6d, 0x6f,
			0x74, 0x69, 0x6f, 0x6e, 0x00, 0x72, 0x00, 0x9b,
			0x10, 0x00, 0x00, 0x23, 0x00, 0x06, 0x00, 0x04,
			0x0c, 0x00, 0x00, 0x00, 0x07, 0x24, 0x00, 0x00,
			0x00, 0x0d, 0x00, 0x12, 0x00, 0x73, 0x13, 0x00,
			0x00, 0x38, 0x00, 0x76, 0x69, 0x73, 0x69, 0x62,
			0x6c, 0x65, 0x00, 0x55, 0x00, 0x01, 0x00, 0x23,
			0x00, 0x06, 0x00, 0x04, 0x34, 0x00, 0x00, 0x00,
			0x07, 0x26, 0x00, 0x00, 0x00, 0x0d, 0x00, 0x12,
		},
	},
	{
		{
			0x00, 0x99, 0x13, 0x00, 0x00, 0x38, 0x00, 0x6f,
			0x6e, 0x5f, 0x73, 0x63, 0x72, 0x65, 0x65, 0x6e,
			0x00, 0x55, 0x00, 0x01, 0x00, 0x23, 0x00, 0x06,
			0x00, 0x04, 0x35, 0x00, 0x00, 0x00, 0x07, 0x23,
			0x00, 0x00, 0x00, 0x0d, 0x00, 0x12, 0x00, 0xbc,
			0x13, 0x00, 0x00, 0x38, 0x00, 0x6c, 0x63, 0x5f,
			0x70, 0x74, 0x6e, 0x00, 0x55, 0x00, 0x02, 0x00,
			0x23, 0x00, 0x06, 0x00, 0x04, 0x36, 0x00, 0x00,
			0x00, 0x07, 0x23, 0x00, 0x00, 0x00, 0x0d, 0x00,
			0x12, 0x00, 0xdf, 0x13, 0x00, 0x00, 0x38, 0x00,
			0x6c, 0x63, 0x5f, 0x63, 0x6e, 0x74, 0x00, 0x55,
			0x00, 0x02, 0x00, 0x23, 0x00, 0x06, 0x00, 0x04,
			0x37, 0x00, 0x00, 0x00, 0x07, 0x04, 0x00, 0x00,
			0x00, 0x25, 0x00, 0x00, 0x00, 0x01, 0x00, 0x12,
			0x00, 0x08, 0x14, 0x00, 0x00, 0xa3, 0x00, 0x15,
			0x00, 0x00, 0x0a, 0x00, 0x00, 0x00, 0x00, 0x00,
			0xff, 0xff, 0xff, 0xff, 0x08, 0x83, 0x00, 0x05,
		},
	},
	{
		{
			0x00, 0x01, 0xae, 0x12, 0x00, 0x00, 0x25, 0x00,
			0x00, 0x00, 0x07, 0x00, 0x12, 0x00, 0x2d, 0x14,
			0x00, 0x00, 0x38, 0x00, 0x67, 0x4d, 0x4f, 0x44,
			0x45, 0x4c, 0x70, 0x00, 0x23, 0x00, 0x05, 0x00,
			0x03, 0x00, 0x00, 0x00, 0x00, 0x72, 0x00, 0xe3,
			0x13, 0x00, 0x00, 0x30, 0x00, 0x00, 0x00, 0x07,
			0x00, 0x12, 0x00, 0x5d, 0x14, 0x00, 0x00, 0x38,
			0x00, 0x54, 0x52, 0x4e, 0x32, 0x5f, 0x64, 0x65,
			0x66, 0x65, 0x6e, 0x73, 0x65, 0x54, 0x72, 0x61,
			0x69, 0x6e, 0x69, 0x6e, 0x67, 0x00, 0x23, 0x00,
			0x05, 0x00, 0x03, 0x00, 0x00, 0x00, 0x00, 0x55,
			0x00, 0x14, 0x00, 0xad, 0x00, 0x00, 0x00, 0x14,
			0x00, 0x12, 0x00, 0x2f, 0x15, 0x00, 0x00, 0x38,
			0x00, 0x64, 0x65, 0x73, 0x69, 0x67, 0x6e, 0x61,
			0x74, 0x65, 0x44, 0x65, 0x66, 0x65, 0x6e, 0x73,
			0x65, 0x42, 0x75, 0x67, 0x00, 0x11, 0x01, 0x00,
			0x00, 0x00, 0x00, 0x21, 0x01, 0x30, 0x02, 0x00,
		},
	},
	{
		{
			0x00, 0x06, 0x01, 0x8e, 0x02, 0x00, 0x00, 0xa3,
			0x02, 0x0c, 0x00, 0x02, 0x1d, 0x00, 0x00, 0x00,
			0x04, 0x10, 0x00, 0x00, 0x00, 0x07, 0x06, 0x13,
			0x20, 0x0b, 0x00, 0x01, 0x1d, 0x00, 0x00, 0x00,
			0x04, 0x18, 0x00, 0x00, 0x00, 0x07, 0x22, 0x20,
			0x84, 0x01, 0x00, 0x00, 0x22, 0x20, 0xa9, 0x01,
			0x00, 0x00, 0x22, 0x20, 0xd6, 0x01, 0x00, 0x00,
			0x22, 0x20, 0x68, 0x07, 0x00, 0x00, 0x22, 0x20,
			0x84, 0x05, 0x00, 0x00, 0x22, 0x20, 0xa9, 0x05,
			0x00, 0x00, 0x22, 0x20, 0x30, 0x02, 0x00, 0x00,
			0x22, 0x20, 0x55, 0x02, 0x00, 0x00, 0x22, 0x20,
			0x7a, 0x02, 0x00, 0x00, 0x22, 0x20, 0x9c, 0x02,
			0x00, 0x00, 0x22, 0x20, 0x83, 0x06, 0x00, 0x00,
			0x22, 0x20, 0x99, 0x09, 0x00, 0x00, 0x22, 0x20,
			0x08, 0x14, 0x00, 0x00, 0x22, 0x20, 0x52, 0x03,
			0x00, 0x00, 0x22, 0x20, 0x2d, 0x14, 0x00, 0x00,
			0x21, 0x00, 0x00, 0x00, 0x05, 0x00, 0x12, 0x00,
		},
	},
	{
		{
			0x2b, 0x15, 0x00, 0x00, 0x38, 0x00, 0x6d, 0x61,
			0x70, 0x4e, 0x6f, 0x00, 0x23, 0x00, 0x05, 0x00,
			0x01, 0x04, 0x00, 0x00, 0x00, 0x55, 0x00, 0x04,
			0x00, 0x04, 0x00, 0x00, 0x00, 0x30, 0x00, 0x00,
			0x00, 0x07, 0x00, 0x12, 0x00, 0x5f, 0x15, 0x00,
			0x00, 0x38, 0x00, 0x54, 0x52, 0x4e, 0x32, 0x5f,
			0x72, 0x75, 0x6e, 0x6e, 0x69, 0x6e, 0x67, 0x54,
			0x72, 0x61, 0x69, 0x6e, 0x69, 0x6e, 0x67, 0x00,
			0x23, 0x00, 0x05, 0x00, 0x03, 0x00, 0x00, 0x00,
			0x00, 0x55, 0x00, 0x14, 0x00, 0x83, 0x00, 0x00,
			0x00, 0x14, 0x00, 0x12, 0x00, 0x07, 0x16, 0x00,
			0x00, 0x38, 0x00, 0x64, 0x65, 0x73, 0x69, 0x67,
			0x6e, 0x61, 0x74, 0x65, 0x52, 0x61, 0x6e, 0x6e,
			0x69, 0x6e, 0x67, 0x42, 0x75, 0x67, 0x00, 0x11,
			0x01, 0x00, 0x00, 0x00, 0x00, 0x21, 0x01, 0xa4,
			0x00, 0x00, 0x00, 0x06, 0x01, 0x30, 0x04, 0x00,
			0x00, 0xa3, 0x02, 0x0c, 0x00, 0x02, 0x1d, 0x00,
		},
	},
	{
		{
			0x00, 0x00, 0x04, 0x10, 0x00, 0x00, 0x00, 0x07,
			0x06, 0x13, 0x20, 0x0b, 0x00, 0x01, 0x1d, 0x00,
			0x00, 0x00, 0x04, 0x18, 0x00, 0x00, 0x00, 0x07,
			0x22, 0x20, 0x84, 0x01, 0x00, 0x00, 0x22, 0x20,
			0xd6, 0x01, 0x00, 0x00, 0x22, 0x20, 0xa9, 0x01,
			0x00, 0x00, 0x22, 0x20, 0x2f, 0x15, 0x00, 0x00,
			0x22, 0x20, 0x30, 0x02, 0x00, 0x00, 0x22, 0x20,
			0x55, 0x02, 0x00, 0x00, 0x22, 0x20, 0x52, 0x03,
			0x00, 0x00, 0x22, 0x20, 0x91, 0x04, 0x00, 0x00,
			0x21, 0x00, 0x00, 0x00, 0x05, 0x00, 0x12, 0x00,
			0x03, 0x16, 0x00, 0x00, 0x38, 0x00, 0x6d, 0x61,
			0x70, 0x4e, 0x6f, 0x00, 0x23, 0x00, 0x05, 0x00,
			0x01, 0x04, 0x00, 0x00, 0x00, 0x55, 0x00, 0x04,
			0x00, 0x04, 0x00, 0x00, 0x00, 0x20, 0x00, 0x00,
			0x00, 0x01, 0x00, 0x12, 0x00, 0x27, 0x16, 0x00,
			0x00, 0xa3, 0x00, 0x10, 0x00, 0x00, 0x0a, 0x00,
			0x00, 0x00, 0x00, 0x00, 0x05, 0x00, 0x00, 0x00,
		},
	},
	{
		{
			0x08, 0x55, 0x00, 0x0d, 0x00, 0x25, 0x00, 0x00,
			0x00, 0x0c, 0x00, 0x12, 0x00, 0x4c, 0x16, 0x00,
			0x00, 0x38, 0x00, 0x67, 0x54, 0x72, 0x61, 0x69,
			0x54, 0x69, 0x6d, 0x65, 0x00, 0x23, 0x00, 0x05,
			0x00, 0x03, 0x00, 0x00, 0x00, 0x00, 0x55, 0x00,
			0x04, 0x00, 0x20, 0x00, 0x00, 0x00, 0x01, 0x00,
			0x12, 0x00, 0x6c, 0x16, 0x00, 0x00, 0xa3, 0x00,
			0x10, 0x00, 0x00, 0x0a, 0x00, 0x00, 0x00, 0x00,
			0x00, 0x0e, 0x00, 0x00, 0x00, 0x08, 0x55, 0x00,
			0x04, 0x00, 0x24, 0x00, 0x00, 0x00, 0x0c, 0x00,
			0x12, 0x00, 0x90, 0x16, 0x00, 0x00, 0x38, 0x00,
			0x67, 0x4d, 0x61, 0x73, 0x6b, 0x59, 0x00, 0x23,
			0x00, 0x05, 0x00, 0x03, 0x00, 0x00, 0x00, 0x00,
			0x72, 0x00, 0x4c, 0x16, 0x00, 0x00, 0x20, 0x00,
			0x00, 0x00, 0x01, 0x00, 0x12, 0x00, 0xb0, 0x16,
			0x00, 0x00, 0xa3, 0x00, 0x10, 0x00, 0x00, 0x0a,
			0x00, 0x00, 0x00, 0x00, 0x00, 0x0e, 0x00, 0x00,
		},
	},
};

int16_t STD_D_8007F968[40] = {
	0x0800, 0x0055, 0x0004, 0x0024, 0x0000, 0x000c, 0x0012, 0x16d4,
	0x0000, 0x0038, 0x4d67, 0x7361, 0x586b, 0x2300, 0x0500, 0x0300,
	0x0000, 0x0000, 0x0072, 0x1690, 0x0000, 0x0020, 0x0000, 0x0001,
	0x0012, 0x16f4, 0x0000, 0x00a3, 0x0010, 0x0a00, 0x0000, 0x0000,
	0x0300, 0x0000, 0x0800, 0x0055, 0x0003, 0x0020, 0x0000, 0x0001,
};

int16_t STD_D_8007F9B8[40] = {
	0x0012, 0x1714, 0x0000, 0x00a3, 0x0010, 0x0a00, 0x0000, 0x0000,
	0x0300, 0x0000, 0x0800, 0x0055, 0x0003, 0x0012, 0x0000, 0x0013,
	0x0012, 0x1934, 0x0000, 0x00b6, 0x0020, 0x0000, 0x0024, 0x0000,
	0x000d, 0x0012, 0x174a, 0x0000, 0x0038, 0x666f, 0x6566, 0x736e,
	0x0065, 0x0055, 0x0004, 0x0023, 0x0006, 0x0004, 0x0000, 0x0700,
};

int16_t STD_D_8007FA08[10] = {
	0x0024, 0x0000, 0x000d, 0x0012, 0x176e, 0x0000, 0x0038, 0x6564,
	0x6566, 0x736e,
};

int16_t STD_D_8007FA1C[32] = {
	0x0065, 0x0055, 0x0004, 0x0023, 0x0006, 0x0204, 0x0000, 0x0700,
	0x0022, 0x0000, 0x000d, 0x0012, 0x1790, 0x0000, 0x0038, 0x7073,
	0x6565, 0x0064, 0x0055, 0x0004, 0x0023, 0x0006, 0x0404, 0x0000,
	0x0700, 0x0021, 0x0000, 0x000d, 0x0012, 0x17b1, 0x0000, 0x0038,
};

char STD_D_8007FA5C[32] = {
	0x77, 0x69, 0x73, 0x65, 0x00, 0x55, 0x00, 0x04,
	0x00, 0x23, 0x00, 0x06, 0x00, 0x04, 0x06, 0x00,
	0x00, 0x00, 0x07, 0x27, 0x00, 0x00, 0x00, 0x0d,
	0x00, 0x12, 0x00, 0xd8, 0x17, 0x00, 0x00, 0x38,
};

void (*STD_jtbl_8007FA7C[97])(void) = {
	(void (*)(void))0x7a617700,
	(void (*)(void))0x6f725061,
	(void (*)(void))0x00720062,
	(void (*)(void))0x000016d4,
	(void (*)(void))0x00060023,
	(void (*)(void))0x00000804,
	(void (*)(void))0x00270700,
	(void (*)(void))0x000d0000,
	(void (*)(void))0x17ff0012,
	(void (*)(void))0x00380000,
	(void (*)(void))0x617a6177,
	(void (*)(void))0x7473694c,
	(void (*)(void))0xf4007200,
	(void (*)(void))0x23000016,
	(void (*)(void))0x04000600,
	(void (*)(void))0x0000000c,
	(void (*)(void))0x00002207,
	(void (*)(void))0x12000d00,
	(void (*)(void))0x00182100,
	(void (*)(void))0x6d003800,
	(void (*)(void))0x70687861,
	(void (*)(void))0x04005500,
	(void (*)(void))0x06002300,
	(void (*)(void))0x00100400,
	(void (*)(void))0x22070000,
	(void (*)(void))0x0d000000,
	(void (*)(void))0x43001200,
	(void (*)(void))0x38000018,
	(void (*)(void))0x78616d00,
	(void (*)(void))0x5500706d,
	(void (*)(void))0x23000400,
	(void (*)(void))0x04000600,
	(void (*)(void))0x00000012,
	(void (*)(void))0x00001f07,
	(void (*)(void))0x12000d00,
	(void (*)(void))0x00186200,
	(void (*)(void))0x68003800,
	(void (*)(void))0x00550070,
	(void (*)(void))0x00230004,
	(void (*)(void))0x14040006,
	(void (*)(void))0x07000000,
	(void (*)(void))0x0000001f,
	(void (*)(void))0x0012000d,
	(void (*)(void))0x00001881,
	(void (*)(void))0x706d0038,
	(void (*)(void))0x04005500,
	(void (*)(void))0x06002300,
	(void (*)(void))0x00160400,
	(void (*)(void))0x21070000,
	(void (*)(void))0x0d000000,
	(void (*)(void))0xa2001200,
	(void (*)(void))0x38000018,
	(void (*)(void))0x7a617700,
	(void (*)(void))0x00550061,
	(void (*)(void))0x00230004,
	(void (*)(void))0x18040006,
	(void (*)(void))0x07000000,
	(void (*)(void))0x00000022,
	(void (*)(void))0x0012000d,
	(void (*)(void))0x000018c4,
	(void (*)(void))0x6e690038,
	(void (*)(void))0x00786564,
	(void (*)(void))0x00010055,
	(void (*)(void))0x00060023,
	(void (*)(void))0x00001a04,
	(void (*)(void))0x00210700,
	(void (*)(void))0x000d0000,
	(void (*)(void))0x18e50012,
	(void (*)(void))0x00380000,
	(void (*)(void))0x67616c66,
	(void (*)(void))0x01005500,
	(void (*)(void))0x06002300,
	(void (*)(void))0x001b0400,
	(void (*)(void))0x25070000,
	(void (*)(void))0x0d000000,
	(void (*)(void))0x0a001200,
	(void (*)(void))0x38000019,
	(void (*)(void))0x756f7300,
	(void (*)(void))0x695f646e,
	(void (*)(void))0x00550064,
	(void (*)(void))0x00230004,
	(void (*)(void))0x1c040006,
	(void (*)(void))0x07000000,
	(void (*)(void))0x00000026,
	(void (*)(void))0x0012000d,
	(void (*)(void))0x00001930,
	(void (*)(void))0x68740038,
	(void (*)(void))0x546b6e69,
	(void (*)(void))0x00657079,
	(void (*)(void))0x00030055,
	(void (*)(void))0x00060023,
	(void (*)(void))0x00001e04,
	(void (*)(void))0x00040700,
	(void (*)(void))0x00200000,
	(void (*)(void))0x00010000,
	(void (*)(void))0x19540012,
	(void (*)(void))0x00a30000,
};

MATRIXRaw STD_D_8007FC00 = {
	{
		0x10, 0x00, 0x00, 0x0a, 0x00, 0x00, 0x00, 0x00,
		0x00, 0x03, 0x00, 0x00, 0x00, 0x08, 0x55, 0x00,
		0x0a, 0x00, 0x20, 0x00, 0x00, 0x00, 0x01, 0x00,
		0x12, 0x00, 0x74, 0x19, 0x00, 0x00, 0xa3, 0x00,
	},
};

int16_t STD_D_8007FC20[12][6] = {
	{ 0x0010, 0x0a00, 0x0000, 0x0000, 0x1300, 0x0000 },
	{ 0x0800, 0x0055, 0x0001, 0x0012, 0x0000, 0x0013 },
	{ 0x0012, 0x1a3f, 0x0000, 0x00b6, 0x0080, 0x0000 },
	{ 0x0024, 0x0000, 0x000d, 0x0012, 0x19aa, 0x0000 },
	{ 0x0038, 0x6f6d, 0x6564, 0x006c, 0x0072, 0x12ae },
	{ 0x0000, 0x0023, 0x0006, 0x0004, 0x0000, 0x0700 },
	{ 0x0024, 0x0000, 0x000d, 0x0012, 0x19ce, 0x0000 },
	{ 0x0038, 0x6170, 0x6172, 0x006d, 0x0072, 0x1714 },
	{ 0x0000, 0x0023, 0x0006, 0x3804, 0x0000, 0x0700 },
	{ 0x0029, 0x0000, 0x000d, 0x0012, 0x19f7, 0x0000 },
	{ 0x0038, 0x6177, 0x617a, 0x614d, 0x7473, 0x7265 },
	{ 0x7200, 0x3400, 0x0019, 0x2300, 0x0600, 0x0400 },
};

int16_t STD_D_8007FCB0[4][4] = {
	{ 0x0058, 0x0000, 0x2307, 0x0000 },
	{ 0x0d00, 0x1200, 0x1a00, 0x001a },
	{ 0x3800, 0x6e00, 0x6d61, 0x0065 },
	{ 0x0072, 0x1954, 0x0000, 0x0023 },
};

int16_t STD_D_8007FCD0[4][8] = {
	{ 0x0006, 0x6804, 0x0000, 0x0700, 0x0021, 0x0000, 0x000d, 0x0012 },
	{ 0x1a3b, 0x0000, 0x0038, 0x696c, 0x6566, 0x5500, 0x0100, 0x2300 },
	{ 0x0600, 0x0400, 0x007c, 0x0000, 0x0407, 0x0000, 0x2600, 0x0000 },
	{ 0x0700, 0x1200, 0x6500, 0x001a, 0x3800, 0x6700, 0x4150, 0x5452 },
};

int16_t STD_D_8007FD10[5][6] = {
	{ 0x454e, 0x0052, 0x0023, 0x0005, 0x0003, 0x0000 },
	{ 0x7200, 0x7400, 0x0019, 0x2300, 0x0000, 0x0c00 },
	{ 0x1200, 0x8800, 0x001a, 0x3800, 0x6700, 0x6957 },
	{ 0x436e, 0x746e, 0x2300, 0x0500, 0x0300, 0x0000 },
	{ 0x0000, 0x0055, 0x0004, 0x0012, 0x0000, 0x0013 },
};

int16_t STD_D_8007FD4C[25][4] = {
	{ 0x0012, 0x1b06, 0x0000, 0x00b6 },
	{ 0x003c, 0x0000, 0x0024, 0x0000 },
	{ 0x000d, 0x0012, 0x1abe, 0x0000 },
	{ 0x0038, 0x6f6d, 0x6564, 0x006c },
	{ 0x0072, 0x12ae, 0x0000, 0x0023 },
	{ 0x0006, 0x0004, 0x0000, 0x0700 },
	{ 0x0022, 0x0000, 0x000d, 0x0012 },
	{ 0x1ae0, 0x0000, 0x0038, 0x656c },
	{ 0x6576, 0x006c, 0x0055, 0x0001 },
	{ 0x0023, 0x0006, 0x3804, 0x0000 },
	{ 0x0700, 0x0022, 0x0000, 0x000d },
	{ 0x0012, 0x1b02, 0x0000, 0x0038 },
	{ 0x6764, 0x6f6d, 0x006e, 0x0055 },
	{ 0x0003, 0x0023, 0x0006, 0x3904 },
	{ 0x0000, 0x0700, 0x0004, 0x0000 },
	{ 0x0022, 0x0000, 0x0007, 0x0012 },
	{ 0x1b28, 0x0000, 0x0038, 0x4267 },
	{ 0x594f, 0x2300, 0x0500, 0x0300 },
	{ 0x0000, 0x0000, 0x0072, 0x1a88 },
	{ 0x0000, 0x0025, 0x0000, 0x0007 },
	{ 0x0012, 0x1b4d, 0x0000, 0x0038 },
	{ 0x5067, 0x4441, 0x445f, 0x5441 },
	{ 0x0041, 0x0023, 0x0005, 0x0003 },
	{ 0x0000, 0x5500, 0x0c00, 0xbb00 },
	{ 0x0000, 0x1400, 0x1200, 0x6f00 },
};

int16_t STD_D_8007FE14[2][4] = {
	{ 0x001c, 0x3800, 0x5400, 0x4e52 },
	{ 0x5f32, 0x6f6d, 0x6576, 0x6557 },
};

SVECTOR STD_D_8007FE24[20] = {
	{ 0x6769, 0x7468, 0x7254, 0x6961 },
	{ 0x696e, 0x676e, 0x1100, 0x0001 },
	{ 0x0000, 0x2100, 0x7401, 0x0004 },
	{ 0x0600, 0xce01, 0x0004, 0x4300 },
	{ 0x0c20, 0x0200, 0x001d, 0x0000 },
	{ 0x1804, 0x0000, 0x0700, 0xa306 },
	{ 0x0c02, 0x0200, 0x001d, 0x0000 },
	{ 0x1c04, 0x0000, 0x0700, 0x1306 },
	{ 0x0b20, 0x0100, 0x001d, 0x0000 },
	{ 0x2004, 0x0000, 0x0700, 0x2022 },
	{ 0x01d6, 0x0000, 0x2022, 0x0184 },
	{ 0x0000, 0x2022, 0x1627, 0x0000 },
	{ 0x2022, 0x027a, 0x0000, 0x2022 },
	{ 0x029c, 0x0000, 0x2022, 0x166c },
	{ 0x0000, 0x2022, 0x16b0, 0x0000 },
	{ 0x2022, 0x1a3f, 0x0000, 0x2022 },
	{ 0x1a65, 0x0000, 0x2022, 0x1b06 },
	{ 0x0000, 0x2022, 0x01a9, 0x0000 },
	{ 0x2022, 0x1b28, 0x0000, 0x2022 },
	{ 0x1408, 0x0000, 0x2022, 0x0352 },
};
// clang-format on
